timestamp,tvlUsd,apy,apyBase,apyReward,il7d,apyBase7d,pool_id,symbol,feeTier,label
2022-04-28T00:00:00.000Z,141443,5.54914,5.54914,,,,8b3ed515-5e6f-449a-9b64-25113cda7a29,USDC-WETH,0.01%,USDC-WETH (0.01%)
2022-04-29T00:00:00.000Z,138904,6.39025,6.39025,,,,8b3ed515-5e6f-449a-9b64-25113cda7a29,USDC-WETH,0.01%,USDC-WETH (0.01%)
2022-04-30T00:00:00.000Z,138294,4.95845,4.95845,,,,8b3ed515-5e6f-449a-9b64-25113cda7a29,USDC-WETH,0.01%,USDC-WETH (0.01%)
2022-05-01T00:00:00.000Z,138948,3.68152,3.68152,,,,8b3ed515-5e6f-449a-9b64-25113cda7a29,USDC-WETH,0.01%,USDC-WETH (0.01%)
2022-05-02T00:00:00.000Z,140043,2.39376,2.39376,,,,8b3ed515-5e6f-449a-9b64-25113cda7a29,USDC-WETH,0.01%,USDC-WETH (0.01%)
2022-05-03T00:00:00.000Z,138568,1.92124,1.92124,,,,8b3ed515-5e6f-449a-9b64-25113cda7a29,USDC-WETH,0.01%,USDC-WETH (0.01%)
2022-05-04T00:00:00.000Z,141617,3.51383,3.51383,,,,8b3ed515-5e6f-449a-9b64-25113cda7a29,USDC-WETH,0.01%,USDC-WETH (0.01%)
2022-05-22T00:00:00.000Z,130955,9.22468,9.22468,,,,8b3ed515-5e6f-449a-9b64-25113cda7a29,USDC-WETH,0.01%,USDC-WETH (0.01%)
2022-05-23T00:00:00.000Z,129165,15.89578,15.89578,,,,8b3ed515-5e6f-449a-9b64-25113cda7a29,USDC-WETH,0.01%,USDC-WETH (0.01%)
2022-05-24T00:00:00.000Z,129199,6.59046,6.59046,,,,8b3ed515-5e6f-449a-9b64-25113cda7a29,USDC-WETH,0.01%,USDC-WETH (0.01%)
2022-05-25T00:00:00.000Z,128578,2.94319,2.94319,,,,8b3ed515-5e6f-449a-9b64-25113cda7a29,USDC-WETH,0.01%,USDC-WETH (0.01%)
2022-05-26T00:00:00.000Z,123109,19.71241,19.71241,,,,8b3ed515-5e6f-449a-9b64-25113cda7a29,USDC-WETH,0.01%,USDC-WETH (0.01%)
2022-05-27T00:00:00.000Z,116917,28.68251,28.68251,,,,8b3ed515-5e6f-449a-9b64-25113cda7a29,USDC-WETH,0.01%,USDC-WETH (0.01%)
2022-05-28T00:00:00.000Z,118816,11.59618,11.59618,,,,8b3ed515-5e6f-449a-9b64-25113cda7a29,USDC-WETH,0.01%,USDC-WETH (0.01%)
2022-05-29T00:00:00.000Z,120161,6.94553,6.94553,,,,8b3ed515-5e6f-449a-9b64-25113cda7a29,USDC-WETH,0.01%,USDC-WETH (0.01%)
2022-05-30T00:00:00.000Z,127116,14.35167,14.35167,,,,8b3ed515-5e6f-449a-9b64-25113cda7a29,USDC-WETH,0.01%,USDC-WETH (0.01%)
2022-05-31T00:00:00.000Z,125726,6.46551,6.46551,,,,8b3ed515-5e6f-449a-9b64-25113cda7a29,USDC-WETH,0.01%,USDC-WETH (0.01%)
2022-06-01T00:00:00.000Z,120381,8.5768,8.5768,,,,8b3ed515-5e6f-449a-9b64-25113cda7a29,USDC-WETH,0.01%,USDC-WETH (0.01%)
2022-06-02T00:00:00.000Z,121186,6.16576,6.16576,,,,8b3ed515-5e6f-449a-9b64-25113cda7a29,USDC-WETH,0.01%,USDC-WETH (0.01%)
2022-06-03T00:00:00.000Z,117454,5.62413,5.62413,,,,8b3ed515-5e6f-449a-9b64-25113cda7a29,USDC-WETH,0.01%,USDC-WETH (0.01%)
2022-06-05T00:00:00.000Z,120462,1.46016,1.46016,,,,8b3ed515-5e6f-449a-9b64-25113cda7a29,USDC-WETH,0.01%,USDC-WETH (0.01%)
2022-06-06T00:00:00.000Z,122315,7.20066,7.20066,,,,8b3ed515-5e6f-449a-9b64-25113cda7a29,USDC-WETH,0.01%,USDC-WETH (0.01%)
2022-06-07T00:00:00.000Z,117611,7.83642,7.83642,,,,8b3ed515-5e6f-449a-9b64-25113cda7a29,USDC-WETH,0.01%,USDC-WETH (0.01%)
2022-08-17T00:00:00.000Z,57852,4.30852,4.30852,,,,8b3ed515-5e6f-449a-9b64-25113cda7a29,USDC-WETH,0.01%,USDC-WETH (0.01%)
2022-10-03T19:02:05.326Z,131008,34.7659,34.7659,,,,8b3ed515-5e6f-449a-9b64-25113cda7a29,USDC-WETH,0.01%,USDC-WETH (0.01%)
2022-11-10T22:02:03.430Z,121535,31.66593,31.66593,,,,8b3ed515-5e6f-449a-9b64-25113cda7a29,USDC-WETH,0.01%,USDC-WETH (0.01%)
2022-11-11T23:02:08.327Z,121637,4.93976,4.93976,,,,8b3ed515-5e6f-449a-9b64-25113cda7a29,USDC-WETH,0.01%,USDC-WETH (0.01%)
2022-11-12T23:13:04.663Z,121223,0.61903,0.61903,,,,8b3ed515-5e6f-449a-9b64-25113cda7a29,USDC-WETH,0.01%,USDC-WETH (0.01%)
2022-11-13T23:13:06.636Z,121607,0.15074,0.15074,,,,8b3ed515-5e6f-449a-9b64-25113cda7a29,USDC-WETH,0.01%,USDC-WETH (0.01%)
2022-11-14T11:01:56.248Z,121514,0.00121,0.00121,,,,8b3ed515-5e6f-449a-9b64-25113cda7a29,USDC-WETH,0.01%,USDC-WETH (0.01%)
2022-11-18T23:01:53.087Z,159293,34.46786,34.46786,,,,8b3ed515-5e6f-449a-9b64-25113cda7a29,USDC-WETH,0.01%,USDC-WETH (0.01%)
2022-11-19T23:01:56.046Z,255011,215.92887,215.92887,,,,8b3ed515-5e6f-449a-9b64-25113cda7a29,USDC-WETH,0.01%,USDC-WETH (0.01%)
2022-11-20T23:02:06.966Z,286945,202.39526,202.39526,,,,8b3ed515-5e6f-449a-9b64-25113cda7a29,USDC-WETH,0.01%,USDC-WETH (0.01%)
2022-11-21T23:02:14.723Z,329705,99.7928,99.7928,,,,8b3ed515-5e6f-449a-9b64-25113cda7a29,USDC-WETH,0.01%,USDC-WETH (0.01%)
2022-11-22T23:24:40.273Z,500234,118.15179,118.15179,,-0.81783,,8b3ed515-5e6f-449a-9b64-25113cda7a29,USDC-WETH,0.01%,USDC-WETH (0.01%)
2022-11-23T23:02:34.126Z,517895,89.22763,89.22763,,-0.11518,,8b3ed515-5e6f-449a-9b64-25113cda7a29,USDC-WETH,0.01%,USDC-WETH (0.01%)
2022-11-24T23:02:45.154Z,525563,74.26619,74.26619,,-0.00299,,8b3ed515-5e6f-449a-9b64-25113cda7a29,USDC-WETH,0.01%,USDC-WETH (0.01%)
2022-11-25T23:02:38.707Z,529439,64.44861,64.44861,,-0.00659,,8b3ed515-5e6f-449a-9b64-25113cda7a29,USDC-WETH,0.01%,USDC-WETH (0.01%)
2022-11-26T11:02:14.981Z,532862,61.76119,61.76119,,-0.01354,,8b3ed515-5e6f-449a-9b64-25113cda7a29,USDC-WETH,0.01%,USDC-WETH (0.01%)
2022-11-27T23:02:34.613Z,533386,41.27938,41.27938,,-0.32805,,8b3ed515-5e6f-449a-9b64-25113cda7a29,USDC-WETH,0.01%,USDC-WETH (0.01%)
2022-11-28T23:04:51.630Z,328907,148.33008,148.33008,,-0.25852,34.61544,8b3ed515-5e6f-449a-9b64-25113cda7a29,USDC-WETH,0.01%,USDC-WETH (0.01%)
2022-11-29T23:04:57.693Z,659272,70.31877,70.31877,,-0.50586,28.49706,8b3ed515-5e6f-449a-9b64-25113cda7a29,USDC-WETH,0.01%,USDC-WETH (0.01%)
2022-11-30T23:05:08.893Z,806811,51.21127,51.21127,,-0.89297,29.88284,8b3ed515-5e6f-449a-9b64-25113cda7a29,USDC-WETH,0.01%,USDC-WETH (0.01%)
2022-12-01T23:05:04.849Z,814108,50.43337,50.43337,,-0.31705,29.90632,8b3ed515-5e6f-449a-9b64-25113cda7a29,USDC-WETH,0.01%,USDC-WETH (0.01%)
2022-12-02T23:04:46.776Z,807996,38.8805,38.8805,,-0.48325,29.79663,8b3ed515-5e6f-449a-9b64-25113cda7a29,USDC-WETH,0.01%,USDC-WETH (0.01%)
2022-12-03T23:05:08.753Z,801882,34.93754,34.93754,,-0.09142,30.28024,8b3ed515-5e6f-449a-9b64-25113cda7a29,USDC-WETH,0.01%,USDC-WETH (0.01%)
2022-12-04T23:04:55.480Z,808579,43.51521,43.51521,,-0.20546,31.41234,8b3ed515-5e6f-449a-9b64-25113cda7a29,USDC-WETH,0.01%,USDC-WETH (0.01%)
2022-12-05T23:15:50.865Z,996299,40.14066,40.14066,,-0.5091,21.75413,8b3ed515-5e6f-449a-9b64-25113cda7a29,USDC-WETH,0.01%,USDC-WETH (0.01%)
2022-12-06T23:05:04.784Z,998964,35.69609,35.69609,,-0.05226,20.86916,8b3ed515-5e6f-449a-9b64-25113cda7a29,USDC-WETH,0.01%,USDC-WETH (0.01%)
2022-12-07T23:16:06.577Z,1080343,42.97302,42.97302,,-0.2446,20.38987,8b3ed515-5e6f-449a-9b64-25113cda7a29,USDC-WETH,0.01%,USDC-WETH (0.01%)
2022-12-08T23:05:00.093Z,1105120,27.90294,27.90294,,-0.00177,18.57354,8b3ed515-5e6f-449a-9b64-25113cda7a29,USDC-WETH,0.01%,USDC-WETH (0.01%)
2022-12-09T23:16:20.649Z,1097847,18.53088,18.53088,,-0.04082,17.84464,8b3ed515-5e6f-449a-9b64-25113cda7a29,USDC-WETH,0.01%,USDC-WETH (0.01%)
2022-12-10T23:04:49.806Z,1114774,18.35389,18.35389,,-0.04994,15.61706,8b3ed515-5e6f-449a-9b64-25113cda7a29,USDC-WETH,0.01%,USDC-WETH (0.01%)
2022-12-11T23:05:07.608Z,1186717,24.41862,24.41862,,-0.00909,15.50024,8b3ed515-5e6f-449a-9b64-25113cda7a29,USDC-WETH,0.01%,USDC-WETH (0.01%)
2022-12-12T23:05:00.355Z,923797,29.39528,29.39528,,-0.00893,18.1085,8b3ed515-5e6f-449a-9b64-25113cda7a29,USDC-WETH,0.01%,USDC-WETH (0.01%)
2022-12-13T23:04:51.166Z,900674,22.8355,22.8355,,-0.23931,68.80752,8b3ed515-5e6f-449a-9b64-25113cda7a29,USDC-WETH,0.01%,USDC-WETH (0.01%)
2022-12-14T23:09:00.172Z,929388,7.37836,7.37836,,-0.33686,25.48228,8b3ed515-5e6f-449a-9b64-25113cda7a29,USDC-WETH,0.01%,USDC-WETH (0.01%)
2022-12-15T23:05:07.194Z,1068353,16.45347,16.45347,,-0.01668,16.00687,8b3ed515-5e6f-449a-9b64-25113cda7a29,USDC-WETH,0.01%,USDC-WETH (0.01%)
2022-12-16T23:05:12.116Z,1038872,51.11701,51.11701,,-0.44135,17.49029,8b3ed515-5e6f-449a-9b64-25113cda7a29,USDC-WETH,0.01%,USDC-WETH (0.01%)
2022-12-17T23:05:01.543Z,1038717,34.13752,34.13752,,-0.4253,19.01516,8b3ed515-5e6f-449a-9b64-25113cda7a29,USDC-WETH,0.01%,USDC-WETH (0.01%)
2022-12-18T23:06:08.594Z,1037312,31.79479,31.79479,,-0.33627,14.20998,8b3ed515-5e6f-449a-9b64-25113cda7a29,USDC-WETH,0.01%,USDC-WETH (0.01%)
2022-12-19T23:05:07.630Z,1038679,45.4944,45.4944,,-0.74116,15.86241,8b3ed515-5e6f-449a-9b64-25113cda7a29,USDC-WETH,0.01%,USDC-WETH (0.01%)
2022-12-20T23:05:50.763Z,1057460,45.55691,45.55691,,-0.56977,16.91864,8b3ed515-5e6f-449a-9b64-25113cda7a29,USDC-WETH,0.01%,USDC-WETH (0.01%)
2022-12-21T23:05:06.261Z,1035809,31.97924,31.97924,,-0.55879,19.0121,8b3ed515-5e6f-449a-9b64-25113cda7a29,USDC-WETH,0.01%,USDC-WETH (0.01%)
2022-12-22T23:05:14.883Z,1010412,34.91777,34.91777,,-0.14445,21.11063,8b3ed515-5e6f-449a-9b64-25113cda7a29,USDC-WETH,0.01%,USDC-WETH (0.01%)
2022-12-23T23:05:09.138Z,1048684,29.95889,29.95889,,-0.10788,9.95447,8b3ed515-5e6f-449a-9b64-25113cda7a29,USDC-WETH,0.01%,USDC-WETH (0.01%)
2022-12-24T23:05:13.796Z,996958,42.76236,42.76236,,-0.07091,7.55634,8b3ed515-5e6f-449a-9b64-25113cda7a29,USDC-WETH,0.01%,USDC-WETH (0.01%)
2022-12-25T23:09:04.099Z,1194024,30.07851,30.07851,,-0.05096,14.56677,8b3ed515-5e6f-449a-9b64-25113cda7a29,USDC-WETH,0.01%,USDC-WETH (0.01%)
2022-12-26T23:05:12.898Z,1223364,34.54236,34.54236,,-0.19311,4.91658,8b3ed515-5e6f-449a-9b64-25113cda7a29,USDC-WETH,0.01%,USDC-WETH (0.01%)
2022-12-27T23:05:01.263Z,1018807,59.18232,59.18232,,-0.00274,11.6383,8b3ed515-5e6f-449a-9b64-25113cda7a29,USDC-WETH,0.01%,USDC-WETH (0.01%)
2022-12-28T23:05:01.495Z,1061358,64.14715,64.14715,,-0.03979,14.43496,8b3ed515-5e6f-449a-9b64-25113cda7a29,USDC-WETH,0.01%,USDC-WETH (0.01%)
2022-12-29T23:04:58.222Z,1018139,58.06505,58.06505,,-0.01998,13.67714,8b3ed515-5e6f-449a-9b64-25113cda7a29,USDC-WETH,0.01%,USDC-WETH (0.01%)
2022-12-30T23:16:37.153Z,2727597,28.0544,28.0544,,-0.02583,4.87048,8b3ed515-5e6f-449a-9b64-25113cda7a29,USDC-WETH,0.01%,USDC-WETH (0.01%)
2022-12-31T23:05:17.293Z,2754304,44.20901,44.20901,,-0.03296,5.83596,8b3ed515-5e6f-449a-9b64-25113cda7a29,USDC-WETH,0.01%,USDC-WETH (0.01%)
2023-01-01T23:05:42.031Z,2895516,50.55911,50.55911,,-0.01525,6.55941,8b3ed515-5e6f-449a-9b64-25113cda7a29,USDC-WETH,0.01%,USDC-WETH (0.01%)
2023-01-02T23:06:40.253Z,2974674,43.84415,43.84415,,-0.00131,5.98502,8b3ed515-5e6f-449a-9b64-25113cda7a29,USDC-WETH,0.01%,USDC-WETH (0.01%)
2023-01-03T23:05:37.147Z,3214930,34.31507,34.31507,,-8e-05,7.73373,8b3ed515-5e6f-449a-9b64-25113cda7a29,USDC-WETH,0.01%,USDC-WETH (0.01%)
2023-01-04T23:05:22.657Z,4949035,38.56951,38.56951,,-0.27101,7.97863,8b3ed515-5e6f-449a-9b64-25113cda7a29,USDC-WETH,0.01%,USDC-WETH (0.01%)
2023-01-05T23:10:36.731Z,4362886,31.30108,31.30108,,-0.1611,9.12844,8b3ed515-5e6f-449a-9b64-25113cda7a29,USDC-WETH,0.01%,USDC-WETH (0.01%)
2023-01-06T23:06:17.724Z,3478090,55.54203,55.54203,,-0.28046,15.83047,8b3ed515-5e6f-449a-9b64-25113cda7a29,USDC-WETH,0.01%,USDC-WETH (0.01%)
2023-01-07T23:05:35.950Z,3987597,23.18958,23.18958,,-0.26838,13.25041,8b3ed515-5e6f-449a-9b64-25113cda7a29,USDC-WETH,0.01%,USDC-WETH (0.01%)
2023-01-08T23:05:54.077Z,3915205,26.33709,26.33709,,-0.27293,12.95973,8b3ed515-5e6f-449a-9b64-25113cda7a29,USDC-WETH,0.01%,USDC-WETH (0.01%)
2023-01-09T23:06:01.547Z,4016080,52.5593,52.5593,,-0.59555,17.06437,8b3ed515-5e6f-449a-9b64-25113cda7a29,USDC-WETH,0.01%,USDC-WETH (0.01%)
2023-01-10T23:07:16.956Z,4983780,43.70329,43.70329,,-0.81672,15.84291,8b3ed515-5e6f-449a-9b64-25113cda7a29,USDC-WETH,0.01%,USDC-WETH (0.01%)
2023-01-11T23:09:05.652Z,5006366,30.34615,30.34615,,-0.5049,18.56996,8b3ed515-5e6f-449a-9b64-25113cda7a29,USDC-WETH,0.01%,USDC-WETH (0.01%)
2023-01-12T23:05:38.138Z,2984494,60.7419,60.7419,,-1.37116,44.03144,8b3ed515-5e6f-449a-9b64-25113cda7a29,USDC-WETH,0.01%,USDC-WETH (0.01%)
2023-01-13T23:06:07.937Z,3914581,47.48763,47.48763,,-1.60966,18.67287,8b3ed515-5e6f-449a-9b64-25113cda7a29,USDC-WETH,0.01%,USDC-WETH (0.01%)
2023-01-14T23:17:01.679Z,24513313,10.16863,10.16863,,-3.64086,13.50886,8b3ed515-5e6f-449a-9b64-25113cda7a29,USDC-WETH,0.01%,USDC-WETH (0.01%)
2023-01-15T23:06:05.986Z,18004151,19.18897,19.18897,,-3.51836,20.85835,8b3ed515-5e6f-449a-9b64-25113cda7a29,USDC-WETH,0.01%,USDC-WETH (0.01%)
2023-01-16T23:05:59.711Z,17869572,17.60457,17.60457,,-2.74534,26.61472,8b3ed515-5e6f-449a-9b64-25113cda7a29,USDC-WETH,0.01%,USDC-WETH (0.01%)
2023-01-17T23:06:07.216Z,17757910,14.94743,14.94743,,-2.33062,27.46067,8b3ed515-5e6f-449a-9b64-25113cda7a29,USDC-WETH,0.01%,USDC-WETH (0.01%)
2023-01-18T23:06:07.350Z,17112813,27.06397,27.06397,,-1.32849,31.02746,8b3ed515-5e6f-449a-9b64-25113cda7a29,USDC-WETH,0.01%,USDC-WETH (0.01%)
2023-01-19T23:10:16.130Z,17348522,16.95536,16.95536,,-0.66327,29.74715,8b3ed515-5e6f-449a-9b64-25113cda7a29,USDC-WETH,0.01%,USDC-WETH (0.01%)
2023-01-20T23:05:54.190Z,18294553,16.3322,16.3322,,-1.38292,36.56644,8b3ed515-5e6f-449a-9b64-25113cda7a29,USDC-WETH,0.01%,USDC-WETH (0.01%)
2023-01-21T23:06:03.785Z,17905086,18.54722,18.54722,,-0.30389,38.3286,8b3ed515-5e6f-449a-9b64-25113cda7a29,USDC-WETH,0.01%,USDC-WETH (0.01%)
2023-01-22T23:06:11.011Z,24595706,10.43091,10.43091,,-0.19465,25.14097,8b3ed515-5e6f-449a-9b64-25113cda7a29,USDC-WETH,0.01%,USDC-WETH (0.01%)
2023-01-23T23:09:28.513Z,24638731,14.63559,14.63559,,-0.08827,25.62438,8b3ed515-5e6f-449a-9b64-25113cda7a29,USDC-WETH,0.01%,USDC-WETH (0.01%)
2023-01-24T23:06:23.031Z,23889339,10.89185,10.89185,,-0.00362,25.18303,8b3ed515-5e6f-449a-9b64-25113cda7a29,USDC-WETH,0.01%,USDC-WETH (0.01%)
2023-01-25T23:05:49.853Z,23980179,22.42393,22.42393,,-0.08753,26.20233,8b3ed515-5e6f-449a-9b64-25113cda7a29,USDC-WETH,0.01%,USDC-WETH (0.01%)
2023-01-26T23:17:09.422Z,24323135,11.71303,11.71303,,-0.09539,26.1658,8b3ed515-5e6f-449a-9b64-25113cda7a29,USDC-WETH,0.01%,USDC-WETH (0.01%)
2023-01-27T16:07:21.828Z,23969988,13.2775,13.2775,,-0.01035,26.94515,8b3ed515-5e6f-449a-9b64-25113cda7a29,USDC-WETH,0.01%,USDC-WETH (0.01%)
2023-01-28T23:09:18.944Z,23874135,11.72969,11.72969,,-0.16351,26.17564,8b3ed515-5e6f-449a-9b64-25113cda7a29,USDC-WETH,0.01%,USDC-WETH (0.01%)
2023-01-29T23:09:44.682Z,24799770,12.66847,12.66847,,-0.00866,27.27241,8b3ed515-5e6f-449a-9b64-25113cda7a29,USDC-WETH,0.01%,USDC-WETH (0.01%)
2023-01-30T23:09:28.452Z,23755201,18.78369,18.78369,,-0.16025,28.0226,8b3ed515-5e6f-449a-9b64-25113cda7a29,USDC-WETH,0.01%,USDC-WETH (0.01%)
2023-01-31T23:05:57.810Z,23976018,10.69196,10.69196,,-0.02591,28.84306,8b3ed515-5e6f-449a-9b64-25113cda7a29,USDC-WETH,0.01%,USDC-WETH (0.01%)
2023-02-01T23:31:40.348Z,24806421,12.75433,12.75433,,-0.07038,25.76311,8b3ed515-5e6f-449a-9b64-25113cda7a29,USDC-WETH,0.01%,USDC-WETH (0.01%)
2023-02-02T23:06:01.815Z,24508419,20.96634,20.96634,,-0.09791,29.61451,8b3ed515-5e6f-449a-9b64-25113cda7a29,USDC-WETH,0.01%,USDC-WETH (0.01%)
2023-02-03T23:05:54.570Z,24592023,17.09412,17.09412,,-0.1783,29.3766,8b3ed515-5e6f-449a-9b64-25113cda7a29,USDC-WETH,0.01%,USDC-WETH (0.01%)
2023-02-04T23:06:15.217Z,24722927,13.17344,13.17344,,-0.43677,29.99837,8b3ed515-5e6f-449a-9b64-25113cda7a29,USDC-WETH,0.01%,USDC-WETH (0.01%)
2023-02-05T23:05:54.916Z,24157535,14.35259,14.35259,,-0.00286,30.8192,8b3ed515-5e6f-449a-9b64-25113cda7a29,USDC-WETH,0.01%,USDC-WETH (0.01%)
2023-02-06T23:06:43.580Z,24159628,10.94517,10.94517,,-0.14382,28.67264,8b3ed515-5e6f-449a-9b64-25113cda7a29,USDC-WETH,0.01%,USDC-WETH (0.01%)
2023-02-07T23:06:13.933Z,25305826,14.11203,14.11203,,-0.19618,27.82416,8b3ed515-5e6f-449a-9b64-25113cda7a29,USDC-WETH,0.01%,USDC-WETH (0.01%)
2023-02-08T23:06:13.658Z,25139864,12.33404,12.33404,,-0.00561,28.04365,8b3ed515-5e6f-449a-9b64-25113cda7a29,USDC-WETH,0.01%,USDC-WETH (0.01%)
2023-02-09T14:11:17.915Z,24863181,14.67191,14.67191,,-0.02905,27.36256,8b3ed515-5e6f-449a-9b64-25113cda7a29,USDC-WETH,0.01%,USDC-WETH (0.01%)
2023-02-10T14:10:16.126Z,25358050,18.23926,18.23926,,-0.35522,29.21835,8b3ed515-5e6f-449a-9b64-25113cda7a29,USDC-WETH,0.01%,USDC-WETH (0.01%)
2023-02-12T11:06:21.717Z,25412504,8.85759,8.85759,,-0.59475,27.1313,8b3ed515-5e6f-449a-9b64-25113cda7a29,USDC-WETH,0.01%,USDC-WETH (0.01%)
2023-02-13T23:09:38.006Z,24101956,18.19834,18.19834,,-0.66242,29.37721,8b3ed515-5e6f-449a-9b64-25113cda7a29,USDC-WETH,0.01%,USDC-WETH (0.01%)
2023-02-14T23:06:04.138Z,25019310,14.42867,14.42867,,-0.39831,28.97303,8b3ed515-5e6f-449a-9b64-25113cda7a29,USDC-WETH,0.01%,USDC-WETH (0.01%)
2023-02-15T19:06:46.608Z,29590219,11.59513,11.59513,,-0.0885,26.11309,8b3ed515-5e6f-449a-9b64-25113cda7a29,USDC-WETH,0.01%,USDC-WETH (0.01%)
2023-02-16T23:06:02.321Z,30758263,25.52058,25.52058,,-0.40941,17.39899,8b3ed515-5e6f-449a-9b64-25113cda7a29,USDC-WETH,0.01%,USDC-WETH (0.01%)
2023-02-17T23:27:57.148Z,31372836,20.61924,20.61924,,-1.11797,18.94054,8b3ed515-5e6f-449a-9b64-25113cda7a29,USDC-WETH,0.01%,USDC-WETH (0.01%)
2023-02-18T23:05:57.497Z,31291157,16.60815,16.60815,,-0.77305,20.51933,8b3ed515-5e6f-449a-9b64-25113cda7a29,USDC-WETH,0.01%,USDC-WETH (0.01%)
2023-02-19T23:06:12.667Z,31281515,24.24294,24.24294,,-0.99159,23.73521,8b3ed515-5e6f-449a-9b64-25113cda7a29,USDC-WETH,0.01%,USDC-WETH (0.01%)
2023-02-20T23:05:50.143Z,33245440,16.79205,16.79205,,-1.34107,23.06914,8b3ed515-5e6f-449a-9b64-25113cda7a29,USDC-WETH,0.01%,USDC-WETH (0.01%)
2023-02-21T23:05:49.570Z,35199676,20.60968,20.60968,,-0.32013,16.77416,8b3ed515-5e6f-449a-9b64-25113cda7a29,USDC-WETH,0.01%,USDC-WETH (0.01%)
2023-02-22T23:06:00.459Z,34895593,22.77603,22.77603,,-0.04248,18.07987,8b3ed515-5e6f-449a-9b64-25113cda7a29,USDC-WETH,0.01%,USDC-WETH (0.01%)
2023-02-23T23:04:34.271Z,35122782,16.3907,16.3907,,-0.00049,17.22567,8b3ed515-5e6f-449a-9b64-25113cda7a29,USDC-WETH,0.01%,USDC-WETH (0.01%)
2023-02-24T23:06:07.558Z,34449580,19.84434,19.84434,,-0.29677,17.52121,8b3ed515-5e6f-449a-9b64-25113cda7a29,USDC-WETH,0.01%,USDC-WETH (0.01%)
2023-02-25T23:05:56.143Z,34144520,11.87348,11.87348,,-0.34223,23.23304,8b3ed515-5e6f-449a-9b64-25113cda7a29,USDC-WETH,0.01%,USDC-WETH (0.01%)
2023-02-26T23:20:40.851Z,34923276,9.72538,9.72538,,-0.08068,15.39981,8b3ed515-5e6f-449a-9b64-25113cda7a29,USDC-WETH,0.01%,USDC-WETH (0.01%)
2023-02-27T23:06:37.404Z,35107506,17.21046,17.21046,,-0.12233,15.40616,8b3ed515-5e6f-449a-9b64-25113cda7a29,USDC-WETH,0.01%,USDC-WETH (0.01%)
2023-02-28T23:10:21.882Z,34804799,12.61056,12.61056,,-0.06004,14.19366,8b3ed515-5e6f-449a-9b64-25113cda7a29,USDC-WETH,0.01%,USDC-WETH (0.01%)
2023-03-01T23:09:54.762Z,36507026,23.16345,23.16345,,-0.01153,11.32572,8b3ed515-5e6f-449a-9b64-25113cda7a29,USDC-WETH,0.01%,USDC-WETH (0.01%)
2023-03-02T22:06:17.706Z,36259493,23.66918,23.66918,,-0.00041,15.20099,8b3ed515-5e6f-449a-9b64-25113cda7a29,USDC-WETH,0.01%,USDC-WETH (0.01%)
2023-03-03T23:06:28.416Z,34831829,25.34362,25.34362,,-0.04804,22.34767,8b3ed515-5e6f-449a-9b64-25113cda7a29,USDC-WETH,0.01%,USDC-WETH (0.01%)
2023-03-04T23:17:35.569Z,34661009,13.81603,13.81603,,-0.0248,22.7403,8b3ed515-5e6f-449a-9b64-25113cda7a29,USDC-WETH,0.01%,USDC-WETH (0.01%)
2023-03-05T23:06:43.076Z,34676757,15.43227,15.43227,,-0.16325,23.61751,8b3ed515-5e6f-449a-9b64-25113cda7a29,USDC-WETH,0.01%,USDC-WETH (0.01%)
2023-03-06T23:06:08.721Z,34778836,12.95469,12.95469,,-0.13312,22.32007,8b3ed515-5e6f-449a-9b64-25113cda7a29,USDC-WETH,0.01%,USDC-WETH (0.01%)
2023-03-07T23:06:08.627Z,34491994,17.99638,17.99638,,-0.11666,23.33571,8b3ed515-5e6f-449a-9b64-25113cda7a29,USDC-WETH,0.01%,USDC-WETH (0.01%)
2023-03-08T23:06:10.618Z,35208443,16.94026,16.94026,,-0.33681,17.62024,8b3ed515-5e6f-449a-9b64-25113cda7a29,USDC-WETH,0.01%,USDC-WETH (0.01%)
2023-03-09T23:09:51.760Z,32567510,27.89562,27.89562,,-1.78424,45.42965,8b3ed515-5e6f-449a-9b64-25113cda7a29,USDC-WETH,0.01%,USDC-WETH (0.01%)
2023-03-10T23:06:09.078Z,33000840,29.61258,29.61258,,-0.70926,40.07556,8b3ed515-5e6f-449a-9b64-25113cda7a29,USDC-WETH,0.01%,USDC-WETH (0.01%)
2023-03-11T23:06:20.635Z,641579,4917.80808,4917.80808,,-0.02363,979.66569,8b3ed515-5e6f-449a-9b64-25113cda7a29,USDC-WETH,0.01%,USDC-WETH (0.01%)
2023-03-12T23:06:15.816Z,718617,101.5881,101.5881,,-0.03659,409.12534,8b3ed515-5e6f-449a-9b64-25113cda7a29,USDC-WETH,0.01%,USDC-WETH (0.01%)
2023-03-13T23:10:31.378Z,704205,97.40162,97.40162,,-0.45617,2118.45341,8b3ed515-5e6f-449a-9b64-25113cda7a29,USDC-WETH,0.01%,USDC-WETH (0.01%)
2023-03-14T23:17:34.081Z,623315,43.8507,43.8507,,-0.76817,1082.42082,8b3ed515-5e6f-449a-9b64-25113cda7a29,USDC-WETH,0.01%,USDC-WETH (0.01%)
2023-03-15T23:06:02.193Z,619270,20.50143,20.50143,,-0.41436,1276.9096,8b3ed515-5e6f-449a-9b64-25113cda7a29,USDC-WETH,0.01%,USDC-WETH (0.01%)
2023-03-16T23:17:25.736Z,623418,11.24656,11.24656,,-2.08518,1049.7001,8b3ed515-5e6f-449a-9b64-25113cda7a29,USDC-WETH,0.01%,USDC-WETH (0.01%)
2023-03-17T23:06:29.295Z,634644,16.19016,16.19016,,-4.05454,1999.0039,8b3ed515-5e6f-449a-9b64-25113cda7a29,USDC-WETH,0.01%,USDC-WETH (0.01%)
2023-03-18T23:09:52.548Z,634633,8.19301,8.19301,,-1.73872,122.76123,8b3ed515-5e6f-449a-9b64-25113cda7a29,USDC-WETH,0.01%,USDC-WETH (0.01%)
2023-03-19T23:06:53.982Z,643222,9.93103,9.93103,,-1.40193,81.18666,8b3ed515-5e6f-449a-9b64-25113cda7a29,USDC-WETH,0.01%,USDC-WETH (0.01%)
2023-03-20T23:06:14.991Z,638693,21.65241,21.65241,,-0.13313,13.83829,8b3ed515-5e6f-449a-9b64-25113cda7a29,USDC-WETH,0.01%,USDC-WETH (0.01%)
2023-03-21T23:06:16.331Z,588336,16.8153,16.8153,,-0.18524,39.16869,8b3ed515-5e6f-449a-9b64-25113cda7a29,USDC-WETH,0.01%,USDC-WETH (0.01%)
2023-03-22T23:06:10.896Z,263327,2.23608,2.23608,,-0.18708,34.81748,8b3ed515-5e6f-449a-9b64-25113cda7a29,USDC-WETH,0.01%,USDC-WETH (0.01%)
2023-03-23T23:06:41.461Z,323067,17.56484,17.56484,,-0.55155,3.59609,8b3ed515-5e6f-449a-9b64-25113cda7a29,USDC-WETH,0.01%,USDC-WETH (0.01%)
2023-03-24T23:17:18.093Z,264619,27.25302,27.25302,,-0.06604,31.96433,8b3ed515-5e6f-449a-9b64-25113cda7a29,USDC-WETH,0.01%,USDC-WETH (0.01%)
2023-03-25T23:06:35.794Z,315693,3.07036,3.07036,,-0.03224,2.2008,8b3ed515-5e6f-449a-9b64-25113cda7a29,USDC-WETH,0.01%,USDC-WETH (0.01%)
2023-03-26T23:06:17.521Z,266774,60.61416,60.61416,,-0.03285,35.47081,8b3ed515-5e6f-449a-9b64-25113cda7a29,USDC-WETH,0.01%,USDC-WETH (0.01%)
2023-03-27T23:18:01.485Z,304332,23.94496,23.94496,,-0.0017,31.15188,8b3ed515-5e6f-449a-9b64-25113cda7a29,USDC-WETH,0.01%,USDC-WETH (0.01%)
2023-03-28T23:10:20.994Z,302633,23.09987,23.09987,,-0.02193,11.98125,8b3ed515-5e6f-449a-9b64-25113cda7a29,USDC-WETH,0.01%,USDC-WETH (0.01%)
2023-03-29T23:06:33.239Z,266760,4.26816,4.26816,,-0.10619,29.96626,8b3ed515-5e6f-449a-9b64-25113cda7a29,USDC-WETH,0.01%,USDC-WETH (0.01%)
2023-03-30T23:28:27.357Z,266869,3.94822,3.94822,,-0.02902,26.7077,8b3ed515-5e6f-449a-9b64-25113cda7a29,USDC-WETH,0.01%,USDC-WETH (0.01%)
2023-03-31T22:07:01.089Z,1425590,15.16101,15.16101,,-0.16247,1.50692,8b3ed515-5e6f-449a-9b64-25113cda7a29,USDC-WETH,0.01%,USDC-WETH (0.01%)
2023-04-01T23:06:17.502Z,1787253,48.77153,48.77153,,-0.19132,1.85101,8b3ed515-5e6f-449a-9b64-25113cda7a29,USDC-WETH,0.01%,USDC-WETH (0.01%)
2023-04-02T23:06:12.770Z,1790672,106.17812,106.17812,,-0.00653,4.12403,8b3ed515-5e6f-449a-9b64-25113cda7a29,USDC-WETH,0.01%,USDC-WETH (0.01%)
2023-04-03T23:17:37.535Z,1800619,40.83777,40.83777,,-0.29479,4.95932,8b3ed515-5e6f-449a-9b64-25113cda7a29,USDC-WETH,0.01%,USDC-WETH (0.01%)
2023-04-04T23:06:38.555Z,280658,58.9684,58.9684,,-0.24788,199.73531,8b3ed515-5e6f-449a-9b64-25113cda7a29,USDC-WETH,0.01%,USDC-WETH (0.01%)
2023-04-05T23:10:49.151Z,284002,1.19904,1.19904,,-0.34495,253.82116,8b3ed515-5e6f-449a-9b64-25113cda7a29,USDC-WETH,0.01%,USDC-WETH (0.01%)
2023-04-06T23:06:21.941Z,336838,1.91536,1.91536,,-0.17928,193.47887,8b3ed515-5e6f-449a-9b64-25113cda7a29,USDC-WETH,0.01%,USDC-WETH (0.01%)
2023-04-07T23:17:03.409Z,337152,2.92329,2.92329,,-0.05313,182.55765,8b3ed515-5e6f-449a-9b64-25113cda7a29,USDC-WETH,0.01%,USDC-WETH (0.01%)
2023-04-08T23:09:50.983Z,335453,2.54419,2.54419,,-0.0166,140.31,8b3ed515-5e6f-449a-9b64-25113cda7a29,USDC-WETH,0.01%,USDC-WETH (0.01%)
2023-04-09T23:07:15.858Z,336686,1.11583,1.11583,,-0.13601,46.03206,8b3ed515-5e6f-449a-9b64-25113cda7a29,USDC-WETH,0.01%,USDC-WETH (0.01%)
2023-04-10T23:28:42.570Z,287459,1.77675,1.77675,,-0.27501,12.03494,8b3ed515-5e6f-449a-9b64-25113cda7a29,USDC-WETH,0.01%,USDC-WETH (0.01%)
2023-04-11T23:06:25.098Z,280163,0.71508,0.71508,,-0.01692,2.45322,8b3ed515-5e6f-449a-9b64-25113cda7a29,USDC-WETH,0.01%,USDC-WETH (0.01%)
2023-04-12T23:17:17.504Z,225269,2.14532,2.14532,,-0.00043,2.6297,8b3ed515-5e6f-449a-9b64-25113cda7a29,USDC-WETH,0.01%,USDC-WETH (0.01%)
2023-04-13T23:06:32.819Z,231982,2.36825,2.36825,,-0.44997,2.53529,8b3ed515-5e6f-449a-9b64-25113cda7a29,USDC-WETH,0.01%,USDC-WETH (0.01%)
2023-04-14T23:06:39.213Z,425039,1.49977,1.49977,,-1.23037,2.28005,8b3ed515-5e6f-449a-9b64-25113cda7a29,USDC-WETH,0.01%,USDC-WETH (0.01%)
2023-04-15T22:06:08.680Z,422525,1.08738,1.08738,,-1.24216,2.04942,8b3ed515-5e6f-449a-9b64-25113cda7a29,USDC-WETH,0.01%,USDC-WETH (0.01%)
2023-04-16T22:06:45.309Z,427556,5.43501,5.43501,,-1.48109,0.33714,8b3ed515-5e6f-449a-9b64-25113cda7a29,USDC-WETH,0.01%,USDC-WETH (0.01%)
2023-04-17T23:06:47.193Z,420585,2.62992,2.62992,,-0.65934,4.07097,8b3ed515-5e6f-449a-9b64-25113cda7a29,USDC-WETH,0.01%,USDC-WETH (0.01%)
2023-04-18T23:17:49.428Z,423812,2.82198,2.82198,,-0.93947,4.6899,8b3ed515-5e6f-449a-9b64-25113cda7a29,USDC-WETH,0.01%,USDC-WETH (0.01%)
2023-04-19T23:06:28.861Z,403401,0.79379,0.79379,,-0.05904,4.66595,8b3ed515-5e6f-449a-9b64-25113cda7a29,USDC-WETH,0.01%,USDC-WETH (0.01%)
2023-04-20T23:31:58.275Z,399011,0.58376,0.58376,,-0.09953,4.4807,8b3ed515-5e6f-449a-9b64-25113cda7a29,USDC-WETH,0.01%,USDC-WETH (0.01%)
2023-04-21T23:17:55.043Z,407351,2.72055,2.72055,,-1.60993,2.22682,8b3ed515-5e6f-449a-9b64-25113cda7a29,USDC-WETH,0.01%,USDC-WETH (0.01%)
2023-04-22T23:06:58.522Z,412842,2.20083,2.20083,,-1.07659,2.34786,8b3ed515-5e6f-449a-9b64-25113cda7a29,USDC-WETH,0.01%,USDC-WETH (0.01%)
2023-04-23T23:17:55.069Z,410447,2.50847,2.50847,,-1.46881,1.78699,8b3ed515-5e6f-449a-9b64-25113cda7a29,USDC-WETH,0.01%,USDC-WETH (0.01%)
2023-04-24T23:11:10.252Z,381281,2.78677,2.78677,,-1.32153,3.9009,8b3ed515-5e6f-449a-9b64-25113cda7a29,USDC-WETH,0.01%,USDC-WETH (0.01%)
2023-04-25T22:07:24.712Z,387335,0.23905,0.23905,,-1.08328,3.15719,8b3ed515-5e6f-449a-9b64-25113cda7a29,USDC-WETH,0.01%,USDC-WETH (0.01%)
2023-04-26T23:28:46.517Z,385837,110.19633,110.19633,,-0.11669,30.80377,8b3ed515-5e6f-449a-9b64-25113cda7a29,USDC-WETH,0.01%,USDC-WETH (0.01%)
2023-04-27T23:06:17.151Z,393186,1.10148,1.10148,,-0.03821,30.72088,8b3ed515-5e6f-449a-9b64-25113cda7a29,USDC-WETH,0.01%,USDC-WETH (0.01%)
2023-04-28T23:06:33.968Z,391056,0.27189,0.27189,,-0.05872,30.13903,8b3ed515-5e6f-449a-9b64-25113cda7a29,USDC-WETH,0.01%,USDC-WETH (0.01%)
2023-04-29T23:06:49.383Z,392395,0.29648,0.29648,,-0.02113,29.58845,8b3ed515-5e6f-449a-9b64-25113cda7a29,USDC-WETH,0.01%,USDC-WETH (0.01%)
2023-04-30T23:06:51.769Z,390984,0.4765,0.4765,,-0.01839,29.01985,8b3ed515-5e6f-449a-9b64-25113cda7a29,USDC-WETH,0.01%,USDC-WETH (0.01%)
2023-05-01T23:07:20.189Z,377801,0.41908,0.41908,,-0.00715,28.67548,8b3ed515-5e6f-449a-9b64-25113cda7a29,USDC-WETH,0.01%,USDC-WETH (0.01%)
2023-05-02T23:10:29.570Z,387271,0.14378,0.14378,,-0.00257,28.49579,8b3ed515-5e6f-449a-9b64-25113cda7a29,USDC-WETH,0.01%,USDC-WETH (0.01%)
2023-05-03T23:08:13.656Z,392736,0.36199,0.36199,,-0.04157,0.77991,8b3ed515-5e6f-449a-9b64-25113cda7a29,USDC-WETH,0.01%,USDC-WETH (0.01%)
2023-05-04T23:19:05.693Z,386636,0.31958,0.31958,,-0.02954,0.58146,8b3ed515-5e6f-449a-9b64-25113cda7a29,USDC-WETH,0.01%,USDC-WETH (0.01%)
2023-05-05T23:07:43.088Z,405927,0.57076,0.57076,,-0.19072,0.6522,8b3ed515-5e6f-449a-9b64-25113cda7a29,USDC-WETH,0.01%,USDC-WETH (0.01%)
2023-05-06T23:07:13.091Z,391103,0.39191,0.39191,,-0.00058,0.68494,8b3ed515-5e6f-449a-9b64-25113cda7a29,USDC-WETH,0.01%,USDC-WETH (0.01%)
2023-05-07T23:22:15.502Z,393119,0.16484,0.16484,,-0.01378,0.60473,8b3ed515-5e6f-449a-9b64-25113cda7a29,USDC-WETH,0.01%,USDC-WETH (0.01%)
2023-05-08T23:08:35.819Z,382263,0.44254,0.44254,,-0.00336,0.61754,8b3ed515-5e6f-449a-9b64-25113cda7a29,USDC-WETH,0.01%,USDC-WETH (0.01%)
2023-05-09T23:08:07.900Z,382115,0.48056,0.48056,,-0.02748,0.70169,8b3ed515-5e6f-449a-9b64-25113cda7a29,USDC-WETH,0.01%,USDC-WETH (0.01%)
2023-05-10T22:18:25.310Z,381087,0.33946,0.33946,,-0.09698,0.69677,8b3ed515-5e6f-449a-9b64-25113cda7a29,USDC-WETH,0.01%,USDC-WETH (0.01%)
2023-05-11T23:06:57.776Z,373166,0.15911,0.15911,,-0.17719,0.64908,8b3ed515-5e6f-449a-9b64-25113cda7a29,USDC-WETH,0.01%,USDC-WETH (0.01%)
2023-05-12T23:17:27.394Z,360706,0.26558,0.26558,,-0.86015,0.58822,8b3ed515-5e6f-449a-9b64-25113cda7a29,USDC-WETH,0.01%,USDC-WETH (0.01%)
2023-05-13T23:06:48.903Z,360511,0.37477,0.37477,,-0.24174,0.57349,8b3ed515-5e6f-449a-9b64-25113cda7a29,USDC-WETH,0.01%,USDC-WETH (0.01%)
2023-05-14T23:06:45.360Z,360397,0.19459,0.19459,,-0.29587,0.5772,8b3ed515-5e6f-449a-9b64-25113cda7a29,USDC-WETH,0.01%,USDC-WETH (0.01%)
2023-05-15T23:06:22.823Z,364154,0.17346,0.17346,,-0.01268,0.50898,8b3ed515-5e6f-449a-9b64-25113cda7a29,USDC-WETH,0.01%,USDC-WETH (0.01%)
2023-05-16T23:18:29.364Z,363557,0.13541,0.13541,,-0.01385,0.41609,8b3ed515-5e6f-449a-9b64-25113cda7a29,USDC-WETH,0.01%,USDC-WETH (0.01%)
2023-05-17T23:18:08.099Z,363996,7.67157,7.67157,,-0.01413,2.27027,8b3ed515-5e6f-449a-9b64-25113cda7a29,USDC-WETH,0.01%,USDC-WETH (0.01%)
2023-05-18T23:07:42.245Z,361930,0.22365,0.22365,,-0.00743,2.24178,8b3ed515-5e6f-449a-9b64-25113cda7a29,USDC-WETH,0.01%,USDC-WETH (0.01%)
2023-05-19T23:09:29.376Z,362324,0.12143,0.12143,,-0.00168,2.23926,8b3ed515-5e6f-449a-9b64-25113cda7a29,USDC-WETH,0.01%,USDC-WETH (0.01%)
2023-05-20T23:06:20.733Z,363326,0.09972,0.09972,,-0.00502,2.16784,8b3ed515-5e6f-449a-9b64-25113cda7a29,USDC-WETH,0.01%,USDC-WETH (0.01%)
2023-05-21T23:17:51.946Z,361202,0.10661,0.10661,,-0.00166,2.1503,8b3ed515-5e6f-449a-9b64-25113cda7a29,USDC-WETH,0.01%,USDC-WETH (0.01%)
2023-05-22T23:06:31.350Z,363367,0.10227,0.10227,,-0.00036,2.14151,8b3ed515-5e6f-449a-9b64-25113cda7a29,USDC-WETH,0.01%,USDC-WETH (0.01%)
2023-05-23T23:06:43.727Z,369044,0.31267,0.31267,,-0.02072,2.17958,8b3ed515-5e6f-449a-9b64-25113cda7a29,USDC-WETH,0.01%,USDC-WETH (0.01%)
2023-05-24T23:06:58.703Z,369440,0.70254,0.70254,,-0.00918,0.42333,8b3ed515-5e6f-449a-9b64-25113cda7a29,USDC-WETH,0.01%,USDC-WETH (0.01%)
2023-05-25T23:07:06.848Z,371009,1.13877,1.13877,,-0.00012,0.65975,8b3ed515-5e6f-449a-9b64-25113cda7a29,USDC-WETH,0.01%,USDC-WETH (0.01%)
2023-05-26T23:06:51.466Z,374667,0.20112,0.20112,,-0.00703,0.68525,8b3ed515-5e6f-449a-9b64-25113cda7a29,USDC-WETH,0.01%,USDC-WETH (0.01%)
2023-05-27T23:17:48.676Z,374854,0.38213,0.38213,,-0.00463,0.75942,8b3ed515-5e6f-449a-9b64-25113cda7a29,USDC-WETH,0.01%,USDC-WETH (0.01%)
2023-05-28T23:06:55.334Z,385864,0.18214,0.18214,,-0.24917,0.77359,8b3ed515-5e6f-449a-9b64-25113cda7a29,USDC-WETH,0.01%,USDC-WETH (0.01%)
2023-05-29T23:21:55.080Z,384204,0.15216,0.15216,,-0.14396,0.78951,8b3ed515-5e6f-449a-9b64-25113cda7a29,USDC-WETH,0.01%,USDC-WETH (0.01%)
2023-05-30T22:08:52.994Z,386092,0.47111,0.47111,,-0.08279,0.83527,8b3ed515-5e6f-449a-9b64-25113cda7a29,USDC-WETH,0.01%,USDC-WETH (0.01%)
2023-05-31T23:17:39.585Z,379910,0.2475,0.2475,,-0.12527,0.79842,8b3ed515-5e6f-449a-9b64-25113cda7a29,USDC-WETH,0.01%,USDC-WETH (0.01%)
2023-06-01T23:07:08.094Z,380022,0.24522,0.24522,,-0.09528,0.5703,8b3ed515-5e6f-449a-9b64-25113cda7a29,USDC-WETH,0.01%,USDC-WETH (0.01%)
2023-06-02T23:06:55.106Z,386336,0.36841,0.36841,,-0.15535,0.61344,8b3ed515-5e6f-449a-9b64-25113cda7a29,USDC-WETH,0.01%,USDC-WETH (0.01%)
2023-06-03T23:06:37.000Z,383590,0.14769,0.14769,,-0.09576,0.55516,8b3ed515-5e6f-449a-9b64-25113cda7a29,USDC-WETH,0.01%,USDC-WETH (0.01%)
2023-06-04T23:17:38.010Z,385891,0.32561,0.32561,,-0.00011,0.59283,8b3ed515-5e6f-449a-9b64-25113cda7a29,USDC-WETH,0.01%,USDC-WETH (0.01%)
2023-06-05T23:07:14.785Z,369780,0.43508,0.43508,,-0.18751,0.66847,8b3ed515-5e6f-449a-9b64-25113cda7a29,USDC-WETH,0.01%,USDC-WETH (0.01%)
2023-06-06T23:18:31.961Z,216423,0.52358,0.52358,,-0.0086,0.54385,8b3ed515-5e6f-449a-9b64-25113cda7a29,USDC-WETH,0.01%,USDC-WETH (0.01%)
2023-06-07T23:18:02.797Z,215232,0.41816,0.41816,,-0.03602,0.54489,8b3ed515-5e6f-449a-9b64-25113cda7a29,USDC-WETH,0.01%,USDC-WETH (0.01%)
2023-06-08T23:17:34.350Z,214005,1.07901,1.07901,,-0.00781,0.63899,8b3ed515-5e6f-449a-9b64-25113cda7a29,USDC-WETH,0.01%,USDC-WETH (0.01%)
2023-06-09T23:07:06.935Z,213166,0.37252,0.37252,,-0.12164,0.59623,8b3ed515-5e6f-449a-9b64-25113cda7a29,USDC-WETH,0.01%,USDC-WETH (0.01%)
2023-06-10T23:06:58.845Z,206341,2.20557,2.20557,,-0.50893,0.83985,8b3ed515-5e6f-449a-9b64-25113cda7a29,USDC-WETH,0.01%,USDC-WETH (0.01%)
2023-06-11T23:06:38.389Z,206475,0.66227,0.66227,,-0.60614,0.84634,8b3ed515-5e6f-449a-9b64-25113cda7a29,USDC-WETH,0.01%,USDC-WETH (0.01%)
2023-06-12T23:07:28.117Z,205356,2.01177,2.01177,,-0.11486,1.06254,8b3ed515-5e6f-449a-9b64-25113cda7a29,USDC-WETH,0.01%,USDC-WETH (0.01%)
2023-06-13T23:07:02.229Z,204694,0.79502,0.79502,,-0.59323,1.0983,8b3ed515-5e6f-449a-9b64-25113cda7a29,USDC-WETH,0.01%,USDC-WETH (0.01%)
2023-06-14T23:20:16.947Z,196999,0.59598,0.59598,,-0.94428,1.12199,8b3ed515-5e6f-449a-9b64-25113cda7a29,USDC-WETH,0.01%,USDC-WETH (0.01%)
2023-06-15T23:06:55.626Z,198365,1.6182,1.6182,,-0.9822,1.19378,8b3ed515-5e6f-449a-9b64-25113cda7a29,USDC-WETH,0.01%,USDC-WETH (0.01%)
2023-06-16T23:07:56.982Z,203227,1.55192,1.55192,,-0.39395,1.35001,8b3ed515-5e6f-449a-9b64-25113cda7a29,USDC-WETH,0.01%,USDC-WETH (0.01%)
2023-06-17T23:07:07.671Z,204249,1.77503,1.77503,,-0.01654,1.28287,8b3ed515-5e6f-449a-9b64-25113cda7a29,USDC-WETH,0.01%,USDC-WETH (0.01%)
2023-06-18T23:07:52.671Z,203821,0.78003,0.78003,,-0.02723,1.29935,8b3ed515-5e6f-449a-9b64-25113cda7a29,USDC-WETH,0.01%,USDC-WETH (0.01%)
2023-06-19T23:08:52.397Z,204452,2.20932,2.20932,,-0.00171,1.32533,8b3ed515-5e6f-449a-9b64-25113cda7a29,USDC-WETH,0.01%,USDC-WETH (0.01%)
2023-06-20T23:09:58.520Z,209160,1.24719,1.24719,,-0.0692,0.20896,8b3ed515-5e6f-449a-9b64-25113cda7a29,USDC-WETH,0.01%,USDC-WETH (0.01%)
2023-06-21T23:07:12.429Z,217071,4.16986,4.16986,,-1.62629,1.91602,8b3ed515-5e6f-449a-9b64-25113cda7a29,USDC-WETH,0.01%,USDC-WETH (0.01%)
2023-06-22T23:07:07.765Z,216260,3.44422,3.44422,,-1.20527,2.21191,8b3ed515-5e6f-449a-9b64-25113cda7a29,USDC-WETH,0.01%,USDC-WETH (0.01%)
2023-06-23T23:07:01.097Z,217304,2.19266,2.19266,,-0.78118,2.31886,8b3ed515-5e6f-449a-9b64-25113cda7a29,USDC-WETH,0.01%,USDC-WETH (0.01%)
2023-06-24T23:10:30.700Z,216147,1.75048,1.75048,,-0.56919,2.33476,8b3ed515-5e6f-449a-9b64-25113cda7a29,USDC-WETH,0.01%,USDC-WETH (0.01%)
2023-06-25T23:08:15.158Z,218167,3.43241,3.43241,,-0.88884,2.73263,8b3ed515-5e6f-449a-9b64-25113cda7a29,USDC-WETH,0.01%,USDC-WETH (0.01%)
2023-06-26T23:06:37.554Z,203962,1.37345,1.37345,,-0.4143,2.75459,8b3ed515-5e6f-449a-9b64-25113cda7a29,USDC-WETH,0.01%,USDC-WETH (0.01%)
2023-06-27T23:06:55.656Z,206095,1.35932,1.35932,,-0.2728,2.7582,8b3ed515-5e6f-449a-9b64-25113cda7a29,USDC-WETH,0.01%,USDC-WETH (0.01%)
2023-06-28T23:08:16.060Z,201623,1.57245,1.57245,,-0.10717,2.32922,8b3ed515-5e6f-449a-9b64-25113cda7a29,USDC-WETH,0.01%,USDC-WETH (0.01%)
2023-06-29T23:06:28.208Z,27944,9.51458,9.51458,,-0.01303,3.878,8b3ed515-5e6f-449a-9b64-25113cda7a29,USDC-WETH,0.01%,USDC-WETH (0.01%)
2023-06-30T23:06:15.764Z,28224,0.00777,0.00777,,-0.04309,3.20506,8b3ed515-5e6f-449a-9b64-25113cda7a29,USDC-WETH,0.01%,USDC-WETH (0.01%)
2023-07-01T23:05:56.214Z,28184,2.40502,2.40502,,-0.05197,2.76674,8b3ed515-5e6f-449a-9b64-25113cda7a29,USDC-WETH,0.01%,USDC-WETH (0.01%)
2023-07-02T23:06:10.720Z,28251,0.00403,0.00403,,-0.04126,1.70978,8b3ed515-5e6f-449a-9b64-25113cda7a29,USDC-WETH,0.01%,USDC-WETH (0.01%)
2023-07-03T23:05:53.491Z,28302,1.6341,1.6341,,-0.22989,1.37961,8b3ed515-5e6f-449a-9b64-25113cda7a29,USDC-WETH,0.01%,USDC-WETH (0.01%)
2023-07-04T23:06:58.476Z,28254,0.00909,0.00909,,-0.06878,0.98458,8b3ed515-5e6f-449a-9b64-25113cda7a29,USDC-WETH,0.01%,USDC-WETH (0.01%)
2023-07-05T23:06:13.434Z,31765,0.39661,0.39661,,-0.16674,0.06853,8b3ed515-5e6f-449a-9b64-25113cda7a29,USDC-WETH,0.01%,USDC-WETH (0.01%)
2023-07-06T23:06:15.578Z,28026,1.88582,1.88582,,-0.0072,0.25421,8b3ed515-5e6f-449a-9b64-25113cda7a29,USDC-WETH,0.01%,USDC-WETH (0.01%)
2023-07-07T23:06:19.338Z,28001,0.01601,0.01601,,-0.10156,0.25453,8b3ed515-5e6f-449a-9b64-25113cda7a29,USDC-WETH,0.01%,USDC-WETH (0.01%)
2023-07-08T23:09:26.847Z,27994,0.0032,0.0032,,-0.10411,0.15897,8b3ed515-5e6f-449a-9b64-25113cda7a29,USDC-WETH,0.01%,USDC-WETH (0.01%)
2023-07-09T23:06:02.480Z,27993,0.22667,0.22667,,-0.12901,0.16777,8b3ed515-5e6f-449a-9b64-25113cda7a29,USDC-WETH,0.01%,USDC-WETH (0.01%)
2023-07-10T23:05:57.661Z,28027,0.00153,0.00153,,-0.15286,0.10254,8b3ed515-5e6f-449a-9b64-25113cda7a29,USDC-WETH,0.01%,USDC-WETH (0.01%)
2023-07-11T23:06:09.608Z,28031,0.00705,0.00705,,-0.09737,0.10245,8b3ed515-5e6f-449a-9b64-25113cda7a29,USDC-WETH,0.01%,USDC-WETH (0.01%)
2023-07-12T23:06:30.519Z,28036,0.0057,0.0057,,-0.03533,0.08489,8b3ed515-5e6f-449a-9b64-25113cda7a29,USDC-WETH,0.01%,USDC-WETH (0.01%)
2023-07-13T23:06:07.845Z,28453,0.0264,0.0264,,-0.37059,0.01134,8b3ed515-5e6f-449a-9b64-25113cda7a29,USDC-WETH,0.01%,USDC-WETH (0.01%)
2023-07-14T23:05:57.272Z,28203,0.13712,0.13712,,-0.09246,0.01617,8b3ed515-5e6f-449a-9b64-25113cda7a29,USDC-WETH,0.01%,USDC-WETH (0.01%)
2023-07-15T23:06:07.479Z,28213,0.60684,0.60684,,-0.11955,0.04021,8b3ed515-5e6f-449a-9b64-25113cda7a29,USDC-WETH,0.01%,USDC-WETH (0.01%)
2023-07-16T23:17:06.020Z,28191,0.00046,0.00046,,-0.10939,0.03127,8b3ed515-5e6f-449a-9b64-25113cda7a29,USDC-WETH,0.01%,USDC-WETH (0.01%)
2023-07-17T23:17:08.241Z,28068,0.01522,0.01522,,-0.03053,0.03181,8b3ed515-5e6f-449a-9b64-25113cda7a29,USDC-WETH,0.01%,USDC-WETH (0.01%)
2023-07-18T23:10:07.521Z,28076,0.82676,0.82676,,-0.01124,0.0643,8b3ed515-5e6f-449a-9b64-25113cda7a29,USDC-WETH,0.01%,USDC-WETH (0.01%)
2023-07-19T23:06:58.591Z,28050,0.00877,0.00877,,-0.00689,0.06442,8b3ed515-5e6f-449a-9b64-25113cda7a29,USDC-WETH,0.01%,USDC-WETH (0.01%)
2023-07-20T23:06:23.489Z,28066,0.04855,0.04855,,-0.23755,0.06529,8b3ed515-5e6f-449a-9b64-25113cda7a29,USDC-WETH,0.01%,USDC-WETH (0.01%)
2023-07-21T23:06:07.393Z,28063,0.1106,0.1106,,-0.02853,0.06421,8b3ed515-5e6f-449a-9b64-25113cda7a29,USDC-WETH,0.01%,USDC-WETH (0.01%)
2023-07-22T23:09:09.689Z,28038,0.04479,0.04479,,-0.04767,0.04181,8b3ed515-5e6f-449a-9b64-25113cda7a29,USDC-WETH,0.01%,USDC-WETH (0.01%)
2023-07-23T23:17:09.188Z,28063,0.00433,0.00433,,-0.06097,0.04197,8b3ed515-5e6f-449a-9b64-25113cda7a29,USDC-WETH,0.01%,USDC-WETH (0.01%)
2023-07-24T21:10:52.582Z,27918,0.00312,0.00312,,-0.04615,0.04154,8b3ed515-5e6f-449a-9b64-25113cda7a29,USDC-WETH,0.01%,USDC-WETH (0.01%)
2023-07-25T23:06:01.687Z,27951,0.00018,0.00018,,-0.04263,0.00873,8b3ed515-5e6f-449a-9b64-25113cda7a29,USDC-WETH,0.01%,USDC-WETH (0.01%)
2023-07-26T23:05:59.744Z,27819,0.008,0.008,,-0.00527,0.00869,8b3ed515-5e6f-449a-9b64-25113cda7a29,USDC-WETH,0.01%,USDC-WETH (0.01%)
2023-07-27T23:06:36.390Z,27757,0.00274,0.00274,,-0.0364,0.00688,8b3ed515-5e6f-449a-9b64-25113cda7a29,USDC-WETH,0.01%,USDC-WETH (0.01%)
2023-07-28T23:06:05.935Z,27822,0.98853,0.98853,,-0.0084,0.04132,8b3ed515-5e6f-449a-9b64-25113cda7a29,USDC-WETH,0.01%,USDC-WETH (0.01%)
2023-07-29T23:06:15.603Z,27840,0.0,0.0,,-0.00059,0.03955,8b3ed515-5e6f-449a-9b64-25113cda7a29,USDC-WETH,0.01%,USDC-WETH (0.01%)
2023-07-30T23:09:31.789Z,27782,2.56997,2.56997,,-0.0163,0.14018,8b3ed515-5e6f-449a-9b64-25113cda7a29,USDC-WETH,0.01%,USDC-WETH (0.01%)
2023-07-31T23:05:52.862Z,27770,1.38109,1.38109,,-0.00322,0.1942,8b3ed515-5e6f-449a-9b64-25113cda7a29,USDC-WETH,0.01%,USDC-WETH (0.01%)
2023-08-01T23:09:46.626Z,27759,0.00888,0.00888,,-0.00203,0.19455,8b3ed515-5e6f-449a-9b64-25113cda7a29,USDC-WETH,0.01%,USDC-WETH (0.01%)
2023-08-02T23:06:19.680Z,27725,0.03442,0.03442,,-0.02403,0.19558,8b3ed515-5e6f-449a-9b64-25113cda7a29,USDC-WETH,0.01%,USDC-WETH (0.01%)
2023-08-03T23:18:15.408Z,28171,0.01979,0.01979,,-0.00621,0.19259,8b3ed515-5e6f-449a-9b64-25113cda7a29,USDC-WETH,0.01%,USDC-WETH (0.01%)
2023-08-04T23:06:55.647Z,28134,0.03354,0.03354,,-0.06105,0.15581,8b3ed515-5e6f-449a-9b64-25113cda7a29,USDC-WETH,0.01%,USDC-WETH (0.01%)
2023-08-05T23:07:03.248Z,28159,0.01002,0.01002,,-0.05267,0.15619,8b3ed515-5e6f-449a-9b64-25113cda7a29,USDC-WETH,0.01%,USDC-WETH (0.01%)
2023-08-06T23:08:02.217Z,28175,0.01806,0.01806,,-0.02006,0.05184,8b3ed515-5e6f-449a-9b64-25113cda7a29,USDC-WETH,0.01%,USDC-WETH (0.01%)
2023-08-07T23:06:52.766Z,28163,2.55818,2.55818,,-0.02301,0.10426,8b3ed515-5e6f-449a-9b64-25113cda7a29,USDC-WETH,0.01%,USDC-WETH (0.01%)
2023-08-08T14:07:13.197Z,28206,0.06073,0.06073,,-0.00013,0.10551,8b3ed515-5e6f-449a-9b64-25113cda7a29,USDC-WETH,0.01%,USDC-WETH (0.01%)
2023-08-29T23:06:02.556Z,27473,0.10061,0.10061,,-0.33707,0.33151,8b3ed515-5e6f-449a-9b64-25113cda7a29,USDC-WETH,0.01%,USDC-WETH (0.01%)
2023-08-30T23:05:53.521Z,26814,0.01115,0.01115,,-0.02262,0.33065,8b3ed515-5e6f-449a-9b64-25113cda7a29,USDC-WETH,0.01%,USDC-WETH (0.01%)
2023-08-31T23:05:49.607Z,26332,0.02214,0.02214,,0.0,0.32984,8b3ed515-5e6f-449a-9b64-25113cda7a29,USDC-WETH,0.01%,USDC-WETH (0.01%)
2023-09-01T11:06:03.387Z,26263,0.03005,0.03005,,-0.00227,0.33122,8b3ed515-5e6f-449a-9b64-25113cda7a29,USDC-WETH,0.01%,USDC-WETH (0.01%)
2023-09-04T23:06:24.066Z,26069,0.00794,0.00794,,-0.02172,0.01009,8b3ed515-5e6f-449a-9b64-25113cda7a29,USDC-WETH,0.01%,USDC-WETH (0.01%)
2023-09-05T23:05:45.051Z,26169,0.033,0.033,,-0.25059,0.0075,8b3ed515-5e6f-449a-9b64-25113cda7a29,USDC-WETH,0.01%,USDC-WETH (0.01%)
2023-09-06T23:06:16.844Z,26140,0.02493,0.02493,,-0.16866,0.00799,8b3ed515-5e6f-449a-9b64-25113cda7a29,USDC-WETH,0.01%,USDC-WETH (0.01%)
2023-09-07T23:06:33.326Z,26351,0.01865,0.01865,,-3e-05,0.00783,8b3ed515-5e6f-449a-9b64-25113cda7a29,USDC-WETH,0.01%,USDC-WETH (0.01%)
2023-09-08T23:06:17.579Z,26170,14.97873,14.97873,,-0.00123,0.55378,8b3ed515-5e6f-449a-9b64-25113cda7a29,USDC-WETH,0.01%,USDC-WETH (0.01%)
2023-09-09T23:05:50.902Z,26210,0.0032,0.0032,,-0.0005,0.55083,8b3ed515-5e6f-449a-9b64-25113cda7a29,USDC-WETH,0.01%,USDC-WETH (0.01%)
2023-09-10T23:06:21.031Z,26048,0.01419,0.01419,,-0.00904,0.54774,8b3ed515-5e6f-449a-9b64-25113cda7a29,USDC-WETH,0.01%,USDC-WETH (0.01%)
2023-09-11T23:06:17.442Z,25386,0.05851,0.05851,,-0.20915,0.55298,8b3ed515-5e6f-449a-9b64-25113cda7a29,USDC-WETH,0.01%,USDC-WETH (0.01%)
2023-09-12T23:06:34.102Z,25793,0.09589,0.09589,,-0.04326,0.55482,8b3ed515-5e6f-449a-9b64-25113cda7a29,USDC-WETH,0.01%,USDC-WETH (0.01%)
2023-09-13T23:05:11.071Z,25918,0.01911,0.01911,,-0.01803,0.55493,8b3ed515-5e6f-449a-9b64-25113cda7a29,USDC-WETH,0.01%,USDC-WETH (0.01%)
2023-09-14T23:07:38.700Z,26130,0.14089,0.14089,,-0.01522,0.5593,8b3ed515-5e6f-449a-9b64-25113cda7a29,USDC-WETH,0.01%,USDC-WETH (0.01%)
2023-09-15T23:06:55.684Z,26295,0.05227,0.05227,,-0.00774,0.01366,8b3ed515-5e6f-449a-9b64-25113cda7a29,USDC-WETH,0.01%,USDC-WETH (0.01%)
2023-09-16T23:06:30.683Z,26187,0.02704,0.02704,,-3e-05,0.01477,8b3ed515-5e6f-449a-9b64-25113cda7a29,USDC-WETH,0.01%,USDC-WETH (0.01%)
2023-09-17T23:06:16.148Z,26037,0.01195,0.01195,,0.0,0.0147,8b3ed515-5e6f-449a-9b64-25113cda7a29,USDC-WETH,0.01%,USDC-WETH (0.01%)
2023-09-18T23:06:37.207Z,26247,0.031,0.031,,-0.30052,0.01376,8b3ed515-5e6f-449a-9b64-25113cda7a29,USDC-WETH,0.01%,USDC-WETH (0.01%)
2023-09-19T23:06:37.016Z,26244,0.02305,0.02305,,-0.06685,0.01115,8b3ed515-5e6f-449a-9b64-25113cda7a29,USDC-WETH,0.01%,USDC-WETH (0.01%)
2023-09-20T23:10:14.415Z,26059,0.01347,0.01347,,-0.0098,0.01095,8b3ed515-5e6f-449a-9b64-25113cda7a29,USDC-WETH,0.01%,USDC-WETH (0.01%)
2023-09-21T23:05:18.305Z,25740,0.03778,0.03778,,-0.06811,0.00713,8b3ed515-5e6f-449a-9b64-25113cda7a29,USDC-WETH,0.01%,USDC-WETH (0.01%)
2023-09-22T23:06:44.053Z,25795,0.02006,0.02006,,-0.1071,0.00598,8b3ed515-5e6f-449a-9b64-25113cda7a29,USDC-WETH,0.01%,USDC-WETH (0.01%)
2023-09-23T23:07:11.078Z,25782,0.02106,0.02106,,-0.06433,0.00575,8b3ed515-5e6f-449a-9b64-25113cda7a29,USDC-WETH,0.01%,USDC-WETH (0.01%)
2023-09-24T23:06:11.229Z,25751,0.0696,0.0696,,-0.03382,0.00781,8b3ed515-5e6f-449a-9b64-25113cda7a29,USDC-WETH,0.01%,USDC-WETH (0.01%)
2023-09-25T23:05:13.317Z,25713,0.15623,0.15623,,-0.10464,0.01229,8b3ed515-5e6f-449a-9b64-25113cda7a29,USDC-WETH,0.01%,USDC-WETH (0.01%)
2023-09-26T23:06:41.556Z,25755,0.03286,0.03286,,-0.10121,0.01262,8b3ed515-5e6f-449a-9b64-25113cda7a29,USDC-WETH,0.01%,USDC-WETH (0.01%)
2023-09-27T23:06:42.788Z,25828,0.18771,0.18771,,-0.02578,0.0189,8b3ed515-5e6f-449a-9b64-25113cda7a29,USDC-WETH,0.01%,USDC-WETH (0.01%)
2023-09-28T23:10:20.584Z,26315,0.03819,0.03819,,-0.13574,0.01894,8b3ed515-5e6f-449a-9b64-25113cda7a29,USDC-WETH,0.01%,USDC-WETH (0.01%)
2023-09-29T23:06:49.928Z,26468,0.06847,0.06847,,-0.16862,0.02075,8b3ed515-5e6f-449a-9b64-25113cda7a29,USDC-WETH,0.01%,USDC-WETH (0.01%)
2023-09-30T23:10:40.947Z,26548,0.20811,0.20811,,-0.21922,0.0277,8b3ed515-5e6f-449a-9b64-25113cda7a29,USDC-WETH,0.01%,USDC-WETH (0.01%)
2023-10-01T23:06:33.315Z,27053,0.18425,0.18425,,-0.64622,0.03215,8b3ed515-5e6f-449a-9b64-25113cda7a29,USDC-WETH,0.01%,USDC-WETH (0.01%)
2023-10-02T23:06:18.399Z,26407,0.05117,0.05117,,-0.15473,0.02844,8b3ed515-5e6f-449a-9b64-25113cda7a29,USDC-WETH,0.01%,USDC-WETH (0.01%)
2023-10-03T23:06:20.953Z,26358,0.06356,0.06356,,-0.14707,0.02949,8b3ed515-5e6f-449a-9b64-25113cda7a29,USDC-WETH,0.01%,USDC-WETH (0.01%)
2023-10-04T23:05:52.754Z,26302,0.04622,0.04622,,-0.09208,0.02409,8b3ed515-5e6f-449a-9b64-25113cda7a29,USDC-WETH,0.01%,USDC-WETH (0.01%)
2023-10-05T23:10:14.473Z,26026,0.02689,0.02689,,-0.03596,0.02411,8b3ed515-5e6f-449a-9b64-25113cda7a29,USDC-WETH,0.01%,USDC-WETH (0.01%)
2023-10-06T23:10:45.306Z,26273,0.08566,0.08566,,-0.01045,0.02428,8b3ed515-5e6f-449a-9b64-25113cda7a29,USDC-WETH,0.01%,USDC-WETH (0.01%)
2023-10-07T23:07:06.016Z,29260,5.13542,5.13542,,-0.04777,0.2266,8b3ed515-5e6f-449a-9b64-25113cda7a29,USDC-WETH,0.01%,USDC-WETH (0.01%)
2023-10-08T23:10:55.999Z,29219,1.74617,1.74617,,-0.32356,0.29107,8b3ed515-5e6f-449a-9b64-25113cda7a29,USDC-WETH,0.01%,USDC-WETH (0.01%)
2023-10-09T23:10:10.154Z,28623,0.0399,0.0399,,-0.19574,0.29088,8b3ed515-5e6f-449a-9b64-25113cda7a29,USDC-WETH,0.01%,USDC-WETH (0.01%)
2023-10-10T23:10:25.298Z,28507,0.01838,0.01838,,-0.26841,0.28929,8b3ed515-5e6f-449a-9b64-25113cda7a29,USDC-WETH,0.01%,USDC-WETH (0.01%)
2023-10-11T23:08:05.371Z,28499,0.04713,0.04713,,-0.26193,0.28929,8b3ed515-5e6f-449a-9b64-25113cda7a29,USDC-WETH,0.01%,USDC-WETH (0.01%)
2023-10-12T23:06:32.712Z,28167,0.05575,0.05575,,-0.23047,0.29074,8b3ed515-5e6f-449a-9b64-25113cda7a29,USDC-WETH,0.01%,USDC-WETH (0.01%)
2023-10-13T23:06:05.109Z,28330,0.06667,0.06667,,-0.32601,0.29014,8b3ed515-5e6f-449a-9b64-25113cda7a29,USDC-WETH,0.01%,USDC-WETH (0.01%)
2023-10-14T23:06:07.621Z,28376,0.13798,0.13798,,-0.2168,0.08577,8b3ed515-5e6f-449a-9b64-25113cda7a29,USDC-WETH,0.01%,USDC-WETH (0.01%)
2023-10-15T23:10:09.293Z,28340,0.09783,0.09783,,-0.20124,0.01838,8b3ed515-5e6f-449a-9b64-25113cda7a29,USDC-WETH,0.01%,USDC-WETH (0.01%)
2023-10-16T23:17:19.783Z,28743,0.03985,0.03985,,-0.01012,0.01838,8b3ed515-5e6f-449a-9b64-25113cda7a29,USDC-WETH,0.01%,USDC-WETH (0.01%)
2023-10-17T23:04:44.368Z,28421,0.02643,0.02643,,-0.00202,0.0187,8b3ed515-5e6f-449a-9b64-25113cda7a29,USDC-WETH,0.01%,USDC-WETH (0.01%)
2023-10-18T23:09:52.584Z,28442,0.05534,0.05534,,-0.00062,0.01902,8b3ed515-5e6f-449a-9b64-25113cda7a29,USDC-WETH,0.01%,USDC-WETH (0.01%)
2023-10-19T23:06:31.564Z,28427,0.03675,0.03675,,-0.02589,0.01828,8b3ed515-5e6f-449a-9b64-25113cda7a29,USDC-WETH,0.01%,USDC-WETH (0.01%)
2023-10-20T23:06:34.989Z,30851,0.07397,0.07397,,-0.11739,0.01883,8b3ed515-5e6f-449a-9b64-25113cda7a29,USDC-WETH,0.01%,USDC-WETH (0.01%)
2023-10-21T23:07:39.187Z,30758,1.76637,1.76637,,-0.19804,0.08922,8b3ed515-5e6f-449a-9b64-25113cda7a29,USDC-WETH,0.01%,USDC-WETH (0.01%)
2023-10-22T23:06:30.854Z,29432,6.95034,6.95034,,-0.36156,0.36955,8b3ed515-5e6f-449a-9b64-25113cda7a29,USDC-WETH,0.01%,USDC-WETH (0.01%)
2023-10-23T23:10:14.142Z,31537,0.02996,0.02996,,-0.94128,0.36978,8b3ed515-5e6f-449a-9b64-25113cda7a29,USDC-WETH,0.01%,USDC-WETH (0.01%)
2023-10-24T23:10:43.142Z,31839,13.88549,13.88549,,-1.59467,0.08026,8b3ed515-5e6f-449a-9b64-25113cda7a29,USDC-WETH,0.01%,USDC-WETH (0.01%)
2023-10-25T23:06:11.241Z,31900,58.59192,58.59192,,-1.62049,0.29204,8b3ed515-5e6f-449a-9b64-25113cda7a29,USDC-WETH,0.01%,USDC-WETH (0.01%)
2023-10-26T23:05:59.742Z,27703,16.62386,16.62386,,-1.76098,4.23145,8b3ed515-5e6f-449a-9b64-25113cda7a29,USDC-WETH,0.01%,USDC-WETH (0.01%)
2023-10-27T23:06:21.339Z,27529,39.72266,39.72266,,-0.86819,5.7545,8b3ed515-5e6f-449a-9b64-25113cda7a29,USDC-WETH,0.01%,USDC-WETH (0.01%)
2023-10-28T23:06:05.701Z,27590,51.38224,51.38224,,-0.62842,7.65617,8b3ed515-5e6f-449a-9b64-25113cda7a29,USDC-WETH,0.01%,USDC-WETH (0.01%)
2023-10-29T23:05:45.585Z,27770,24.5166,24.5166,,-0.63849,8.31918,8b3ed515-5e6f-449a-9b64-25113cda7a29,USDC-WETH,0.01%,USDC-WETH (0.01%)
2023-10-30T23:06:47.651Z,27800,25.7281,25.7281,,-0.04624,9.03724,8b3ed515-5e6f-449a-9b64-25113cda7a29,USDC-WETH,0.01%,USDC-WETH (0.01%)
2023-10-31T23:09:29.839Z,27781,13.87785,13.87785,,-0.00762,8.96111,8b3ed515-5e6f-449a-9b64-25113cda7a29,USDC-WETH,0.01%,USDC-WETH (0.01%)
2023-11-01T23:06:03.200Z,27929,5.51674,5.51674,,-0.06242,6.92832,8b3ed515-5e6f-449a-9b64-25113cda7a29,USDC-WETH,0.01%,USDC-WETH (0.01%)
2023-11-02T23:06:35.298Z,117976,3.78976,3.78976,,-0.00273,6.71169,8b3ed515-5e6f-449a-9b64-25113cda7a29,USDC-WETH,0.01%,USDC-WETH (0.01%)
2023-11-03T23:05:52.847Z,119293,27.59526,27.59526,,-0.07793,1.82366,8b3ed515-5e6f-449a-9b64-25113cda7a29,USDC-WETH,0.01%,USDC-WETH (0.01%)
2023-11-04T23:10:22.031Z,120525,43.10225,43.10225,,-0.17792,2.77995,8b3ed515-5e6f-449a-9b64-25113cda7a29,USDC-WETH,0.01%,USDC-WETH (0.01%)
2023-11-05T23:05:55.674Z,121850,49.29316,49.29316,,-0.13512,4.1124,8b3ed515-5e6f-449a-9b64-25113cda7a29,USDC-WETH,0.01%,USDC-WETH (0.01%)
2023-11-06T23:06:54.179Z,122384,34.37648,34.37648,,-0.20886,4.98381,8b3ed515-5e6f-449a-9b64-25113cda7a29,USDC-WETH,0.01%,USDC-WETH (0.01%)
2023-11-07T23:06:59.340Z,121734,45.40862,45.40862,,-0.12242,6.32016,8b3ed515-5e6f-449a-9b64-25113cda7a29,USDC-WETH,0.01%,USDC-WETH (0.01%)
2023-11-08T23:06:40.169Z,122297,24.93059,24.93059,,-0.06034,7.03407,8b3ed515-5e6f-449a-9b64-25113cda7a29,USDC-WETH,0.01%,USDC-WETH (0.01%)
2023-11-09T23:11:11.763Z,124887,33.38782,33.38782,,-1.89999,44.38263,8b3ed515-5e6f-449a-9b64-25113cda7a29,USDC-WETH,0.01%,USDC-WETH (0.01%)
2023-11-10T18:11:00.191Z,29769,4.7269,4.7269,,-1.8245,40.28,8b3ed515-5e6f-449a-9b64-25113cda7a29,USDC-WETH,0.01%,USDC-WETH (0.01%)
2023-11-11T23:10:08.782Z,172034,7.45063,7.45063,,-0.76034,12.82212,8b3ed515-5e6f-449a-9b64-25113cda7a29,USDC-WETH,0.01%,USDC-WETH (0.01%)
2023-11-12T20:33:16.465Z,29612,32.81064,32.81064,,-0.51539,27.56728,8b3ed515-5e6f-449a-9b64-25113cda7a29,USDC-WETH,0.01%,USDC-WETH (0.01%)
2023-11-13T23:07:36.523Z,684112,23.41511,23.41511,,-0.58501,2.71115,8b3ed515-5e6f-449a-9b64-25113cda7a29,USDC-WETH,0.01%,USDC-WETH (0.01%)
2023-11-14T23:07:26.878Z,1854093,44.96144,44.96144,,-0.26767,2.58833,8b3ed515-5e6f-449a-9b64-25113cda7a29,USDC-WETH,0.01%,USDC-WETH (0.01%)
2023-11-15T23:06:44.635Z,1891554,51.66131,51.66131,,-0.59015,4.77523,8b3ed515-5e6f-449a-9b64-25113cda7a29,USDC-WETH,0.01%,USDC-WETH (0.01%)
2023-11-16T23:05:43.509Z,33220,2705.7997,2705.7997,,-0.32004,330.18815,8b3ed515-5e6f-449a-9b64-25113cda7a29,USDC-WETH,0.01%,USDC-WETH (0.01%)
2023-11-17T23:06:31.042Z,29629,0.94424,0.94424,,-0.36547,397.72054,8b3ed515-5e6f-449a-9b64-25113cda7a29,USDC-WETH,0.01%,USDC-WETH (0.01%)
2023-11-18T23:05:55.099Z,29255,0.85713,0.85713,,-0.16491,398.82724,8b3ed515-5e6f-449a-9b64-25113cda7a29,USDC-WETH,0.01%,USDC-WETH (0.01%)
2023-11-19T23:05:36.712Z,29367,2.05744,2.05744,,-0.14219,395.15718,8b3ed515-5e6f-449a-9b64-25113cda7a29,USDC-WETH,0.01%,USDC-WETH (0.01%)
2023-11-20T23:09:51.157Z,29535,0.3772,0.3772,,-0.03893,375.43992,8b3ed515-5e6f-449a-9b64-25113cda7a29,USDC-WETH,0.01%,USDC-WETH (0.01%)
2023-11-21T23:05:29.006Z,29301,0.03853,0.03853,,-0.02698,259.72932,8b3ed515-5e6f-449a-9b64-25113cda7a29,USDC-WETH,0.01%,USDC-WETH (0.01%)
2023-11-22T23:10:33.042Z,29795,0.08312,0.08312,,-0.00927,124.43684,8b3ed515-5e6f-449a-9b64-25113cda7a29,USDC-WETH,0.01%,USDC-WETH (0.01%)
2023-11-23T23:07:01.765Z,29792,0.09094,0.09094,,-0.20929,0.181,8b3ed515-5e6f-449a-9b64-25113cda7a29,USDC-WETH,0.01%,USDC-WETH (0.01%)
2023-11-24T23:06:46.808Z,29763,0.05823,0.05823,,-0.34277,0.14472,8b3ed515-5e6f-449a-9b64-25113cda7a29,USDC-WETH,0.01%,USDC-WETH (0.01%)
2023-11-25T23:06:33.071Z,29830,0.0778,0.0778,,-0.35293,0.11325,8b3ed515-5e6f-449a-9b64-25113cda7a29,USDC-WETH,0.01%,USDC-WETH (0.01%)
2023-11-26T23:06:20.242Z,29794,0.02972,0.02972,,-0.17649,0.03096,8b3ed515-5e6f-449a-9b64-25113cda7a29,USDC-WETH,0.01%,USDC-WETH (0.01%)
2023-11-27T23:07:59.777Z,29616,0.05985,0.05985,,-0.0003,0.01801,8b3ed515-5e6f-449a-9b64-25113cda7a29,USDC-WETH,0.01%,USDC-WETH (0.01%)
2023-11-28T23:07:23.723Z,29705,0.07554,0.07554,,-0.23435,0.01955,8b3ed515-5e6f-449a-9b64-25113cda7a29,USDC-WETH,0.01%,USDC-WETH (0.01%)
2023-11-29T23:07:16.975Z,29634,0.04092,0.04092,,-0.03923,0.01781,8b3ed515-5e6f-449a-9b64-25113cda7a29,USDC-WETH,0.01%,USDC-WETH (0.01%)
2023-11-30T23:17:38.148Z,29707,0.01571,0.01571,,-0.00939,0.0147,8b3ed515-5e6f-449a-9b64-25113cda7a29,USDC-WETH,0.01%,USDC-WETH (0.01%)
2023-12-01T23:06:57.389Z,29835,0.03695,0.03695,,-0.00086,0.01383,8b3ed515-5e6f-449a-9b64-25113cda7a29,USDC-WETH,0.01%,USDC-WETH (0.01%)
2023-12-02T23:10:36.181Z,30098,0.03741,0.03741,,-0.11564,0.01217,8b3ed515-5e6f-449a-9b64-25113cda7a29,USDC-WETH,0.01%,USDC-WETH (0.01%)
2023-12-03T23:05:17.943Z,29348,0.02453,0.02453,,-0.31225,0.01194,8b3ed515-5e6f-449a-9b64-25113cda7a29,USDC-WETH,0.01%,USDC-WETH (0.01%)
2023-12-04T23:07:30.749Z,28458,0.09541,0.09541,,-0.84616,0.01353,8b3ed515-5e6f-449a-9b64-25113cda7a29,USDC-WETH,0.01%,USDC-WETH (0.01%)
2023-12-05T23:07:05.039Z,28608,0.01419,0.01419,,-0.94264,0.01093,8b3ed515-5e6f-449a-9b64-25113cda7a29,USDC-WETH,0.01%,USDC-WETH (0.01%)
2023-12-06T19:07:42.630Z,28602,0.01395,0.01395,,-1.02416,0.01012,8b3ed515-5e6f-449a-9b64-25113cda7a29,USDC-WETH,0.01%,USDC-WETH (0.01%)
2023-12-07T23:06:50.340Z,28913,0.03753,0.03753,,-1.7429,0.01078,8b3ed515-5e6f-449a-9b64-25113cda7a29,USDC-WETH,0.01%,USDC-WETH (0.01%)
2023-12-08T23:07:00.427Z,28758,0.00252,0.00252,,-1.32914,0.00933,8b3ed515-5e6f-449a-9b64-25113cda7a29,USDC-WETH,0.01%,USDC-WETH (0.01%)
2023-12-09T23:06:28.100Z,28771,0.00786,0.00786,,-0.66778,0.00806,8b3ed515-5e6f-449a-9b64-25113cda7a29,USDC-WETH,0.01%,USDC-WETH (0.01%)
2023-12-10T23:06:18.724Z,28801,0.00755,0.00755,,-0.42424,0.00735,8b3ed515-5e6f-449a-9b64-25113cda7a29,USDC-WETH,0.01%,USDC-WETH (0.01%)
2023-12-11T23:20:23.901Z,28353,0.03258,0.03258,,-0.00041,0.00483,8b3ed515-5e6f-449a-9b64-25113cda7a29,USDC-WETH,0.01%,USDC-WETH (0.01%)
2023-12-12T23:10:04.067Z,28417,0.03993,0.03993,,-0.14559,0.00582,8b3ed515-5e6f-449a-9b64-25113cda7a29,USDC-WETH,0.01%,USDC-WETH (0.01%)
2023-12-13T23:06:27.714Z,28615,0.181,0.181,,-0.00754,0.0124,8b3ed515-5e6f-449a-9b64-25113cda7a29,USDC-WETH,0.01%,USDC-WETH (0.01%)
2023-12-14T23:06:03.772Z,28756,0.01249,0.01249,,-0.06956,0.01138,8b3ed515-5e6f-449a-9b64-25113cda7a29,USDC-WETH,0.01%,USDC-WETH (0.01%)
2023-12-15T23:10:06.021Z,28600,0.01856,0.01856,,-0.21591,0.01203,8b3ed515-5e6f-449a-9b64-25113cda7a29,USDC-WETH,0.01%,USDC-WETH (0.01%)
2023-12-16T08:10:15.822Z,28603,0.02305,0.02305,,-0.3398,0.01244,8b3ed515-5e6f-449a-9b64-25113cda7a29,USDC-WETH,0.01%,USDC-WETH (0.01%)
2023-12-17T11:06:53.317Z,28492,0.00597,0.00597,,-0.29389,0.01225,8b3ed515-5e6f-449a-9b64-25113cda7a29,USDC-WETH,0.01%,USDC-WETH (0.01%)
2023-12-18T23:06:45.207Z,28529,0.02263,0.02263,,-0.00361,0.01218,8b3ed515-5e6f-449a-9b64-25113cda7a29,USDC-WETH,0.01%,USDC-WETH (0.01%)
2023-12-19T23:06:08.832Z,28426,0.06389,0.06389,,-0.0012,0.01313,8b3ed515-5e6f-449a-9b64-25113cda7a29,USDC-WETH,0.01%,USDC-WETH (0.01%)
2023-12-20T23:07:31.117Z,28414,0.15418,0.15418,,-0.08239,0.01201,8b3ed515-5e6f-449a-9b64-25113cda7a29,USDC-WETH,0.01%,USDC-WETH (0.01%)
2023-12-21T23:06:49.065Z,28573,0.19789,0.19789,,-0.05225,0.01944,8b3ed515-5e6f-449a-9b64-25113cda7a29,USDC-WETH,0.01%,USDC-WETH (0.01%)
2023-12-22T23:06:56.632Z,28845,0.03031,0.03031,,-0.07964,0.01992,8b3ed515-5e6f-449a-9b64-25113cda7a29,USDC-WETH,0.01%,USDC-WETH (0.01%)
2023-12-23T23:07:09.104Z,28777,0.02277,0.02277,,-0.06091,0.02022,8b3ed515-5e6f-449a-9b64-25113cda7a29,USDC-WETH,0.01%,USDC-WETH (0.01%)
2023-12-24T23:10:14.388Z,28736,0.0459,0.0459,,-0.04411,0.02153,8b3ed515-5e6f-449a-9b64-25113cda7a29,USDC-WETH,0.01%,USDC-WETH (0.01%)
2023-12-25T23:07:06.109Z,28730,0.02636,0.02636,,-0.06019,0.02168,8b3ed515-5e6f-449a-9b64-25113cda7a29,USDC-WETH,0.01%,USDC-WETH (0.01%)
2023-12-26T23:10:15.232Z,28548,0.02794,0.02794,,-0.02884,0.02026,8b3ed515-5e6f-449a-9b64-25113cda7a29,USDC-WETH,0.01%,USDC-WETH (0.01%)
2023-12-27T23:06:50.551Z,28960,0.03809,0.03809,,-0.46737,0.01565,8b3ed515-5e6f-449a-9b64-25113cda7a29,USDC-WETH,0.01%,USDC-WETH (0.01%)
2023-12-28T23:06:50.446Z,28967,0.03021,0.03021,,-0.22138,0.00895,8b3ed515-5e6f-449a-9b64-25113cda7a29,USDC-WETH,0.01%,USDC-WETH (0.01%)
2023-12-29T23:07:12.516Z,28706,0.05674,0.05674,,-0.03394,0.01001,8b3ed515-5e6f-449a-9b64-25113cda7a29,USDC-WETH,0.01%,USDC-WETH (0.01%)
2023-12-30T23:07:07.535Z,28761,0.03617,0.03617,,-0.00057,0.01055,8b3ed515-5e6f-449a-9b64-25113cda7a29,USDC-WETH,0.01%,USDC-WETH (0.01%)
2023-12-31T23:07:00.868Z,28688,0.02416,0.02416,,-0.00014,0.00967,8b3ed515-5e6f-449a-9b64-25113cda7a29,USDC-WETH,0.01%,USDC-WETH (0.01%)
2024-01-01T20:09:12.205Z,28921,0.03027,0.03027,,-0.06559,0.01,8b3ed515-5e6f-449a-9b64-25113cda7a29,USDC-WETH,0.01%,USDC-WETH (0.01%)
2024-01-02T23:07:13.954Z,28298,3.8926,3.8926,,-0.25902,0.16351,8b3ed515-5e6f-449a-9b64-25113cda7a29,USDC-WETH,0.01%,USDC-WETH (0.01%)
2024-01-03T23:07:24.956Z,27669,0.03844,0.03844,,-0.3485,0.16442,8b3ed515-5e6f-449a-9b64-25113cda7a29,USDC-WETH,0.01%,USDC-WETH (0.01%)
2024-01-04T23:06:33.618Z,27889,0.0206,0.0206,,-0.08968,0.16398,8b3ed515-5e6f-449a-9b64-25113cda7a29,USDC-WETH,0.01%,USDC-WETH (0.01%)
2024-01-05T23:05:31.423Z,27823,0.13845,0.13845,,-0.0164,0.16712,8b3ed515-5e6f-449a-9b64-25113cda7a29,USDC-WETH,0.01%,USDC-WETH (0.01%)
2024-01-06T23:06:19.885Z,27754,0.04182,0.04182,,-0.04479,0.1673,8b3ed515-5e6f-449a-9b64-25113cda7a29,USDC-WETH,0.01%,USDC-WETH (0.01%)
2024-01-07T23:06:38.654Z,27723,0.05186,0.05186,,-0.03994,0.16836,8b3ed515-5e6f-449a-9b64-25113cda7a29,USDC-WETH,0.01%,USDC-WETH (0.01%)
2024-01-08T23:09:33.169Z,28096,0.04088,0.04088,,-0.00014,0.16855,8b3ed515-5e6f-449a-9b64-25113cda7a29,USDC-WETH,0.01%,USDC-WETH (0.01%)
2024-01-09T23:08:59.045Z,528930,6.12404,6.12404,,-0.00079,4.61727,8b3ed515-5e6f-449a-9b64-25113cda7a29,USDC-WETH,0.01%,USDC-WETH (0.01%)
2024-01-10T23:09:01.502Z,27825,0.00606,0.00606,,-1.65612,4.612,8b3ed515-5e6f-449a-9b64-25113cda7a29,USDC-WETH,0.01%,USDC-WETH (0.01%)
2024-01-11T23:07:15.220Z,27990,0.00404,0.00404,,-1.48836,4.61479,8b3ed515-5e6f-449a-9b64-25113cda7a29,USDC-WETH,0.01%,USDC-WETH (0.01%)
2024-01-12T23:11:12.945Z,27693,0.00759,0.00759,,-1.03358,4.60983,8b3ed515-5e6f-449a-9b64-25113cda7a29,USDC-WETH,0.01%,USDC-WETH (0.01%)
2024-01-13T21:07:11.303Z,27903,0.00932,0.00932,,-1.65537,4.60829,8b3ed515-5e6f-449a-9b64-25113cda7a29,USDC-WETH,0.01%,USDC-WETH (0.01%)
2024-01-14T23:07:17.207Z,27694,0.0011,0.0011,,-1.4427,4.60823,8b3ed515-5e6f-449a-9b64-25113cda7a29,USDC-WETH,0.01%,USDC-WETH (0.01%)
2024-01-15T23:07:12.962Z,27737,0.00422,0.00422,,-0.63268,4.60673,8b3ed515-5e6f-449a-9b64-25113cda7a29,USDC-WETH,0.01%,USDC-WETH (0.01%)
2024-01-16T22:19:44.978Z,27995,0.00103,0.00103,,-1.105,0.00302,8b3ed515-5e6f-449a-9b64-25113cda7a29,USDC-WETH,0.01%,USDC-WETH (0.01%)
2024-01-17T23:07:18.998Z,27727,0.0427,0.0427,,-0.00492,0.0051,8b3ed515-5e6f-449a-9b64-25113cda7a29,USDC-WETH,0.01%,USDC-WETH (0.01%)
2024-01-18T23:06:07.871Z,27542,0.02834,0.02834,,-0.31319,0.00605,8b3ed515-5e6f-449a-9b64-25113cda7a29,USDC-WETH,0.01%,USDC-WETH (0.01%)
2024-01-19T23:07:00.586Z,27646,0.00541,0.00541,,-0.001,0.00596,8b3ed515-5e6f-449a-9b64-25113cda7a29,USDC-WETH,0.01%,USDC-WETH (0.01%)
2024-01-20T23:10:35.775Z,27574,0.00186,0.00186,,-0.15662,0.00396,8b3ed515-5e6f-449a-9b64-25113cda7a29,USDC-WETH,0.01%,USDC-WETH (0.01%)
2024-01-21T23:08:01.297Z,27584,0.00277,0.00277,,-0.03233,0.00403,8b3ed515-5e6f-449a-9b64-25113cda7a29,USDC-WETH,0.01%,USDC-WETH (0.01%)
2024-01-22T17:10:54.447Z,27259,0.00323,0.00323,,-0.33282,0.00404,8b3ed515-5e6f-449a-9b64-25113cda7a29,USDC-WETH,0.01%,USDC-WETH (0.01%)
2024-01-23T23:07:11.858Z,26810,0.04048,0.04048,,-2.20557,0.00494,8b3ed515-5e6f-449a-9b64-25113cda7a29,USDC-WETH,0.01%,USDC-WETH (0.01%)
2024-01-24T23:11:03.590Z,26818,0.01785,0.01785,,-1.48936,0.00394,8b3ed515-5e6f-449a-9b64-25113cda7a29,USDC-WETH,0.01%,USDC-WETH (0.01%)
2024-01-25T23:06:34.666Z,26807,0.0053,0.0053,,-0.88812,0.00303,8b3ed515-5e6f-449a-9b64-25113cda7a29,USDC-WETH,0.01%,USDC-WETH (0.01%)
2024-01-26T23:04:15.457Z,26920,0.00874,0.00874,,-0.76738,0.00315,8b3ed515-5e6f-449a-9b64-25113cda7a29,USDC-WETH,0.01%,USDC-WETH (0.01%)
2024-01-27T23:05:09.470Z,26958,0.00304,0.00304,,-0.6285,0.0032,8b3ed515-5e6f-449a-9b64-25113cda7a29,USDC-WETH,0.01%,USDC-WETH (0.01%)
2024-01-28T23:08:29.294Z,30955,0.06522,0.06522,,-0.88472,0.00562,8b3ed515-5e6f-449a-9b64-25113cda7a29,USDC-WETH,0.01%,USDC-WETH (0.01%)
2024-01-29T23:05:09.698Z,31244,0.20542,0.20542,,-0.00041,0.014,8b3ed515-5e6f-449a-9b64-25113cda7a29,USDC-WETH,0.01%,USDC-WETH (0.01%)
2024-01-30T23:05:40.727Z,27252,0.03315,0.03315,,-0.41333,0.01473,8b3ed515-5e6f-449a-9b64-25113cda7a29,USDC-WETH,0.01%,USDC-WETH (0.01%)
2024-01-31T23:04:52.268Z,26960,0.0027,0.0027,,-0.05326,0.01415,8b3ed515-5e6f-449a-9b64-25113cda7a29,USDC-WETH,0.01%,USDC-WETH (0.01%)
2024-02-01T23:06:37.698Z,27069,0.0042,0.0042,,-0.11647,0.01411,8b3ed515-5e6f-449a-9b64-25113cda7a29,USDC-WETH,0.01%,USDC-WETH (0.01%)
2024-02-02T23:05:55.942Z,27092,1.48707,1.48707,,-0.02677,0.07104,8b3ed515-5e6f-449a-9b64-25113cda7a29,USDC-WETH,0.01%,USDC-WETH (0.01%)
2024-02-03T23:05:14.984Z,27040,0.02856,0.02856,,-0.01383,0.07202,8b3ed515-5e6f-449a-9b64-25113cda7a29,USDC-WETH,0.01%,USDC-WETH (0.01%)
2024-02-04T23:06:01.956Z,26995,0.00071,0.00071,,-0.04587,0.06918,8b3ed515-5e6f-449a-9b64-25113cda7a29,USDC-WETH,0.01%,USDC-WETH (0.01%)
2024-02-05T23:05:15.428Z,27058,0.00265,0.00265,,-0.00745,0.06016,8b3ed515-5e6f-449a-9b64-25113cda7a29,USDC-WETH,0.01%,USDC-WETH (0.01%)
2024-02-06T23:09:35.121Z,27304,0.00578,0.00578,,-0.00052,0.05898,8b3ed515-5e6f-449a-9b64-25113cda7a29,USDC-WETH,0.01%,USDC-WETH (0.01%)
2024-02-07T23:06:15.701Z,27411,0.00147,0.00147,,-0.37374,0.05893,8b3ed515-5e6f-449a-9b64-25113cda7a29,USDC-WETH,0.01%,USDC-WETH (0.01%)
2024-02-08T23:06:50.845Z,27450,0.00128,0.00128,,-0.27184,0.05882,8b3ed515-5e6f-449a-9b64-25113cda7a29,USDC-WETH,0.01%,USDC-WETH (0.01%)
2024-02-09T23:05:37.948Z,27661,0.00136,0.00136,,-0.57469,0.00161,8b3ed515-5e6f-449a-9b64-25113cda7a29,USDC-WETH,0.01%,USDC-WETH (0.01%)
2024-02-10T23:05:39.133Z,27709,0.00021,0.00021,,-0.63443,0.00052,8b3ed515-5e6f-449a-9b64-25113cda7a29,USDC-WETH,0.01%,USDC-WETH (0.01%)
2024-02-11T23:06:46.984Z,323806,240.43969,240.43969,,-0.65265,110.65637,8b3ed515-5e6f-449a-9b64-25113cda7a29,USDC-WETH,0.01%,USDC-WETH (0.01%)
2024-02-12T23:05:02.549Z,328637,44.4374,44.4374,,-1.82589,131.40228,8b3ed515-5e6f-449a-9b64-25113cda7a29,USDC-WETH,0.01%,USDC-WETH (0.01%)
2024-02-13T23:06:24.951Z,28117,0.00172,0.00172,,-0.90016,131.40337,8b3ed515-5e6f-449a-9b64-25113cda7a29,USDC-WETH,0.01%,USDC-WETH (0.01%)
2024-02-14T23:06:46.992Z,30398,0.31648,0.31648,,-1.48371,121.19785,8b3ed515-5e6f-449a-9b64-25113cda7a29,USDC-WETH,0.01%,USDC-WETH (0.01%)
2024-02-15T23:06:44.661Z,28662,0.06194,0.06194,,-1.82823,131.41183,8b3ed515-5e6f-449a-9b64-25113cda7a29,USDC-WETH,0.01%,USDC-WETH (0.01%)
2024-02-16T23:06:38.163Z,28551,0.00345,0.00345,,-0.98183,131.4138,8b3ed515-5e6f-449a-9b64-25113cda7a29,USDC-WETH,0.01%,USDC-WETH (0.01%)
2024-02-17T23:10:42.416Z,29952,0.04064,0.04064,,-1.02381,127.14501,8b3ed515-5e6f-449a-9b64-25113cda7a29,USDC-WETH,0.01%,USDC-WETH (0.01%)
2024-02-18T23:05:50.942Z,30252,0.09932,0.09932,,-1.71423,20.08993,8b3ed515-5e6f-449a-9b64-25113cda7a29,USDC-WETH,0.01%,USDC-WETH (0.01%)
2024-02-19T23:07:29.229Z,29247,0.02828,0.02828,,-1.10325,0.02356,8b3ed515-5e6f-449a-9b64-25113cda7a29,USDC-WETH,0.01%,USDC-WETH (0.01%)
2024-02-20T23:06:18.023Z,29044,0.00666,0.00666,,-1.45513,0.02376,8b3ed515-5e6f-449a-9b64-25113cda7a29,USDC-WETH,0.01%,USDC-WETH (0.01%)
2024-02-21T23:06:18.146Z,28827,0.00624,0.00624,,-0.21775,0.01036,8b3ed515-5e6f-449a-9b64-25113cda7a29,USDC-WETH,0.01%,USDC-WETH (0.01%)
2024-02-22T23:06:01.751Z,29026,0.00476,0.00476,,-0.30987,0.00803,8b3ed515-5e6f-449a-9b64-25113cda7a29,USDC-WETH,0.01%,USDC-WETH (0.01%)
2024-02-23T23:06:17.859Z,28877,0.00112,0.00112,,-0.2876,0.00794,8b3ed515-5e6f-449a-9b64-25113cda7a29,USDC-WETH,0.01%,USDC-WETH (0.01%)
2024-02-24T23:06:49.298Z,29033,0.0064,0.0064,,-0.43506,0.00648,8b3ed515-5e6f-449a-9b64-25113cda7a29,USDC-WETH,0.01%,USDC-WETH (0.01%)
2024-02-25T23:07:23.767Z,29351,0.00273,0.00273,,-0.51736,0.00232,8b3ed515-5e6f-449a-9b64-25113cda7a29,USDC-WETH,0.01%,USDC-WETH (0.01%)
2024-02-26T23:06:18.232Z,29627,0.00647,0.00647,,-0.40054,0.00142,8b3ed515-5e6f-449a-9b64-25113cda7a29,USDC-WETH,0.01%,USDC-WETH (0.01%)
2024-02-27T18:06:58.939Z,29702,0.00275,0.00275,,-0.98808,0.00121,8b3ed515-5e6f-449a-9b64-25113cda7a29,USDC-WETH,0.01%,USDC-WETH (0.01%)
2024-02-28T23:06:05.476Z,30084,0.00672,0.00672,,-1.6543,0.00118,8b3ed515-5e6f-449a-9b64-25113cda7a29,USDC-WETH,0.01%,USDC-WETH (0.01%)
2024-02-29T23:05:45.229Z,30161,0.00297,0.00297,,-1.16511,0.00111,8b3ed515-5e6f-449a-9b64-25113cda7a29,USDC-WETH,0.01%,USDC-WETH (0.01%)
2024-03-01T23:17:37.313Z,30354,0.00105,0.00105,,-1.93646,0.00111,8b3ed515-5e6f-449a-9b64-25113cda7a29,USDC-WETH,0.01%,USDC-WETH (0.01%)
2024-03-02T23:06:52.058Z,30281,0.03046,0.03046,,-1.41244,0.00215,8b3ed515-5e6f-449a-9b64-25113cda7a29,USDC-WETH,0.01%,USDC-WETH (0.01%)
2024-03-03T23:06:40.614Z,30453,0.00157,0.00157,,-1.06702,0.00211,8b3ed515-5e6f-449a-9b64-25113cda7a29,USDC-WETH,0.01%,USDC-WETH (0.01%)
2024-03-04T16:08:19.713Z,30862,0.00132,0.00132,,-1.75768,0.002,8b3ed515-5e6f-449a-9b64-25113cda7a29,USDC-WETH,0.01%,USDC-WETH (0.01%)
2024-03-05T23:09:35.618Z,30606,0.00618,0.00618,,-0.41939,0.00218,8b3ed515-5e6f-449a-9b64-25113cda7a29,USDC-WETH,0.01%,USDC-WETH (0.01%)
2024-03-06T23:10:40.939Z,31631,0.00393,0.00393,,-1.85911,0.00207,8b3ed515-5e6f-449a-9b64-25113cda7a29,USDC-WETH,0.01%,USDC-WETH (0.01%)
2024-03-07T23:08:37.630Z,31761,0.00192,0.00192,,-1.80499,0.00202,8b3ed515-5e6f-449a-9b64-25113cda7a29,USDC-WETH,0.01%,USDC-WETH (0.01%)
2024-03-08T23:10:29.235Z,31763,0.00096,0.00096,,-1.43434,0.00202,8b3ed515-5e6f-449a-9b64-25113cda7a29,USDC-WETH,0.01%,USDC-WETH (0.01%)
2024-03-09T19:07:18.247Z,31816,0.0,0.0,,-1.50449,0.00071,8b3ed515-5e6f-449a-9b64-25113cda7a29,USDC-WETH,0.01%,USDC-WETH (0.01%)
2024-03-10T23:06:40.936Z,36812,0.22434,0.22434,,-0.8191,0.01521,8b3ed515-5e6f-449a-9b64-25113cda7a29,USDC-WETH,0.01%,USDC-WETH (0.01%)
2024-03-11T23:06:52.906Z,37748,0.18829,0.18829,,-1.42639,0.02404,8b3ed515-5e6f-449a-9b64-25113cda7a29,USDC-WETH,0.01%,USDC-WETH (0.01%)
2024-03-12T23:10:20.950Z,37380,0.92038,0.92038,,-1.22537,0.06719,8b3ed515-5e6f-449a-9b64-25113cda7a29,USDC-WETH,0.01%,USDC-WETH (0.01%)
2024-03-13T23:08:48.259Z,37521,0.81638,0.81638,,-0.09712,0.10558,8b3ed515-5e6f-449a-9b64-25113cda7a29,USDC-WETH,0.01%,USDC-WETH (0.01%)
2024-03-14T23:06:36.382Z,37107,0.37608,0.37608,,-0.00155,0.12329,8b3ed515-5e6f-449a-9b64-25113cda7a29,USDC-WETH,0.01%,USDC-WETH (0.01%)
2024-03-15T23:06:18.153Z,36639,1.15954,1.15954,,-0.19493,0.17722,8b3ed515-5e6f-449a-9b64-25113cda7a29,USDC-WETH,0.01%,USDC-WETH (0.01%)
2024-03-16T23:06:22.227Z,35865,0.43549,0.43549,,-0.80149,0.19331,8b3ed515-5e6f-449a-9b64-25113cda7a29,USDC-WETH,0.01%,USDC-WETH (0.01%)
2024-03-17T23:07:05.204Z,36180,0.53381,0.53381,,-0.21123,0.20726,8b3ed515-5e6f-449a-9b64-25113cda7a29,USDC-WETH,0.01%,USDC-WETH (0.01%)
2024-03-18T23:06:48.795Z,35790,0.63968,0.63968,,-1.90666,0.22761,8b3ed515-5e6f-449a-9b64-25113cda7a29,USDC-WETH,0.01%,USDC-WETH (0.01%)
2024-03-19T23:08:07.108Z,34330,0.18974,0.18974,,-3.79793,0.21518,8b3ed515-5e6f-449a-9b64-25113cda7a29,USDC-WETH,0.01%,USDC-WETH (0.01%)
2024-03-20T05:06:04.695Z,34060,0.0195,0.0195,,-5.79427,0.17633,8b3ed515-5e6f-449a-9b64-25113cda7a29,USDC-WETH,0.01%,USDC-WETH (0.01%)
2024-03-22T23:10:30.941Z,87381,181.02192,181.02192,,-1.33501,41.84371,8b3ed515-5e6f-449a-9b64-25113cda7a29,USDC-WETH,0.01%,USDC-WETH (0.01%)
2024-03-23T23:06:25.980Z,89348,83.04748,83.04748,,-0.22129,6.38538,8b3ed515-5e6f-449a-9b64-25113cda7a29,USDC-WETH,0.01%,USDC-WETH (0.01%)
2024-03-24T23:06:50.075Z,90453,84.91656,84.91656,,-0.29992,7.64576,8b3ed515-5e6f-449a-9b64-25113cda7a29,USDC-WETH,0.01%,USDC-WETH (0.01%)
2024-03-25T23:10:43.779Z,36066,213.52041,213.52041,,-0.05869,66.13444,8b3ed515-5e6f-449a-9b64-25113cda7a29,USDC-WETH,0.01%,USDC-WETH (0.01%)
2024-03-26T23:07:00.826Z,36065,0.31932,0.31932,,-1.10921,66.14485,8b3ed515-5e6f-449a-9b64-25113cda7a29,USDC-WETH,0.01%,USDC-WETH (0.01%)
2024-03-27T23:06:41.128Z,35693,0.43824,0.43824,,-0.00017,60.31114,8b3ed515-5e6f-449a-9b64-25113cda7a29,USDC-WETH,0.01%,USDC-WETH (0.01%)
2024-03-28T23:06:58.232Z,35907,0.44591,0.44591,,-0.03707,48.96944,8b3ed515-5e6f-449a-9b64-25113cda7a29,USDC-WETH,0.01%,USDC-WETH (0.01%)
2024-03-29T23:07:13.982Z,35753,0.29477,0.29477,,-0.41404,28.97383,8b3ed515-5e6f-449a-9b64-25113cda7a29,USDC-WETH,0.01%,USDC-WETH (0.01%)
2024-03-30T23:11:05.293Z,35695,0.24054,0.24054,,-0.121,19.58261,8b3ed515-5e6f-449a-9b64-25113cda7a29,USDC-WETH,0.01%,USDC-WETH (0.01%)
2024-03-31T23:06:56.727Z,36216,0.29868,0.29868,,-0.25591,9.83429,8b3ed515-5e6f-449a-9b64-25113cda7a29,USDC-WETH,0.01%,USDC-WETH (0.01%)
2024-04-01T23:07:36.143Z,35690,0.30537,0.30537,,-0.07899,0.10648,8b3ed515-5e6f-449a-9b64-25113cda7a29,USDC-WETH,0.01%,USDC-WETH (0.01%)
2024-04-02T23:09:31.240Z,34783,0.13607,0.13607,,-0.67124,0.10951,8b3ed515-5e6f-449a-9b64-25113cda7a29,USDC-WETH,0.01%,USDC-WETH (0.01%)
2024-04-03T23:06:32.849Z,34862,0.00272,0.00272,,-0.28958,0.08746,8b3ed515-5e6f-449a-9b64-25113cda7a29,USDC-WETH,0.01%,USDC-WETH (0.01%)
2024-04-04T22:07:48.696Z,34893,0.17915,0.17915,,-0.4449,0.0739,8b3ed515-5e6f-449a-9b64-25113cda7a29,USDC-WETH,0.01%,USDC-WETH (0.01%)
2024-04-05T23:07:14.093Z,34824,0.0121,0.0121,,-0.29284,0.05928,8b3ed515-5e6f-449a-9b64-25113cda7a29,USDC-WETH,0.01%,USDC-WETH (0.01%)
2024-04-06T23:08:06.703Z,35157,0.00265,0.00265,,-0.13188,0.04723,8b3ed515-5e6f-449a-9b64-25113cda7a29,USDC-WETH,0.01%,USDC-WETH (0.01%)
2024-04-07T23:06:47.143Z,30321,0.0573,0.0573,,-0.30496,0.03436,8b3ed515-5e6f-449a-9b64-25113cda7a29,USDC-WETH,0.01%,USDC-WETH (0.01%)
2024-04-08T23:11:16.179Z,31272,0.02005,0.02005,,-0.29468,0.01979,8b3ed515-5e6f-449a-9b64-25113cda7a29,USDC-WETH,0.01%,USDC-WETH (0.01%)
2024-04-09T22:07:01.656Z,30613,0.01572,0.01572,,-0.44077,0.01379,8b3ed515-5e6f-449a-9b64-25113cda7a29,USDC-WETH,0.01%,USDC-WETH (0.01%)
2024-04-10T22:08:25.417Z,30632,0.01375,0.01375,,-0.30019,0.01422,8b3ed515-5e6f-449a-9b64-25113cda7a29,USDC-WETH,0.01%,USDC-WETH (0.01%)
2024-04-11T19:14:17.156Z,30610,0.02636,0.02636,,-0.10426,0.00699,8b3ed515-5e6f-449a-9b64-25113cda7a29,USDC-WETH,0.01%,USDC-WETH (0.01%)
2024-04-12T23:06:22.355Z,29737,0.04807,0.04807,,-0.08625,0.00786,8b3ed515-5e6f-449a-9b64-25113cda7a29,USDC-WETH,0.01%,USDC-WETH (0.01%)
2024-04-13T23:06:48.793Z,29123,0.00861,0.00861,,-1.13362,0.0081,8b3ed515-5e6f-449a-9b64-25113cda7a29,USDC-WETH,0.01%,USDC-WETH (0.01%)
2024-04-14T23:07:49.586Z,29617,0.01185,0.01185,,-0.5524,0.00613,8b3ed515-5e6f-449a-9b64-25113cda7a29,USDC-WETH,0.01%,USDC-WETH (0.01%)
2024-04-15T23:06:38.381Z,29430,0.01813,0.01813,,-2.63045,0.006,8b3ed515-5e6f-449a-9b64-25113cda7a29,USDC-WETH,0.01%,USDC-WETH (0.01%)
2024-04-16T23:07:29.823Z,29357,0.00335,0.00335,,-1.42992,0.00545,8b3ed515-5e6f-449a-9b64-25113cda7a29,USDC-WETH,0.01%,USDC-WETH (0.01%)
2024-04-17T23:08:32.352Z,27779,0.00776,0.00776,,-2.39934,0.00517,8b3ed515-5e6f-449a-9b64-25113cda7a29,USDC-WETH,0.01%,USDC-WETH (0.01%)
2024-04-18T23:06:39.133Z,27958,0.00288,0.00288,,-1.53378,0.00421,8b3ed515-5e6f-449a-9b64-25113cda7a29,USDC-WETH,0.01%,USDC-WETH (0.01%)
2024-04-19T23:07:26.949Z,27979,0.01397,0.01397,,-0.16519,0.00273,8b3ed515-5e6f-449a-9b64-25113cda7a29,USDC-WETH,0.01%,USDC-WETH (0.01%)
2024-04-20T23:06:48.269Z,28189,0.00076,0.00076,,-0.15538,0.00241,8b3ed515-5e6f-449a-9b64-25113cda7a29,USDC-WETH,0.01%,USDC-WETH (0.01%)
2024-04-21T23:06:49.985Z,28079,0.00183,0.00183,,-1e-05,0.00198,8b3ed515-5e6f-449a-9b64-25113cda7a29,USDC-WETH,0.01%,USDC-WETH (0.01%)
2024-04-22T23:06:42.745Z,28254,0.00085,0.00085,,-0.08257,0.00125,8b3ed515-5e6f-449a-9b64-25113cda7a29,USDC-WETH,0.01%,USDC-WETH (0.01%)
2024-04-23T23:11:15.236Z,28245,0.00226,0.00226,,-0.13042,0.00121,8b3ed515-5e6f-449a-9b64-25113cda7a29,USDC-WETH,0.01%,USDC-WETH (0.01%)
2024-04-24T23:07:21.272Z,27997,0.20999,0.20999,,-0.15828,0.00927,8b3ed515-5e6f-449a-9b64-25113cda7a29,USDC-WETH,0.01%,USDC-WETH (0.01%)
2024-04-25T23:08:10.123Z,28092,0.00039,0.00039,,-0.0747,0.00917,8b3ed515-5e6f-449a-9b64-25113cda7a29,USDC-WETH,0.01%,USDC-WETH (0.01%)
2024-04-26T13:07:22.191Z,27980,0.00017,0.00017,,-0.00662,0.00882,8b3ed515-5e6f-449a-9b64-25113cda7a29,USDC-WETH,0.01%,USDC-WETH (0.01%)
2024-04-29T23:07:09.311Z,28339,0.01371,0.01371,,0.0,0.00951,8b3ed515-5e6f-449a-9b64-25113cda7a29,USDC-WETH,0.01%,USDC-WETH (0.01%)
2024-04-30T23:06:46.193Z,27749,0.0047,0.0047,,-0.36057,0.00961,8b3ed515-5e6f-449a-9b64-25113cda7a29,USDC-WETH,0.01%,USDC-WETH (0.01%)
2024-05-01T23:07:14.374Z,27620,0.02008,0.02008,,-0.24063,0.00203,8b3ed515-5e6f-449a-9b64-25113cda7a29,USDC-WETH,0.01%,USDC-WETH (0.01%)
2024-05-02T23:10:20.807Z,27726,0.02142,0.02142,,-0.25049,0.00286,8b3ed515-5e6f-449a-9b64-25113cda7a29,USDC-WETH,0.01%,USDC-WETH (0.01%)
2024-05-03T23:06:28.171Z,28077,0.00874,0.00874,,-0.00435,0.00321,8b3ed515-5e6f-449a-9b64-25113cda7a29,USDC-WETH,0.01%,USDC-WETH (0.01%)
2024-05-04T23:10:17.970Z,28083,0.00069,0.00069,,-0.16194,0.00315,8b3ed515-5e6f-449a-9b64-25113cda7a29,USDC-WETH,0.01%,USDC-WETH (0.01%)
2024-05-05T23:10:22.821Z,28143,0.00186,0.00186,,-0.19212,0.00282,8b3ed515-5e6f-449a-9b64-25113cda7a29,USDC-WETH,0.01%,USDC-WETH (0.01%)
2024-05-06T23:07:25.137Z,27908,0.00445,0.00445,,-0.16015,0.00245,8b3ed515-5e6f-449a-9b64-25113cda7a29,USDC-WETH,0.01%,USDC-WETH (0.01%)
2024-05-07T23:07:15.709Z,27792,0.00202,0.00202,,-0.01362,0.00234,8b3ed515-5e6f-449a-9b64-25113cda7a29,USDC-WETH,0.01%,USDC-WETH (0.01%)
2024-05-08T23:07:05.270Z,27559,0.00747,0.00747,,-2e-05,0.00185,8b3ed515-5e6f-449a-9b64-25113cda7a29,USDC-WETH,0.01%,USDC-WETH (0.01%)
2024-05-09T23:07:06.424Z,27823,0.02172,0.02172,,-0.027,0.00186,8b3ed515-5e6f-449a-9b64-25113cda7a29,USDC-WETH,0.01%,USDC-WETH (0.01%)
2024-05-10T23:07:53.846Z,27397,0.00488,0.00488,,-0.40909,0.0017,8b3ed515-5e6f-449a-9b64-25113cda7a29,USDC-WETH,0.01%,USDC-WETH (0.01%)
2024-05-11T23:12:13.634Z,27433,0.00039,0.00039,,-0.37022,0.00169,8b3ed515-5e6f-449a-9b64-25113cda7a29,USDC-WETH,0.01%,USDC-WETH (0.01%)
2024-05-12T23:07:15.883Z,27474,0.00624,0.00624,,-0.40035,0.00186,8b3ed515-5e6f-449a-9b64-25113cda7a29,USDC-WETH,0.01%,USDC-WETH (0.01%)
2024-05-13T23:07:52.787Z,27505,0.00682,0.00682,,-0.17977,0.00195,8b3ed515-5e6f-449a-9b64-25113cda7a29,USDC-WETH,0.01%,USDC-WETH (0.01%)
2024-05-14T19:08:12.248Z,27340,0.00518,0.00518,,-0.25663,0.00206,8b3ed515-5e6f-449a-9b64-25113cda7a29,USDC-WETH,0.01%,USDC-WETH (0.01%)
2024-05-15T23:10:30.284Z,27727,0.00596,0.00596,,-0.02695,0.00711,8b3ed515-5e6f-449a-9b64-25113cda7a29,USDC-WETH,0.01%,USDC-WETH (0.01%)
2024-05-16T23:10:45.333Z,27497,0.00522,0.00522,,-0.11917,0.0063,8b3ed515-5e6f-449a-9b64-25113cda7a29,USDC-WETH,0.01%,USDC-WETH (0.01%)
2024-05-17T23:06:59.585Z,27936,0.00629,0.00629,,-0.33371,0.00651,8b3ed515-5e6f-449a-9b64-25113cda7a29,USDC-WETH,0.01%,USDC-WETH (0.01%)
2024-05-18T23:08:23.111Z,28020,0.00013,0.00013,,-0.39675,0.0065,8b3ed515-5e6f-449a-9b64-25113cda7a29,USDC-WETH,0.01%,USDC-WETH (0.01%)
2024-05-19T23:11:51.752Z,27896,0.00042,0.00042,,-0.19712,0.00627,8b3ed515-5e6f-449a-9b64-25113cda7a29,USDC-WETH,0.01%,USDC-WETH (0.01%)
2024-05-20T21:12:55.138Z,29090,0.00142,0.00142,,-2.45462,0.00607,8b3ed515-5e6f-449a-9b64-25113cda7a29,USDC-WETH,0.01%,USDC-WETH (0.01%)
2024-05-21T23:07:55.327Z,29971,0.01415,0.01415,,-6.42361,0.00176,8b3ed515-5e6f-449a-9b64-25113cda7a29,USDC-WETH,0.01%,USDC-WETH (0.01%)
2024-05-22T23:08:18.010Z,29790,0.00257,0.00257,,-3.99494,0.00163,8b3ed515-5e6f-449a-9b64-25113cda7a29,USDC-WETH,0.01%,USDC-WETH (0.01%)
2024-05-23T23:09:05.085Z,30068,0.04493,0.04493,,-5.75233,0.0033,8b3ed515-5e6f-449a-9b64-25113cda7a29,USDC-WETH,0.01%,USDC-WETH (0.01%)
2024-05-24T23:07:09.072Z,39341,13.13374,13.13374,,-3.08347,0.30812,8b3ed515-5e6f-449a-9b64-25113cda7a29,USDC-WETH,0.01%,USDC-WETH (0.01%)
2024-05-25T19:07:15.805Z,39490,53.8327,53.8327,,-3.01855,1.43972,8b3ed515-5e6f-449a-9b64-25113cda7a29,USDC-WETH,0.01%,USDC-WETH (0.01%)
2024-05-26T22:06:48.989Z,39916,46.9359,46.9359,,-4.35632,2.72524,8b3ed515-5e6f-449a-9b64-25113cda7a29,USDC-WETH,0.01%,USDC-WETH (0.01%)
2024-05-27T23:07:18.501Z,40038,8.80813,8.80813,,-0.416,7.12854,8b3ed515-5e6f-449a-9b64-25113cda7a29,USDC-WETH,0.01%,USDC-WETH (0.01%)
2024-05-28T23:07:11.848Z,39987,12.54117,12.54117,,-0.01628,3.25941,8b3ed515-5e6f-449a-9b64-25113cda7a29,USDC-WETH,0.01%,USDC-WETH (0.01%)
2024-05-29T23:07:23.642Z,49834,51.10988,51.10988,,-0.00686,3.58659,8b3ed515-5e6f-449a-9b64-25113cda7a29,USDC-WETH,0.01%,USDC-WETH (0.01%)
2024-05-30T23:07:01.039Z,59644,38.68452,38.68452,,-0.02297,4.62592,8b3ed515-5e6f-449a-9b64-25113cda7a29,USDC-WETH,0.01%,USDC-WETH (0.01%)
2024-05-31T23:07:24.247Z,129785,37.42357,37.42357,,-0.00894,4.8444,8b3ed515-5e6f-449a-9b64-25113cda7a29,USDC-WETH,0.01%,USDC-WETH (0.01%)
2024-06-01T23:07:14.732Z,100719,31.7396,31.7396,,-0.03885,10.44512,8b3ed515-5e6f-449a-9b64-25113cda7a29,USDC-WETH,0.01%,USDC-WETH (0.01%)
2024-06-02T23:07:44.651Z,29896,13.35274,13.35274,,-0.02018,20.12998,8b3ed515-5e6f-449a-9b64-25113cda7a29,USDC-WETH,0.01%,USDC-WETH (0.01%)
2024-06-03T23:06:42.409Z,29872,0.04671,0.04671,,-0.0694,19.63071,8b3ed515-5e6f-449a-9b64-25113cda7a29,USDC-WETH,0.01%,USDC-WETH (0.01%)
2024-06-04T23:10:41.602Z,29989,0.00043,0.00043,,-0.011,18.91765,8b3ed515-5e6f-449a-9b64-25113cda7a29,USDC-WETH,0.01%,USDC-WETH (0.01%)
2024-06-05T23:05:21.847Z,30084,0.00156,0.00156,,-0.03236,15.29713,8b3ed515-5e6f-449a-9b64-25113cda7a29,USDC-WETH,0.01%,USDC-WETH (0.01%)
2024-06-06T23:06:32.130Z,29968,0.0022,0.0022,,-0.02546,12.01772,8b3ed515-5e6f-449a-9b64-25113cda7a29,USDC-WETH,0.01%,USDC-WETH (0.01%)
2024-06-07T23:07:10.354Z,29644,0.0019,0.0019,,-0.04201,5.11394,8b3ed515-5e6f-449a-9b64-25113cda7a29,USDC-WETH,0.01%,USDC-WETH (0.01%)
2024-06-08T23:06:54.391Z,29606,0.0,0.0,,-0.1243,0.5697,8b3ed515-5e6f-449a-9b64-25113cda7a29,USDC-WETH,0.01%,USDC-WETH (0.01%)
2024-06-09T23:06:51.794Z,29678,0.0,0.0,,-0.03611,0.00224,8b3ed515-5e6f-449a-9b64-25113cda7a29,USDC-WETH,0.01%,USDC-WETH (0.01%)
2024-06-10T23:09:24.578Z,29698,0.00037,0.00037,,-0.07459,0.00027,8b3ed515-5e6f-449a-9b64-25113cda7a29,USDC-WETH,0.01%,USDC-WETH (0.01%)
2024-06-11T23:06:59.683Z,29214,0.01418,0.01418,,-0.64501,0.00085,8b3ed515-5e6f-449a-9b64-25113cda7a29,USDC-WETH,0.01%,USDC-WETH (0.01%)
2024-06-12T23:10:01.430Z,29402,103.65125,103.65125,,-0.53663,4.33308,8b3ed515-5e6f-449a-9b64-25113cda7a29,USDC-WETH,0.01%,USDC-WETH (0.01%)
2024-06-13T23:05:40.386Z,29147,0.00735,0.00735,,-0.72923,14.89921,8b3ed515-5e6f-449a-9b64-25113cda7a29,USDC-WETH,0.01%,USDC-WETH (0.01%)
2024-06-14T23:04:55.515Z,29137,0.00091,0.00091,,-0.31079,14.90421,8b3ed515-5e6f-449a-9b64-25113cda7a29,USDC-WETH,0.01%,USDC-WETH (0.01%)
2024-06-15T23:03:56.553Z,29405,0.01723,0.01723,,-0.08046,14.77112,8b3ed515-5e6f-449a-9b64-25113cda7a29,USDC-WETH,0.01%,USDC-WETH (0.01%)
2024-06-16T23:05:13.049Z,29576,0.06591,0.06591,,-0.03754,14.69537,8b3ed515-5e6f-449a-9b64-25113cda7a29,USDC-WETH,0.01%,USDC-WETH (0.01%)
2024-06-17T23:05:12.408Z,29278,0.0192,0.0192,,-0.14454,14.84771,8b3ed515-5e6f-449a-9b64-25113cda7a29,USDC-WETH,0.01%,USDC-WETH (0.01%)
2024-06-18T23:04:42.537Z,29142,0.00292,0.00292,,-0.00248,14.91524,8b3ed515-5e6f-449a-9b64-25113cda7a29,USDC-WETH,0.01%,USDC-WETH (0.01%)
2024-06-19T23:09:55.401Z,29392,0.03271,0.03271,,0.0,0.00619,8b3ed515-5e6f-449a-9b64-25113cda7a29,USDC-WETH,0.01%,USDC-WETH (0.01%)
2024-06-20T23:08:55.144Z,29249,0.02106,0.02106,,-0.01261,0.00676,8b3ed515-5e6f-449a-9b64-25113cda7a29,USDC-WETH,0.01%,USDC-WETH (0.01%)
2024-06-21T23:10:01.151Z,29268,0.00419,0.00419,,-0.01368,0.00689,8b3ed515-5e6f-449a-9b64-25113cda7a29,USDC-WETH,0.01%,USDC-WETH (0.01%)
2024-06-22T23:09:25.874Z,29216,0.0026,0.0026,,-0.03025,0.00621,8b3ed515-5e6f-449a-9b64-25113cda7a29,USDC-WETH,0.01%,USDC-WETH (0.01%)
2024-06-23T23:07:58.487Z,28984,0.00532,0.00532,,-0.3062,0.00366,8b3ed515-5e6f-449a-9b64-25113cda7a29,USDC-WETH,0.01%,USDC-WETH (0.01%)
2024-06-24T23:10:12.153Z,29940,0.01731,0.01731,,-0.26965,0.00355,8b3ed515-5e6f-449a-9b64-25113cda7a29,USDC-WETH,0.01%,USDC-WETH (0.01%)
2024-06-25T11:08:17.679Z,28855,0.04532,0.04532,,-0.01848,0.00484,8b3ed515-5e6f-449a-9b64-25113cda7a29,USDC-WETH,0.01%,USDC-WETH (0.01%)
2024-06-26T23:08:40.285Z,28890,0.00162,0.00162,,-0.27519,0.00355,8b3ed515-5e6f-449a-9b64-25113cda7a29,USDC-WETH,0.01%,USDC-WETH (0.01%)
2024-06-27T23:09:19.746Z,29054,0.00253,0.00253,,-0.03578,0.00278,8b3ed515-5e6f-449a-9b64-25113cda7a29,USDC-WETH,0.01%,USDC-WETH (0.01%)
2024-06-28T23:09:24.378Z,28834,0.00322,0.00322,,-0.17686,0.00274,8b3ed515-5e6f-449a-9b64-25113cda7a29,USDC-WETH,0.01%,USDC-WETH (0.01%)
2024-06-29T23:09:36.636Z,28838,0.00095,0.00095,,-0.11669,0.00267,8b3ed515-5e6f-449a-9b64-25113cda7a29,USDC-WETH,0.01%,USDC-WETH (0.01%)
2024-06-30T23:10:39.792Z,42275,0.03255,0.03255,,-0.00508,0.00422,8b3ed515-5e6f-449a-9b64-25113cda7a29,USDC-WETH,0.01%,USDC-WETH (0.01%)
2024-07-01T23:08:38.088Z,42194,0.08749,0.08749,,-0.08711,0.00853,8b3ed515-5e6f-449a-9b64-25113cda7a29,USDC-WETH,0.01%,USDC-WETH (0.01%)
2024-07-02T23:11:06.168Z,42154,0.04812,0.04812,,-0.00334,0.00998,8b3ed515-5e6f-449a-9b64-25113cda7a29,USDC-WETH,0.01%,USDC-WETH (0.01%)
2024-07-03T23:10:33.499Z,41562,0.08815,0.08815,,-0.03592,0.01491,8b3ed515-5e6f-449a-9b64-25113cda7a29,USDC-WETH,0.01%,USDC-WETH (0.01%)
2024-07-04T23:09:07.203Z,46065,5.49588,5.49588,,-0.86043,0.23658,8b3ed515-5e6f-449a-9b64-25113cda7a29,USDC-WETH,0.01%,USDC-WETH (0.01%)
2024-07-05T23:09:04.908Z,164597,43.28225,43.28225,,-1.31157,1.22386,8b3ed515-5e6f-449a-9b64-25113cda7a29,USDC-WETH,0.01%,USDC-WETH (0.01%)
2024-07-06T23:10:16.981Z,224608,42.6322,42.6322,,-0.81298,24.14231,8b3ed515-5e6f-449a-9b64-25113cda7a29,USDC-WETH,0.01%,USDC-WETH (0.01%)
2024-07-07T23:09:14.896Z,224459,130.02827,130.02827,,-2.23839,5.55857,8b3ed515-5e6f-449a-9b64-25113cda7a29,USDC-WETH,0.01%,USDC-WETH (0.01%)
2024-07-08T23:10:43.961Z,227536,197.81392,197.81392,,-1.48124,121.32879,8b3ed515-5e6f-449a-9b64-25113cda7a29,USDC-WETH,0.01%,USDC-WETH (0.01%)
2024-07-09T23:10:58.840Z,286286,0.00956,0.00956,,-1.07554,131.54903,8b3ed515-5e6f-449a-9b64-25113cda7a29,USDC-WETH,0.01%,USDC-WETH (0.01%)
2024-07-10T23:10:06.777Z,286618,0.00012,0.00012,,-0.33214,131.54281,8b3ed515-5e6f-449a-9b64-25113cda7a29,USDC-WETH,0.01%,USDC-WETH (0.01%)
2024-07-11T22:10:56.481Z,104204,0.00084,0.00084,,-0.02737,131.18861,8b3ed515-5e6f-449a-9b64-25113cda7a29,USDC-WETH,0.01%,USDC-WETH (0.01%)
2024-07-12T23:11:48.495Z,174301,9.4492,9.4492,,-0.20179,123.39138,8b3ed515-5e6f-449a-9b64-25113cda7a29,USDC-WETH,0.01%,USDC-WETH (0.01%)
2024-07-13T23:08:37.883Z,175002,0.036,0.036,,-0.12537,109.65126,8b3ed515-5e6f-449a-9b64-25113cda7a29,USDC-WETH,0.01%,USDC-WETH (0.01%)
2024-07-14T23:10:17.497Z,174606,0.00057,0.00057,,-0.85363,66.33719,8b3ed515-5e6f-449a-9b64-25113cda7a29,USDC-WETH,0.01%,USDC-WETH (0.01%)
2024-07-15T23:12:28.045Z,355256,0.00016,0.00016,,-1.64698,2.36009,8b3ed515-5e6f-449a-9b64-25113cda7a29,USDC-WETH,0.01%,USDC-WETH (0.01%)
2024-07-16T23:12:01.924Z,355207,3.1584,3.1584,,-1.12504,3.95078,8b3ed515-5e6f-449a-9b64-25113cda7a29,USDC-WETH,0.01%,USDC-WETH (0.01%)
2024-07-17T23:10:48.959Z,355076,41.16967,41.16967,,-0.72353,1.45502,8b3ed515-5e6f-449a-9b64-25113cda7a29,USDC-WETH,0.01%,USDC-WETH (0.01%)
2024-07-18T23:10:27.771Z,356300,86.01206,86.01206,,-0.88109,3.99782,8b3ed515-5e6f-449a-9b64-25113cda7a29,USDC-WETH,0.01%,USDC-WETH (0.01%)
2024-07-19T23:28:48.339Z,357679,41.3246,41.3246,,-1.15195,87.18957,8b3ed515-5e6f-449a-9b64-25113cda7a29,USDC-WETH,0.01%,USDC-WETH (0.01%)
2024-07-20T23:09:45.361Z,359518,0.48022,0.48022,,-0.83578,84.93042,8b3ed515-5e6f-449a-9b64-25113cda7a29,USDC-WETH,0.01%,USDC-WETH (0.01%)
2024-07-21T23:11:38.538Z,357825,3.37308,3.37308,,-0.61869,88.99289,8b3ed515-5e6f-449a-9b64-25113cda7a29,USDC-WETH,0.01%,USDC-WETH (0.01%)
2024-07-22T22:13:22.945Z,357636,3.2341,3.2341,,-0.0026,79.83045,8b3ed515-5e6f-449a-9b64-25113cda7a29,USDC-WETH,0.01%,USDC-WETH (0.01%)
2024-07-23T23:10:04.616Z,803297,15.23697,15.23697,,-0.0262,95.09374,8b3ed515-5e6f-449a-9b64-25113cda7a29,USDC-WETH,0.01%,USDC-WETH (0.01%)
2024-07-24T23:13:23.622Z,783732,31.59183,31.59183,,-0.03182,7.26922,8b3ed515-5e6f-449a-9b64-25113cda7a29,USDC-WETH,0.01%,USDC-WETH (0.01%)
2024-07-25T23:09:42.609Z,646235,22.02956,22.02956,,-0.56783,21.40631,8b3ed515-5e6f-449a-9b64-25113cda7a29,USDC-WETH,0.01%,USDC-WETH (0.01%)
2024-07-26T23:11:09.196Z,241320,50.70865,50.70865,,-0.42707,20.28727,8b3ed515-5e6f-449a-9b64-25113cda7a29,USDC-WETH,0.01%,USDC-WETH (0.01%)
2024-07-27T23:14:39.013Z,241566,32.30243,32.30243,,-0.48095,22.59688,8b3ed515-5e6f-449a-9b64-25113cda7a29,USDC-WETH,0.01%,USDC-WETH (0.01%)
2024-07-28T23:11:57.130Z,241728,39.89803,39.89803,,-0.6106,25.20808,8b3ed515-5e6f-449a-9b64-25113cda7a29,USDC-WETH,0.01%,USDC-WETH (0.01%)
2024-07-29T23:08:22.680Z,363404,17.44198,17.44198,,-0.09788,115.24315,8b3ed515-5e6f-449a-9b64-25113cda7a29,USDC-WETH,0.01%,USDC-WETH (0.01%)
2024-07-30T23:14:59.362Z,363434,27.71554,27.71554,,-0.347,10.00932,8b3ed515-5e6f-449a-9b64-25113cda7a29,USDC-WETH,0.01%,USDC-WETH (0.01%)
2024-07-31T23:12:13.929Z,364530,54.33888,54.33888,,-0.06323,9.46339,8b3ed515-5e6f-449a-9b64-25113cda7a29,USDC-WETH,0.01%,USDC-WETH (0.01%)
2024-08-01T23:12:07.479Z,368591,110.33524,110.33524,,-0.01406,12.61863,8b3ed515-5e6f-449a-9b64-25113cda7a29,USDC-WETH,0.01%,USDC-WETH (0.01%)
2024-08-02T23:12:14.933Z,379339,143.43759,143.43759,,-0.80866,36.54883,8b3ed515-5e6f-449a-9b64-25113cda7a29,USDC-WETH,0.01%,USDC-WETH (0.01%)
2024-08-03T23:10:39.989Z,384864,195.20141,195.20141,,-1.19268,18.50728,8b3ed515-5e6f-449a-9b64-25113cda7a29,USDC-WETH,0.01%,USDC-WETH (0.01%)
2024-08-04T23:10:50.135Z,361258,338.07101,338.07101,,-2.91262,30.68922,8b3ed515-5e6f-449a-9b64-25113cda7a29,USDC-WETH,0.01%,USDC-WETH (0.01%)
2024-08-05T23:10:11.441Z,707637,212.49171,212.49171,,-8.62272,118.98358,8b3ed515-5e6f-449a-9b64-25113cda7a29,USDC-WETH,0.01%,USDC-WETH (0.01%)
2024-08-06T23:12:01.113Z,892170,37.71879,37.71879,,-6.76866,69.46033,8b3ed515-5e6f-449a-9b64-25113cda7a29,USDC-WETH,0.01%,USDC-WETH (0.01%)
2024-08-07T23:12:22.744Z,260991,285.27463,285.27463,,-9.28449,72.8975,8b3ed515-5e6f-449a-9b64-25113cda7a29,USDC-WETH,0.01%,USDC-WETH (0.01%)
2024-08-08T23:11:16.465Z,149317,271.63552,271.63552,,-4.37304,152.59797,8b3ed515-5e6f-449a-9b64-25113cda7a29,USDC-WETH,0.01%,USDC-WETH (0.01%)
2024-08-09T23:12:15.306Z,443518,175.71258,175.71258,,-1.64859,48.6395,8b3ed515-5e6f-449a-9b64-25113cda7a29,USDC-WETH,0.01%,USDC-WETH (0.01%)
2024-08-10T23:10:50.161Z,456669,137.47422,137.47422,,-1.04558,36.45763,8b3ed515-5e6f-449a-9b64-25113cda7a29,USDC-WETH,0.01%,USDC-WETH (0.01%)
2024-08-11T23:11:43.227Z,539337,176.33064,176.33064,,-0.31051,28.96778,8b3ed515-5e6f-449a-9b64-25113cda7a29,USDC-WETH,0.01%,USDC-WETH (0.01%)
2024-08-12T23:13:01.168Z,1207139,92.15934,92.15934,,-0.65281,16.78591,8b3ed515-5e6f-449a-9b64-25113cda7a29,USDC-WETH,0.01%,USDC-WETH (0.01%)
2024-08-13T23:12:34.543Z,983275,179.60245,179.60245,,-0.85221,21.79541,8b3ed515-5e6f-449a-9b64-25113cda7a29,USDC-WETH,0.01%,USDC-WETH (0.01%)
2024-08-14T23:11:12.268Z,1038830,149.9578,149.9578,,-1.42129,42.96455,8b3ed515-5e6f-449a-9b64-25113cda7a29,USDC-WETH,0.01%,USDC-WETH (0.01%)
2024-08-15T23:10:32.467Z,1041712,109.02383,109.02383,,-0.11895,40.893,8b3ed515-5e6f-449a-9b64-25113cda7a29,USDC-WETH,0.01%,USDC-WETH (0.01%)
2024-08-16T23:12:13.742Z,632090,176.22183,176.22183,,-0.00075,41.52874,8b3ed515-5e6f-449a-9b64-25113cda7a29,USDC-WETH,0.01%,USDC-WETH (0.01%)
2024-08-17T22:09:23.677Z,1046281,64.11215,64.11215,,-0.0002,32.60531,8b3ed515-5e6f-449a-9b64-25113cda7a29,USDC-WETH,0.01%,USDC-WETH (0.01%)
2024-08-18T23:09:29.270Z,1529946,82.78317,82.78317,,-0.14559,27.11535,8b3ed515-5e6f-449a-9b64-25113cda7a29,USDC-WETH,0.01%,USDC-WETH (0.01%)
2024-08-19T23:11:38.783Z,650928,165.99157,165.99157,,-0.06407,43.27923,8b3ed515-5e6f-449a-9b64-25113cda7a29,USDC-WETH,0.01%,USDC-WETH (0.01%)
2024-08-20T23:11:23.900Z,779017,177.04825,177.04825,,-0.19832,40.09157,8b3ed515-5e6f-449a-9b64-25113cda7a29,USDC-WETH,0.01%,USDC-WETH (0.01%)
2024-08-21T23:09:04.425Z,839452,122.44155,122.44155,,-0.01751,34.04669,8b3ed515-5e6f-449a-9b64-25113cda7a29,USDC-WETH,0.01%,USDC-WETH (0.01%)
2024-08-22T23:10:51.329Z,1608047,95.10902,95.10902,,-0.04046,16.27907,8b3ed515-5e6f-449a-9b64-25113cda7a29,USDC-WETH,0.01%,USDC-WETH (0.01%)
2024-08-23T23:09:45.277Z,1802078,141.99666,141.99666,,-0.36653,28.49517,8b3ed515-5e6f-449a-9b64-25113cda7a29,USDC-WETH,0.01%,USDC-WETH (0.01%)
2024-08-24T23:09:44.102Z,1733692,104.01115,104.01115,,-0.26407,27.18951,8b3ed515-5e6f-449a-9b64-25113cda7a29,USDC-WETH,0.01%,USDC-WETH (0.01%)
2024-08-25T23:09:45.197Z,1778398,84.06569,84.06569,,-0.18411,25.99486,8b3ed515-5e6f-449a-9b64-25113cda7a29,USDC-WETH,0.01%,USDC-WETH (0.01%)
2024-08-26T23:08:26.373Z,1893906,99.00045,99.00045,,-0.05049,26.91168,8b3ed515-5e6f-449a-9b64-25113cda7a29,USDC-WETH,0.01%,USDC-WETH (0.01%)
2024-08-27T23:06:58.769Z,1928472,109.55508,109.55508,,-0.2138,63.67035,8b3ed515-5e6f-449a-9b64-25113cda7a29,USDC-WETH,0.01%,USDC-WETH (0.01%)
2024-08-28T23:08:10.941Z,1507843,142.2012,142.2012,,-0.13259,33.83556,8b3ed515-5e6f-449a-9b64-25113cda7a29,USDC-WETH,0.01%,USDC-WETH (0.01%)
2024-08-29T23:13:11.952Z,1508394,130.41466,130.41466,,-0.12002,28.74345,8b3ed515-5e6f-449a-9b64-25113cda7a29,USDC-WETH,0.01%,USDC-WETH (0.01%)
2024-08-30T23:11:16.042Z,1511988,129.90297,129.90297,,-0.73385,30.75162,8b3ed515-5e6f-449a-9b64-25113cda7a29,USDC-WETH,0.01%,USDC-WETH (0.01%)
2024-08-31T22:10:08.658Z,1538683,100.39858,100.39858,,-0.69767,18.5424,8b3ed515-5e6f-449a-9b64-25113cda7a29,USDC-WETH,0.01%,USDC-WETH (0.01%)
2024-09-01T23:09:39.248Z,1616309,96.74846,96.74846,,-1.76153,71.71884,8b3ed515-5e6f-449a-9b64-25113cda7a29,USDC-WETH,0.01%,USDC-WETH (0.01%)
2024-09-02T23:08:55.542Z,1559165,94.21145,94.21145,,-0.27044,27.59552,8b3ed515-5e6f-449a-9b64-25113cda7a29,USDC-WETH,0.01%,USDC-WETH (0.01%)
2024-09-03T23:06:18.906Z,1589066,97.941,97.941,,-0.00116,31.06001,8b3ed515-5e6f-449a-9b64-25113cda7a29,USDC-WETH,0.01%,USDC-WETH (0.01%)
2024-09-04T23:09:49.474Z,1796418,65.03641,65.03641,,-0.06156,21.28186,8b3ed515-5e6f-449a-9b64-25113cda7a29,USDC-WETH,0.01%,USDC-WETH (0.01%)
2024-09-05T23:09:12.015Z,1870525,71.90706,71.90706,,-0.35095,37.1111,8b3ed515-5e6f-449a-9b64-25113cda7a29,USDC-WETH,0.01%,USDC-WETH (0.01%)
2024-09-06T23:10:14.348Z,1578937,112.2305,112.2305,,-1.54869,29.27738,8b3ed515-5e6f-449a-9b64-25113cda7a29,USDC-WETH,0.01%,USDC-WETH (0.01%)
2024-09-07T23:13:39.415Z,1624957,92.92906,92.92906,,-0.96665,28.18563,8b3ed515-5e6f-449a-9b64-25113cda7a29,USDC-WETH,0.01%,USDC-WETH (0.01%)
2024-09-08T23:10:52.321Z,1644489,75.22121,75.22121,,-0.20957,25.26191,8b3ed515-5e6f-449a-9b64-25113cda7a29,USDC-WETH,0.01%,USDC-WETH (0.01%)
2024-09-09T23:10:19.030Z,1595781,109.02474,109.02474,,-0.5068,27.3722,8b3ed515-5e6f-449a-9b64-25113cda7a29,USDC-WETH,0.01%,USDC-WETH (0.01%)
2024-09-10T23:10:31.486Z,2261637,50.7933,50.7933,,-0.05596,36.75356,8b3ed515-5e6f-449a-9b64-25113cda7a29,USDC-WETH,0.01%,USDC-WETH (0.01%)
2024-09-11T23:09:45.279Z,3617378,55.47406,55.47406,,-0.20774,18.94512,8b3ed515-5e6f-449a-9b64-25113cda7a29,USDC-WETH,0.01%,USDC-WETH (0.01%)
2024-09-12T23:10:19.347Z,3751421,63.33342,63.33342,,-1e-05,18.27377,8b3ed515-5e6f-449a-9b64-25113cda7a29,USDC-WETH,0.01%,USDC-WETH (0.01%)
2024-09-13T23:10:00.380Z,4141786,51.54199,51.54199,,-0.91339,25.58905,8b3ed515-5e6f-449a-9b64-25113cda7a29,USDC-WETH,0.01%,USDC-WETH (0.01%)
2024-09-14T23:08:21.373Z,5150265,23.4786,23.4786,,-0.36281,22.80747,8b3ed515-5e6f-449a-9b64-25113cda7a29,USDC-WETH,0.01%,USDC-WETH (0.01%)
2024-09-15T23:10:15.214Z,10330339,13.12276,13.12276,,-0.02255,19.83609,8b3ed515-5e6f-449a-9b64-25113cda7a29,USDC-WETH,0.01%,USDC-WETH (0.01%)
2024-09-16T23:09:50.746Z,10128422,43.81142,43.81142,,-0.07993,8.98085,8b3ed515-5e6f-449a-9b64-25113cda7a29,USDC-WETH,0.01%,USDC-WETH (0.01%)
2024-09-17T23:09:10.162Z,9380955,37.7498,37.7498,,-0.02762,13.15932,8b3ed515-5e6f-449a-9b64-25113cda7a29,USDC-WETH,0.01%,USDC-WETH (0.01%)
2024-09-18T23:08:51.983Z,9432471,48.46034,48.46034,,-1e-05,13.50882,8b3ed515-5e6f-449a-9b64-25113cda7a29,USDC-WETH,0.01%,USDC-WETH (0.01%)
2024-09-19T23:08:38.662Z,9649801,52.40403,52.40403,,-0.16126,16.58957,8b3ed515-5e6f-449a-9b64-25113cda7a29,USDC-WETH,0.01%,USDC-WETH (0.01%)
2024-09-20T23:08:37.675Z,10129739,29.53696,29.53696,,-0.14634,15.4887,8b3ed515-5e6f-449a-9b64-25113cda7a29,USDC-WETH,0.01%,USDC-WETH (0.01%)
2024-09-21T23:15:13.262Z,10367451,16.90162,16.90162,,-0.3533,15.20729,8b3ed515-5e6f-449a-9b64-25113cda7a29,USDC-WETH,0.01%,USDC-WETH (0.01%)
2024-09-22T23:10:52.789Z,10442028,24.4528,24.4528,,-0.86201,16.0153,8b3ed515-5e6f-449a-9b64-25113cda7a29,USDC-WETH,0.01%,USDC-WETH (0.01%)
2024-09-23T23:10:53.530Z,10358166,39.13211,39.13211,,-1.8845,16.93563,8b3ed515-5e6f-449a-9b64-25113cda7a29,USDC-WETH,0.01%,USDC-WETH (0.01%)
2024-09-24T23:09:33.067Z,10298798,27.55605,27.55605,,-1.38839,16.3747,8b3ed515-5e6f-449a-9b64-25113cda7a29,USDC-WETH,0.01%,USDC-WETH (0.01%)
2024-09-25T23:10:34.242Z,10097708,24.82194,24.82194,,-0.73663,14.59657,8b3ed515-5e6f-449a-9b64-25113cda7a29,USDC-WETH,0.01%,USDC-WETH (0.01%)
2024-09-26T23:09:12.551Z,10236007,36.87434,36.87434,,-0.35628,14.20914,8b3ed515-5e6f-449a-9b64-25113cda7a29,USDC-WETH,0.01%,USDC-WETH (0.01%)
2024-09-27T23:05:57.411Z,10359969,31.92861,31.92861,,-0.30719,14.42385,8b3ed515-5e6f-449a-9b64-25113cda7a29,USDC-WETH,0.01%,USDC-WETH (0.01%)
2024-09-28T23:10:14.596Z,10242428,29.25811,29.25811,,-0.13083,13.95282,8b3ed515-5e6f-449a-9b64-25113cda7a29,USDC-WETH,0.01%,USDC-WETH (0.01%)
2024-09-29T23:09:29.482Z,10224539,23.9489,23.9489,,-0.07308,13.9192,8b3ed515-5e6f-449a-9b64-25113cda7a29,USDC-WETH,0.01%,USDC-WETH (0.01%)
2024-09-30T23:09:29.491Z,10042890,41.41993,41.41993,,-0.0297,13.82694,8b3ed515-5e6f-449a-9b64-25113cda7a29,USDC-WETH,0.01%,USDC-WETH (0.01%)
2024-10-01T23:10:02.447Z,8445210,64.47162,64.47162,,-0.59767,24.78045,8b3ed515-5e6f-449a-9b64-25113cda7a29,USDC-WETH,0.01%,USDC-WETH (0.01%)
2024-10-02T23:08:44.913Z,8071402,57.54363,57.54363,,-0.53132,24.8729,8b3ed515-5e6f-449a-9b64-25113cda7a29,USDC-WETH,0.01%,USDC-WETH (0.01%)
2024-10-03T23:11:57.048Z,8104215,59.98666,59.98666,,-1.11792,25.03209,8b3ed515-5e6f-449a-9b64-25113cda7a29,USDC-WETH,0.01%,USDC-WETH (0.01%)
2024-10-04T23:09:02.229Z,8261882,50.39813,50.39813,,-1.09839,28.39023,8b3ed515-5e6f-449a-9b64-25113cda7a29,USDC-WETH,0.01%,USDC-WETH (0.01%)
2024-10-05T23:09:35.886Z,8252880,18.89811,18.89811,,-0.89865,27.19675,8b3ed515-5e6f-449a-9b64-25113cda7a29,USDC-WETH,0.01%,USDC-WETH (0.01%)
2024-10-06T23:09:42.885Z,8257501,22.43092,22.43092,,-0.66787,26.44652,8b3ed515-5e6f-449a-9b64-25113cda7a29,USDC-WETH,0.01%,USDC-WETH (0.01%)
2024-10-07T23:09:36.153Z,8272378,36.2348,36.2348,,-0.48945,25.13824,8b3ed515-5e6f-449a-9b64-25113cda7a29,USDC-WETH,0.01%,USDC-WETH (0.01%)
2024-10-08T23:09:48.943Z,8328954,39.55305,39.55305,,-0.0025,22.92169,8b3ed515-5e6f-449a-9b64-25113cda7a29,USDC-WETH,0.01%,USDC-WETH (0.01%)
2024-10-09T23:09:44.212Z,8227376,35.80111,35.80111,,-0.00042,18.58046,8b3ed515-5e6f-449a-9b64-25113cda7a29,USDC-WETH,0.01%,USDC-WETH (0.01%)
2024-10-10T23:09:29.076Z,2600325,153.22057,153.22057,,-0.01035,68.80497,8b3ed515-5e6f-449a-9b64-25113cda7a29,USDC-WETH,0.01%,USDC-WETH (0.01%)
2024-10-11T23:10:18.835Z,2661995,37.83475,37.83475,,-0.00632,88.82279,8b3ed515-5e6f-449a-9b64-25113cda7a29,USDC-WETH,0.01%,USDC-WETH (0.01%)
2024-10-12T23:10:12.941Z,2826266,39.31453,39.31453,,-0.06387,78.51558,8b3ed515-5e6f-449a-9b64-25113cda7a29,USDC-WETH,0.01%,USDC-WETH (0.01%)
2024-10-13T23:42:17.504Z,5228745,37.72493,37.72493,,-0.00997,30.57358,8b3ed515-5e6f-449a-9b64-25113cda7a29,USDC-WETH,0.01%,USDC-WETH (0.01%)
2024-10-14T23:10:56.621Z,5263409,44.22159,44.22159,,-0.67386,38.32774,8b3ed515-5e6f-449a-9b64-25113cda7a29,USDC-WETH,0.01%,USDC-WETH (0.01%)
2024-10-15T23:11:12.837Z,5098569,39.39903,39.39903,,-0.34163,27.3559,8b3ed515-5e6f-449a-9b64-25113cda7a29,USDC-WETH,0.01%,USDC-WETH (0.01%)
2024-10-16T23:11:46.955Z,5206299,43.51294,43.51294,,-0.84509,30.46621,8b3ed515-5e6f-449a-9b64-25113cda7a29,USDC-WETH,0.01%,USDC-WETH (0.01%)
2024-10-17T23:10:38.418Z,5226218,31.40378,31.40378,,-0.73202,18.75148,8b3ed515-5e6f-449a-9b64-25113cda7a29,USDC-WETH,0.01%,USDC-WETH (0.01%)
2024-10-18T23:12:26.953Z,5117769,21.9579,21.9579,,-0.53685,17.21461,8b3ed515-5e6f-449a-9b64-25113cda7a29,USDC-WETH,0.01%,USDC-WETH (0.01%)
2024-10-19T23:11:34.608Z,5178918,29.31394,29.31394,,-0.3504,25.34044,8b3ed515-5e6f-449a-9b64-25113cda7a29,USDC-WETH,0.01%,USDC-WETH (0.01%)
2024-10-20T23:12:29.036Z,5347600,31.22983,31.22983,,-1.04587,27.80112,8b3ed515-5e6f-449a-9b64-25113cda7a29,USDC-WETH,0.01%,USDC-WETH (0.01%)
2024-10-21T23:09:45.782Z,5614657,46.35475,46.35475,,-0.01241,21.70786,8b3ed515-5e6f-449a-9b64-25113cda7a29,USDC-WETH,0.01%,USDC-WETH (0.01%)
2024-10-22T23:12:19.880Z,5556186,36.63621,36.63621,,-0.01951,26.66,8b3ed515-5e6f-449a-9b64-25113cda7a29,USDC-WETH,0.01%,USDC-WETH (0.01%)
2024-10-23T23:11:21.882Z,5386007,32.64724,32.64724,,-0.15569,15.20111,8b3ed515-5e6f-449a-9b64-25113cda7a29,USDC-WETH,0.01%,USDC-WETH (0.01%)
2024-10-24T23:13:34.649Z,5414646,41.77989,41.77989,,-0.07332,14.7439,8b3ed515-5e6f-449a-9b64-25113cda7a29,USDC-WETH,0.01%,USDC-WETH (0.01%)
2024-10-25T23:11:37.664Z,5364398,40.16734,40.16734,,-0.50498,33.43944,8b3ed515-5e6f-449a-9b64-25113cda7a29,USDC-WETH,0.01%,USDC-WETH (0.01%)
2024-10-26T23:11:36.582Z,5457027,53.61574,53.61574,,-0.35699,19.86741,8b3ed515-5e6f-449a-9b64-25113cda7a29,USDC-WETH,0.01%,USDC-WETH (0.01%)
2024-10-27T23:10:18.799Z,11323739,46.08479,46.08479,,-0.70057,4.80392,8b3ed515-5e6f-449a-9b64-25113cda7a29,USDC-WETH,0.01%,USDC-WETH (0.01%)
2024-10-28T23:13:36.017Z,9140588,77.52787,77.52787,,-0.13405,7.04956,8b3ed515-5e6f-449a-9b64-25113cda7a29,USDC-WETH,0.01%,USDC-WETH (0.01%)
2024-10-29T23:12:49.093Z,9289791,99.0413,99.0413,,-4e-05,8.18093,8b3ed515-5e6f-449a-9b64-25113cda7a29,USDC-WETH,0.01%,USDC-WETH (0.01%)
2024-10-30T23:12:59.462Z,3146256,97.25365,97.25365,,-0.28397,104.02204,8b3ed515-5e6f-449a-9b64-25113cda7a29,USDC-WETH,0.01%,USDC-WETH (0.01%)
2024-10-31T23:11:06.703Z,3249302,37.88471,37.88471,,-0.0036,98.89342,8b3ed515-5e6f-449a-9b64-25113cda7a29,USDC-WETH,0.01%,USDC-WETH (0.01%)
2024-11-01T23:11:06.054Z,3265515,42.57867,42.57867,,-0.06165,86.48648,8b3ed515-5e6f-449a-9b64-25113cda7a29,USDC-WETH,0.01%,USDC-WETH (0.01%)
2024-11-02T23:11:52.120Z,3319239,37.13379,37.13379,,-0.00025,85.82025,8b3ed515-5e6f-449a-9b64-25113cda7a29,USDC-WETH,0.01%,USDC-WETH (0.01%)
2024-11-03T23:11:40.015Z,3440747,65.54421,65.54421,,-0.04529,56.02682,8b3ed515-5e6f-449a-9b64-25113cda7a29,USDC-WETH,0.01%,USDC-WETH (0.01%)
2024-11-04T23:11:13.449Z,3456063,70.75854,70.75854,,-0.41536,69.86501,8b3ed515-5e6f-449a-9b64-25113cda7a29,USDC-WETH,0.01%,USDC-WETH (0.01%)
2024-11-05T23:13:11.394Z,3404918,64.15422,64.15422,,-0.53765,38.37931,8b3ed515-5e6f-449a-9b64-25113cda7a29,USDC-WETH,0.01%,USDC-WETH (0.01%)
2024-11-06T23:11:33.951Z,4988792,74.62651,74.62651,,-0.07199,28.7811,8b3ed515-5e6f-449a-9b64-25113cda7a29,USDC-WETH,0.01%,USDC-WETH (0.01%)
2024-11-07T23:10:16.202Z,5134430,59.70173,59.70173,,-1.61402,24.41477,8b3ed515-5e6f-449a-9b64-25113cda7a29,USDC-WETH,0.01%,USDC-WETH (0.01%)
2024-11-08T23:11:07.877Z,7968626,59.02767,59.02767,,-2.31017,15.47142,8b3ed515-5e6f-449a-9b64-25113cda7a29,USDC-WETH,0.01%,USDC-WETH (0.01%)
2024-11-09T23:09:58.778Z,7668765,73.70798,73.70798,,-4.71533,23.45926,8b3ed515-5e6f-449a-9b64-25113cda7a29,USDC-WETH,0.01%,USDC-WETH (0.01%)
2024-11-10T23:09:37.738Z,4127175,77.68236,77.68236,,-5.73644,30.89376,8b3ed515-5e6f-449a-9b64-25113cda7a29,USDC-WETH,0.01%,USDC-WETH (0.01%)
2024-11-11T23:12:04.943Z,2679230,76.8866,76.8866,,-9.35502,148.00711,8b3ed515-5e6f-449a-9b64-25113cda7a29,USDC-WETH,0.01%,USDC-WETH (0.01%)
2024-11-12T23:26:36.349Z,4253310,47.23076,47.23076,,-7.35495,40.88255,8b3ed515-5e6f-449a-9b64-25113cda7a29,USDC-WETH,0.01%,USDC-WETH (0.01%)
2024-11-13T23:11:07.897Z,4188102,92.33347,92.33347,,-1.85003,41.47312,8b3ed515-5e6f-449a-9b64-25113cda7a29,USDC-WETH,0.01%,USDC-WETH (0.01%)
2024-11-14T23:10:05.964Z,2306759,130.49674,130.49674,,-0.37783,141.74996,8b3ed515-5e6f-449a-9b64-25113cda7a29,USDC-WETH,0.01%,USDC-WETH (0.01%)
2024-11-15T23:09:32.811Z,2399782,48.40783,48.40783,,-0.19001,100.00863,8b3ed515-5e6f-449a-9b64-25113cda7a29,USDC-WETH,0.01%,USDC-WETH (0.01%)
2024-11-16T23:10:55.022Z,3827935,54.6184,54.6184,,-2e-05,23.45342,8b3ed515-5e6f-449a-9b64-25113cda7a29,USDC-WETH,0.01%,USDC-WETH (0.01%)
2024-11-17T23:09:26.472Z,3685574,112.2178,112.2178,,-0.10751,14.12576,8b3ed515-5e6f-449a-9b64-25113cda7a29,USDC-WETH,0.01%,USDC-WETH (0.01%)
2024-11-18T23:10:43.156Z,3813534,116.60153,116.60153,,-0.31469,17.57781,8b3ed515-5e6f-449a-9b64-25113cda7a29,USDC-WETH,0.01%,USDC-WETH (0.01%)
2024-11-19T23:10:50.865Z,3774013,89.3386,89.3386,,-0.27579,33.04333,8b3ed515-5e6f-449a-9b64-25113cda7a29,USDC-WETH,0.01%,USDC-WETH (0.01%)
2024-11-20T23:11:12.718Z,3776131,108.99916,108.99916,,-0.0863,29.55276,8b3ed515-5e6f-449a-9b64-25113cda7a29,USDC-WETH,0.01%,USDC-WETH (0.01%)
2024-11-21T23:10:00.588Z,2566231,148.97663,148.97663,,-0.72029,88.51529,8b3ed515-5e6f-449a-9b64-25113cda7a29,USDC-WETH,0.01%,USDC-WETH (0.01%)
2024-11-22T23:15:00.661Z,2487675,78.0716,78.0716,,-0.35727,98.1525,8b3ed515-5e6f-449a-9b64-25113cda7a29,USDC-WETH,0.01%,USDC-WETH (0.01%)
2024-11-23T23:12:51.477Z,2835836,63.75021,63.75021,,-0.55493,63.51829,8b3ed515-5e6f-449a-9b64-25113cda7a29,USDC-WETH,0.01%,USDC-WETH (0.01%)
2024-11-24T23:11:33.311Z,2778532,105.32648,105.32648,,-0.70648,66.86006,8b3ed515-5e6f-449a-9b64-25113cda7a29,USDC-WETH,0.01%,USDC-WETH (0.01%)
2024-11-25T01:12:55.153Z,2772903,109.40952,109.40952,,-0.50878,51.56838,8b3ed515-5e6f-449a-9b64-25113cda7a29,USDC-WETH,0.01%,USDC-WETH (0.01%)
2024-11-26T23:11:40.115Z,4403057,84.85088,84.85088,,-0.4345,16.45578,8b3ed515-5e6f-449a-9b64-25113cda7a29,USDC-WETH,0.01%,USDC-WETH (0.01%)
2024-11-27T23:13:24.655Z,2610250,199.3452,199.3452,,-2.73514,86.01347,8b3ed515-5e6f-449a-9b64-25113cda7a29,USDC-WETH,0.01%,USDC-WETH (0.01%)
2024-11-28T12:15:09.552Z,4648874,80.63213,80.63213,,-1.49716,19.5789,8b3ed515-5e6f-449a-9b64-25113cda7a29,USDC-WETH,0.01%,USDC-WETH (0.01%)
2024-11-29T23:27:54.243Z,4724446,87.19247,87.19247,,-0.56999,20.31142,8b3ed515-5e6f-449a-9b64-25113cda7a29,USDC-WETH,0.01%,USDC-WETH (0.01%)
2024-11-30T23:09:02.143Z,5245547,82.05392,82.05392,,-0.63552,21.84169,8b3ed515-5e6f-449a-9b64-25113cda7a29,USDC-WETH,0.01%,USDC-WETH (0.01%)
2024-12-01T23:13:02.209Z,5299073,81.00033,81.00033,,-0.92944,22.62603,8b3ed515-5e6f-449a-9b64-25113cda7a29,USDC-WETH,0.01%,USDC-WETH (0.01%)
2024-12-02T23:12:36.214Z,5417842,79.39711,79.39711,,-0.20282,28.93376,8b3ed515-5e6f-449a-9b64-25113cda7a29,USDC-WETH,0.01%,USDC-WETH (0.01%)
2024-12-03T23:15:02.200Z,5463138,73.45894,73.45894,,-0.65602,28.99835,8b3ed515-5e6f-449a-9b64-25113cda7a29,USDC-WETH,0.01%,USDC-WETH (0.01%)
2024-12-04T23:11:57.868Z,5575880,84.61124,84.61124,,-0.16148,23.23879,8b3ed515-5e6f-449a-9b64-25113cda7a29,USDC-WETH,0.01%,USDC-WETH (0.01%)
2024-12-05T23:11:31.893Z,5462889,104.81341,104.81341,,-0.28441,25.52235,8b3ed515-5e6f-449a-9b64-25113cda7a29,USDC-WETH,0.01%,USDC-WETH (0.01%)
2024-12-06T23:11:25.734Z,3363914,130.89303,130.89303,,-1.0963,70.76017,8b3ed515-5e6f-449a-9b64-25113cda7a29,USDC-WETH,0.01%,USDC-WETH (0.01%)
2024-12-07T23:08:24.181Z,3464480,58.867,58.867,,-0.50293,62.3283,8b3ed515-5e6f-449a-9b64-25113cda7a29,USDC-WETH,0.01%,USDC-WETH (0.01%)
2024-12-08T23:12:12.636Z,3475140,65.57178,65.57178,,-0.44013,57.78878,8b3ed515-5e6f-449a-9b64-25113cda7a29,USDC-WETH,0.01%,USDC-WETH (0.01%)
2024-12-09T11:11:33.829Z,3429400,73.61584,73.61584,,-0.53234,52.87466,8b3ed515-5e6f-449a-9b64-25113cda7a29,USDC-WETH,0.01%,USDC-WETH (0.01%)
2024-12-10T23:12:23.928Z,3050140,53.23675,53.23675,,-0.003,114.41165,8b3ed515-5e6f-449a-9b64-25113cda7a29,USDC-WETH,0.01%,USDC-WETH (0.01%)
2024-12-11T23:12:13.844Z,2715715,45.9248,45.9248,,-2e-05,90.15343,8b3ed515-5e6f-449a-9b64-25113cda7a29,USDC-WETH,0.01%,USDC-WETH (0.01%)
2024-12-12T23:13:01.409Z,2565942,43.80727,43.80727,,-0.03045,61.65747,8b3ed515-5e6f-449a-9b64-25113cda7a29,USDC-WETH,0.01%,USDC-WETH (0.01%)
2024-12-13T23:27:32.511Z,2662033,50.06473,50.06473,,-0.05007,48.968,8b3ed515-5e6f-449a-9b64-25113cda7a29,USDC-WETH,0.01%,USDC-WETH (0.01%)
2024-12-14T20:45:09.221Z,2703036,70.97339,70.97339,,-0.18514,45.23737,8b3ed515-5e6f-449a-9b64-25113cda7a29,USDC-WETH,0.01%,USDC-WETH (0.01%)
2024-12-15T23:14:34.877Z,2718486,67.36068,67.36068,,-0.04373,11.13068,8b3ed515-5e6f-449a-9b64-25113cda7a29,USDC-WETH,0.01%,USDC-WETH (0.01%)
2024-12-16T23:24:51.450Z,2816219,62.01381,62.01381,,-0.58229,32.79035,8b3ed515-5e6f-449a-9b64-25113cda7a29,USDC-WETH,0.01%,USDC-WETH (0.01%)
2024-12-17T23:28:00.481Z,2761341,65.11976,65.11976,,-0.31937,37.83723,8b3ed515-5e6f-449a-9b64-25113cda7a29,USDC-WETH,0.01%,USDC-WETH (0.01%)
2024-12-18T23:43:29.779Z,2783684,82.08582,82.08582,,-0.22847,61.16139,8b3ed515-5e6f-449a-9b64-25113cda7a29,USDC-WETH,0.01%,USDC-WETH (0.01%)
2024-12-19T23:32:06.183Z,2628243,49.49311,49.49311,,-1.26851,88.52695,8b3ed515-5e6f-449a-9b64-25113cda7a29,USDC-WETH,0.01%,USDC-WETH (0.01%)
2024-12-20T23:14:55.839Z,2397583,81.35255,81.35255,,-1.20317,77.78441,8b3ed515-5e6f-449a-9b64-25113cda7a29,USDC-WETH,0.01%,USDC-WETH (0.01%)
2024-12-21T23:31:56.623Z,2327394,62.81187,62.81187,,-2.01692,77.02715,8b3ed515-5e6f-449a-9b64-25113cda7a29,USDC-WETH,0.01%,USDC-WETH (0.01%)
2024-12-22T23:48:14.588Z,2315032,51.47518,51.47518,,-3.13096,73.11977,8b3ed515-5e6f-449a-9b64-25113cda7a29,USDC-WETH,0.01%,USDC-WETH (0.01%)
2024-12-23T23:30:28.251Z,2274006,68.99467,68.99467,,-2.07233,70.64476,8b3ed515-5e6f-449a-9b64-25113cda7a29,USDC-WETH,0.01%,USDC-WETH (0.01%)
2024-12-24T23:16:25.738Z,2391515,54.95653,54.95653,,-0.87285,63.83361,8b3ed515-5e6f-449a-9b64-25113cda7a29,USDC-WETH,0.01%,USDC-WETH (0.01%)
2024-12-25T23:12:22.364Z,2383229,39.62165,39.62165,,-0.20935,56.02664,8b3ed515-5e6f-449a-9b64-25113cda7a29,USDC-WETH,0.01%,USDC-WETH (0.01%)
2024-12-26T23:15:48.158Z,2507207,49.31587,49.31587,,-0.06876,48.60348,8b3ed515-5e6f-449a-9b64-25113cda7a29,USDC-WETH,0.01%,USDC-WETH (0.01%)
2024-12-27T23:13:18.080Z,2741993,48.52224,48.52224,,-0.17608,44.36203,8b3ed515-5e6f-449a-9b64-25113cda7a29,USDC-WETH,0.01%,USDC-WETH (0.01%)
2024-12-28T23:14:29.267Z,2928052,92.3631,92.3631,,-0.06404,34.50391,8b3ed515-5e6f-449a-9b64-25113cda7a29,USDC-WETH,0.01%,USDC-WETH (0.01%)
2024-12-29T23:09:53.087Z,3007851,105.6728,105.6728,,-0.02195,21.75934,8b3ed515-5e6f-449a-9b64-25113cda7a29,USDC-WETH,0.01%,USDC-WETH (0.01%)
2024-12-30T21:27:39.936Z,3063175,95.39675,95.39675,,-0.02651,22.22753,8b3ed515-5e6f-449a-9b64-25113cda7a29,USDC-WETH,0.01%,USDC-WETH (0.01%)
2024-12-31T23:15:27.146Z,3104101,137.30175,137.30175,,-0.20311,25.83078,8b3ed515-5e6f-449a-9b64-25113cda7a29,USDC-WETH,0.01%,USDC-WETH (0.01%)
2025-01-01T23:15:20.872Z,3078048,97.07102,97.07102,,-0.12885,26.93218,8b3ed515-5e6f-449a-9b64-25113cda7a29,USDC-WETH,0.01%,USDC-WETH (0.01%)
2025-01-02T23:26:49.268Z,2936607,76.4351,76.4351,,-0.11324,46.00026,8b3ed515-5e6f-449a-9b64-25113cda7a29,USDC-WETH,0.01%,USDC-WETH (0.01%)
2025-01-03T23:12:04.253Z,3163734,83.2079,83.2079,,-0.62112,62.35407,8b3ed515-5e6f-449a-9b64-25113cda7a29,USDC-WETH,0.01%,USDC-WETH (0.01%)
2025-01-04T23:14:42.353Z,3478397,113.35144,113.35144,,-0.44702,43.39571,8b3ed515-5e6f-449a-9b64-25113cda7a29,USDC-WETH,0.01%,USDC-WETH (0.01%)
2025-01-05T23:29:44.758Z,3593712,95.60999,95.60999,,-0.68286,37.68716,8b3ed515-5e6f-449a-9b64-25113cda7a29,USDC-WETH,0.01%,USDC-WETH (0.01%)
2025-01-06T23:43:52.915Z,3467909,84.07495,84.07495,,-0.72904,37.4979,8b3ed515-5e6f-449a-9b64-25113cda7a29,USDC-WETH,0.01%,USDC-WETH (0.01%)
2025-01-07T22:13:38.559Z,3630832,96.42117,96.42117,,-0.01167,31.61196,8b3ed515-5e6f-449a-9b64-25113cda7a29,USDC-WETH,0.01%,USDC-WETH (0.01%)
2025-01-08T23:11:18.235Z,3745508,153.72245,153.72245,,-0.00896,38.7817,8b3ed515-5e6f-449a-9b64-25113cda7a29,USDC-WETH,0.01%,USDC-WETH (0.01%)
2025-01-09T23:15:22.519Z,3467735,143.42433,143.42433,,-0.36113,67.43903,8b3ed515-5e6f-449a-9b64-25113cda7a29,USDC-WETH,0.01%,USDC-WETH (0.01%)
2025-01-10T23:24:40.321Z,3723401,100.68994,100.68994,,-0.85975,29.56489,8b3ed515-5e6f-449a-9b64-25113cda7a29,USDC-WETH,0.01%,USDC-WETH (0.01%)
2025-01-11T23:11:13.602Z,3740295,52.20282,52.20282,,-0.98617,33.38298,8b3ed515-5e6f-449a-9b64-25113cda7a29,USDC-WETH,0.01%,USDC-WETH (0.01%)
2025-01-12T23:14:07.953Z,3835947,69.91263,69.91263,,-1.21809,29.69662,8b3ed515-5e6f-449a-9b64-25113cda7a29,USDC-WETH,0.01%,USDC-WETH (0.01%)
2025-01-13T23:42:13.475Z,3368461,177.3411,177.3411,,-2.31089,93.05296,8b3ed515-5e6f-449a-9b64-25113cda7a29,USDC-WETH,0.01%,USDC-WETH (0.01%)
2025-01-14T23:29:57.671Z,3647353,104.30973,104.30973,,-0.1911,54.26822,8b3ed515-5e6f-449a-9b64-25113cda7a29,USDC-WETH,0.01%,USDC-WETH (0.01%)
2025-01-15T23:31:23.289Z,3758137,67.70024,67.70024,,-0.09174,30.7447,8b3ed515-5e6f-449a-9b64-25113cda7a29,USDC-WETH,0.01%,USDC-WETH (0.01%)
2025-01-16T23:30:13.118Z,3687756,69.54981,69.54981,,-0.05127,32.57272,8b3ed515-5e6f-449a-9b64-25113cda7a29,USDC-WETH,0.01%,USDC-WETH (0.01%)
2025-01-17T23:15:47.698Z,3707596,69.62192,69.62192,,-0.30035,58.31123,8b3ed515-5e6f-449a-9b64-25113cda7a29,USDC-WETH,0.01%,USDC-WETH (0.01%)
2025-01-18T23:32:09.875Z,3710638,102.41388,102.41388,,0.0,72.44619,8b3ed515-5e6f-449a-9b64-25113cda7a29,USDC-WETH,0.01%,USDC-WETH (0.01%)
2025-01-19T23:31:34.042Z,3674952,69.23004,69.23004,,-0.01952,71.2679,8b3ed515-5e6f-449a-9b64-25113cda7a29,USDC-WETH,0.01%,USDC-WETH (0.01%)
2025-01-20T23:10:24.693Z,3836495,70.20147,70.20147,,-0.25398,50.52171,8b3ed515-5e6f-449a-9b64-25113cda7a29,USDC-WETH,0.01%,USDC-WETH (0.01%)
2025-01-21T23:12:27.754Z,3788922,55.39037,55.39037,,-0.07238,47.25598,8b3ed515-5e6f-449a-9b64-25113cda7a29,USDC-WETH,0.01%,USDC-WETH (0.01%)
2025-01-22T23:12:42.932Z,3589702,57.0668,57.0668,,-0.2868,45.27775,8b3ed515-5e6f-449a-9b64-25113cda7a29,USDC-WETH,0.01%,USDC-WETH (0.01%)
2025-01-23T23:12:36.520Z,3545027,62.64972,62.64972,,,39.59848,8b3ed515-5e6f-449a-9b64-25113cda7a29,USDC-WETH,0.01%,USDC-WETH (0.01%)
2025-01-24T23:10:18.722Z,3570896,65.48368,65.48368,,,39.22877,8b3ed515-5e6f-449a-9b64-25113cda7a29,USDC-WETH,0.01%,USDC-WETH (0.01%)
2025-01-25T23:09:49.951Z,3891922,57.51836,57.51836,,,17.89998,8b3ed515-5e6f-449a-9b64-25113cda7a29,USDC-WETH,0.01%,USDC-WETH (0.01%)
2025-01-26T23:09:48.076Z,4003956,55.39576,55.39576,,,33.52735,8b3ed515-5e6f-449a-9b64-25113cda7a29,USDC-WETH,0.01%,USDC-WETH (0.01%)
2025-01-27T23:28:00.435Z,3808852,75.05844,75.05844,,,47.37242,8b3ed515-5e6f-449a-9b64-25113cda7a29,USDC-WETH,0.01%,USDC-WETH (0.01%)
2025-01-28T23:10:51.993Z,3718227,69.69864,69.69864,,,53.12042,8b3ed515-5e6f-449a-9b64-25113cda7a29,USDC-WETH,0.01%,USDC-WETH (0.01%)
2025-01-29T23:09:47.783Z,3781779,73.52772,73.52772,,,50.6814,8b3ed515-5e6f-449a-9b64-25113cda7a29,USDC-WETH,0.01%,USDC-WETH (0.01%)
2025-01-30T23:10:23.319Z,4448379,76.60336,76.60336,,,35.58645,8b3ed515-5e6f-449a-9b64-25113cda7a29,USDC-WETH,0.01%,USDC-WETH (0.01%)
2025-01-31T23:09:40.181Z,4714770,78.96236,78.96236,,,36.76729,8b3ed515-5e6f-449a-9b64-25113cda7a29,USDC-WETH,0.01%,USDC-WETH (0.01%)
2025-02-01T23:10:56.560Z,5055840,80.63672,80.63672,,,48.38712,8b3ed515-5e6f-449a-9b64-25113cda7a29,USDC-WETH,0.01%,USDC-WETH (0.01%)
2025-02-02T23:10:42.834Z,4579491,87.36738,87.36738,,,142.90951,8b3ed515-5e6f-449a-9b64-25113cda7a29,USDC-WETH,0.01%,USDC-WETH (0.01%)
2025-02-03T23:10:23.806Z,3404344,57.33784,57.33784,,,117.36026,8b3ed515-5e6f-449a-9b64-25113cda7a29,USDC-WETH,0.01%,USDC-WETH (0.01%)
2025-02-04T23:12:52.290Z,3231349,101.83923,101.83923,,,165.85219,8b3ed515-5e6f-449a-9b64-25113cda7a29,USDC-WETH,0.01%,USDC-WETH (0.01%)
2025-02-05T23:09:21.690Z,3374434,77.98593,77.98593,,,101.21385,8b3ed515-5e6f-449a-9b64-25113cda7a29,USDC-WETH,0.01%,USDC-WETH (0.01%)
2025-02-06T23:12:50.272Z,3345280,70.70336,70.70336,,,123.73048,8b3ed515-5e6f-449a-9b64-25113cda7a29,USDC-WETH,0.01%,USDC-WETH (0.01%)
2025-02-07T23:10:21.939Z,3433558,73.52022,73.52022,,,140.54728,8b3ed515-5e6f-449a-9b64-25113cda7a29,USDC-WETH,0.01%,USDC-WETH (0.01%)
2025-02-08T23:23:29.215Z,3405488,52.80719,52.80719,,,59.09685,8b3ed515-5e6f-449a-9b64-25113cda7a29,USDC-WETH,0.01%,USDC-WETH (0.01%)
2025-02-09T23:08:58.395Z,3577575,66.13355,66.13355,,,99.19741,8b3ed515-5e6f-449a-9b64-25113cda7a29,USDC-WETH,0.01%,USDC-WETH (0.01%)
2025-02-10T23:07:30.319Z,3669672,109.09257,109.09257,,,25.27726,8b3ed515-5e6f-449a-9b64-25113cda7a29,USDC-WETH,0.01%,USDC-WETH (0.01%)
2025-02-11T23:12:04.073Z,4276886,81.7263,81.7263,,,63.92538,8b3ed515-5e6f-449a-9b64-25113cda7a29,USDC-WETH,0.01%,USDC-WETH (0.01%)
2025-02-12T23:11:14.944Z,4585505,74.99805,74.99805,,,49.29646,8b3ed515-5e6f-449a-9b64-25113cda7a29,USDC-WETH,0.01%,USDC-WETH (0.01%)
2025-02-13T23:12:21.418Z,4359632,76.84508,76.84508,,,51.07292,8b3ed515-5e6f-449a-9b64-25113cda7a29,USDC-WETH,0.01%,USDC-WETH (0.01%)
2025-02-14T23:12:29.708Z,4474263,67.69261,67.69261,,,54.02519,8b3ed515-5e6f-449a-9b64-25113cda7a29,USDC-WETH,0.01%,USDC-WETH (0.01%)
2025-02-15T23:12:29.408Z,4463399,42.93694,42.93694,,,63.30486,8b3ed515-5e6f-449a-9b64-25113cda7a29,USDC-WETH,0.01%,USDC-WETH (0.01%)
2025-02-16T23:09:22.630Z,4559718,43.02956,43.02956,,,51.58913,8b3ed515-5e6f-449a-9b64-25113cda7a29,USDC-WETH,0.01%,USDC-WETH (0.01%)
2025-02-17T23:13:07.187Z,5373757,63.29974,63.29974,,,39.30973,8b3ed515-5e6f-449a-9b64-25113cda7a29,USDC-WETH,0.01%,USDC-WETH (0.01%)
2025-02-18T23:12:38.765Z,5288899,63.32174,63.32174,,,22.96512,8b3ed515-5e6f-449a-9b64-25113cda7a29,USDC-WETH,0.01%,USDC-WETH (0.01%)
2025-02-19T23:13:26.000Z,5431054,58.43391,58.43391,,,35.83658,8b3ed515-5e6f-449a-9b64-25113cda7a29,USDC-WETH,0.01%,USDC-WETH (0.01%)
2025-02-20T23:14:01.497Z,5506595,52.53416,52.53416,,,69.10686,8b3ed515-5e6f-449a-9b64-25113cda7a29,USDC-WETH,0.01%,USDC-WETH (0.01%)
2025-02-21T23:10:08.649Z,5299850,73.73932,73.73932,,,22.94208,8b3ed515-5e6f-449a-9b64-25113cda7a29,USDC-WETH,0.01%,USDC-WETH (0.01%)
2025-02-22T23:09:30.745Z,5412341,45.81703,45.81703,,,26.99466,8b3ed515-5e6f-449a-9b64-25113cda7a29,USDC-WETH,0.01%,USDC-WETH (0.01%)
2025-02-23T23:12:03.685Z,5505090,43.49529,43.49529,,,38.69006,8b3ed515-5e6f-449a-9b64-25113cda7a29,USDC-WETH,0.01%,USDC-WETH (0.01%)
2025-02-24T23:10:00.763Z,4838692,89.13045,89.13045,,,79.32722,8b3ed515-5e6f-449a-9b64-25113cda7a29,USDC-WETH,0.01%,USDC-WETH (0.01%)
2025-02-25T23:13:12.406Z,5284961,80.03011,80.03011,,,68.39141,8b3ed515-5e6f-449a-9b64-25113cda7a29,USDC-WETH,0.01%,USDC-WETH (0.01%)
2025-02-26T23:27:39.039Z,4931267,58.95658,58.95658,,,75.28669,8b3ed515-5e6f-449a-9b64-25113cda7a29,USDC-WETH,0.01%,USDC-WETH (0.01%)
2025-02-27T23:09:39.473Z,5112899,62.40263,62.40263,,,67.84285,8b3ed515-5e6f-449a-9b64-25113cda7a29,USDC-WETH,0.01%,USDC-WETH (0.01%)
2025-02-28T23:10:45.044Z,4724925,77.25684,77.25684,,,66.89886,8b3ed515-5e6f-449a-9b64-25113cda7a29,USDC-WETH,0.01%,USDC-WETH (0.01%)
2025-03-01T23:09:49.136Z,4728570,49.36177,49.36177,,,66.71105,8b3ed515-5e6f-449a-9b64-25113cda7a29,USDC-WETH,0.01%,USDC-WETH (0.01%)
2025-03-02T23:10:49.441Z,4745345,67.73246,67.73246,,,74.48625,8b3ed515-5e6f-449a-9b64-25113cda7a29,USDC-WETH,0.01%,USDC-WETH (0.01%)
2025-03-03T23:07:00.897Z,3927353,86.04009,86.04009,,,422.38235,8b3ed515-5e6f-449a-9b64-25113cda7a29,USDC-WETH,0.01%,USDC-WETH (0.01%)
2025-03-04T23:07:22.569Z,4404889,66.18815,66.18815,,,68.94502,8b3ed515-5e6f-449a-9b64-25113cda7a29,USDC-WETH,0.01%,USDC-WETH (0.01%)
2025-03-05T23:06:26.302Z,4549072,56.56576,56.56576,,,66.86454,8b3ed515-5e6f-449a-9b64-25113cda7a29,USDC-WETH,0.01%,USDC-WETH (0.01%)
2025-03-06T23:06:06.554Z,4814210,59.4543,59.4543,,,62.19455,8b3ed515-5e6f-449a-9b64-25113cda7a29,USDC-WETH,0.01%,USDC-WETH (0.01%)
2025-03-07T23:08:53.306Z,4702103,55.00119,55.00119,,,59.89867,8b3ed515-5e6f-449a-9b64-25113cda7a29,USDC-WETH,0.01%,USDC-WETH (0.01%)
2025-03-08T23:24:34.298Z,4751716,65.7069,65.7069,,,63.25242,8b3ed515-5e6f-449a-9b64-25113cda7a29,USDC-WETH,0.01%,USDC-WETH (0.01%)
2025-03-09T23:05:58.825Z,4342156,59.17362,59.17362,,,68.38515,8b3ed515-5e6f-449a-9b64-25113cda7a29,USDC-WETH,0.01%,USDC-WETH (0.01%)
2025-03-10T23:06:23.514Z,4217641,61.79367,61.79367,,,70.90014,8b3ed515-5e6f-449a-9b64-25113cda7a29,USDC-WETH,0.01%,USDC-WETH (0.01%)
2025-03-11T23:06:36.731Z,4195976,57.59159,57.59159,,,72.20945,8b3ed515-5e6f-449a-9b64-25113cda7a29,USDC-WETH,0.01%,USDC-WETH (0.01%)
2025-03-12T23:06:29.623Z,3982831,41.90103,41.90103,,,72.50529,8b3ed515-5e6f-449a-9b64-25113cda7a29,USDC-WETH,0.01%,USDC-WETH (0.01%)
2025-03-13T23:08:53.671Z,4299853,41.69607,41.69607,,,71.60478,8b3ed515-5e6f-449a-9b64-25113cda7a29,USDC-WETH,0.01%,USDC-WETH (0.01%)
2025-03-14T23:06:12.560Z,4353429,40.39966,40.39966,,,68.09301,8b3ed515-5e6f-449a-9b64-25113cda7a29,USDC-WETH,0.01%,USDC-WETH (0.01%)
2025-03-15T23:06:00.632Z,4471059,28.66335,28.66335,,,58.95146,8b3ed515-5e6f-449a-9b64-25113cda7a29,USDC-WETH,0.01%,USDC-WETH (0.01%)
2025-03-16T23:22:37.990Z,4019057,28.48843,28.48843,,,62.27802,8b3ed515-5e6f-449a-9b64-25113cda7a29,USDC-WETH,0.01%,USDC-WETH (0.01%)
2025-03-17T23:06:36.029Z,4143818,44.14678,44.14678,,,59.39298,8b3ed515-5e6f-449a-9b64-25113cda7a29,USDC-WETH,0.01%,USDC-WETH (0.01%)
2025-03-18T23:06:44.104Z,4144032,39.16022,39.16022,,,423.79452,8b3ed515-5e6f-449a-9b64-25113cda7a29,USDC-WETH,0.01%,USDC-WETH (0.01%)
2025-03-19T23:06:02.787Z,4509751,42.09355,42.09355,,,48.02682,8b3ed515-5e6f-449a-9b64-25113cda7a29,USDC-WETH,0.01%,USDC-WETH (0.01%)
2025-03-20T23:06:29.862Z,4599339,28.30411,28.30411,,,43.83671,8b3ed515-5e6f-449a-9b64-25113cda7a29,USDC-WETH,0.01%,USDC-WETH (0.01%)
2025-03-21T23:07:07.583Z,4853586,41.98526,41.98526,,,45.04683,8b3ed515-5e6f-449a-9b64-25113cda7a29,USDC-WETH,0.01%,USDC-WETH (0.01%)
2025-03-22T23:05:08.282Z,5051975,28.01764,28.01764,,,44.16412,8b3ed515-5e6f-449a-9b64-25113cda7a29,USDC-WETH,0.01%,USDC-WETH (0.01%)
2025-03-23T23:05:35.862Z,5196068,24.58712,24.58712,,,45.72928,8b3ed515-5e6f-449a-9b64-25113cda7a29,USDC-WETH,0.01%,USDC-WETH (0.01%)
2025-03-24T23:07:11.694Z,5821063,32.4055,32.4055,,,45.0674,8b3ed515-5e6f-449a-9b64-25113cda7a29,USDC-WETH,0.01%,USDC-WETH (0.01%)
2025-03-25T23:07:25.009Z,5632226,32.05259,32.05259,,,57.48748,8b3ed515-5e6f-449a-9b64-25113cda7a29,USDC-WETH,0.01%,USDC-WETH (0.01%)
2025-03-26T23:05:34.036Z,5587490,38.94871,38.94871,,,47.66986,8b3ed515-5e6f-449a-9b64-25113cda7a29,USDC-WETH,0.01%,USDC-WETH (0.01%)
2025-03-27T23:06:07.155Z,5633571,40.10399,40.10399,,,51.45692,8b3ed515-5e6f-449a-9b64-25113cda7a29,USDC-WETH,0.01%,USDC-WETH (0.01%)
2025-03-28T23:06:37.967Z,5817294,42.95051,42.95051,,,54.94632,8b3ed515-5e6f-449a-9b64-25113cda7a29,USDC-WETH,0.01%,USDC-WETH (0.01%)
2025-03-29T23:09:08.261Z,5568270,40.7886,40.7886,,,58.02702,8b3ed515-5e6f-449a-9b64-25113cda7a29,USDC-WETH,0.01%,USDC-WETH (0.01%)
2025-03-30T23:07:46.136Z,5384559,28.72759,28.72759,,,63.68491,8b3ed515-5e6f-449a-9b64-25113cda7a29,USDC-WETH,0.01%,USDC-WETH (0.01%)
2025-03-31T23:06:48.259Z,5265317,39.36824,39.36824,,,66.86894,8b3ed515-5e6f-449a-9b64-25113cda7a29,USDC-WETH,0.01%,USDC-WETH (0.01%)
2025-04-01T23:07:19.746Z,5529859,41.22592,41.22592,,,67.73201,8b3ed515-5e6f-449a-9b64-25113cda7a29,USDC-WETH,0.01%,USDC-WETH (0.01%)
2025-04-02T23:08:41.404Z,5259191,41.41209,41.41209,,,69.78168,8b3ed515-5e6f-449a-9b64-25113cda7a29,USDC-WETH,0.01%,USDC-WETH (0.01%)
2025-04-03T23:08:58.998Z,5284317,58.56013,58.56013,,,74.69401,8b3ed515-5e6f-449a-9b64-25113cda7a29,USDC-WETH,0.01%,USDC-WETH (0.01%)
2025-04-04T23:06:16.160Z,5281904,48.91408,48.91408,,,75.48012,8b3ed515-5e6f-449a-9b64-25113cda7a29,USDC-WETH,0.01%,USDC-WETH (0.01%)
2025-04-05T23:05:52.481Z,5316058,28.51255,28.51255,,,71.58949,8b3ed515-5e6f-449a-9b64-25113cda7a29,USDC-WETH,0.01%,USDC-WETH (0.01%)
2025-04-06T23:05:58.266Z,4461353,43.26294,43.26294,,,92.49272,8b3ed515-5e6f-449a-9b64-25113cda7a29,USDC-WETH,0.01%,USDC-WETH (0.01%)
2025-04-07T23:07:05.738Z,4486127,49.91866,49.91866,,,100.30103,8b3ed515-5e6f-449a-9b64-25113cda7a29,USDC-WETH,0.01%,USDC-WETH (0.01%)
2025-04-08T23:05:43.739Z,4579302,45.13148,45.13148,,,106.72287,8b3ed515-5e6f-449a-9b64-25113cda7a29,USDC-WETH,0.01%,USDC-WETH (0.01%)
2025-04-09T23:04:56.785Z,4506586,74.51663,74.51663,,,139.16888,8b3ed515-5e6f-449a-9b64-25113cda7a29,USDC-WETH,0.01%,USDC-WETH (0.01%)
2025-04-10T23:08:33.897Z,4317634,52.89927,52.89927,,,147.11567,8b3ed515-5e6f-449a-9b64-25113cda7a29,USDC-WETH,0.01%,USDC-WETH (0.01%)
2025-04-11T23:07:04.121Z,4377235,36.27946,36.27946,,,137.62798,8b3ed515-5e6f-449a-9b64-25113cda7a29,USDC-WETH,0.01%,USDC-WETH (0.01%)
2025-04-12T23:07:11.144Z,4517018,45.38245,45.38245,,,160.60592,8b3ed515-5e6f-449a-9b64-25113cda7a29,USDC-WETH,0.01%,USDC-WETH (0.01%)
2025-04-13T23:06:13.384Z,4399069,56.5009,56.5009,,,172.19208,8b3ed515-5e6f-449a-9b64-25113cda7a29,USDC-WETH,0.01%,USDC-WETH (0.01%)
2025-04-14T23:06:55.882Z,4472727,70.98359,70.98359,,,180.15853,8b3ed515-5e6f-449a-9b64-25113cda7a29,USDC-WETH,0.01%,USDC-WETH (0.01%)
2025-04-15T23:06:05.762Z,4536078,54.75916,54.75916,,,180.32525,8b3ed515-5e6f-449a-9b64-25113cda7a29,USDC-WETH,0.01%,USDC-WETH (0.01%)
2025-04-16T23:06:35.788Z,4552795,28.62252,28.62252,,,159.24616,8b3ed515-5e6f-449a-9b64-25113cda7a29,USDC-WETH,0.01%,USDC-WETH (0.01%)
2025-04-17T23:07:14.935Z,4617976,35.81756,35.81756,,,150.97523,8b3ed515-5e6f-449a-9b64-25113cda7a29,USDC-WETH,0.01%,USDC-WETH (0.01%)
2025-04-18T23:10:05.529Z,4643114,26.23518,26.23518,,,146.75773,8b3ed515-5e6f-449a-9b64-25113cda7a29,USDC-WETH,0.01%,USDC-WETH (0.01%)
2025-04-19T23:07:37.259Z,4732650,25.53968,25.53968,,,136.76209,8b3ed515-5e6f-449a-9b64-25113cda7a29,USDC-WETH,0.01%,USDC-WETH (0.01%)
2025-04-20T23:06:16.729Z,4595331,20.39283,20.39283,,,125.6795,8b3ed515-5e6f-449a-9b64-25113cda7a29,USDC-WETH,0.01%,USDC-WETH (0.01%)
2025-04-21T23:08:23.989Z,4906223,58.88966,58.88966,,,119.88775,8b3ed515-5e6f-449a-9b64-25113cda7a29,USDC-WETH,0.01%,USDC-WETH (0.01%)
2025-04-22T23:23:08.902Z,5234420,54.06184,54.06184,,,119.41149,8b3ed515-5e6f-449a-9b64-25113cda7a29,USDC-WETH,0.01%,USDC-WETH (0.01%)
2025-04-23T23:08:32.891Z,5745682,66.71696,66.71696,,,0.0,8b3ed515-5e6f-449a-9b64-25113cda7a29,USDC-WETH,0.01%,USDC-WETH (0.01%)
2025-04-24T23:06:50.792Z,5091701,42.76217,42.76217,,,0.0,8b3ed515-5e6f-449a-9b64-25113cda7a29,USDC-WETH,0.01%,USDC-WETH (0.01%)
2025-04-25T23:08:58.109Z,5213234,45.39234,45.39234,,,148.41655,8b3ed515-5e6f-449a-9b64-25113cda7a29,USDC-WETH,0.01%,USDC-WETH (0.01%)
2025-04-26T23:07:34.107Z,5184722,21.17016,21.17016,,,153.73948,8b3ed515-5e6f-449a-9b64-25113cda7a29,USDC-WETH,0.01%,USDC-WETH (0.01%)
2025-04-27T23:07:16.882Z,5106368,29.45313,29.45313,,,160.64765,8b3ed515-5e6f-449a-9b64-25113cda7a29,USDC-WETH,0.01%,USDC-WETH (0.01%)
2025-04-28T23:09:45.101Z,5286083,41.46313,41.46313,,,155.70869,8b3ed515-5e6f-449a-9b64-25113cda7a29,USDC-WETH,0.01%,USDC-WETH (0.01%)
2025-04-29T23:05:53.947Z,4966485,36.78631,36.78631,,,191.69133,8b3ed515-5e6f-449a-9b64-25113cda7a29,USDC-WETH,0.01%,USDC-WETH (0.01%)
2025-04-30T23:05:51.193Z,4976356,54.20833,54.20833,,,176.83414,8b3ed515-5e6f-449a-9b64-25113cda7a29,USDC-WETH,0.01%,USDC-WETH (0.01%)
2025-05-01T23:07:09.463Z,4957273,49.23111,49.23111,,,177.76729,8b3ed515-5e6f-449a-9b64-25113cda7a29,USDC-WETH,0.01%,USDC-WETH (0.01%)
2025-05-02T23:07:27.758Z,4629178,54.2465,54.2465,,,0.0,8b3ed515-5e6f-449a-9b64-25113cda7a29,USDC-WETH,0.01%,USDC-WETH (0.01%)
2025-05-03T23:06:24.090Z,4639523,21.91179,21.91179,,,193.54453,8b3ed515-5e6f-449a-9b64-25113cda7a29,USDC-WETH,0.01%,USDC-WETH (0.01%)
2025-05-04T23:07:45.467Z,4512518,31.49507,31.49507,,,187.625,8b3ed515-5e6f-449a-9b64-25113cda7a29,USDC-WETH,0.01%,USDC-WETH (0.01%)
2025-05-05T23:07:36.166Z,4539402,46.00948,46.00948,,,194.53163,8b3ed515-5e6f-449a-9b64-25113cda7a29,USDC-WETH,0.01%,USDC-WETH (0.01%)
2025-05-06T23:06:26.106Z,4507621,52.82619,52.82619,,,199.4978,8b3ed515-5e6f-449a-9b64-25113cda7a29,USDC-WETH,0.01%,USDC-WETH (0.01%)
2025-05-07T23:06:00.472Z,4645729,39.69431,39.69431,,,186.82966,8b3ed515-5e6f-449a-9b64-25113cda7a29,USDC-WETH,0.01%,USDC-WETH (0.01%)
2025-05-08T23:08:18.617Z,4970092,43.62393,43.62393,,,145.31455,8b3ed515-5e6f-449a-9b64-25113cda7a29,USDC-WETH,0.01%,USDC-WETH (0.01%)
2025-05-09T23:26:15.272Z,4733871,25.51444,25.51444,,,112.50828,8b3ed515-5e6f-449a-9b64-25113cda7a29,USDC-WETH,0.01%,USDC-WETH (0.01%)
2025-05-10T23:09:33.789Z,4925525,22.16346,22.16346,,,114.58423,8b3ed515-5e6f-449a-9b64-25113cda7a29,USDC-WETH,0.01%,USDC-WETH (0.01%)
2025-05-11T23:08:46.695Z,4838519,25.7113,25.7113,,,90.66776,8b3ed515-5e6f-449a-9b64-25113cda7a29,USDC-WETH,0.01%,USDC-WETH (0.01%)
2025-05-12T23:08:23.607Z,4892444,36.58291,36.58291,,,30.76759,8b3ed515-5e6f-449a-9b64-25113cda7a29,USDC-WETH,0.01%,USDC-WETH (0.01%)
2025-05-13T23:09:15.868Z,5095706,63.38566,63.38566,,,32.30057,8b3ed515-5e6f-449a-9b64-25113cda7a29,USDC-WETH,0.01%,USDC-WETH (0.01%)
2025-05-14T22:09:41.539Z,4983981,69.97612,69.97612,,,36.10552,8b3ed515-5e6f-449a-9b64-25113cda7a29,USDC-WETH,0.01%,USDC-WETH (0.01%)
2025-05-15T23:08:23.890Z,4934593,63.09317,63.09317,,,40.3926,8b3ed515-5e6f-449a-9b64-25113cda7a29,USDC-WETH,0.01%,USDC-WETH (0.01%)
2025-05-16T23:07:40.393Z,4448423,62.29305,62.29305,,,7.66213,8b3ed515-5e6f-449a-9b64-25113cda7a29,USDC-WETH,0.01%,USDC-WETH (0.01%)
2025-05-17T23:08:39.344Z,4338387,63.28327,63.28327,,,49.58671,8b3ed515-5e6f-449a-9b64-25113cda7a29,USDC-WETH,0.01%,USDC-WETH (0.01%)
2025-05-18T23:08:14.553Z,4271743,53.68796,53.68796,,,53.5408,8b3ed515-5e6f-449a-9b64-25113cda7a29,USDC-WETH,0.01%,USDC-WETH (0.01%)
2025-05-19T23:10:27.940Z,4353703,74.26443,74.26443,,,55.904,8b3ed515-5e6f-449a-9b64-25113cda7a29,USDC-WETH,0.01%,USDC-WETH (0.01%)
2025-05-20T23:08:15.510Z,4338626,52.38265,52.38265,,,53.45661,8b3ed515-5e6f-449a-9b64-25113cda7a29,USDC-WETH,0.01%,USDC-WETH (0.01%)
2025-05-21T23:11:03.086Z,4522147,65.60445,65.60445,,,47.3809,8b3ed515-5e6f-449a-9b64-25113cda7a29,USDC-WETH,0.01%,USDC-WETH (0.01%)
2025-05-22T23:09:12.945Z,4975551,81.28084,81.28084,,,39.72324,8b3ed515-5e6f-449a-9b64-25113cda7a29,USDC-WETH,0.01%,USDC-WETH (0.01%)
2025-05-23T23:09:41.887Z,4898252,92.69568,92.69568,,,45.56494,8b3ed515-5e6f-449a-9b64-25113cda7a29,USDC-WETH,0.01%,USDC-WETH (0.01%)
2025-05-24T23:10:43.554Z,4905723,62.29731,62.29731,,,46.25,8b3ed515-5e6f-449a-9b64-25113cda7a29,USDC-WETH,0.01%,USDC-WETH (0.01%)
2025-05-25T23:09:05.632Z,4958717,46.77685,46.77685,,,9.66157,8b3ed515-5e6f-449a-9b64-25113cda7a29,USDC-WETH,0.01%,USDC-WETH (0.01%)
2025-05-26T23:10:33.887Z,5055715,49.7485,49.7485,,,9.31825,8b3ed515-5e6f-449a-9b64-25113cda7a29,USDC-WETH,0.01%,USDC-WETH (0.01%)
2025-05-27T23:11:09.129Z,5296574,54.91134,54.91134,,,,8b3ed515-5e6f-449a-9b64-25113cda7a29,USDC-WETH,0.01%,USDC-WETH (0.01%)
2025-05-28T23:11:44.948Z,5298261,48.48939,48.48939,,,,8b3ed515-5e6f-449a-9b64-25113cda7a29,USDC-WETH,0.01%,USDC-WETH (0.01%)
2025-05-29T23:09:05.378Z,5198275,73.08372,73.08372,,,39.39846,8b3ed515-5e6f-449a-9b64-25113cda7a29,USDC-WETH,0.01%,USDC-WETH (0.01%)
2025-05-30T23:09:43.929Z,5145943,87.16516,87.16516,,,41.9117,8b3ed515-5e6f-449a-9b64-25113cda7a29,USDC-WETH,0.01%,USDC-WETH (0.01%)
2025-05-31T23:09:00.514Z,5650834,48.26091,48.26091,,,32.44564,8b3ed515-5e6f-449a-9b64-25113cda7a29,USDC-WETH,0.01%,USDC-WETH (0.01%)
2025-06-01T23:09:30.036Z,5687009,39.62195,39.62195,,,32.04046,8b3ed515-5e6f-449a-9b64-25113cda7a29,USDC-WETH,0.01%,USDC-WETH (0.01%)
2025-06-02T23:11:14.103Z,5881098,39.25808,39.25808,,,30.48296,8b3ed515-5e6f-449a-9b64-25113cda7a29,USDC-WETH,0.01%,USDC-WETH (0.01%)
2025-06-03T23:10:34.208Z,5912882,47.46187,47.46187,,,28.90516,8b3ed515-5e6f-449a-9b64-25113cda7a29,USDC-WETH,0.01%,USDC-WETH (0.01%)
2025-06-04T23:09:23.991Z,6046929,38.50715,38.50715,,,27.51406,8b3ed515-5e6f-449a-9b64-25113cda7a29,USDC-WETH,0.01%,USDC-WETH (0.01%)
2025-06-05T23:09:25.390Z,5772380,56.28234,56.28234,,,30.35409,8b3ed515-5e6f-449a-9b64-25113cda7a29,USDC-WETH,0.01%,USDC-WETH (0.01%)
2025-06-06T23:09:19.324Z,5833136,67.02913,67.02913,,,29.95516,8b3ed515-5e6f-449a-9b64-25113cda7a29,USDC-WETH,0.01%,USDC-WETH (0.01%)
2025-06-07T23:10:34.534Z,6079410,31.37466,31.37466,,,26.06616,8b3ed515-5e6f-449a-9b64-25113cda7a29,USDC-WETH,0.01%,USDC-WETH (0.01%)
2025-06-08T23:09:48.796Z,6069282,42.09304,42.09304,,,26.20302,8b3ed515-5e6f-449a-9b64-25113cda7a29,USDC-WETH,0.01%,USDC-WETH (0.01%)
2025-06-09T23:12:02.204Z,6224831,58.59723,58.59723,,,26.86386,8b3ed515-5e6f-449a-9b64-25113cda7a29,USDC-WETH,0.01%,USDC-WETH (0.01%)
2025-06-10T23:08:44.558Z,6144594,66.66724,66.66724,,,38.0991,8b3ed515-5e6f-449a-9b64-25113cda7a29,USDC-WETH,0.01%,USDC-WETH (0.01%)
2025-06-11T23:09:42.994Z,6120364,52.93527,52.93527,,,39.59141,8b3ed515-5e6f-449a-9b64-25113cda7a29,USDC-WETH,0.01%,USDC-WETH (0.01%)
2025-06-12T23:11:41.242Z,5921000,54.13192,54.13192,,,32.18257,8b3ed515-5e6f-449a-9b64-25113cda7a29,USDC-WETH,0.01%,USDC-WETH (0.01%)
2025-06-13T22:26:41.965Z,5830585,97.93765,97.93765,,,35.93779,8b3ed515-5e6f-449a-9b64-25113cda7a29,USDC-WETH,0.01%,USDC-WETH (0.01%)
2025-06-14T23:09:05.695Z,5786796,52.18376,52.18376,,,38.56657,8b3ed515-5e6f-449a-9b64-25113cda7a29,USDC-WETH,0.01%,USDC-WETH (0.01%)
2025-06-15T23:10:37.705Z,5776206,34.03196,34.03196,,,37.52774,8b3ed515-5e6f-449a-9b64-25113cda7a29,USDC-WETH,0.01%,USDC-WETH (0.01%)
2025-06-16T23:08:00.020Z,6063909,67.10619,67.10619,,,37.59906,8b3ed515-5e6f-449a-9b64-25113cda7a29,USDC-WETH,0.01%,USDC-WETH (0.01%)
2025-06-17T23:08:14.120Z,5749403,81.64543,81.64543,,,39.19293,8b3ed515-5e6f-449a-9b64-25113cda7a29,USDC-WETH,0.01%,USDC-WETH (0.01%)
2025-06-18T23:08:28.911Z,5809198,69.5903,69.5903,,,40.26185,8b3ed515-5e6f-449a-9b64-25113cda7a29,USDC-WETH,0.01%,USDC-WETH (0.01%)
2025-06-19T23:09:19.481Z,5799262,43.29207,43.29207,,,38.59442,8b3ed515-5e6f-449a-9b64-25113cda7a29,USDC-WETH,0.01%,USDC-WETH (0.01%)
2025-06-20T23:09:23.218Z,5584280,52.48155,52.48155,,,35.28193,8b3ed515-5e6f-449a-9b64-25113cda7a29,USDC-WETH,0.01%,USDC-WETH (0.01%)
2025-06-21T23:09:29.456Z,5409415,45.96257,45.96257,,,35.46106,8b3ed515-5e6f-449a-9b64-25113cda7a29,USDC-WETH,0.01%,USDC-WETH (0.01%)
2025-06-22T23:09:00.747Z,4451526,86.42197,86.42197,,,59.19408,8b3ed515-5e6f-449a-9b64-25113cda7a29,USDC-WETH,0.01%,USDC-WETH (0.01%)
2025-06-23T23:09:52.343Z,4945978,51.85387,51.85387,,,50.34015,8b3ed515-5e6f-449a-9b64-25113cda7a29,USDC-WETH,0.01%,USDC-WETH (0.01%)
2025-06-24T23:09:55.817Z,4996345,43.69885,43.69885,,,44.61333,8b3ed515-5e6f-449a-9b64-25113cda7a29,USDC-WETH,0.01%,USDC-WETH (0.01%)
2025-06-25T23:10:04.945Z,5094680,28.41727,28.41727,,,39.32359,8b3ed515-5e6f-449a-9b64-25113cda7a29,USDC-WETH,0.01%,USDC-WETH (0.01%)
2025-06-26T23:09:32.221Z,5071970,54.78758,54.78758,,,39.92269,8b3ed515-5e6f-449a-9b64-25113cda7a29,USDC-WETH,0.01%,USDC-WETH (0.01%)
2025-06-27T23:08:59.096Z,4877353,38.81791,38.81791,,,38.36052,8b3ed515-5e6f-449a-9b64-25113cda7a29,USDC-WETH,0.01%,USDC-WETH (0.01%)
2025-06-28T23:10:17.900Z,4909151,22.86207,22.86207,,,34.99737,8b3ed515-5e6f-449a-9b64-25113cda7a29,USDC-WETH,0.01%,USDC-WETH (0.01%)
2025-06-29T23:13:25.363Z,5450954,30.93129,30.93129,,,29.36254,8b3ed515-5e6f-449a-9b64-25113cda7a29,USDC-WETH,0.01%,USDC-WETH (0.01%)
2025-06-30T23:15:01.927Z,5394217,32.18576,32.18576,,,27.57279,8b3ed515-5e6f-449a-9b64-25113cda7a29,USDC-WETH,0.01%,USDC-WETH (0.01%)
2025-07-01T23:31:25.728Z,5286533,34.92852,34.92852,,,38.45085,8b3ed515-5e6f-449a-9b64-25113cda7a29,USDC-WETH,0.01%,USDC-WETH (0.01%)
2025-07-02T23:13:54.168Z,5627044,58.5046,58.5046,,,24.37986,8b3ed515-5e6f-449a-9b64-25113cda7a29,USDC-WETH,0.01%,USDC-WETH (0.01%)
2025-07-03T23:11:48.486Z,5634306,40.94735,40.94735,,,23.52042,8b3ed515-5e6f-449a-9b64-25113cda7a29,USDC-WETH,0.01%,USDC-WETH (0.01%)
2025-07-04T23:30:46.154Z,5564765,32.53106,32.53106,,,21.37094,8b3ed515-5e6f-449a-9b64-25113cda7a29,USDC-WETH,0.01%,USDC-WETH (0.01%)
2025-07-05T23:13:28.106Z,5541498,19.42465,19.42465,,,27.82956,8b3ed515-5e6f-449a-9b64-25113cda7a29,USDC-WETH,0.01%,USDC-WETH (0.01%)
2025-07-06T23:14:40.679Z,5619128,25.69108,25.69108,,,51.19521,8b3ed515-5e6f-449a-9b64-25113cda7a29,USDC-WETH,0.01%,USDC-WETH (0.01%)
2025-07-07T23:12:56.973Z,5624883,31.94565,31.94565,,,51.87661,8b3ed515-5e6f-449a-9b64-25113cda7a29,USDC-WETH,0.01%,USDC-WETH (0.01%)
2025-07-08T23:14:29.709Z,5657573,27.77137,27.77137,,,21.34838,8b3ed515-5e6f-449a-9b64-25113cda7a29,USDC-WETH,0.01%,USDC-WETH (0.01%)
2025-07-09T23:13:50.151Z,5843972,57.27569,57.27569,,,10.77879,8b3ed515-5e6f-449a-9b64-25113cda7a29,USDC-WETH,0.01%,USDC-WETH (0.01%)
2025-07-10T23:13:17.452Z,6077451,68.93599,68.93599,,,0.0,8b3ed515-5e6f-449a-9b64-25113cda7a29,USDC-WETH,0.01%,USDC-WETH (0.01%)
2025-07-11T23:16:14.071Z,5993988,54.11412,54.11412,,,,8b3ed515-5e6f-449a-9b64-25113cda7a29,USDC-WETH,0.01%,USDC-WETH (0.01%)
2025-07-12T23:14:35.765Z,5844066,46.00595,46.00595,,,40.48593,8b3ed515-5e6f-449a-9b64-25113cda7a29,USDC-WETH,0.01%,USDC-WETH (0.01%)
2025-07-13T21:16:29.493Z,5858453,0.0,0.0,,,0.0,8b3ed515-5e6f-449a-9b64-25113cda7a29,USDC-WETH,0.01%,USDC-WETH (0.01%)
2025-07-14T23:11:50.606Z,6129028,71.81297,71.81297,,,36.3214,8b3ed515-5e6f-449a-9b64-25113cda7a29,USDC-WETH,0.01%,USDC-WETH (0.01%)
2025-07-15T23:14:18.967Z,6569499,72.08511,72.08511,,,46.55981,8b3ed515-5e6f-449a-9b64-25113cda7a29,USDC-WETH,0.01%,USDC-WETH (0.01%)
2025-07-16T23:14:02.643Z,7396292,68.45532,68.45532,,,0.0,8b3ed515-5e6f-449a-9b64-25113cda7a29,USDC-WETH,0.01%,USDC-WETH (0.01%)
2025-07-17T23:15:43.444Z,6906644,53.37389,53.37389,,,,8b3ed515-5e6f-449a-9b64-25113cda7a29,USDC-WETH,0.01%,USDC-WETH (0.01%)
2025-07-18T23:14:24.953Z,6529189,106.91535,106.91535,,,0.0,8b3ed515-5e6f-449a-9b64-25113cda7a29,USDC-WETH,0.01%,USDC-WETH (0.01%)
2025-07-19T23:12:28.535Z,6544709,11.85629,11.85629,,,0.0,8b3ed515-5e6f-449a-9b64-25113cda7a29,USDC-WETH,0.01%,USDC-WETH (0.01%)
2025-07-20T23:27:34.920Z,6535989,83.19357,83.19357,,,0.0,8b3ed515-5e6f-449a-9b64-25113cda7a29,USDC-WETH,0.01%,USDC-WETH (0.01%)
2025-07-21T23:13:32.431Z,6491544,68.3038,68.3038,,,0.0,8b3ed515-5e6f-449a-9b64-25113cda7a29,USDC-WETH,0.01%,USDC-WETH (0.01%)
2025-07-22T23:11:22.751Z,6509945,74.29353,74.29353,,,0.0,8b3ed515-5e6f-449a-9b64-25113cda7a29,USDC-WETH,0.01%,USDC-WETH (0.01%)
2025-07-23T23:13:24.703Z,6200666,79.67281,79.67281,,,0.0,8b3ed515-5e6f-449a-9b64-25113cda7a29,USDC-WETH,0.01%,USDC-WETH (0.01%)
2025-07-24T23:31:43.745Z,6279136,76.16346,76.16346,,,0.0,8b3ed515-5e6f-449a-9b64-25113cda7a29,USDC-WETH,0.01%,USDC-WETH (0.01%)
2025-07-25T23:13:12.213Z,6992636,72.53036,72.53036,,,0.0,8b3ed515-5e6f-449a-9b64-25113cda7a29,USDC-WETH,0.01%,USDC-WETH (0.01%)
2025-07-26T23:14:41.850Z,7171346,35.33948,35.33948,,,0.0,8b3ed515-5e6f-449a-9b64-25113cda7a29,USDC-WETH,0.01%,USDC-WETH (0.01%)
2025-07-27T23:14:59.844Z,7327754,43.64936,43.64936,,,0.0,8b3ed515-5e6f-449a-9b64-25113cda7a29,USDC-WETH,0.01%,USDC-WETH (0.01%)
2025-07-28T23:14:23.489Z,7316091,66.34055,66.34055,,,0.0,8b3ed515-5e6f-449a-9b64-25113cda7a29,USDC-WETH,0.01%,USDC-WETH (0.01%)
2025-07-29T23:15:42.774Z,7233016,47.29497,47.29497,,,0.0,8b3ed515-5e6f-449a-9b64-25113cda7a29,USDC-WETH,0.01%,USDC-WETH (0.01%)
2025-07-30T23:16:08.252Z,7409003,50.83265,50.83265,,,0.0,8b3ed515-5e6f-449a-9b64-25113cda7a29,USDC-WETH,0.01%,USDC-WETH (0.01%)
2025-07-31T23:15:54.973Z,7396161,55.2641,55.2641,,,0.0,8b3ed515-5e6f-449a-9b64-25113cda7a29,USDC-WETH,0.01%,USDC-WETH (0.01%)
2025-08-01T23:15:51.688Z,6698309,85.54848,85.54848,,,,8b3ed515-5e6f-449a-9b64-25113cda7a29,USDC-WETH,0.01%,USDC-WETH (0.01%)
2025-08-02T23:15:46.874Z,6664359,80.02631,80.02631,,,0.0,8b3ed515-5e6f-449a-9b64-25113cda7a29,USDC-WETH,0.01%,USDC-WETH (0.01%)
2025-08-03T23:15:11.322Z,12032836,20.70515,20.70515,,,203.56968,8b3ed515-5e6f-449a-9b64-25113cda7a29,USDC-WETH,0.01%,USDC-WETH (0.01%)
2025-08-04T23:15:32.153Z,12380166,31.69511,31.69511,,,0.0,8b3ed515-5e6f-449a-9b64-25113cda7a29,USDC-WETH,0.01%,USDC-WETH (0.01%)
2025-08-05T23:13:05.413Z,12164299,43.17845,43.17845,,,,8b3ed515-5e6f-449a-9b64-25113cda7a29,USDC-WETH,0.01%,USDC-WETH (0.01%)
2025-08-06T23:14:18.196Z,12289641,28.84527,28.84527,,,0.0,8b3ed515-5e6f-449a-9b64-25113cda7a29,USDC-WETH,0.01%,USDC-WETH (0.01%)
2025-08-07T23:16:32.431Z,12655183,35.85009,35.85009,,,0.0,8b3ed515-5e6f-449a-9b64-25113cda7a29,USDC-WETH,0.01%,USDC-WETH (0.01%)
2025-08-08T23:12:57.228Z,12300056,42.33856,42.33856,,,0.0,8b3ed515-5e6f-449a-9b64-25113cda7a29,USDC-WETH,0.01%,USDC-WETH (0.01%)
2025-08-09T23:12:10.729Z,12848086,45.64022,45.64022,,,0.0,8b3ed515-5e6f-449a-9b64-25113cda7a29,USDC-WETH,0.01%,USDC-WETH (0.01%)
2025-08-10T23:15:48.220Z,12569671,32.0079,32.0079,,,0.0,8b3ed515-5e6f-449a-9b64-25113cda7a29,USDC-WETH,0.01%,USDC-WETH (0.01%)
2025-08-11T23:16:29.643Z,12824916,56.83975,56.83975,,,0.0,8b3ed515-5e6f-449a-9b64-25113cda7a29,USDC-WETH,0.01%,USDC-WETH (0.01%)
2025-08-12T23:12:36.786Z,13475575,60.76256,60.76256,,,,8b3ed515-5e6f-449a-9b64-25113cda7a29,USDC-WETH,0.01%,USDC-WETH (0.01%)
2025-08-13T23:32:12.647Z,13638680,60.8033,60.8033,,,0.0,8b3ed515-5e6f-449a-9b64-25113cda7a29,USDC-WETH,0.01%,USDC-WETH (0.01%)
2025-08-14T23:13:12.126Z,7221184,84.01191,84.01191,,,,8b3ed515-5e6f-449a-9b64-25113cda7a29,USDC-WETH,0.01%,USDC-WETH (0.01%)
2025-08-15T23:32:24.274Z,7188271,56.56776,56.56776,,,0.0,8b3ed515-5e6f-449a-9b64-25113cda7a29,USDC-WETH,0.01%,USDC-WETH (0.01%)
2025-08-16T23:28:15.586Z,7201342,27.22712,27.22712,,,0.0,8b3ed515-5e6f-449a-9b64-25113cda7a29,USDC-WETH,0.01%,USDC-WETH (0.01%)
2025-08-17T23:13:56.258Z,7512503,29.49722,29.49722,,,,8b3ed515-5e6f-449a-9b64-25113cda7a29,USDC-WETH,0.01%,USDC-WETH (0.01%)
2025-08-18T21:31:23.589Z,7396590,66.41953,66.41953,,,,8b3ed515-5e6f-449a-9b64-25113cda7a29,USDC-WETH,0.01%,USDC-WETH (0.01%)
2025-08-19T23:14:10.181Z,7246278,68.44405,68.44405,,,,8b3ed515-5e6f-449a-9b64-25113cda7a29,USDC-WETH,0.01%,USDC-WETH (0.01%)
2025-08-20T23:48:32.570Z,7485258,56.57369,56.57369,,,,8b3ed515-5e6f-449a-9b64-25113cda7a29,USDC-WETH,0.01%,USDC-WETH (0.01%)
2025-08-21T23:14:24.813Z,7388176,49.53266,49.53266,,,0.0,8b3ed515-5e6f-449a-9b64-25113cda7a29,USDC-WETH,0.01%,USDC-WETH (0.01%)
2025-08-22T23:15:41.339Z,7181103,64.28651,64.28651,,,,8b3ed515-5e6f-449a-9b64-25113cda7a29,USDC-WETH,0.01%,USDC-WETH (0.01%)
2025-08-23T22:14:42.919Z,7083413,0.0,0.0,,,0.0,8b3ed515-5e6f-449a-9b64-25113cda7a29,USDC-WETH,0.01%,USDC-WETH (0.01%)
2025-08-24T23:16:06.972Z,6591134,31.7502,31.7502,,,,8b3ed515-5e6f-449a-9b64-25113cda7a29,USDC-WETH,0.01%,USDC-WETH (0.01%)
2025-08-25T23:14:25.850Z,6315513,63.28502,63.28502,,,,8b3ed515-5e6f-449a-9b64-25113cda7a29,USDC-WETH,0.01%,USDC-WETH (0.01%)
2025-08-26T23:13:18.463Z,6526220,57.09408,57.09408,,,0.0,8b3ed515-5e6f-449a-9b64-25113cda7a29,USDC-WETH,0.01%,USDC-WETH (0.01%)
2025-08-27T23:13:53.916Z,6356904,43.89475,43.89475,,,0.0,8b3ed515-5e6f-449a-9b64-25113cda7a29,USDC-WETH,0.01%,USDC-WETH (0.01%)
2025-08-28T23:13:28.859Z,6351267,37.08542,37.08542,,,0.0,8b3ed515-5e6f-449a-9b64-25113cda7a29,USDC-WETH,0.01%,USDC-WETH (0.01%)
2025-08-29T23:13:29.035Z,5867815,67.41856,67.41856,,,0.0,8b3ed515-5e6f-449a-9b64-25113cda7a29,USDC-WETH,0.01%,USDC-WETH (0.01%)
2025-08-30T23:14:15.503Z,5787556,30.36575,30.36575,,,29.66401,8b3ed515-5e6f-449a-9b64-25113cda7a29,USDC-WETH,0.01%,USDC-WETH (0.01%)
2025-08-31T23:14:23.996Z,5802986,24.49728,24.49728,,,0.0,8b3ed515-5e6f-449a-9b64-25113cda7a29,USDC-WETH,0.01%,USDC-WETH (0.01%)
2025-09-01T23:12:11.116Z,5725222,71.44121,71.44121,,,0.0,8b3ed515-5e6f-449a-9b64-25113cda7a29,USDC-WETH,0.01%,USDC-WETH (0.01%)
2025-09-02T23:14:56.456Z,6545716,43.14735,43.14735,,,0.0,8b3ed515-5e6f-449a-9b64-25113cda7a29,USDC-WETH,0.01%,USDC-WETH (0.01%)
2025-09-03T23:12:50.223Z,6709547,36.57507,36.57507,,,0.0,8b3ed515-5e6f-449a-9b64-25113cda7a29,USDC-WETH,0.01%,USDC-WETH (0.01%)
2025-09-04T23:09:36.293Z,6901291,45.5484,45.5484,,,0.0,8b3ed515-5e6f-449a-9b64-25113cda7a29,USDC-WETH,0.01%,USDC-WETH (0.01%)
2025-09-05T23:13:16.636Z,6897183,43.90266,43.90266,,,0.0,8b3ed515-5e6f-449a-9b64-25113cda7a29,USDC-WETH,0.01%,USDC-WETH (0.01%)
2025-09-06T23:13:35.468Z,7076690,28.95295,28.95295,,,20.51897,8b3ed515-5e6f-449a-9b64-25113cda7a29,USDC-WETH,0.01%,USDC-WETH (0.01%)
2025-09-07T23:13:00.529Z,7219310,26.34616,26.34616,,,0.0,8b3ed515-5e6f-449a-9b64-25113cda7a29,USDC-WETH,0.01%,USDC-WETH (0.01%)
2025-09-08T23:15:32.557Z,7262412,34.80589,34.80589,,,0.0,8b3ed515-5e6f-449a-9b64-25113cda7a29,USDC-WETH,0.01%,USDC-WETH (0.01%)
2025-09-09T23:13:20.093Z,7262778,40.08083,40.08083,,,,8b3ed515-5e6f-449a-9b64-25113cda7a29,USDC-WETH,0.01%,USDC-WETH (0.01%)
2025-09-10T23:13:16.846Z,7338677,29.63514,29.63514,,,,8b3ed515-5e6f-449a-9b64-25113cda7a29,USDC-WETH,0.01%,USDC-WETH (0.01%)
2025-09-11T23:15:03.959Z,7459088,37.53052,37.53052,,,,8b3ed515-5e6f-449a-9b64-25113cda7a29,USDC-WETH,0.01%,USDC-WETH (0.01%)
2025-09-12T23:13:41.160Z,7533161,38.1072,38.1072,,,,8b3ed515-5e6f-449a-9b64-25113cda7a29,USDC-WETH,0.01%,USDC-WETH (0.01%)
2025-09-13T23:11:22.981Z,7434882,26.61928,26.61928,,,,8b3ed515-5e6f-449a-9b64-25113cda7a29,USDC-WETH,0.01%,USDC-WETH (0.01%)
2025-09-14T23:11:54.381Z,7402052,23.18837,23.18837,,,,8b3ed515-5e6f-449a-9b64-25113cda7a29,USDC-WETH,0.01%,USDC-WETH (0.01%)
2025-09-15T23:14:41.047Z,7373704,55.35265,55.35265,,,,8b3ed515-5e6f-449a-9b64-25113cda7a29,USDC-WETH,0.01%,USDC-WETH (0.01%)
2025-09-16T23:12:16.808Z,7954062,53.13844,53.13844,,,,8b3ed515-5e6f-449a-9b64-25113cda7a29,USDC-WETH,0.01%,USDC-WETH (0.01%)
2025-09-17T23:15:24.728Z,8097837,41.58169,41.58169,,,,8b3ed515-5e6f-449a-9b64-25113cda7a29,USDC-WETH,0.01%,USDC-WETH (0.01%)
2025-09-18T23:13:49.293Z,8116634,31.1811,31.1811,,,,8b3ed515-5e6f-449a-9b64-25113cda7a29,USDC-WETH,0.01%,USDC-WETH (0.01%)
2025-09-19T23:12:59.049Z,8034730,23.38813,23.38813,,,,8b3ed515-5e6f-449a-9b64-25113cda7a29,USDC-WETH,0.01%,USDC-WETH (0.01%)
2025-09-20T23:14:12.345Z,7988818,12.70008,12.70008,,,,8b3ed515-5e6f-449a-9b64-25113cda7a29,USDC-WETH,0.01%,USDC-WETH (0.01%)
2025-09-21T23:13:09.032Z,7941387,11.80304,11.80304,,,,8b3ed515-5e6f-449a-9b64-25113cda7a29,USDC-WETH,0.01%,USDC-WETH (0.01%)
2025-09-22T23:14:51.486Z,7249109,52.9565,52.9565,,,,8b3ed515-5e6f-449a-9b64-25113cda7a29,USDC-WETH,0.01%,USDC-WETH (0.01%)
2025-09-23T23:14:24.346Z,7243188,32.11719,32.11719,,,,8b3ed515-5e6f-449a-9b64-25113cda7a29,USDC-WETH,0.01%,USDC-WETH (0.01%)
2025-09-24T23:16:19.733Z,7241922,32.10046,32.10046,,,,8b3ed515-5e6f-449a-9b64-25113cda7a29,USDC-WETH,0.01%,USDC-WETH (0.01%)
2025-09-25T23:11:47.390Z,5455950,74.16539,74.16539,,,,8b3ed515-5e6f-449a-9b64-25113cda7a29,USDC-WETH,0.01%,USDC-WETH (0.01%)
2025-09-26T23:13:45.454Z,5575760,44.41635,44.41635,,,,8b3ed515-5e6f-449a-9b64-25113cda7a29,USDC-WETH,0.01%,USDC-WETH (0.01%)
2025-09-27T23:13:25.631Z,5722030,30.88769,30.88769,,,86.37104,8b3ed515-5e6f-449a-9b64-25113cda7a29,USDC-WETH,0.01%,USDC-WETH (0.01%)
2025-09-28T23:10:30.073Z,5949573,17.19713,17.19713,,,0.0,8b3ed515-5e6f-449a-9b64-25113cda7a29,USDC-WETH,0.01%,USDC-WETH (0.01%)
2025-09-29T23:09:03.261Z,6030075,43.43389,43.43389,,,84.07071,8b3ed515-5e6f-449a-9b64-25113cda7a29,USDC-WETH,0.01%,USDC-WETH (0.01%)
2025-09-30T23:11:03.656Z,6157586,34.2823,34.2823,,,88.85602,8b3ed515-5e6f-449a-9b64-25113cda7a29,USDC-WETH,0.01%,USDC-WETH (0.01%)
2025-10-01T23:10:15.228Z,6459827,36.13626,36.13626,,,20.3965,8b3ed515-5e6f-449a-9b64-25113cda7a29,USDC-WETH,0.01%,USDC-WETH (0.01%)
2025-10-02T23:07:55.785Z,6575379,48.15109,48.15109,,,19.32449,8b3ed515-5e6f-449a-9b64-25113cda7a29,USDC-WETH,0.01%,USDC-WETH (0.01%)
2025-10-03T23:07:29.007Z,6905425,36.00819,36.00819,,,22.07881,8b3ed515-5e6f-449a-9b64-25113cda7a29,USDC-WETH,0.01%,USDC-WETH (0.01%)
2025-10-04T23:07:58.392Z,6880112,18.36704,18.36704,,,20.07205,8b3ed515-5e6f-449a-9b64-25113cda7a29,USDC-WETH,0.01%,USDC-WETH (0.01%)
2025-10-05T23:07:41.435Z,6817963,27.19899,27.19899,,,18.26918,8b3ed515-5e6f-449a-9b64-25113cda7a29,USDC-WETH,0.01%,USDC-WETH (0.01%)
2025-10-06T23:12:03.230Z,6946243,35.75851,35.75851,,,25.89591,8b3ed515-5e6f-449a-9b64-25113cda7a29,USDC-WETH,0.01%,USDC-WETH (0.01%)
2025-10-07T23:12:33.051Z,6693964,51.57445,51.57445,,,,8b3ed515-5e6f-449a-9b64-25113cda7a29,USDC-WETH,0.01%,USDC-WETH (0.01%)
2025-10-08T23:10:36.810Z,6616226,40.4768,40.4768,,,,8b3ed515-5e6f-449a-9b64-25113cda7a29,USDC-WETH,0.01%,USDC-WETH (0.01%)
2025-10-09T23:10:34.989Z,6302671,44.7615,44.7615,,,28.89774,8b3ed515-5e6f-449a-9b64-25113cda7a29,USDC-WETH,0.01%,USDC-WETH (0.01%)
2025-10-10T21:10:11.385Z,5783327,54.05683,54.05683,,,0.0,8b3ed515-5e6f-449a-9b64-25113cda7a29,USDC-WETH,0.01%,USDC-WETH (0.01%)
2025-10-11T23:11:34.529Z,5106938,54.12576,54.12576,,,0.0,8b3ed515-5e6f-449a-9b64-25113cda7a29,USDC-WETH,0.01%,USDC-WETH (0.01%)
2025-10-12T23:11:53.824Z,5773913,45.7677,45.7677,,,0.0,8b3ed515-5e6f-449a-9b64-25113cda7a29,USDC-WETH,0.01%,USDC-WETH (0.01%)
2025-10-13T23:08:04.016Z,5868560,46.3712,46.3712,,,0.0,8b3ed515-5e6f-449a-9b64-25113cda7a29,USDC-WETH,0.01%,USDC-WETH (0.01%)
2025-10-14T23:06:59.023Z,5779883,54.2919,54.2919,,,0.0,8b3ed515-5e6f-449a-9b64-25113cda7a29,USDC-WETH,0.01%,USDC-WETH (0.01%)
2025-10-15T23:09:35.558Z,5613244,50.37508,50.37508,,,0.0,8b3ed515-5e6f-449a-9b64-25113cda7a29,USDC-WETH,0.01%,USDC-WETH (0.01%)
2025-10-16T23:09:21.599Z,5526751,39.64399,39.64399,,,0.0,8b3ed515-5e6f-449a-9b64-25113cda7a29,USDC-WETH,0.01%,USDC-WETH (0.01%)
2025-10-17T23:07:46.454Z,5691491,43.21799,43.21799,,,0.0,8b3ed515-5e6f-449a-9b64-25113cda7a29,USDC-WETH,0.01%,USDC-WETH (0.01%)
2025-10-18T23:09:16.634Z,5735885,19.31933,19.31933,,,0.0,8b3ed515-5e6f-449a-9b64-25113cda7a29,USDC-WETH,0.01%,USDC-WETH (0.01%)
2025-10-19T23:08:42.824Z,5847916,22.93359,22.93359,,,1626.91935,8b3ed515-5e6f-449a-9b64-25113cda7a29,USDC-WETH,0.01%,USDC-WETH (0.01%)
2025-10-20T23:10:16.949Z,5886266,26.66658,26.66658,,,0.0,8b3ed515-5e6f-449a-9b64-25113cda7a29,USDC-WETH,0.01%,USDC-WETH (0.01%)
2025-10-21T23:10:53.176Z,5824777,46.26152,46.26152,,,0.0,8b3ed515-5e6f-449a-9b64-25113cda7a29,USDC-WETH,0.01%,USDC-WETH (0.01%)
2025-10-22T23:11:03.814Z,5603592,41.00129,41.00129,,,0.0,8b3ed515-5e6f-449a-9b64-25113cda7a29,USDC-WETH,0.01%,USDC-WETH (0.01%)
2025-10-23T23:10:37.464Z,6189579,25.23053,25.23053,,,0.0,8b3ed515-5e6f-449a-9b64-25113cda7a29,USDC-WETH,0.01%,USDC-WETH (0.01%)
2025-10-24T23:10:51.286Z,6458747,42.08697,42.08697,,,512.05107,8b3ed515-5e6f-449a-9b64-25113cda7a29,USDC-WETH,0.01%,USDC-WETH (0.01%)
2025-10-25T23:47:05.883Z,6538129,14.4959,14.4959,,,313.49405,8b3ed515-5e6f-449a-9b64-25113cda7a29,USDC-WETH,0.01%,USDC-WETH (0.01%)
2025-10-26T21:14:42.573Z,7082642,17.99961,17.99961,,,353.3689,8b3ed515-5e6f-449a-9b64-25113cda7a29,USDC-WETH,0.01%,USDC-WETH (0.01%)
2025-10-27T23:29:32.479Z,6997179,36.42232,36.42232,,,3487.61123,8b3ed515-5e6f-449a-9b64-25113cda7a29,USDC-WETH,0.01%,USDC-WETH (0.01%)
2025-10-28T23:30:46.181Z,6853100,28.06064,28.06064,,,612.06777,8b3ed515-5e6f-449a-9b64-25113cda7a29,USDC-WETH,0.01%,USDC-WETH (0.01%)
2025-10-29T20:30:57.740Z,6770599,30.71506,30.71506,,,0.0,8b3ed515-5e6f-449a-9b64-25113cda7a29,USDC-WETH,0.01%,USDC-WETH (0.01%)
2025-10-30T23:47:01.808Z,6641716,38.55255,38.55255,,,0.0,8b3ed515-5e6f-449a-9b64-25113cda7a29,USDC-WETH,0.01%,USDC-WETH (0.01%)
2025-10-31T20:11:55.948Z,6345647,27.63378,27.63378,,,648.01058,8b3ed515-5e6f-449a-9b64-25113cda7a29,USDC-WETH,0.01%,USDC-WETH (0.01%)
2025-11-01T22:15:39.619Z,6367167,15.37904,15.37904,,,669.31821,8b3ed515-5e6f-449a-9b64-25113cda7a29,USDC-WETH,0.01%,USDC-WETH (0.01%)
2025-11-02T19:46:49.569Z,6365361,14.90857,14.90857,,,369.0244,8b3ed515-5e6f-449a-9b64-25113cda7a29,USDC-WETH,0.01%,USDC-WETH (0.01%)
2025-11-03T23:32:38.622Z,6067361,51.72567,51.72567,,,0.0,8b3ed515-5e6f-449a-9b64-25113cda7a29,USDC-WETH,0.01%,USDC-WETH (0.01%)
2025-11-04T23:28:10.207Z,4993773,53.77676,53.77676,,,52.26578,8b3ed515-5e6f-449a-9b64-25113cda7a29,USDC-WETH,0.01%,USDC-WETH (0.01%)
2025-11-05T23:30:25.271Z,5035052,23.97807,23.97807,,,0.0,8b3ed515-5e6f-449a-9b64-25113cda7a29,USDC-WETH,0.01%,USDC-WETH (0.01%)
2025-11-06T22:15:48.109Z,4656736,19.50461,19.50461,,,0.0,8b3ed515-5e6f-449a-9b64-25113cda7a29,USDC-WETH,0.01%,USDC-WETH (0.01%)
2025-11-07T23:28:57.686Z,4713881,18.57737,18.57737,,,0.0,8b3ed515-5e6f-449a-9b64-25113cda7a29,USDC-WETH,0.01%,USDC-WETH (0.01%)
2025-11-08T23:31:48.447Z,4636752,17.36267,17.36267,,,0.0,8b3ed515-5e6f-449a-9b64-25113cda7a29,USDC-WETH,0.01%,USDC-WETH (0.01%)
2025-11-09T23:32:36.951Z,4755138,21.14581,21.14581,,,0.0,8b3ed515-5e6f-449a-9b64-25113cda7a29,USDC-WETH,0.01%,USDC-WETH (0.01%)
2025-11-10T22:30:28.659Z,4692473,45.88793,45.88793,,,218.10374,8b3ed515-5e6f-449a-9b64-25113cda7a29,USDC-WETH,0.01%,USDC-WETH (0.01%)
2025-11-11T23:28:00.943Z,4609466,46.07072,46.07072,,,32.80129,8b3ed515-5e6f-449a-9b64-25113cda7a29,USDC-WETH,0.01%,USDC-WETH (0.01%)
2025-11-12T23:12:55.297Z,4597428,29.04063,29.04063,,,28.68037,8b3ed515-5e6f-449a-9b64-25113cda7a29,USDC-WETH,0.01%,USDC-WETH (0.01%)
2025-11-13T23:16:01.275Z,4295327,44.74009,44.74009,,,0.0,8b3ed515-5e6f-449a-9b64-25113cda7a29,USDC-WETH,0.01%,USDC-WETH (0.01%)
2025-11-14T23:11:28.380Z,4185606,46.22654,46.22654,,,0.0,8b3ed515-5e6f-449a-9b64-25113cda7a29,USDC-WETH,0.01%,USDC-WETH (0.01%)
2025-11-15T22:32:06.786Z,4204160,22.75542,22.75542,,,2536.35091,8b3ed515-5e6f-449a-9b64-25113cda7a29,USDC-WETH,0.01%,USDC-WETH (0.01%)
2025-11-16T23:16:06.749Z,4111042,33.95055,33.95055,,,43.19578,8b3ed515-5e6f-449a-9b64-25113cda7a29,USDC-WETH,0.01%,USDC-WETH (0.01%)
2025-11-17T23:08:40.525Z,4070902,51.27518,51.27518,,,42.91617,8b3ed515-5e6f-449a-9b64-25113cda7a29,USDC-WETH,0.01%,USDC-WETH (0.01%)
2025-11-18T23:15:10.389Z,4151543,53.28549,53.28549,,,51.20869,8b3ed515-5e6f-449a-9b64-25113cda7a29,USDC-WETH,0.01%,USDC-WETH (0.01%)
2025-11-19T23:13:02.763Z,3701616,61.57174,61.57174,,,62.75671,8b3ed515-5e6f-449a-9b64-25113cda7a29,USDC-WETH,0.01%,USDC-WETH (0.01%)
2025-11-20T23:11:51.334Z,3637561,50.79366,50.79366,,,61.81517,8b3ed515-5e6f-449a-9b64-25113cda7a29,USDC-WETH,0.01%,USDC-WETH (0.01%)
2025-11-21T23:13:47.660Z,3461411,45.52669,45.52669,,,64.97517,8b3ed515-5e6f-449a-9b64-25113cda7a29,USDC-WETH,0.01%,USDC-WETH (0.01%)
2025-11-22T23:11:16.949Z,3478190,27.87962,27.87962,,,66.20654,8b3ed515-5e6f-449a-9b64-25113cda7a29,USDC-WETH,0.01%,USDC-WETH (0.01%)
2025-11-23T23:11:31.212Z,3531803,27.60082,27.60082,,,63.4715,8b3ed515-5e6f-449a-9b64-25113cda7a29,USDC-WETH,0.01%,USDC-WETH (0.01%)
2025-11-24T23:12:19.265Z,3646171,35.20238,35.20238,,,57.96694,8b3ed515-5e6f-449a-9b64-25113cda7a29,USDC-WETH,0.01%,USDC-WETH (0.01%)
2025-11-25T23:07:51.121Z,3680171,25.40967,25.40967,,,51.10929,8b3ed515-5e6f-449a-9b64-25113cda7a29,USDC-WETH,0.01%,USDC-WETH (0.01%)
2025-11-26T23:08:59.252Z,3730121,31.92941,31.92941,,,45.0312,8b3ed515-5e6f-449a-9b64-25113cda7a29,USDC-WETH,0.01%,USDC-WETH (0.01%)
2025-11-27T23:10:24.903Z,3713259,28.30411,28.30411,,,40.92366,8b3ed515-5e6f-449a-9b64-25113cda7a29,USDC-WETH,0.01%,USDC-WETH (0.01%)
2025-11-28T23:13:04.382Z,3841847,24.72466,24.72466,,,0.0,8b3ed515-5e6f-449a-9b64-25113cda7a29,USDC-WETH,0.01%,USDC-WETH (0.01%)
2025-11-29T23:08:29.419Z,3785062,22.87044,22.87044,,,36.49954,8b3ed515-5e6f-449a-9b64-25113cda7a29,USDC-WETH,0.01%,USDC-WETH (0.01%)
2025-11-30T23:08:16.927Z,3828241,17.43711,17.43711,,,35.00965,8b3ed515-5e6f-449a-9b64-25113cda7a29,USDC-WETH,0.01%,USDC-WETH (0.01%)
2025-12-01T23:08:05.548Z,3618338,33.87689,33.87689,,,35.77998,8b3ed515-5e6f-449a-9b64-25113cda7a29,USDC-WETH,0.01%,USDC-WETH (0.01%)
2025-12-02T22:09:26.484Z,3794454,28.91624,28.91624,,,0.0,8b3ed515-5e6f-449a-9b64-25113cda7a29,USDC-WETH,0.01%,USDC-WETH (0.01%)
2025-12-03T22:10:16.718Z,3914868,31.18943,31.18943,,,34.37049,8b3ed515-5e6f-449a-9b64-25113cda7a29,USDC-WETH,0.01%,USDC-WETH (0.01%)
2025-12-04T23:09:51.168Z,3897769,31.74223,31.74223,,,35.66528,8b3ed515-5e6f-449a-9b64-25113cda7a29,USDC-WETH,0.01%,USDC-WETH (0.01%)
2025-12-05T23:09:40.312Z,3767426,29.9006,29.9006,,,0.0,8b3ed515-5e6f-449a-9b64-25113cda7a29,USDC-WETH,0.01%,USDC-WETH (0.01%)
2025-12-06T23:11:06.241Z,3844021,20.60618,20.60618,,,0.0,8b3ed515-5e6f-449a-9b64-25113cda7a29,USDC-WETH,0.01%,USDC-WETH (0.01%)
2025-12-07T23:09:52.105Z,3842425,44.91063,44.91063,,,0.0,8b3ed515-5e6f-449a-9b64-25113cda7a29,USDC-WETH,0.01%,USDC-WETH (0.01%)
2025-12-08T23:10:22.430Z,4108159,25.42942,25.42942,,,1307.69674,8b3ed515-5e6f-449a-9b64-25113cda7a29,USDC-WETH,0.01%,USDC-WETH (0.01%)
2025-12-09T23:04:59.404Z,4240430,23.8752,23.8752,,,35.89588,8b3ed515-5e6f-449a-9b64-25113cda7a29,USDC-WETH,0.01%,USDC-WETH (0.01%)
2025-12-10T23:09:56.985Z,4295602,21.42246,21.42246,,,34.59799,8b3ed515-5e6f-449a-9b64-25113cda7a29,USDC-WETH,0.01%,USDC-WETH (0.01%)
2025-12-11T23:06:52.929Z,4170138,27.66836,27.66836,,,35.32394,8b3ed515-5e6f-449a-9b64-25113cda7a29,USDC-WETH,0.01%,USDC-WETH (0.01%)
2025-12-12T23:09:01.469Z,4033374,25.34422,25.34422,,,35.59504,8b3ed515-5e6f-449a-9b64-25113cda7a29,USDC-WETH,0.01%,USDC-WETH (0.01%)
2025-12-13T23:08:42.856Z,4058499,13.53136,13.53136,,,944.02197,8b3ed515-5e6f-449a-9b64-25113cda7a29,USDC-WETH,0.01%,USDC-WETH (0.01%)
2025-12-14T23:08:50.780Z,3989520,18.6689,18.6689,,,0.0,8b3ed515-5e6f-449a-9b64-25113cda7a29,USDC-WETH,0.01%,USDC-WETH (0.01%)
2025-12-15T23:10:14.265Z,3869162,35.94201,35.94201,,,0.0,8b3ed515-5e6f-449a-9b64-25113cda7a29,USDC-WETH,0.01%,USDC-WETH (0.01%)
2025-12-16T23:07:19.003Z,3856906,23.16316,23.16316,,,31.64783,8b3ed515-5e6f-449a-9b64-25113cda7a29,USDC-WETH,0.01%,USDC-WETH (0.01%)
2025-12-17T23:07:02.971Z,3732614,21.75466,21.75466,,,31.66034,8b3ed515-5e6f-449a-9b64-25113cda7a29,USDC-WETH,0.01%,USDC-WETH (0.01%)
2025-12-18T23:08:04.252Z,3694716,25.37178,25.37178,,,30.69257,8b3ed515-5e6f-449a-9b64-25113cda7a29,USDC-WETH,0.01%,USDC-WETH (0.01%)
2025-12-19T23:06:51.940Z,3866343,22.98788,22.98788,,,29.27102,8b3ed515-5e6f-449a-9b64-25113cda7a29,USDC-WETH,0.01%,USDC-WETH (0.01%)
2025-12-20T23:07:27.889Z,3860188,9.38619,9.38619,,,28.4156,8b3ed515-5e6f-449a-9b64-25113cda7a29,USDC-WETH,0.01%,USDC-WETH (0.01%)
2025-12-21T23:05:26.996Z,3867811,10.69016,10.69016,,,26.80015,8b3ed515-5e6f-449a-9b64-25113cda7a29,USDC-WETH,0.01%,USDC-WETH (0.01%)
2025-12-22T23:07:52.113Z,3874294,21.74083,21.74083,,,24.22192,8b3ed515-5e6f-449a-9b64-25113cda7a29,USDC-WETH,0.01%,USDC-WETH (0.01%)
2025-12-23T23:09:13.038Z,3821735,19.51748,19.51748,,,205.63356,8b3ed515-5e6f-449a-9b64-25113cda7a29,USDC-WETH,0.01%,USDC-WETH (0.01%)
2025-12-24T23:07:02.612Z,3811331,11.4898,11.4898,,,22.15337,8b3ed515-5e6f-449a-9b64-25113cda7a29,USDC-WETH,0.01%,USDC-WETH (0.01%)
2025-12-25T23:07:09.973Z,3609407,8.28954,8.28954,,,20.4264,8b3ed515-5e6f-449a-9b64-25113cda7a29,USDC-WETH,0.01%,USDC-WETH (0.01%)
2025-12-26T23:07:48.139Z,3569866,17.53766,17.53766,,,19.70744,8b3ed515-5e6f-449a-9b64-25113cda7a29,USDC-WETH,0.01%,USDC-WETH (0.01%)
2025-12-27T23:06:34.785Z,3679152,11.37763,11.37763,,,19.10323,8b3ed515-5e6f-449a-9b64-25113cda7a29,USDC-WETH,0.01%,USDC-WETH (0.01%)
2025-12-28T23:08:35.430Z,3694887,10.89794,10.89794,,,19.03006,8b3ed515-5e6f-449a-9b64-25113cda7a29,USDC-WETH,0.01%,USDC-WETH (0.01%)
2025-12-29T23:07:47.695Z,3683232,26.5985,26.5985,,,18.51709,8b3ed515-5e6f-449a-9b64-25113cda7a29,USDC-WETH,0.01%,USDC-WETH (0.01%)
2025-12-30T23:07:10.729Z,3718138,21.26362,21.26362,,,18.66752,8b3ed515-5e6f-449a-9b64-25113cda7a29,USDC-WETH,0.01%,USDC-WETH (0.01%)
2025-12-31T23:07:36.058Z,3729439,16.28861,16.28861,,,19.48441,8b3ed515-5e6f-449a-9b64-25113cda7a29,USDC-WETH,0.01%,USDC-WETH (0.01%)
2026-01-01T23:06:24.561Z,3831335,8.58166,8.58166,,,19.36489,8b3ed515-5e6f-449a-9b64-25113cda7a29,USDC-WETH,0.01%,USDC-WETH (0.01%)
2026-01-02T23:07:28.926Z,3932931,15.95622,15.95622,,,18.91961,8b3ed515-5e6f-449a-9b64-25113cda7a29,USDC-WETH,0.01%,USDC-WETH (0.01%)
2026-01-03T23:07:41.298Z,3936368,14.29331,14.29331,,,19.49828,8b3ed515-5e6f-449a-9b64-25113cda7a29,USDC-WETH,0.01%,USDC-WETH (0.01%)
2026-01-04T23:08:00.155Z,3839159,9.99845,9.99845,,,258.03663,8b3ed515-5e6f-449a-9b64-25113cda7a29,USDC-WETH,0.01%,USDC-WETH (0.01%)
2026-01-05T21:07:10.827Z,3910889,14.05539,14.05539,,,244.02071,8b3ed515-5e6f-449a-9b64-25113cda7a29,USDC-WETH,0.01%,USDC-WETH (0.01%)
2026-01-06T23:23:54.534Z,3941134,19.63035,19.63035,,,18.75835,8b3ed515-5e6f-449a-9b64-25113cda7a29,USDC-WETH,0.01%,USDC-WETH (0.01%)
2026-01-07T23:07:48.845Z,3802873,14.00054,14.00054,,,17.9292,8b3ed515-5e6f-449a-9b64-25113cda7a29,USDC-WETH,0.01%,USDC-WETH (0.01%)
2026-01-08T23:07:14.726Z,3779166,13.82019,13.82019,,,19.00875,8b3ed515-5e6f-449a-9b64-25113cda7a29,USDC-WETH,0.01%,USDC-WETH (0.01%)
2026-01-09T23:07:57.409Z,3753398,15.78235,15.78235,,,18.93109,8b3ed515-5e6f-449a-9b64-25113cda7a29,USDC-WETH,0.01%,USDC-WETH (0.01%)
2026-01-10T23:07:00.157Z,3761689,8.18299,8.18299,,,17.45912,8b3ed515-5e6f-449a-9b64-25113cda7a29,USDC-WETH,0.01%,USDC-WETH (0.01%)
2026-01-11T23:09:19.846Z,3747019,9.11006,9.11006,,,17.77677,8b3ed515-5e6f-449a-9b64-25113cda7a29,USDC-WETH,0.01%,USDC-WETH (0.01%)
2026-01-12T23:07:01.717Z,3741549,13.03458,13.03458,,,17.46404,8b3ed515-5e6f-449a-9b64-25113cda7a29,USDC-WETH,0.01%,USDC-WETH (0.01%)
2026-01-13T23:07:21.178Z,8877048,7.15944,7.15944,,,18.12669,8b3ed515-5e6f-449a-9b64-25113cda7a29,USDC-WETH,0.01%,USDC-WETH (0.01%)
2026-01-14T23:07:18.244Z,3499512,19.42541,19.42541,,,20.28133,8b3ed515-5e6f-449a-9b64-25113cda7a29,USDC-WETH,0.01%,USDC-WETH (0.01%)
2026-01-15T23:07:40.465Z,3465442,15.28015,15.28015,,,20.19369,8b3ed515-5e6f-449a-9b64-25113cda7a29,USDC-WETH,0.01%,USDC-WETH (0.01%)
2026-01-16T23:08:01.390Z,3480687,20.90209,20.90209,,,19.72097,8b3ed515-5e6f-449a-9b64-25113cda7a29,USDC-WETH,0.01%,USDC-WETH (0.01%)
2026-01-17T23:07:10.724Z,3486555,6.33892,6.33892,,,20.536,8b3ed515-5e6f-449a-9b64-25113cda7a29,USDC-WETH,0.01%,USDC-WETH (0.01%)
2026-01-18T23:06:27.629Z,3582490,6.52808,6.52808,,,18.4498,8b3ed515-5e6f-449a-9b64-25113cda7a29,USDC-WETH,0.01%,USDC-WETH (0.01%)
2026-01-19T23:07:26.257Z,3498053,15.03133,15.03133,,,19.05584,8b3ed515-5e6f-449a-9b64-25113cda7a29,USDC-WETH,0.01%,USDC-WETH (0.01%)
2026-01-20T23:09:10.874Z,3299778,26.38913,26.38913,,,0.0,8b3ed515-5e6f-449a-9b64-25113cda7a29,USDC-WETH,0.01%,USDC-WETH (0.01%)
2026-01-21T23:07:56.599Z,3352309,29.12392,29.12392,,,28.26882,8b3ed515-5e6f-449a-9b64-25113cda7a29,USDC-WETH,0.01%,USDC-WETH (0.01%)
2026-01-22T23:07:12.179Z,3396790,22.08007,22.08007,,,24.07018,8b3ed515-5e6f-449a-9b64-25113cda7a29,USDC-WETH,0.01%,USDC-WETH (0.01%)
2026-01-23T23:08:44.204Z,3412855,24.56118,24.56118,,,26.07404,8b3ed515-5e6f-449a-9b64-25113cda7a29,USDC-WETH,0.01%,USDC-WETH (0.01%)
2026-01-24T23:06:44.040Z,3449102,9.31367,9.31367,,,26.54471,8b3ed515-5e6f-449a-9b64-25113cda7a29,USDC-WETH,0.01%,USDC-WETH (0.01%)
2026-01-25T23:06:46.339Z,3312287,25.36308,25.36308,,,30.89699,8b3ed515-5e6f-449a-9b64-25113cda7a29,USDC-WETH,0.01%,USDC-WETH (0.01%)
2026-01-26T23:09:14.936Z,3460951,31.92243,31.92243,,,32.92094,8b3ed515-5e6f-449a-9b64-25113cda7a29,USDC-WETH,0.01%,USDC-WETH (0.01%)
2026-01-27T23:09:15.196Z,3560717,22.51515,22.51515,,,31.66071,8b3ed515-5e6f-449a-9b64-25113cda7a29,USDC-WETH,0.01%,USDC-WETH (0.01%)
2026-01-28T17:09:06.271Z,3808072,26.35812,26.35812,,,141.15467,8b3ed515-5e6f-449a-9b64-25113cda7a29,USDC-WETH,0.01%,USDC-WETH (0.01%)
2026-01-29T23:09:57.593Z,3650315,23.62347,23.62347,,,29.78459,8b3ed515-5e6f-449a-9b64-25113cda7a29,USDC-WETH,0.01%,USDC-WETH (0.01%)
2026-01-30T23:09:06.105Z,3481147,23.48614,23.48614,,,45.01929,8b3ed515-5e6f-449a-9b64-25113cda7a29,USDC-WETH,0.01%,USDC-WETH (0.01%)
2026-01-31T23:11:28.547Z,3168906,40.12296,40.12296,,,38.2449,8b3ed515-5e6f-449a-9b64-25113cda7a29,USDC-WETH,0.01%,USDC-WETH (0.01%)
2026-02-01T23:10:36.758Z,3092944,25.9127,25.9127,,,38.59289,8b3ed515-5e6f-449a-9b64-25113cda7a29,USDC-WETH,0.01%,USDC-WETH (0.01%)
2026-02-02T23:09:07.820Z,3198870,33.49494,33.49494,,,38.37694,8b3ed515-5e6f-449a-9b64-25113cda7a29,USDC-WETH,0.01%,USDC-WETH (0.01%)
2026-02-03T23:09:58.326Z,3322327,43.86997,43.86997,,,41.81921,8b3ed515-5e6f-449a-9b64-25113cda7a29,USDC-WETH,0.01%,USDC-WETH (0.01%)
2026-02-04T23:08:24.340Z,2913069,28.94667,28.94667,,,49.51178,8b3ed515-5e6f-449a-9b64-25113cda7a29,USDC-WETH,0.01%,USDC-WETH (0.01%)
2026-02-05T23:06:38.438Z,2537183,43.11373,43.11373,,,54.3882,8b3ed515-5e6f-449a-9b64-25113cda7a29,USDC-WETH,0.01%,USDC-WETH (0.01%)
2026-02-06T23:09:02.455Z,2748260,43.85865,43.85865,,,54.32642,8b3ed515-5e6f-449a-9b64-25113cda7a29,USDC-WETH,0.01%,USDC-WETH (0.01%)
2026-02-07T23:05:12.819Z,2767233,25.59018,25.59018,,,50.06257,8b3ed515-5e6f-449a-9b64-25113cda7a29,USDC-WETH,0.01%,USDC-WETH (0.01%)
2026-02-08T22:09:43.865Z,2755250,17.86772,17.86772,,,169.79946,8b3ed515-5e6f-449a-9b64-25113cda7a29,USDC-WETH,0.01%,USDC-WETH (0.01%)
2026-02-09T23:08:41.493Z,2773487,18.77922,18.77922,,,43.71688,8b3ed515-5e6f-449a-9b64-25113cda7a29,USDC-WETH,0.01%,USDC-WETH (0.01%)
2026-02-10T23:09:46.717Z,2680146,25.68494,25.68494,,,38.8285,8b3ed515-5e6f-449a-9b64-25113cda7a29,USDC-WETH,0.01%,USDC-WETH (0.01%)
2026-02-11T23:09:40.561Z,2610255,35.68334,35.68334,,,38.29718,8b3ed515-5e6f-449a-9b64-25113cda7a29,USDC-WETH,0.01%,USDC-WETH (0.01%)
2026-02-12T23:09:39.261Z,2600728,19.41819,19.41819,,,33.75957,8b3ed515-5e6f-449a-9b64-25113cda7a29,USDC-WETH,0.01%,USDC-WETH (0.01%)
2026-02-13T23:09:40.893Z,2775843,21.93826,21.93826,,,30.22245,8b3ed515-5e6f-449a-9b64-25113cda7a29,USDC-WETH,0.01%,USDC-WETH (0.01%)
2026-02-14T23:09:01.462Z,2836513,22.85758,22.85758,,,29.4976,8b3ed515-5e6f-449a-9b64-25113cda7a29,USDC-WETH,0.01%,USDC-WETH (0.01%)
2026-02-15T23:14:15.548Z,2695021,22.26113,22.26113,,,,8b3ed515-5e6f-449a-9b64-25113cda7a29,USDC-WETH,0.01%,USDC-WETH (0.01%)
2026-02-16T23:08:46.871Z,2721571,19.36179,19.36179,,,31.2108,8b3ed515-5e6f-449a-9b64-25113cda7a29,USDC-WETH,0.01%,USDC-WETH (0.01%)
2026-02-17T23:10:16.941Z,2726663,23.88209,23.88209,,,32.70638,8b3ed515-5e6f-449a-9b64-25113cda7a29,USDC-WETH,0.01%,USDC-WETH (0.01%)
2026-02-18T23:08:42.741Z,2575023,28.42518,28.42518,,,34.6681,8b3ed515-5e6f-449a-9b64-25113cda7a29,USDC-WETH,0.01%,USDC-WETH (0.01%)
2026-02-19T23:09:15.073Z,2579417,40.09434,40.09434,,,35.29529,8b3ed515-5e6f-449a-9b64-25113cda7a29,USDC-WETH,0.01%,USDC-WETH (0.01%)
2026-02-20T23:08:11.441Z,2590168,28.98473,28.98473,,,36.27522,8b3ed515-5e6f-449a-9b64-25113cda7a29,USDC-WETH,0.01%,USDC-WETH (0.01%)
2026-02-21T23:08:15.516Z,2650649,14.64797,14.64797,,,31.28841,8b3ed515-5e6f-449a-9b64-25113cda7a29,USDC-WETH,0.01%,USDC-WETH (0.01%)
2026-02-22T23:09:27.832Z,2635452,14.00672,14.00672,,,29.47298,8b3ed515-5e6f-449a-9b64-25113cda7a29,USDC-WETH,0.01%,USDC-WETH (0.01%)
2026-02-23T23:08:46.348Z,2529594,28.93612,28.93612,,,31.9877,8b3ed515-5e6f-449a-9b64-25113cda7a29,USDC-WETH,0.01%,USDC-WETH (0.01%)
2026-02-24T23:10:26.440Z,2403193,38.6119,38.6119,,,38.21393,8b3ed515-5e6f-449a-9b64-25113cda7a29,USDC-WETH,0.01%,USDC-WETH (0.01%)
2026-02-25T23:09:34.517Z,2627682,34.67808,34.67808,,,45.14611,8b3ed515-5e6f-449a-9b64-25113cda7a29,USDC-WETH,0.01%,USDC-WETH (0.01%)
2026-02-26T23:09:03.946Z,2586965,27.13354,27.13354,,,35.31912,8b3ed515-5e6f-449a-9b64-25113cda7a29,USDC-WETH,0.01%,USDC-WETH (0.01%)
2026-02-27T23:09:05.077Z,2473778,22.09031,22.09031,,,38.60269,8b3ed515-5e6f-449a-9b64-25113cda7a29,USDC-WETH,0.01%,USDC-WETH (0.01%)
2026-02-28T23:08:58.902Z,2552986,34.26632,34.26632,,,40.36209,8b3ed515-5e6f-449a-9b64-25113cda7a29,USDC-WETH,0.01%,USDC-WETH (0.01%)
2026-03-01T23:09:07.502Z,2667864,24.47056,24.47056,,,41.19454,8b3ed515-5e6f-449a-9b64-25113cda7a29,USDC-WETH,0.01%,USDC-WETH (0.01%)
2026-03-02T23:10:12.988Z,2801100,25.04222,25.04222,,,39.70028,8b3ed515-5e6f-449a-9b64-25113cda7a29,USDC-WETH,0.01%,USDC-WETH (0.01%)
2026-03-03T23:13:07.337Z,2724413,33.96179,33.96179,,,42.42312,8b3ed515-5e6f-449a-9b64-25113cda7a29,USDC-WETH,0.01%,USDC-WETH (0.01%)
2026-03-04T23:11:06.998Z,2873862,52.85848,52.85848,,,46.13736,8b3ed515-5e6f-449a-9b64-25113cda7a29,USDC-WETH,0.01%,USDC-WETH (0.01%)
2026-03-05T23:13:19.901Z,2822816,22.69769,22.69769,,,252.94113,8b3ed515-5e6f-449a-9b64-25113cda7a29,USDC-WETH,0.01%,USDC-WETH (0.01%)
2026-03-06T23:11:29.173Z,2726415,24.52575,24.52575,,,249.21452,8b3ed515-5e6f-449a-9b64-25113cda7a29,USDC-WETH,0.01%,USDC-WETH (0.01%)
2026-03-07T23:08:10.500Z,2709308,15.66302,15.66302,,,44.49336,8b3ed515-5e6f-449a-9b64-25113cda7a29,USDC-WETH,0.01%,USDC-WETH (0.01%)
2026-03-08T23:09:42.471Z,2690749,21.81821,21.81821,,,42.14491,8b3ed515-5e6f-449a-9b64-25113cda7a29,USDC-WETH,0.01%,USDC-WETH (0.01%)
2026-03-09T23:06:43.677Z,2753369,23.05241,23.05241,,,40.96933,8b3ed515-5e6f-449a-9b64-25113cda7a29,USDC-WETH,0.01%,USDC-WETH (0.01%)
2026-03-10T23:11:43.908Z,2772969,34.13201,34.13201,,,42.93567,8b3ed515-5e6f-449a-9b64-25113cda7a29,USDC-WETH,0.01%,USDC-WETH (0.01%)
2026-03-11T23:08:55.891Z,2809372,24.80301,24.80301,,,35.53669,8b3ed515-5e6f-449a-9b64-25113cda7a29,USDC-WETH,0.01%,USDC-WETH (0.01%)
2026-03-12T23:12:38.468Z,2812954,32.59822,32.59822,,,35.87026,8b3ed515-5e6f-449a-9b64-25113cda7a29,USDC-WETH,0.01%,USDC-WETH (0.01%)
2026-03-13T23:10:11.939Z,2853370,30.38736,30.38736,,,35.33071,8b3ed515-5e6f-449a-9b64-25113cda7a29,USDC-WETH,0.01%,USDC-WETH (0.01%)
2026-03-14T23:10:49.727Z,2854262,17.55935,17.55935,,,34.05561,8b3ed515-5e6f-449a-9b64-25113cda7a29,USDC-WETH,0.01%,USDC-WETH (0.01%)
2026-03-15T23:11:31.158Z,2945024,10.51394,10.51394,,,30.99765,8b3ed515-5e6f-449a-9b64-25113cda7a29,USDC-WETH,0.01%,USDC-WETH (0.01%)
2026-03-16T23:09:40.810Z,3096513,43.69782,43.69782,,,35.66714,8b3ed515-5e6f-449a-9b64-25113cda7a29,USDC-WETH,0.01%,USDC-WETH (0.01%)
2026-03-17T23:10:10.496Z,3103338,44.45189,44.45189,,,41.2919,8b3ed515-5e6f-449a-9b64-25113cda7a29,USDC-WETH,0.01%,USDC-WETH (0.01%)
2026-03-18T22:12:13.584Z,2984759,22.16102,22.16102,,,41.92564,8b3ed515-5e6f-449a-9b64-25113cda7a29,USDC-WETH,0.01%,USDC-WETH (0.01%)
2026-03-19T23:11:28.320Z,2920923,36.91868,36.91868,,,46.23607,8b3ed515-5e6f-449a-9b64-25113cda7a29,USDC-WETH,0.01%,USDC-WETH (0.01%)
2026-03-20T23:09:46.553Z,2889898,19.67475,19.67475,,,45.47678,8b3ed515-5e6f-449a-9b64-25113cda7a29,USDC-WETH,0.01%,USDC-WETH (0.01%)
2026-03-21T23:09:52.348Z,2904166,17.87057,17.87057,,,45.6742,8b3ed515-5e6f-449a-9b64-25113cda7a29,USDC-WETH,0.01%,USDC-WETH (0.01%)
2026-03-22T23:09:24.921Z,2804867,32.42851,32.42851,,,47.72083,8b3ed515-5e6f-449a-9b64-25113cda7a29,USDC-WETH,0.01%,USDC-WETH (0.01%)
2026-03-23T23:10:20.633Z,3073860,38.55416,38.55416,,,47.48377,8b3ed515-5e6f-449a-9b64-25113cda7a29,USDC-WETH,0.01%,USDC-WETH (0.01%)
2026-03-24T23:13:00.579Z,3191888,38.94631,38.94631,,,44.25992,8b3ed515-5e6f-449a-9b64-25113cda7a29,USDC-WETH,0.01%,USDC-WETH (0.01%)
2026-03-25T19:12:59.485Z,3235658,31.61416,31.61416,,,44.93234,8b3ed515-5e6f-449a-9b64-25113cda7a29,USDC-WETH,0.01%,USDC-WETH (0.01%)
