timestamp,tvlUsd,apy,apyBase,apyReward,il7d,apyBase7d,pool_id,symbol,feeTier,label
2022-05-25T00:00:00.000Z,174634,0.97609,0.97609,,,,1529a452-3563-44fa-95f2-08a01baa55ee,WBTC-USDC,1%,WBTC-USDC (1%)
2022-05-26T00:00:00.000Z,174814,24.12832,24.12832,,,,1529a452-3563-44fa-95f2-08a01baa55ee,WBTC-USDC,1%,WBTC-USDC (1%)
2022-05-27T00:00:00.000Z,174330,5.27741,5.27741,,,,1529a452-3563-44fa-95f2-08a01baa55ee,WBTC-USDC,1%,WBTC-USDC (1%)
2022-05-28T00:00:00.000Z,174720,5.25248,5.25248,,,,1529a452-3563-44fa-95f2-08a01baa55ee,WBTC-USDC,1%,WBTC-USDC (1%)
2022-05-29T00:00:00.000Z,174856,0.0,0.0,,,,1529a452-3563-44fa-95f2-08a01baa55ee,WBTC-USDC,1%,WBTC-USDC (1%)
2022-05-30T00:00:00.000Z,175591,2.75033,2.75033,,,,1529a452-3563-44fa-95f2-08a01baa55ee,WBTC-USDC,1%,WBTC-USDC (1%)
2022-05-31T00:00:00.000Z,201081,0.41032,0.41032,,,,1529a452-3563-44fa-95f2-08a01baa55ee,WBTC-USDC,1%,WBTC-USDC (1%)
2022-06-01T00:00:00.000Z,198619,1.20352,1.20352,,,,1529a452-3563-44fa-95f2-08a01baa55ee,WBTC-USDC,1%,WBTC-USDC (1%)
2022-06-02T00:00:00.000Z,199421,0.50052,0.50052,,,,1529a452-3563-44fa-95f2-08a01baa55ee,WBTC-USDC,1%,WBTC-USDC (1%)
2022-06-03T00:00:00.000Z,198371,1.15717,1.15717,,,,1529a452-3563-44fa-95f2-08a01baa55ee,WBTC-USDC,1%,WBTC-USDC (1%)
2022-06-05T00:00:00.000Z,199092,0.18289,0.18289,,,,1529a452-3563-44fa-95f2-08a01baa55ee,WBTC-USDC,1%,WBTC-USDC (1%)
2022-06-06T00:00:00.000Z,200817,3.05327,3.05327,,,,1529a452-3563-44fa-95f2-08a01baa55ee,WBTC-USDC,1%,WBTC-USDC (1%)
2022-06-07T00:00:00.000Z,202228,3.54548,3.54548,,,,1529a452-3563-44fa-95f2-08a01baa55ee,WBTC-USDC,1%,WBTC-USDC (1%)
2022-06-08T00:00:00.000Z,199147,0.77733,0.77733,,,,1529a452-3563-44fa-95f2-08a01baa55ee,WBTC-USDC,1%,WBTC-USDC (1%)
2022-06-09T00:00:00.000Z,198969,0.0055,0.0055,,,,1529a452-3563-44fa-95f2-08a01baa55ee,WBTC-USDC,1%,WBTC-USDC (1%)
2022-06-10T00:00:00.000Z,197842,0.85735,0.85735,,,,1529a452-3563-44fa-95f2-08a01baa55ee,WBTC-USDC,1%,WBTC-USDC (1%)
2022-06-11T00:00:00.000Z,174528,7.21676,7.21676,,,,1529a452-3563-44fa-95f2-08a01baa55ee,WBTC-USDC,1%,WBTC-USDC (1%)
2022-06-12T00:00:00.000Z,173676,93.29788,93.29788,,,,1529a452-3563-44fa-95f2-08a01baa55ee,WBTC-USDC,1%,WBTC-USDC (1%)
2022-06-13T00:00:00.000Z,184597,754.62973,754.62973,,,,1529a452-3563-44fa-95f2-08a01baa55ee,WBTC-USDC,1%,WBTC-USDC (1%)
2022-06-14T00:00:00.000Z,787275,57.85522,57.85522,,,,1529a452-3563-44fa-95f2-08a01baa55ee,WBTC-USDC,1%,WBTC-USDC (1%)
2022-06-15T00:00:00.000Z,809431,196.11599,196.11599,,,,1529a452-3563-44fa-95f2-08a01baa55ee,WBTC-USDC,1%,WBTC-USDC (1%)
2022-06-16T00:00:00.000Z,1237416,37.10719,37.10719,,,,1529a452-3563-44fa-95f2-08a01baa55ee,WBTC-USDC,1%,WBTC-USDC (1%)
2022-06-17T00:00:00.000Z,1013808,32.54818,32.54818,,,,1529a452-3563-44fa-95f2-08a01baa55ee,WBTC-USDC,1%,WBTC-USDC (1%)
2022-06-18T00:00:00.000Z,966929,76.10424,76.10424,,,,1529a452-3563-44fa-95f2-08a01baa55ee,WBTC-USDC,1%,WBTC-USDC (1%)
2022-06-19T00:00:00.000Z,1025885,50.93773,50.93773,,,,1529a452-3563-44fa-95f2-08a01baa55ee,WBTC-USDC,1%,WBTC-USDC (1%)
2022-06-20T00:00:00.000Z,1016259,34.50094,34.50094,,,,1529a452-3563-44fa-95f2-08a01baa55ee,WBTC-USDC,1%,WBTC-USDC (1%)
2022-06-21T00:00:00.000Z,1029028,20.22965,20.22965,,,,1529a452-3563-44fa-95f2-08a01baa55ee,WBTC-USDC,1%,WBTC-USDC (1%)
2022-06-22T00:00:00.000Z,1609106,46.62777,46.62777,,,,1529a452-3563-44fa-95f2-08a01baa55ee,WBTC-USDC,1%,WBTC-USDC (1%)
2022-06-23T00:00:00.000Z,1021716,69.4662,69.4662,,,,1529a452-3563-44fa-95f2-08a01baa55ee,WBTC-USDC,1%,WBTC-USDC (1%)
2022-06-24T00:00:00.000Z,1033640,8.99172,8.99172,,,,1529a452-3563-44fa-95f2-08a01baa55ee,WBTC-USDC,1%,WBTC-USDC (1%)
2022-06-25T00:00:00.000Z,1037713,3.60069,3.60069,,,,1529a452-3563-44fa-95f2-08a01baa55ee,WBTC-USDC,1%,WBTC-USDC (1%)
2022-06-26T00:00:00.000Z,1026622,6.94484,6.94484,,,,1529a452-3563-44fa-95f2-08a01baa55ee,WBTC-USDC,1%,WBTC-USDC (1%)
2022-06-27T00:00:00.000Z,1017240,6.76887,6.76887,,,,1529a452-3563-44fa-95f2-08a01baa55ee,WBTC-USDC,1%,WBTC-USDC (1%)
2022-06-28T00:00:00.000Z,1001000,10.47918,10.47918,,,,1529a452-3563-44fa-95f2-08a01baa55ee,WBTC-USDC,1%,WBTC-USDC (1%)
2022-06-29T00:00:00.000Z,1014913,3.99074,3.99074,,,,1529a452-3563-44fa-95f2-08a01baa55ee,WBTC-USDC,1%,WBTC-USDC (1%)
2022-06-30T00:00:00.000Z,952028,15.67885,15.67885,,,,1529a452-3563-44fa-95f2-08a01baa55ee,WBTC-USDC,1%,WBTC-USDC (1%)
2022-07-01T00:00:00.000Z,987927,48.15657,48.15657,,,,1529a452-3563-44fa-95f2-08a01baa55ee,WBTC-USDC,1%,WBTC-USDC (1%)
2022-07-02T00:00:00.000Z,985240,3.26015,3.26015,,,,1529a452-3563-44fa-95f2-08a01baa55ee,WBTC-USDC,1%,WBTC-USDC (1%)
2022-07-03T00:00:00.000Z,984066,5.82442,5.82442,,,,1529a452-3563-44fa-95f2-08a01baa55ee,WBTC-USDC,1%,WBTC-USDC (1%)
2022-07-04T00:00:00.000Z,1011657,12.31304,12.31304,,,,1529a452-3563-44fa-95f2-08a01baa55ee,WBTC-USDC,1%,WBTC-USDC (1%)
2022-07-05T00:00:00.000Z,1020700,26.66167,26.66167,,,,1529a452-3563-44fa-95f2-08a01baa55ee,WBTC-USDC,1%,WBTC-USDC (1%)
2022-07-06T00:00:00.000Z,1029199,9.9618,9.9618,,,,1529a452-3563-44fa-95f2-08a01baa55ee,WBTC-USDC,1%,WBTC-USDC (1%)
2022-07-07T00:00:00.000Z,1062192,13.59376,13.59376,,,,1529a452-3563-44fa-95f2-08a01baa55ee,WBTC-USDC,1%,WBTC-USDC (1%)
2022-07-08T00:00:00.000Z,1069272,23.30712,23.30712,,,,1529a452-3563-44fa-95f2-08a01baa55ee,WBTC-USDC,1%,WBTC-USDC (1%)
2022-07-09T00:00:00.000Z,1064095,2.37177,2.37177,,,,1529a452-3563-44fa-95f2-08a01baa55ee,WBTC-USDC,1%,WBTC-USDC (1%)
2022-07-10T00:00:00.000Z,1039854,9.1009,9.1009,,,,1529a452-3563-44fa-95f2-08a01baa55ee,WBTC-USDC,1%,WBTC-USDC (1%)
2022-07-11T00:00:00.000Z,1011798,10.74412,10.74412,,,,1529a452-3563-44fa-95f2-08a01baa55ee,WBTC-USDC,1%,WBTC-USDC (1%)
2022-07-12T00:00:00.000Z,991309,11.28169,11.28169,,,,1529a452-3563-44fa-95f2-08a01baa55ee,WBTC-USDC,1%,WBTC-USDC (1%)
2022-07-13T00:00:00.000Z,1006560,19.98418,19.98418,,,,1529a452-3563-44fa-95f2-08a01baa55ee,WBTC-USDC,1%,WBTC-USDC (1%)
2022-07-14T00:00:00.000Z,1029347,23.41203,23.41203,,,,1529a452-3563-44fa-95f2-08a01baa55ee,WBTC-USDC,1%,WBTC-USDC (1%)
2022-07-15T00:00:00.000Z,1044197,4.90117,4.90117,,,,1529a452-3563-44fa-95f2-08a01baa55ee,WBTC-USDC,1%,WBTC-USDC (1%)
2022-07-16T00:00:00.000Z,1055318,19.09447,19.09447,,,,1529a452-3563-44fa-95f2-08a01baa55ee,WBTC-USDC,1%,WBTC-USDC (1%)
2022-07-17T00:00:00.000Z,1048370,7.64996,7.64996,,,,1529a452-3563-44fa-95f2-08a01baa55ee,WBTC-USDC,1%,WBTC-USDC (1%)
2022-07-18T00:00:00.000Z,1072026,30.55043,30.55043,,,,1529a452-3563-44fa-95f2-08a01baa55ee,WBTC-USDC,1%,WBTC-USDC (1%)
2022-07-19T00:00:00.000Z,728976,753.24341,753.24341,,,,1529a452-3563-44fa-95f2-08a01baa55ee,WBTC-USDC,1%,WBTC-USDC (1%)
2022-07-20T00:00:00.000Z,734052,17.2598,17.2598,,,,1529a452-3563-44fa-95f2-08a01baa55ee,WBTC-USDC,1%,WBTC-USDC (1%)
2022-07-21T00:00:00.000Z,723795,11.23158,11.23158,,,,1529a452-3563-44fa-95f2-08a01baa55ee,WBTC-USDC,1%,WBTC-USDC (1%)
2022-07-22T00:00:00.000Z,716185,10.26717,10.26717,,,,1529a452-3563-44fa-95f2-08a01baa55ee,WBTC-USDC,1%,WBTC-USDC (1%)
2022-07-23T00:00:00.000Z,710594,4.94161,4.94161,,,,1529a452-3563-44fa-95f2-08a01baa55ee,WBTC-USDC,1%,WBTC-USDC (1%)
2022-07-24T00:00:00.000Z,720599,4.65037,4.65037,,,,1529a452-3563-44fa-95f2-08a01baa55ee,WBTC-USDC,1%,WBTC-USDC (1%)
2022-07-25T00:00:00.000Z,883584,14.95075,14.95075,,,,1529a452-3563-44fa-95f2-08a01baa55ee,WBTC-USDC,1%,WBTC-USDC (1%)
2022-07-26T00:00:00.000Z,871518,9.40035,9.40035,,,,1529a452-3563-44fa-95f2-08a01baa55ee,WBTC-USDC,1%,WBTC-USDC (1%)
2022-07-27T00:00:00.000Z,908988,18.64164,18.64164,,,,1529a452-3563-44fa-95f2-08a01baa55ee,WBTC-USDC,1%,WBTC-USDC (1%)
2022-07-28T00:00:00.000Z,933089,11.01098,11.01098,,,,1529a452-3563-44fa-95f2-08a01baa55ee,WBTC-USDC,1%,WBTC-USDC (1%)
2022-07-29T00:00:00.000Z,932623,5.7319,5.7319,,,,1529a452-3563-44fa-95f2-08a01baa55ee,WBTC-USDC,1%,WBTC-USDC (1%)
2022-07-30T00:00:00.000Z,929102,5.7849,5.7849,,,,1529a452-3563-44fa-95f2-08a01baa55ee,WBTC-USDC,1%,WBTC-USDC (1%)
2022-07-31T00:00:00.000Z,918980,2.48299,2.48299,,,,1529a452-3563-44fa-95f2-08a01baa55ee,WBTC-USDC,1%,WBTC-USDC (1%)
2022-08-01T00:00:00.000Z,916305,2.68419,2.68419,,,,1529a452-3563-44fa-95f2-08a01baa55ee,WBTC-USDC,1%,WBTC-USDC (1%)
2022-08-02T00:00:00.000Z,914829,3.44432,3.44432,,,,1529a452-3563-44fa-95f2-08a01baa55ee,WBTC-USDC,1%,WBTC-USDC (1%)
2022-08-03T00:00:00.000Z,914704,5.9192,5.9192,,,,1529a452-3563-44fa-95f2-08a01baa55ee,WBTC-USDC,1%,WBTC-USDC (1%)
2022-08-04T00:00:00.000Z,905842,3.26369,3.26369,,,,1529a452-3563-44fa-95f2-08a01baa55ee,WBTC-USDC,1%,WBTC-USDC (1%)
2022-08-05T00:00:00.000Z,1022779,4.87694,4.87694,,,,1529a452-3563-44fa-95f2-08a01baa55ee,WBTC-USDC,1%,WBTC-USDC (1%)
2022-08-06T00:00:00.000Z,917753,0.0,0.0,,,,1529a452-3563-44fa-95f2-08a01baa55ee,WBTC-USDC,1%,WBTC-USDC (1%)
2022-08-07T00:00:00.000Z,918330,0.53335,0.53335,,,,1529a452-3563-44fa-95f2-08a01baa55ee,WBTC-USDC,1%,WBTC-USDC (1%)
2022-08-08T00:00:00.000Z,930364,5.84415,5.84415,,,,1529a452-3563-44fa-95f2-08a01baa55ee,WBTC-USDC,1%,WBTC-USDC (1%)
2022-08-09T00:00:00.000Z,918356,5.38165,5.38165,,,,1529a452-3563-44fa-95f2-08a01baa55ee,WBTC-USDC,1%,WBTC-USDC (1%)
2022-08-10T00:00:00.000Z,933705,9.39202,9.39202,,,,1529a452-3563-44fa-95f2-08a01baa55ee,WBTC-USDC,1%,WBTC-USDC (1%)
2022-08-11T00:00:00.000Z,937212,8.46025,8.46025,,,,1529a452-3563-44fa-95f2-08a01baa55ee,WBTC-USDC,1%,WBTC-USDC (1%)
2022-08-12T00:00:00.000Z,939511,2.20397,2.20397,,,,1529a452-3563-44fa-95f2-08a01baa55ee,WBTC-USDC,1%,WBTC-USDC (1%)
2022-08-13T00:00:00.000Z,944373,3.79437,3.79437,,,,1529a452-3563-44fa-95f2-08a01baa55ee,WBTC-USDC,1%,WBTC-USDC (1%)
2022-08-14T00:00:00.000Z,942407,2.04426,2.04426,,,,1529a452-3563-44fa-95f2-08a01baa55ee,WBTC-USDC,1%,WBTC-USDC (1%)
2022-08-15T00:00:00.000Z,936167,7.36873,7.36873,,,,1529a452-3563-44fa-95f2-08a01baa55ee,WBTC-USDC,1%,WBTC-USDC (1%)
2022-08-16T00:00:00.000Z,933672,1.25135,1.25135,,,,1529a452-3563-44fa-95f2-08a01baa55ee,WBTC-USDC,1%,WBTC-USDC (1%)
2022-08-17T00:00:00.000Z,923052,6.2569,6.2569,,,,1529a452-3563-44fa-95f2-08a01baa55ee,WBTC-USDC,1%,WBTC-USDC (1%)
2022-08-18T00:00:00.000Z,922092,0.43686,0.43686,,,,1529a452-3563-44fa-95f2-08a01baa55ee,WBTC-USDC,1%,WBTC-USDC (1%)
2022-08-19T00:00:00.000Z,872584,20.56226,20.56226,,,,1529a452-3563-44fa-95f2-08a01baa55ee,WBTC-USDC,1%,WBTC-USDC (1%)
2022-08-20T00:00:00.000Z,876462,2.86182,2.86182,,,,1529a452-3563-44fa-95f2-08a01baa55ee,WBTC-USDC,1%,WBTC-USDC (1%)
2022-08-21T00:00:00.000Z,888292,5.64567,5.64567,,,,1529a452-3563-44fa-95f2-08a01baa55ee,WBTC-USDC,1%,WBTC-USDC (1%)
2022-08-22T00:00:00.000Z,878426,6.76073,6.76073,,,,1529a452-3563-44fa-95f2-08a01baa55ee,WBTC-USDC,1%,WBTC-USDC (1%)
2022-08-23T00:00:00.000Z,884026,6.90205,6.90205,,,,1529a452-3563-44fa-95f2-08a01baa55ee,WBTC-USDC,1%,WBTC-USDC (1%)
2022-08-24T00:00:00.000Z,884665,3.66321,3.66321,,,,1529a452-3563-44fa-95f2-08a01baa55ee,WBTC-USDC,1%,WBTC-USDC (1%)
2022-08-25T00:00:00.000Z,886285,0.0,0.0,,,,1529a452-3563-44fa-95f2-08a01baa55ee,WBTC-USDC,1%,WBTC-USDC (1%)
2022-08-26T00:00:00.000Z,864945,14.89259,14.89259,,,,1529a452-3563-44fa-95f2-08a01baa55ee,WBTC-USDC,1%,WBTC-USDC (1%)
2022-08-27T00:00:00.000Z,851012,9.5797,9.5797,,,,1529a452-3563-44fa-95f2-08a01baa55ee,WBTC-USDC,1%,WBTC-USDC (1%)
2022-08-28T00:00:00.000Z,846386,0.0,0.0,,,,1529a452-3563-44fa-95f2-08a01baa55ee,WBTC-USDC,1%,WBTC-USDC (1%)
2022-08-29T00:00:00.000Z,854162,10.02145,10.02145,,,,1529a452-3563-44fa-95f2-08a01baa55ee,WBTC-USDC,1%,WBTC-USDC (1%)
2022-08-30T00:00:00.000Z,846620,9.78653,9.78653,,,,1529a452-3563-44fa-95f2-08a01baa55ee,WBTC-USDC,1%,WBTC-USDC (1%)
2022-08-31T00:00:00.000Z,854455,11.8103,11.8103,,,,1529a452-3563-44fa-95f2-08a01baa55ee,WBTC-USDC,1%,WBTC-USDC (1%)
2022-09-01T00:00:00.000Z,852394,5.01319,5.01319,,,,1529a452-3563-44fa-95f2-08a01baa55ee,WBTC-USDC,1%,WBTC-USDC (1%)
2022-09-02T00:00:00.000Z,850741,5.31341,5.31341,,,,1529a452-3563-44fa-95f2-08a01baa55ee,WBTC-USDC,1%,WBTC-USDC (1%)
2022-09-03T00:00:00.000Z,846139,0.89811,0.89811,,,,1529a452-3563-44fa-95f2-08a01baa55ee,WBTC-USDC,1%,WBTC-USDC (1%)
2022-09-04T00:00:00.000Z,846035,0.2122,0.2122,,,,1529a452-3563-44fa-95f2-08a01baa55ee,WBTC-USDC,1%,WBTC-USDC (1%)
2022-09-05T23:01:16.450Z,845915,0.31385,0.31385,,,,1529a452-3563-44fa-95f2-08a01baa55ee,WBTC-USDC,1%,WBTC-USDC (1%)
2022-09-06T23:02:05.643Z,824386,18.68445,18.68445,,,,1529a452-3563-44fa-95f2-08a01baa55ee,WBTC-USDC,1%,WBTC-USDC (1%)
2022-09-07T13:01:46.329Z,821229,14.73312,14.73312,,,,1529a452-3563-44fa-95f2-08a01baa55ee,WBTC-USDC,1%,WBTC-USDC (1%)
2022-09-09T23:02:12.614Z,884681,23.59627,23.59627,,,,1529a452-3563-44fa-95f2-08a01baa55ee,WBTC-USDC,1%,WBTC-USDC (1%)
2022-09-10T23:02:14.908Z,891088,5.79435,5.79435,,,,1529a452-3563-44fa-95f2-08a01baa55ee,WBTC-USDC,1%,WBTC-USDC (1%)
2022-09-11T23:01:57.058Z,890214,0.43377,0.43377,,,,1529a452-3563-44fa-95f2-08a01baa55ee,WBTC-USDC,1%,WBTC-USDC (1%)
2022-09-12T23:02:59.696Z,905006,13.93946,13.93946,,,,1529a452-3563-44fa-95f2-08a01baa55ee,WBTC-USDC,1%,WBTC-USDC (1%)
2022-09-13T23:02:57.487Z,855676,29.35451,29.35451,,,,1529a452-3563-44fa-95f2-08a01baa55ee,WBTC-USDC,1%,WBTC-USDC (1%)
2022-09-14T23:02:06.866Z,860175,9.86595,9.86595,,,,1529a452-3563-44fa-95f2-08a01baa55ee,WBTC-USDC,1%,WBTC-USDC (1%)
2022-09-15T22:01:58.113Z,850642,12.60903,12.60903,,,,1529a452-3563-44fa-95f2-08a01baa55ee,WBTC-USDC,1%,WBTC-USDC (1%)
2022-09-16T23:02:00.637Z,847452,1.82568,1.82568,,,,1529a452-3563-44fa-95f2-08a01baa55ee,WBTC-USDC,1%,WBTC-USDC (1%)
2022-09-17T23:02:10.507Z,857660,5.77966,5.77966,,,,1529a452-3563-44fa-95f2-08a01baa55ee,WBTC-USDC,1%,WBTC-USDC (1%)
2022-09-18T23:02:04.829Z,839155,5.87211,5.87211,,,,1529a452-3563-44fa-95f2-08a01baa55ee,WBTC-USDC,1%,WBTC-USDC (1%)
2022-09-19T23:02:07.446Z,842654,26.02027,26.02027,,,,1529a452-3563-44fa-95f2-08a01baa55ee,WBTC-USDC,1%,WBTC-USDC (1%)
2022-09-20T23:02:19.872Z,778544,7.98738,7.98738,,,,1529a452-3563-44fa-95f2-08a01baa55ee,WBTC-USDC,1%,WBTC-USDC (1%)
2022-09-21T23:02:24.764Z,765058,36.51199,36.51199,,,,1529a452-3563-44fa-95f2-08a01baa55ee,WBTC-USDC,1%,WBTC-USDC (1%)
2022-09-22T23:02:06.638Z,790598,19.52431,19.52431,,,,1529a452-3563-44fa-95f2-08a01baa55ee,WBTC-USDC,1%,WBTC-USDC (1%)
2022-09-23T23:02:10.796Z,786207,12.32779,12.32779,,,,1529a452-3563-44fa-95f2-08a01baa55ee,WBTC-USDC,1%,WBTC-USDC (1%)
2022-09-24T23:24:18.023Z,778518,3.11544,3.11544,,,,1529a452-3563-44fa-95f2-08a01baa55ee,WBTC-USDC,1%,WBTC-USDC (1%)
2022-09-25T23:13:24.051Z,776514,2.18163,2.18163,,,,1529a452-3563-44fa-95f2-08a01baa55ee,WBTC-USDC,1%,WBTC-USDC (1%)
2022-09-26T16:13:29.810Z,782746,6.20614,6.20614,,,,1529a452-3563-44fa-95f2-08a01baa55ee,WBTC-USDC,1%,WBTC-USDC (1%)
2022-09-27T23:02:32.616Z,783598,31.12969,31.12969,,,,1529a452-3563-44fa-95f2-08a01baa55ee,WBTC-USDC,1%,WBTC-USDC (1%)
2022-09-28T23:02:07.317Z,796276,15.05729,15.05729,,,,1529a452-3563-44fa-95f2-08a01baa55ee,WBTC-USDC,1%,WBTC-USDC (1%)
2022-09-29T23:02:15.893Z,794884,9.72168,9.72168,,,,1529a452-3563-44fa-95f2-08a01baa55ee,WBTC-USDC,1%,WBTC-USDC (1%)
2022-09-30T23:02:26.530Z,794370,17.52239,17.52239,,,,1529a452-3563-44fa-95f2-08a01baa55ee,WBTC-USDC,1%,WBTC-USDC (1%)
2022-10-01T23:02:21.511Z,790340,0.83346,0.83346,,,,1529a452-3563-44fa-95f2-08a01baa55ee,WBTC-USDC,1%,WBTC-USDC (1%)
2022-10-02T23:02:17.763Z,788126,2.23928,2.23928,,,,1529a452-3563-44fa-95f2-08a01baa55ee,WBTC-USDC,1%,WBTC-USDC (1%)
2022-10-03T19:02:05.326Z,781358,5.91554,5.91554,,,,1529a452-3563-44fa-95f2-08a01baa55ee,WBTC-USDC,1%,WBTC-USDC (1%)
2022-10-04T23:13:21.530Z,797471,9.3388,9.3388,,,,1529a452-3563-44fa-95f2-08a01baa55ee,WBTC-USDC,1%,WBTC-USDC (1%)
2022-10-05T23:02:28.749Z,794081,3.98211,3.98211,,,,1529a452-3563-44fa-95f2-08a01baa55ee,WBTC-USDC,1%,WBTC-USDC (1%)
2022-10-06T23:02:16.360Z,788348,3.01313,3.01313,,,,1529a452-3563-44fa-95f2-08a01baa55ee,WBTC-USDC,1%,WBTC-USDC (1%)
2022-10-07T23:02:10.632Z,782560,6.07656,6.07656,,,,1529a452-3563-44fa-95f2-08a01baa55ee,WBTC-USDC,1%,WBTC-USDC (1%)
2022-10-08T23:02:27.611Z,774960,1.24122,1.24122,,,,1529a452-3563-44fa-95f2-08a01baa55ee,WBTC-USDC,1%,WBTC-USDC (1%)
2022-10-09T23:24:36.309Z,763449,0.0,0.0,,,,1529a452-3563-44fa-95f2-08a01baa55ee,WBTC-USDC,1%,WBTC-USDC (1%)
2022-10-10T23:02:14.829Z,756377,2.8779,2.8779,,,,1529a452-3563-44fa-95f2-08a01baa55ee,WBTC-USDC,1%,WBTC-USDC (1%)
2022-10-11T23:02:15.230Z,754443,2.03738,2.03738,,,,1529a452-3563-44fa-95f2-08a01baa55ee,WBTC-USDC,1%,WBTC-USDC (1%)
2022-10-12T23:02:21.620Z,757297,0.0,0.0,,,,1529a452-3563-44fa-95f2-08a01baa55ee,WBTC-USDC,1%,WBTC-USDC (1%)
2022-10-13T23:02:26.954Z,757210,18.62497,18.62497,,,,1529a452-3563-44fa-95f2-08a01baa55ee,WBTC-USDC,1%,WBTC-USDC (1%)
2022-10-14T23:02:38.805Z,759467,10.00037,10.00037,,,,1529a452-3563-44fa-95f2-08a01baa55ee,WBTC-USDC,1%,WBTC-USDC (1%)
2022-10-15T23:02:13.458Z,758456,0.95055,0.95055,,,,1529a452-3563-44fa-95f2-08a01baa55ee,WBTC-USDC,1%,WBTC-USDC (1%)
2022-10-16T23:02:26.335Z,764605,0.45519,0.45519,,,,1529a452-3563-44fa-95f2-08a01baa55ee,WBTC-USDC,1%,WBTC-USDC (1%)
2022-10-17T23:02:21.653Z,767317,2.79327,2.79327,,,,1529a452-3563-44fa-95f2-08a01baa55ee,WBTC-USDC,1%,WBTC-USDC (1%)
2022-10-18T23:05:01.856Z,763641,2.97529,2.97529,,,,1529a452-3563-44fa-95f2-08a01baa55ee,WBTC-USDC,1%,WBTC-USDC (1%)
2022-10-19T23:02:19.249Z,760290,1.09117,1.09117,,,,1529a452-3563-44fa-95f2-08a01baa55ee,WBTC-USDC,1%,WBTC-USDC (1%)
2022-10-20T19:02:16.311Z,757695,2.48759,2.48759,,,,1529a452-3563-44fa-95f2-08a01baa55ee,WBTC-USDC,1%,WBTC-USDC (1%)
2022-10-21T21:02:11.934Z,760808,3.74398,3.74398,,,,1529a452-3563-44fa-95f2-08a01baa55ee,WBTC-USDC,1%,WBTC-USDC (1%)
2022-10-22T23:02:10.936Z,761675,0.19756,0.19756,,,,1529a452-3563-44fa-95f2-08a01baa55ee,WBTC-USDC,1%,WBTC-USDC (1%)
2022-10-23T23:13:14.816Z,769888,5.0875,5.0875,,,,1529a452-3563-44fa-95f2-08a01baa55ee,WBTC-USDC,1%,WBTC-USDC (1%)
2022-10-24T23:02:25.116Z,762917,0.49853,0.49853,,,,1529a452-3563-44fa-95f2-08a01baa55ee,WBTC-USDC,1%,WBTC-USDC (1%)
2022-10-25T23:02:08.277Z,780554,16.30684,16.30684,,,,1529a452-3563-44fa-95f2-08a01baa55ee,WBTC-USDC,1%,WBTC-USDC (1%)
2022-10-26T23:02:27.426Z,796390,5.73058,5.73058,,,,1529a452-3563-44fa-95f2-08a01baa55ee,WBTC-USDC,1%,WBTC-USDC (1%)
2022-10-27T23:02:07.014Z,786405,2.04247,2.04247,,,,1529a452-3563-44fa-95f2-08a01baa55ee,WBTC-USDC,1%,WBTC-USDC (1%)
2022-10-28T23:01:50.707Z,792763,5.24203,5.24203,,,,1529a452-3563-44fa-95f2-08a01baa55ee,WBTC-USDC,1%,WBTC-USDC (1%)
2022-10-29T23:02:05.967Z,794007,3.10683,3.10683,,,,1529a452-3563-44fa-95f2-08a01baa55ee,WBTC-USDC,1%,WBTC-USDC (1%)
2022-10-30T23:02:00.229Z,791744,0.0,0.0,,,,1529a452-3563-44fa-95f2-08a01baa55ee,WBTC-USDC,1%,WBTC-USDC (1%)
2022-10-31T23:02:05.292Z,789169,3.01637,3.01637,,,,1529a452-3563-44fa-95f2-08a01baa55ee,WBTC-USDC,1%,WBTC-USDC (1%)
2022-11-01T23:02:00.634Z,789129,0.0,0.0,,,,1529a452-3563-44fa-95f2-08a01baa55ee,WBTC-USDC,1%,WBTC-USDC (1%)
2022-11-02T23:02:06.804Z,779348,2.13625,2.13625,,,,1529a452-3563-44fa-95f2-08a01baa55ee,WBTC-USDC,1%,WBTC-USDC (1%)
2022-11-03T23:13:05.495Z,783447,0.0,0.0,,,,1529a452-3563-44fa-95f2-08a01baa55ee,WBTC-USDC,1%,WBTC-USDC (1%)
2022-11-04T23:02:00.630Z,805958,10.02815,10.02815,,,,1529a452-3563-44fa-95f2-08a01baa55ee,WBTC-USDC,1%,WBTC-USDC (1%)
2022-11-05T15:13:09.838Z,806995,4.29626,4.29626,,,,1529a452-3563-44fa-95f2-08a01baa55ee,WBTC-USDC,1%,WBTC-USDC (1%)
2022-11-06T23:02:43.389Z,804545,0.0,0.0,,,,1529a452-3563-44fa-95f2-08a01baa55ee,WBTC-USDC,1%,WBTC-USDC (1%)
2022-11-07T23:02:02.207Z,790012,6.06444,6.06444,,,,1529a452-3563-44fa-95f2-08a01baa55ee,WBTC-USDC,1%,WBTC-USDC (1%)
2022-11-08T23:24:07.679Z,745048,70.98906,70.98906,,,,1529a452-3563-44fa-95f2-08a01baa55ee,WBTC-USDC,1%,WBTC-USDC (1%)
2022-11-09T23:02:04.557Z,678646,69.01259,69.01259,,,,1529a452-3563-44fa-95f2-08a01baa55ee,WBTC-USDC,1%,WBTC-USDC (1%)
2022-11-10T22:02:03.430Z,734154,56.82189,56.82189,,,,1529a452-3563-44fa-95f2-08a01baa55ee,WBTC-USDC,1%,WBTC-USDC (1%)
2022-11-11T23:02:08.327Z,706605,44.54425,44.54425,,,,1529a452-3563-44fa-95f2-08a01baa55ee,WBTC-USDC,1%,WBTC-USDC (1%)
2022-11-12T23:13:04.663Z,704604,3.61575,3.61575,,,,1529a452-3563-44fa-95f2-08a01baa55ee,WBTC-USDC,1%,WBTC-USDC (1%)
2022-11-13T23:13:06.636Z,694258,5.26432,5.26432,,,,1529a452-3563-44fa-95f2-08a01baa55ee,WBTC-USDC,1%,WBTC-USDC (1%)
2022-11-14T23:02:21.213Z,693581,28.87227,28.87227,,,,1529a452-3563-44fa-95f2-08a01baa55ee,WBTC-USDC,1%,WBTC-USDC (1%)
2022-11-15T23:02:22.525Z,705775,8.83305,8.83305,,,,1529a452-3563-44fa-95f2-08a01baa55ee,WBTC-USDC,1%,WBTC-USDC (1%)
2022-11-16T23:01:56.576Z,696711,3.09636,3.09636,,,,1529a452-3563-44fa-95f2-08a01baa55ee,WBTC-USDC,1%,WBTC-USDC (1%)
2022-11-17T23:02:29.608Z,700250,0.0,0.0,,,,1529a452-3563-44fa-95f2-08a01baa55ee,WBTC-USDC,1%,WBTC-USDC (1%)
2022-11-18T23:01:53.087Z,698887,4.66001,4.66001,,,,1529a452-3563-44fa-95f2-08a01baa55ee,WBTC-USDC,1%,WBTC-USDC (1%)
2022-11-19T23:01:56.046Z,702551,0.0,0.0,,,,1529a452-3563-44fa-95f2-08a01baa55ee,WBTC-USDC,1%,WBTC-USDC (1%)
2022-11-20T23:02:06.966Z,688400,4.625,4.625,,,,1529a452-3563-44fa-95f2-08a01baa55ee,WBTC-USDC,1%,WBTC-USDC (1%)
2022-11-21T23:02:14.723Z,673521,10.53151,10.53151,,,,1529a452-3563-44fa-95f2-08a01baa55ee,WBTC-USDC,1%,WBTC-USDC (1%)
2022-11-22T23:24:40.273Z,686662,9.91074,9.91074,,-0.16495,,1529a452-3563-44fa-95f2-08a01baa55ee,WBTC-USDC,1%,WBTC-USDC (1%)
2022-11-23T23:02:34.126Z,695418,6.79502,6.79502,,-0.00646,,1529a452-3563-44fa-95f2-08a01baa55ee,WBTC-USDC,1%,WBTC-USDC (1%)
2022-11-24T23:02:45.154Z,698254,3.10143,3.10143,,-0.00243,,1529a452-3563-44fa-95f2-08a01baa55ee,WBTC-USDC,1%,WBTC-USDC (1%)
2022-11-25T23:02:38.707Z,690922,2.74866,2.74866,,-0.03203,,1529a452-3563-44fa-95f2-08a01baa55ee,WBTC-USDC,1%,WBTC-USDC (1%)
2022-11-26T11:02:14.981Z,697170,0.13338,0.13338,,-5e-05,,1529a452-3563-44fa-95f2-08a01baa55ee,WBTC-USDC,1%,WBTC-USDC (1%)
2022-11-27T23:02:34.613Z,697608,0.0,0.0,,-0.02865,,1529a452-3563-44fa-95f2-08a01baa55ee,WBTC-USDC,1%,WBTC-USDC (1%)
2022-11-28T23:04:51.630Z,688598,3.50855,3.50855,,-0.092,7.11044,1529a452-3563-44fa-95f2-08a01baa55ee,WBTC-USDC,1%,WBTC-USDC (1%)
2022-11-29T23:04:57.693Z,695806,2.84688,2.84688,,-0.03724,5.17692,1529a452-3563-44fa-95f2-08a01baa55ee,WBTC-USDC,1%,WBTC-USDC (1%)
2022-11-30T23:05:08.893Z,716301,9.47073,9.47073,,-0.16781,5.89067,1529a452-3563-44fa-95f2-08a01baa55ee,WBTC-USDC,1%,WBTC-USDC (1%)
2022-12-01T23:05:04.849Z,712335,0.43991,0.43991,,-0.05671,5.19024,1529a452-3563-44fa-95f2-08a01baa55ee,WBTC-USDC,1%,WBTC-USDC (1%)
2022-12-02T23:04:46.776Z,711661,0.63928,0.63928,,-0.17871,4.63548,1529a452-3563-44fa-95f2-08a01baa55ee,WBTC-USDC,1%,WBTC-USDC (1%)
2022-12-03T23:05:08.753Z,706801,0.0,0.0,,-0.07956,4.65335,1529a452-3563-44fa-95f2-08a01baa55ee,WBTC-USDC,1%,WBTC-USDC (1%)
2022-12-04T23:04:55.480Z,712725,0.0,0.0,,-0.09768,4.63077,1529a452-3563-44fa-95f2-08a01baa55ee,WBTC-USDC,1%,WBTC-USDC (1%)
2022-12-05T23:15:50.865Z,710487,4.02055,4.02055,,-0.20591,4.8112,1529a452-3563-44fa-95f2-08a01baa55ee,WBTC-USDC,1%,WBTC-USDC (1%)
2022-12-06T23:05:04.784Z,710280,0.0,0.0,,-0.09247,4.04301,1529a452-3563-44fa-95f2-08a01baa55ee,WBTC-USDC,1%,WBTC-USDC (1%)
2022-12-07T23:16:06.577Z,707170,3.1678,3.1678,,-0.02901,2.28352,1529a452-3563-44fa-95f2-08a01baa55ee,WBTC-USDC,1%,WBTC-USDC (1%)
2022-12-08T23:05:00.093Z,717116,3.61957,3.61957,,-0.02073,3.14816,1529a452-3563-44fa-95f2-08a01baa55ee,WBTC-USDC,1%,WBTC-USDC (1%)
2022-12-09T23:16:20.649Z,715403,0.15751,0.15751,,-0.00302,3.01894,1529a452-3563-44fa-95f2-08a01baa55ee,WBTC-USDC,1%,WBTC-USDC (1%)
2022-12-10T23:04:49.806Z,715505,0.0,0.0,,-0.02633,3.0187,1529a452-3563-44fa-95f2-08a01baa55ee,WBTC-USDC,1%,WBTC-USDC (1%)
2022-12-11T23:05:07.608Z,714111,0.0,0.0,,-0.00182,3.02251,1529a452-3563-44fa-95f2-08a01baa55ee,WBTC-USDC,1%,WBTC-USDC (1%)
2022-12-12T23:05:00.355Z,715216,0.54355,0.54355,,-0.0067,2.06509,1529a452-3563-44fa-95f2-08a01baa55ee,WBTC-USDC,1%,WBTC-USDC (1%)
2022-12-13T23:04:51.166Z,731452,10.42911,10.42911,,-0.16648,4.9529,1529a452-3563-44fa-95f2-08a01baa55ee,WBTC-USDC,1%,WBTC-USDC (1%)
2022-12-14T23:09:00.172Z,733495,10.20892,10.20892,,-0.26697,6.94754,1529a452-3563-44fa-95f2-08a01baa55ee,WBTC-USDC,1%,WBTC-USDC (1%)
2022-12-15T23:05:07.194Z,720177,3.51574,3.51574,,-0.00357,6.99794,1529a452-3563-44fa-95f2-08a01baa55ee,WBTC-USDC,1%,WBTC-USDC (1%)
2022-12-16T23:05:12.116Z,704479,8.83284,8.83284,,-0.05358,9.4757,1529a452-3563-44fa-95f2-08a01baa55ee,WBTC-USDC,1%,WBTC-USDC (1%)
2022-12-17T23:05:01.543Z,705495,1.93854,1.93854,,-0.05361,9.99707,1529a452-3563-44fa-95f2-08a01baa55ee,WBTC-USDC,1%,WBTC-USDC (1%)
2022-12-18T23:06:08.594Z,706452,0.0,0.0,,-0.03789,9.98611,1529a452-3563-44fa-95f2-08a01baa55ee,WBTC-USDC,1%,WBTC-USDC (1%)
2022-12-19T23:05:07.630Z,696257,3.39283,3.39283,,-0.17784,10.84171,1529a452-3563-44fa-95f2-08a01baa55ee,WBTC-USDC,1%,WBTC-USDC (1%)
2022-12-20T22:06:01.735Z,243236,22.57509,22.57509,,-0.21177,9.06162,1529a452-3563-44fa-95f2-08a01baa55ee,WBTC-USDC,1%,WBTC-USDC (1%)
2022-12-21T23:05:06.261Z,705693,0.0,0.0,,-0.33695,6.161,1529a452-3563-44fa-95f2-08a01baa55ee,WBTC-USDC,1%,WBTC-USDC (1%)
2022-12-22T23:05:14.883Z,706932,1.05108,1.05108,,-0.08458,5.45809,1529a452-3563-44fa-95f2-08a01baa55ee,WBTC-USDC,1%,WBTC-USDC (1%)
2022-12-23T23:05:09.138Z,706499,0.0,0.0,,-0.00112,3.03456,1529a452-3563-44fa-95f2-08a01baa55ee,WBTC-USDC,1%,WBTC-USDC (1%)
2022-12-24T23:05:13.796Z,707099,0.0,0.0,,-0.00128,2.50033,1529a452-3563-44fa-95f2-08a01baa55ee,WBTC-USDC,1%,WBTC-USDC (1%)
2022-12-25T23:09:04.099Z,706031,0.0,0.0,,-0.00034,2.50292,1529a452-3563-44fa-95f2-08a01baa55ee,WBTC-USDC,1%,WBTC-USDC (1%)
2022-12-26T23:05:12.898Z,708455,0.0,0.0,,-0.07653,1.57862,1529a452-3563-44fa-95f2-08a01baa55ee,WBTC-USDC,1%,WBTC-USDC (1%)
2022-12-27T23:05:01.263Z,702758,1.02309,1.02309,,-0.01788,0.57154,1529a452-3563-44fa-95f2-08a01baa55ee,WBTC-USDC,1%,WBTC-USDC (1%)
2022-12-28T23:05:01.495Z,697957,2.48793,2.48793,,-0.02397,1.25511,1529a452-3563-44fa-95f2-08a01baa55ee,WBTC-USDC,1%,WBTC-USDC (1%)
2022-12-29T23:04:58.222Z,701043,0.0,0.0,,-0.01536,0.96121,1529a452-3563-44fa-95f2-08a01baa55ee,WBTC-USDC,1%,WBTC-USDC (1%)
2022-12-30T23:16:37.153Z,700832,0.67689,0.67689,,-0.01393,1.14711,1529a452-3563-44fa-95f2-08a01baa55ee,WBTC-USDC,1%,WBTC-USDC (1%)
2022-12-31T23:05:17.293Z,698410,0.0,0.0,,-0.03482,1.14929,1529a452-3563-44fa-95f2-08a01baa55ee,WBTC-USDC,1%,WBTC-USDC (1%)
2023-01-01T23:05:42.031Z,699490,0.0,0.0,,-0.01579,1.14852,1529a452-3563-44fa-95f2-08a01baa55ee,WBTC-USDC,1%,WBTC-USDC (1%)
2023-01-02T23:06:40.253Z,703847,0.29313,0.29313,,-0.01193,1.22501,1529a452-3563-44fa-95f2-08a01baa55ee,WBTC-USDC,1%,WBTC-USDC (1%)
2023-01-03T23:05:37.147Z,702627,0.0,0.0,,-3e-05,0.94524,1529a452-3563-44fa-95f2-08a01baa55ee,WBTC-USDC,1%,WBTC-USDC (1%)
2023-01-04T23:05:22.657Z,708467,2.78647,2.78647,,-0.04437,1.0333,1529a452-3563-44fa-95f2-08a01baa55ee,WBTC-USDC,1%,WBTC-USDC (1%)
2023-01-05T23:10:36.731Z,707903,0.0,0.0,,-0.01903,1.03394,1529a452-3563-44fa-95f2-08a01baa55ee,WBTC-USDC,1%,WBTC-USDC (1%)
2023-01-06T23:06:17.724Z,711641,1.21471,1.21471,,-0.04826,1.1822,1529a452-3563-44fa-95f2-08a01baa55ee,WBTC-USDC,1%,WBTC-USDC (1%)
2023-01-07T23:05:35.950Z,710858,0.0,0.0,,-0.06886,1.18313,1529a452-3563-44fa-95f2-08a01baa55ee,WBTC-USDC,1%,WBTC-USDC (1%)
2023-01-08T23:05:54.077Z,711207,0.0,0.0,,-0.05263,1.1826,1529a452-3563-44fa-95f2-08a01baa55ee,WBTC-USDC,1%,WBTC-USDC (1%)
2023-01-09T23:06:01.547Z,720223,5.71395,5.71395,,-0.09555,2.682,1529a452-3563-44fa-95f2-08a01baa55ee,WBTC-USDC,1%,WBTC-USDC (1%)
2023-01-10T23:07:16.956Z,724146,0.57499,0.57499,,-0.16368,2.8345,1529a452-3563-44fa-95f2-08a01baa55ee,WBTC-USDC,1%,WBTC-USDC (1%)
2023-01-11T23:09:05.652Z,728578,1.48551,1.48551,,-0.15942,2.48239,1529a452-3563-44fa-95f2-08a01baa55ee,WBTC-USDC,1%,WBTC-USDC (1%)
2023-01-12T23:05:38.138Z,761630,18.01671,18.01671,,-1.10958,7.54134,1529a452-3563-44fa-95f2-08a01baa55ee,WBTC-USDC,1%,WBTC-USDC (1%)
2023-01-13T23:06:07.937Z,787086,12.38163,12.38163,,-2.13909,10.63756,1529a452-3563-44fa-95f2-08a01baa55ee,WBTC-USDC,1%,WBTC-USDC (1%)
2023-01-14T23:17:01.679Z,810682,21.35241,21.35241,,-4.04995,16.66111,1529a452-3563-44fa-95f2-08a01baa55ee,WBTC-USDC,1%,WBTC-USDC (1%)
2023-01-15T23:06:05.986Z,806395,0.76291,0.76291,,-3.90313,16.94426,1529a452-3563-44fa-95f2-08a01baa55ee,WBTC-USDC,1%,WBTC-USDC (1%)
2023-01-16T23:05:59.711Z,815220,9.32799,9.32799,,-3.69415,18.06933,1529a452-3563-44fa-95f2-08a01baa55ee,WBTC-USDC,1%,WBTC-USDC (1%)
2023-01-17T23:06:07.216Z,816410,2.49938,2.49938,,-3.45756,18.63583,1529a452-3563-44fa-95f2-08a01baa55ee,WBTC-USDC,1%,WBTC-USDC (1%)
2023-01-18T23:06:07.350Z,806860,9.27802,9.27802,,-2.42804,21.09235,1529a452-3563-44fa-95f2-08a01baa55ee,WBTC-USDC,1%,WBTC-USDC (1%)
2023-01-19T23:10:16.130Z,811963,0.96233,0.96233,,-1.01739,16.35864,1529a452-3563-44fa-95f2-08a01baa55ee,WBTC-USDC,1%,WBTC-USDC (1%)
2023-01-20T23:05:54.190Z,846598,14.62612,14.62612,,-1.49792,21.37931,1529a452-3563-44fa-95f2-08a01baa55ee,WBTC-USDC,1%,WBTC-USDC (1%)
2023-01-21T23:06:03.785Z,855858,5.40997,5.40997,,-0.78913,15.64887,1529a452-3563-44fa-95f2-08a01baa55ee,WBTC-USDC,1%,WBTC-USDC (1%)
2023-01-22T23:06:11.011Z,836704,3.49824,3.49824,,-0.53869,16.81888,1529a452-3563-44fa-95f2-08a01baa55ee,WBTC-USDC,1%,WBTC-USDC (1%)
2023-01-23T23:09:28.513Z,844079,2.90314,2.90314,,-0.53909,14.44703,1529a452-3563-44fa-95f2-08a01baa55ee,WBTC-USDC,1%,WBTC-USDC (1%)
2023-01-24T23:06:23.031Z,842497,2.38407,2.38407,,-0.40279,14.44963,1529a452-3563-44fa-95f2-08a01baa55ee,WBTC-USDC,1%,WBTC-USDC (1%)
2023-01-25T23:05:49.853Z,839415,9.95118,9.95118,,-0.77283,14.87782,1529a452-3563-44fa-95f2-08a01baa55ee,WBTC-USDC,1%,WBTC-USDC (1%)
2023-01-26T23:17:09.422Z,847653,0.99018,0.99018,,-0.74121,14.80401,1529a452-3563-44fa-95f2-08a01baa55ee,WBTC-USDC,1%,WBTC-USDC (1%)
2023-01-27T16:07:21.828Z,843405,1.35123,1.35123,,-0.57761,15.18866,1529a452-3563-44fa-95f2-08a01baa55ee,WBTC-USDC,1%,WBTC-USDC (1%)
2023-01-28T23:09:18.944Z,846943,0.59235,0.59235,,-0.00098,8.84261,1529a452-3563-44fa-95f2-08a01baa55ee,WBTC-USDC,1%,WBTC-USDC (1%)
2023-01-29T23:09:44.682Z,861411,4.10077,4.10077,,-0.23021,9.01032,1529a452-3563-44fa-95f2-08a01baa55ee,WBTC-USDC,1%,WBTC-USDC (1%)
2023-01-30T23:09:28.452Z,840662,6.31577,6.31577,,-0.00884,10.42165,1529a452-3563-44fa-95f2-08a01baa55ee,WBTC-USDC,1%,WBTC-USDC (1%)
2023-01-31T23:05:57.810Z,842452,0.66542,0.66542,,-0.02381,9.7705,1529a452-3563-44fa-95f2-08a01baa55ee,WBTC-USDC,1%,WBTC-USDC (1%)
2023-02-01T23:31:40.348Z,861812,4.61894,4.61894,,-0.07459,7.71752,1529a452-3563-44fa-95f2-08a01baa55ee,WBTC-USDC,1%,WBTC-USDC (1%)
2023-02-02T23:06:01.815Z,859146,7.33231,7.33231,,-0.05315,10.12073,1529a452-3563-44fa-95f2-08a01baa55ee,WBTC-USDC,1%,WBTC-USDC (1%)
2023-02-03T23:05:54.570Z,856895,0.34789,0.34789,,-0.04907,8.9683,1529a452-3563-44fa-95f2-08a01baa55ee,WBTC-USDC,1%,WBTC-USDC (1%)
2023-02-04T23:06:15.217Z,855579,0.0,0.0,,-0.03027,8.75708,1529a452-3563-44fa-95f2-08a01baa55ee,WBTC-USDC,1%,WBTC-USDC (1%)
2023-02-05T23:05:54.916Z,846760,3.37585,3.37585,,-0.10583,8.5198,1529a452-3563-44fa-95f2-08a01baa55ee,WBTC-USDC,1%,WBTC-USDC (1%)
2023-02-06T23:06:43.580Z,844351,1.22024,1.22024,,-0.00382,6.64365,1529a452-3563-44fa-95f2-08a01baa55ee,WBTC-USDC,1%,WBTC-USDC (1%)
2023-02-07T23:06:13.933Z,850048,1.31843,1.31843,,-0.00129,6.86228,1529a452-3563-44fa-95f2-08a01baa55ee,WBTC-USDC,1%,WBTC-USDC (1%)
2023-02-08T23:06:13.658Z,863710,1.24579,1.24579,,-0.08827,5.50759,1529a452-3563-44fa-95f2-08a01baa55ee,WBTC-USDC,1%,WBTC-USDC (1%)
2023-02-09T14:11:17.915Z,858811,3.1192,3.1192,,-0.17032,4.91769,1529a452-3563-44fa-95f2-08a01baa55ee,WBTC-USDC,1%,WBTC-USDC (1%)
2023-02-10T14:10:16.126Z,839024,6.30022,6.30022,,-0.39037,4.60342,1529a452-3563-44fa-95f2-08a01baa55ee,WBTC-USDC,1%,WBTC-USDC (1%)
2023-02-12T11:06:21.717Z,845251,0.0,0.0,,-0.38356,5.26664,1529a452-3563-44fa-95f2-08a01baa55ee,WBTC-USDC,1%,WBTC-USDC (1%)
2023-02-13T23:09:38.006Z,836324,1.24496,1.24496,,-0.21998,4.60941,1529a452-3563-44fa-95f2-08a01baa55ee,WBTC-USDC,1%,WBTC-USDC (1%)
2023-02-14T23:06:04.138Z,848421,5.31778,5.31778,,-0.14744,7.26788,1529a452-3563-44fa-95f2-08a01baa55ee,WBTC-USDC,1%,WBTC-USDC (1%)
2023-02-15T19:06:46.608Z,860597,4.10053,4.10053,,-0.0063,8.27306,1529a452-3563-44fa-95f2-08a01baa55ee,WBTC-USDC,1%,WBTC-USDC (1%)
2023-02-16T23:06:02.321Z,887016,9.12367,9.12367,,-0.84299,12.33883,1529a452-3563-44fa-95f2-08a01baa55ee,WBTC-USDC,1%,WBTC-USDC (1%)
2023-02-17T23:27:57.148Z,896256,10.61876,10.61876,,-1.5139,15.23519,1529a452-3563-44fa-95f2-08a01baa55ee,WBTC-USDC,1%,WBTC-USDC (1%)
2023-02-18T23:05:57.497Z,896421,0.0,0.0,,-1.2558,15.23335,1529a452-3563-44fa-95f2-08a01baa55ee,WBTC-USDC,1%,WBTC-USDC (1%)
2023-02-19T23:06:12.667Z,895812,5.16221,5.16221,,-1.22447,16.83976,1529a452-3563-44fa-95f2-08a01baa55ee,WBTC-USDC,1%,WBTC-USDC (1%)
2023-02-20T23:05:50.143Z,897509,7.22522,7.22522,,-1.48397,19.13049,1529a452-3563-44fa-95f2-08a01baa55ee,WBTC-USDC,1%,WBTC-USDC (1%)
2023-02-21T23:05:49.570Z,892468,2.3628,2.3628,,-0.76196,18.17928,1529a452-3563-44fa-95f2-08a01baa55ee,WBTC-USDC,1%,WBTC-USDC (1%)
2023-02-22T23:06:00.459Z,887376,4.11483,4.11483,,-0.00381,14.72979,1529a452-3563-44fa-95f2-08a01baa55ee,WBTC-USDC,1%,WBTC-USDC (1%)
2023-02-23T23:04:34.271Z,881452,4.91556,4.91556,,-0.0042,13.18376,1529a452-3563-44fa-95f2-08a01baa55ee,WBTC-USDC,1%,WBTC-USDC (1%)
2023-02-24T23:06:07.558Z,868377,4.94317,4.94317,,-0.37478,11.04779,1529a452-3563-44fa-95f2-08a01baa55ee,WBTC-USDC,1%,WBTC-USDC (1%)
2023-02-25T23:05:56.143Z,867425,1.73503,1.73503,,-0.31165,11.70937,1529a452-3563-44fa-95f2-08a01baa55ee,WBTC-USDC,1%,WBTC-USDC (1%)
2023-02-26T23:20:40.851Z,873445,2.8077,2.8077,,-0.13507,10.72185,1529a452-3563-44fa-95f2-08a01baa55ee,WBTC-USDC,1%,WBTC-USDC (1%)
2023-02-27T23:06:37.404Z,877945,1.8114,1.8114,,-0.21258,8.57692,1529a452-3563-44fa-95f2-08a01baa55ee,WBTC-USDC,1%,WBTC-USDC (1%)
2023-02-28T23:10:21.882Z,868956,1.06564,1.06564,,-0.20699,8.1236,1529a452-3563-44fa-95f2-08a01baa55ee,WBTC-USDC,1%,WBTC-USDC (1%)
2023-03-01T23:09:54.762Z,875685,3.61694,3.61694,,-0.05818,7.87522,1529a452-3563-44fa-95f2-08a01baa55ee,WBTC-USDC,1%,WBTC-USDC (1%)
2023-03-02T22:06:17.706Z,874739,1.77999,1.77999,,-0.03566,6.68291,1529a452-3563-44fa-95f2-08a01baa55ee,WBTC-USDC,1%,WBTC-USDC (1%)
2023-03-03T23:06:28.416Z,849804,8.33195,8.33195,,-0.10475,8.01874,1529a452-3563-44fa-95f2-08a01baa55ee,WBTC-USDC,1%,WBTC-USDC (1%)
2023-03-04T23:17:35.569Z,850173,0.0,0.0,,-0.11264,7.35693,1529a452-3563-44fa-95f2-08a01baa55ee,WBTC-USDC,1%,WBTC-USDC (1%)
2023-03-05T23:06:43.076Z,852636,0.6781,0.6781,,-0.17862,6.52265,1529a452-3563-44fa-95f2-08a01baa55ee,WBTC-USDC,1%,WBTC-USDC (1%)
2023-03-06T23:06:08.721Z,852251,0.0,0.0,,-0.16863,5.82846,1529a452-3563-44fa-95f2-08a01baa55ee,WBTC-USDC,1%,WBTC-USDC (1%)
2023-03-07T23:06:08.627Z,844927,1.52695,1.52695,,-0.20007,4.75717,1529a452-3563-44fa-95f2-08a01baa55ee,WBTC-USDC,1%,WBTC-USDC (1%)
2023-03-08T23:06:10.618Z,845027,1.07231,1.07231,,-0.43084,3.96877,1529a452-3563-44fa-95f2-08a01baa55ee,WBTC-USDC,1%,WBTC-USDC (1%)
2023-03-09T23:09:51.760Z,807221,19.29048,19.29048,,-1.8038,9.12131,1529a452-3563-44fa-95f2-08a01baa55ee,WBTC-USDC,1%,WBTC-USDC (1%)
2023-03-10T23:06:09.078Z,801569,12.36307,12.36307,,-0.79158,10.18899,1529a452-3563-44fa-95f2-08a01baa55ee,WBTC-USDC,1%,WBTC-USDC (1%)
2023-03-11T23:06:20.635Z,332372,139.14613,139.14613,,-0.14043,43.73124,1529a452-3563-44fa-95f2-08a01baa55ee,WBTC-USDC,1%,WBTC-USDC (1%)
2023-03-12T23:06:15.816Z,348940,12.25844,12.25844,,-0.01153,67.18919,1529a452-3563-44fa-95f2-08a01baa55ee,WBTC-USDC,1%,WBTC-USDC (1%)
2023-03-13T23:10:31.378Z,361711,11.25482,11.25482,,-0.53789,69.09042,1529a452-3563-44fa-95f2-08a01baa55ee,WBTC-USDC,1%,WBTC-USDC (1%)
2023-03-14T23:17:34.081Z,365581,16.07289,16.07289,,-1.15637,71.46728,1529a452-3563-44fa-95f2-08a01baa55ee,WBTC-USDC,1%,WBTC-USDC (1%)
2023-03-15T23:06:02.193Z,366111,3.50734,3.50734,,-1.12097,71.81744,1529a452-3563-44fa-95f2-08a01baa55ee,WBTC-USDC,1%,WBTC-USDC (1%)
2023-03-16T23:17:25.736Z,369064,3.49964,3.49964,,-3.76705,59.72262,1529a452-3563-44fa-95f2-08a01baa55ee,WBTC-USDC,1%,WBTC-USDC (1%)
2023-03-17T23:06:29.295Z,378354,15.19864,15.19864,,-8.46156,56.08367,1529a452-3563-44fa-95f2-08a01baa55ee,WBTC-USDC,1%,WBTC-USDC (1%)
2023-03-18T23:09:52.548Z,376171,0.48658,0.48658,,-4.70174,18.61707,1529a452-3563-44fa-95f2-08a01baa55ee,WBTC-USDC,1%,WBTC-USDC (1%)
2023-03-19T23:06:53.982Z,377929,4.69718,4.69718,,-5.22182,16.42943,1529a452-3563-44fa-95f2-08a01baa55ee,WBTC-USDC,1%,WBTC-USDC (1%)
2023-03-20T23:06:14.991Z,378288,5.88618,5.88618,,-1.88679,14.93484,1529a452-3563-44fa-95f2-08a01baa55ee,WBTC-USDC,1%,WBTC-USDC (1%)
2023-03-21T23:06:16.331Z,377814,3.07836,3.07836,,-1.29973,11.11492,1529a452-3563-44fa-95f2-08a01baa55ee,WBTC-USDC,1%,WBTC-USDC (1%)
2023-03-22T23:06:10.896Z,375620,8.19908,8.19908,,-1.11813,12.64519,1529a452-3563-44fa-95f2-08a01baa55ee,WBTC-USDC,1%,WBTC-USDC (1%)
2023-03-23T23:06:41.461Z,379079,5.46216,5.46216,,-1.3958,13.17758,1529a452-3563-44fa-95f2-08a01baa55ee,WBTC-USDC,1%,WBTC-USDC (1%)
2023-03-24T23:17:18.093Z,376074,3.78073,3.78073,,-0.00237,9.73145,1529a452-3563-44fa-95f2-08a01baa55ee,WBTC-USDC,1%,WBTC-USDC (1%)
2023-03-25T23:06:35.794Z,377044,0.0,0.0,,-0.02623,9.56899,1529a452-3563-44fa-95f2-08a01baa55ee,WBTC-USDC,1%,WBTC-USDC (1%)
2023-03-26T23:06:17.521Z,377296,1.03186,1.03186,,-0.00315,8.41944,1529a452-3563-44fa-95f2-08a01baa55ee,WBTC-USDC,1%,WBTC-USDC (1%)
2023-03-27T23:18:01.485Z,376428,4.43418,4.43418,,-0.00432,7.98006,1529a452-3563-44fa-95f2-08a01baa55ee,WBTC-USDC,1%,WBTC-USDC (1%)
2023-03-28T23:10:20.994Z,374104,1.45291,1.45291,,-0.07569,7.51507,1529a452-3563-44fa-95f2-08a01baa55ee,WBTC-USDC,1%,WBTC-USDC (1%)
2023-03-29T23:06:33.239Z,377764,5.0844,5.0844,,-0.13852,6.50792,1529a452-3563-44fa-95f2-08a01baa55ee,WBTC-USDC,1%,WBTC-USDC (1%)
2023-03-30T23:28:27.357Z,377111,4.51174,4.51174,,-0.02866,6.2242,1529a452-3563-44fa-95f2-08a01baa55ee,WBTC-USDC,1%,WBTC-USDC (1%)
2023-03-31T22:07:01.089Z,378323,3.20949,3.20949,,-0.15545,6.0328,1529a452-3563-44fa-95f2-08a01baa55ee,WBTC-USDC,1%,WBTC-USDC (1%)
2023-04-01T23:06:17.502Z,378841,0.0,0.0,,-0.12961,6.02823,1529a452-3563-44fa-95f2-08a01baa55ee,WBTC-USDC,1%,WBTC-USDC (1%)
2023-04-02T23:06:12.770Z,377104,0.0,0.0,,-0.00013,5.73617,1529a452-3563-44fa-95f2-08a01baa55ee,WBTC-USDC,1%,WBTC-USDC (1%)
2023-04-03T23:17:37.535Z,377128,2.35332,2.35332,,-0.06017,5.10233,1529a452-3563-44fa-95f2-08a01baa55ee,WBTC-USDC,1%,WBTC-USDC (1%)
2023-04-04T23:06:38.555Z,377080,2.39975,2.39975,,-0.1036,5.39144,1529a452-3563-44fa-95f2-08a01baa55ee,WBTC-USDC,1%,WBTC-USDC (1%)
2023-04-05T23:10:49.151Z,377151,0.18487,0.18487,,-0.0048,3.88522,1529a452-3563-44fa-95f2-08a01baa55ee,WBTC-USDC,1%,WBTC-USDC (1%)
2023-04-06T23:06:21.941Z,376776,1.35269,1.35269,,-0.00134,2.91932,1529a452-3563-44fa-95f2-08a01baa55ee,WBTC-USDC,1%,WBTC-USDC (1%)
2023-04-07T23:17:03.409Z,376648,0.0,0.0,,-0.03628,1.93149,1529a452-3563-44fa-95f2-08a01baa55ee,WBTC-USDC,1%,WBTC-USDC (1%)
2023-04-08T23:09:50.983Z,376943,0.0,0.0,,-0.04391,1.93103,1529a452-3563-44fa-95f2-08a01baa55ee,WBTC-USDC,1%,WBTC-USDC (1%)
2023-04-09T23:07:15.858Z,378129,0.86377,0.86377,,-0.0155,2.18989,1529a452-3563-44fa-95f2-08a01baa55ee,WBTC-USDC,1%,WBTC-USDC (1%)
2023-04-10T23:28:42.570Z,381404,5.10793,5.10793,,-0.32047,3.02488,1529a452-3563-44fa-95f2-08a01baa55ee,WBTC-USDC,1%,WBTC-USDC (1%)
2023-04-11T23:06:25.098Z,383710,2.47125,2.47125,,-0.43785,3.04508,1529a452-3563-44fa-95f2-08a01baa55ee,WBTC-USDC,1%,WBTC-USDC (1%)
2023-04-12T23:17:17.504Z,382306,0.04673,0.04673,,-0.29441,3.01248,1529a452-3563-44fa-95f2-08a01baa55ee,WBTC-USDC,1%,WBTC-USDC (1%)
2023-04-13T23:06:32.819Z,383730,1.3261,1.3261,,-0.56282,3.00121,1529a452-3563-44fa-95f2-08a01baa55ee,WBTC-USDC,1%,WBTC-USDC (1%)
2023-04-14T23:06:39.213Z,384879,6.22346,6.22346,,-0.65503,4.9103,1529a452-3563-44fa-95f2-08a01baa55ee,WBTC-USDC,1%,WBTC-USDC (1%)
2023-04-15T22:06:08.680Z,384507,0.0,0.0,,-0.58376,4.91486,1529a452-3563-44fa-95f2-08a01baa55ee,WBTC-USDC,1%,WBTC-USDC (1%)
2023-04-16T22:06:45.309Z,384608,0.0,0.0,,-0.39874,4.65246,1529a452-3563-44fa-95f2-08a01baa55ee,WBTC-USDC,1%,WBTC-USDC (1%)
2023-04-17T23:06:47.193Z,381858,3.78179,3.78179,,-1e-05,4.27649,1529a452-3563-44fa-95f2-08a01baa55ee,WBTC-USDC,1%,WBTC-USDC (1%)
2023-04-18T23:17:49.428Z,384229,2.12027,2.12027,,-0.00159,4.14505,1529a452-3563-44fa-95f2-08a01baa55ee,WBTC-USDC,1%,WBTC-USDC (1%)
2023-04-19T23:06:28.861Z,380621,2.81602,2.81602,,-0.07472,5.03538,1529a452-3563-44fa-95f2-08a01baa55ee,WBTC-USDC,1%,WBTC-USDC (1%)
2023-04-20T23:31:58.275Z,377924,1.11509,1.11509,,-0.45916,6.20927,1529a452-3563-44fa-95f2-08a01baa55ee,WBTC-USDC,1%,WBTC-USDC (1%)
2023-04-21T23:17:55.043Z,375150,3.88782,3.88782,,-1.03686,5.48691,1529a452-3563-44fa-95f2-08a01baa55ee,WBTC-USDC,1%,WBTC-USDC (1%)
2023-04-22T23:06:58.522Z,376796,0.20464,0.20464,,-0.70212,5.52902,1529a452-3563-44fa-95f2-08a01baa55ee,WBTC-USDC,1%,WBTC-USDC (1%)
2023-04-23T23:17:55.069Z,375845,0.0,0.0,,-0.83939,5.5411,1529a452-3563-44fa-95f2-08a01baa55ee,WBTC-USDC,1%,WBTC-USDC (1%)
2023-04-24T23:11:10.252Z,374877,0.4852,0.4852,,-0.47044,4.5158,1529a452-3563-44fa-95f2-08a01baa55ee,WBTC-USDC,1%,WBTC-USDC (1%)
2023-04-25T22:07:24.712Z,377221,1.95579,1.95579,,-0.57722,4.4333,1529a452-3563-44fa-95f2-08a01baa55ee,WBTC-USDC,1%,WBTC-USDC (1%)
2023-04-26T23:28:46.517Z,378101,18.86459,18.86459,,-0.01535,8.15308,1529a452-3563-44fa-95f2-08a01baa55ee,WBTC-USDC,1%,WBTC-USDC (1%)
2023-04-27T23:06:17.151Z,382562,4.94945,4.94945,,-0.1368,9.2636,1529a452-3563-44fa-95f2-08a01baa55ee,WBTC-USDC,1%,WBTC-USDC (1%)
2023-04-28T23:06:33.968Z,381809,0.44691,0.44691,,-0.48162,8.23381,1529a452-3563-44fa-95f2-08a01baa55ee,WBTC-USDC,1%,WBTC-USDC (1%)
2023-04-29T23:06:49.383Z,381184,0.0,0.0,,-0.21187,8.18417,1529a452-3563-44fa-95f2-08a01baa55ee,WBTC-USDC,1%,WBTC-USDC (1%)
2023-04-30T23:06:51.769Z,381643,0.47778,0.47778,,-0.3656,8.32059,1529a452-3563-44fa-95f2-08a01baa55ee,WBTC-USDC,1%,WBTC-USDC (1%)
2023-05-01T23:07:20.189Z,376827,5.45405,5.45405,,-0.03744,9.93788,1529a452-3563-44fa-95f2-08a01baa55ee,WBTC-USDC,1%,WBTC-USDC (1%)
2023-05-02T23:10:29.570Z,379890,0.47064,0.47064,,-0.0363,9.42115,1529a452-3563-44fa-95f2-08a01baa55ee,WBTC-USDC,1%,WBTC-USDC (1%)
2023-05-03T23:08:13.656Z,380737,3.24556,3.24556,,-0.06668,4.61682,1529a452-3563-44fa-95f2-08a01baa55ee,WBTC-USDC,1%,WBTC-USDC (1%)
2023-05-04T23:19:05.693Z,379980,0.0,0.0,,-0.03258,3.09377,1529a452-3563-44fa-95f2-08a01baa55ee,WBTC-USDC,1%,WBTC-USDC (1%)
2023-05-05T23:07:43.088Z,383163,1.39889,1.39889,,-0.00363,3.36733,1529a452-3563-44fa-95f2-08a01baa55ee,WBTC-USDC,1%,WBTC-USDC (1%)
2023-05-06T23:07:13.091Z,380153,3.44075,3.44075,,-0.01145,4.44717,1529a452-3563-44fa-95f2-08a01baa55ee,WBTC-USDC,1%,WBTC-USDC (1%)
2023-05-07T23:22:15.502Z,379977,0.33245,0.33245,,-0.03334,4.40333,1529a452-3563-44fa-95f2-08a01baa55ee,WBTC-USDC,1%,WBTC-USDC (1%)
2023-05-08T23:08:35.819Z,376209,4.24883,4.24883,,-0.01922,4.07006,1529a452-3563-44fa-95f2-08a01baa55ee,WBTC-USDC,1%,WBTC-USDC (1%)
2023-05-09T23:08:07.900Z,376152,0.0,0.0,,-0.16145,3.92424,1529a452-3563-44fa-95f2-08a01baa55ee,WBTC-USDC,1%,WBTC-USDC (1%)
2023-05-10T22:18:25.310Z,375807,0.37953,0.37953,,-0.2717,3.78717,1529a452-3563-44fa-95f2-08a01baa55ee,WBTC-USDC,1%,WBTC-USDC (1%)
2023-05-11T23:06:57.776Z,373873,4.25784,4.25784,,-0.39744,4.35472,1529a452-3563-44fa-95f2-08a01baa55ee,WBTC-USDC,1%,WBTC-USDC (1%)
2023-05-12T23:17:27.394Z,372880,3.13871,3.13871,,-0.92332,4.88621,1529a452-3563-44fa-95f2-08a01baa55ee,WBTC-USDC,1%,WBTC-USDC (1%)
2023-05-13T23:06:48.903Z,373744,0.55443,0.55443,,-0.44198,3.97359,1529a452-3563-44fa-95f2-08a01baa55ee,WBTC-USDC,1%,WBTC-USDC (1%)
2023-05-14T23:06:45.360Z,374115,0.97884,0.97884,,-0.37867,4.16721,1529a452-3563-44fa-95f2-08a01baa55ee,WBTC-USDC,1%,WBTC-USDC (1%)
2023-05-15T23:06:22.823Z,375515,2.06146,2.06146,,-0.01286,3.4811,1529a452-3563-44fa-95f2-08a01baa55ee,WBTC-USDC,1%,WBTC-USDC (1%)
2023-05-16T23:18:29.364Z,374057,0.0,0.0,,-0.04142,3.49,1529a452-3563-44fa-95f2-08a01baa55ee,WBTC-USDC,1%,WBTC-USDC (1%)
2023-05-17T23:18:08.099Z,375774,0.32496,0.32496,,-0.00954,3.46231,1529a452-3563-44fa-95f2-08a01baa55ee,WBTC-USDC,1%,WBTC-USDC (1%)
2023-05-18T23:07:42.245Z,373813,0.39026,0.39026,,-0.00018,2.28817,1529a452-3563-44fa-95f2-08a01baa55ee,WBTC-USDC,1%,WBTC-USDC (1%)
2023-05-19T23:09:29.376Z,373843,0.0,0.0,,-0.00532,1.32699,1529a452-3563-44fa-95f2-08a01baa55ee,WBTC-USDC,1%,WBTC-USDC (1%)
2023-05-20T23:06:20.733Z,374739,0.0,0.0,,-0.0031,1.15492,1529a452-3563-44fa-95f2-08a01baa55ee,WBTC-USDC,1%,WBTC-USDC (1%)
2023-05-21T23:17:51.946Z,373532,0.0,0.0,,-0.0024,0.85659,1529a452-3563-44fa-95f2-08a01baa55ee,WBTC-USDC,1%,WBTC-USDC (1%)
2023-05-22T23:06:31.350Z,373786,0.03522,0.03522,,-0.01784,0.23094,1529a452-3563-44fa-95f2-08a01baa55ee,WBTC-USDC,1%,WBTC-USDC (1%)
2023-05-23T23:06:43.727Z,375357,0.0,0.0,,-0.00487,0.23025,1529a452-3563-44fa-95f2-08a01baa55ee,WBTC-USDC,1%,WBTC-USDC (1%)
2023-05-24T23:06:58.703Z,371937,2.20725,2.20725,,-0.10041,0.80835,1529a452-3563-44fa-95f2-08a01baa55ee,WBTC-USDC,1%,WBTC-USDC (1%)
2023-05-25T23:07:06.848Z,372553,2.03048,2.03048,,-0.01817,1.31041,1529a452-3563-44fa-95f2-08a01baa55ee,WBTC-USDC,1%,WBTC-USDC (1%)
2023-05-26T23:06:51.466Z,373187,1.47512,1.47512,,-0.00276,1.76099,1529a452-3563-44fa-95f2-08a01baa55ee,WBTC-USDC,1%,WBTC-USDC (1%)
2023-05-27T23:17:48.676Z,373777,0.14569,0.14569,,-0.00528,1.80395,1529a452-3563-44fa-95f2-08a01baa55ee,WBTC-USDC,1%,WBTC-USDC (1%)
2023-05-28T23:06:55.334Z,378256,5.86894,5.86894,,-0.18864,3.59298,1529a452-3563-44fa-95f2-08a01baa55ee,WBTC-USDC,1%,WBTC-USDC (1%)
2023-05-29T23:21:55.080Z,376882,3.57313,3.57313,,-0.08752,4.69124,1529a452-3563-44fa-95f2-08a01baa55ee,WBTC-USDC,1%,WBTC-USDC (1%)
2023-05-30T22:08:52.994Z,376927,0.0,0.0,,-0.03874,4.69038,1529a452-3563-44fa-95f2-08a01baa55ee,WBTC-USDC,1%,WBTC-USDC (1%)
2023-05-31T23:17:39.585Z,374712,1.44239,1.44239,,-0.07379,4.48311,1529a452-3563-44fa-95f2-08a01baa55ee,WBTC-USDC,1%,WBTC-USDC (1%)
2023-06-01T23:07:08.094Z,374136,1.17298,1.17298,,-0.0191,4.22991,1529a452-3563-44fa-95f2-08a01baa55ee,WBTC-USDC,1%,WBTC-USDC (1%)
2023-06-02T23:06:55.106Z,375327,0.0,0.0,,-0.03825,3.7671,1529a452-3563-44fa-95f2-08a01baa55ee,WBTC-USDC,1%,WBTC-USDC (1%)
2023-06-03T23:06:37.000Z,374544,0.0,0.0,,-0.01138,3.72828,1529a452-3563-44fa-95f2-08a01baa55ee,WBTC-USDC,1%,WBTC-USDC (1%)
2023-06-04T23:17:38.010Z,375425,0.0,0.0,,-0.06693,1.90434,1529a452-3563-44fa-95f2-08a01baa55ee,WBTC-USDC,1%,WBTC-USDC (1%)
2023-06-05T23:07:14.785Z,369558,5.28357,5.28357,,-0.47827,2.43174,1529a452-3563-44fa-95f2-08a01baa55ee,WBTC-USDC,1%,WBTC-USDC (1%)
2023-06-06T23:18:31.961Z,374794,7.91994,7.91994,,-0.03843,4.8376,1529a452-3563-44fa-95f2-08a01baa55ee,WBTC-USDC,1%,WBTC-USDC (1%)
2023-06-07T23:18:02.797Z,371939,1.33215,1.33215,,-0.08851,4.83219,1529a452-3563-44fa-95f2-08a01baa55ee,WBTC-USDC,1%,WBTC-USDC (1%)
2023-06-08T23:17:34.350Z,373070,0.0,0.0,,-0.01244,4.45987,1529a452-3563-44fa-95f2-08a01baa55ee,WBTC-USDC,1%,WBTC-USDC (1%)
2023-06-09T23:07:06.935Z,372626,0.0,0.0,,-0.0817,4.46436,1529a452-3563-44fa-95f2-08a01baa55ee,WBTC-USDC,1%,WBTC-USDC (1%)
2023-06-10T23:06:58.845Z,370670,6.61609,6.61609,,-0.17654,6.5137,1529a452-3563-44fa-95f2-08a01baa55ee,WBTC-USDC,1%,WBTC-USDC (1%)
2023-06-11T23:06:38.389Z,370822,0.0,0.0,,-0.23814,6.51294,1529a452-3563-44fa-95f2-08a01baa55ee,WBTC-USDC,1%,WBTC-USDC (1%)
2023-06-12T23:07:28.117Z,352341,0.0,0.0,,-0.00497,5.05578,1529a452-3563-44fa-95f2-08a01baa55ee,WBTC-USDC,1%,WBTC-USDC (1%)
2023-06-13T23:07:02.229Z,352061,0.11956,0.11956,,-0.23106,2.55719,1529a452-3563-44fa-95f2-08a01baa55ee,WBTC-USDC,1%,WBTC-USDC (1%)
2023-06-14T23:20:16.947Z,350024,3.7151,3.7151,,-0.22897,3.26415,1529a452-3563-44fa-95f2-08a01baa55ee,WBTC-USDC,1%,WBTC-USDC (1%)
2023-06-15T23:06:55.626Z,351301,1.17923,1.17923,,-0.13402,3.60752,1529a452-3563-44fa-95f2-08a01baa55ee,WBTC-USDC,1%,WBTC-USDC (1%)
2023-06-16T23:07:56.982Z,353578,3.49063,3.49063,,-0.00339,4.63897,1529a452-3563-44fa-95f2-08a01baa55ee,WBTC-USDC,1%,WBTC-USDC (1%)
2023-06-17T23:07:07.671Z,354349,1.4846,1.4846,,-0.05823,2.9915,1529a452-3563-44fa-95f2-08a01baa55ee,WBTC-USDC,1%,WBTC-USDC (1%)
2023-06-18T23:07:52.671Z,354089,0.0,0.0,,-0.03269,2.99376,1529a452-3563-44fa-95f2-08a01baa55ee,WBTC-USDC,1%,WBTC-USDC (1%)
2023-06-19T23:08:52.397Z,354756,1.13208,1.13208,,-0.097,3.32786,1529a452-3563-44fa-95f2-08a01baa55ee,WBTC-USDC,1%,WBTC-USDC (1%)
2023-06-20T23:09:58.520Z,359225,5.73193,5.73193,,-0.69823,4.98552,1529a452-3563-44fa-95f2-08a01baa55ee,WBTC-USDC,1%,WBTC-USDC (1%)
2023-06-21T23:07:12.429Z,363779,9.53747,9.53747,,-2.96386,6.7218,1529a452-3563-44fa-95f2-08a01baa55ee,WBTC-USDC,1%,WBTC-USDC (1%)
2023-06-22T23:07:07.765Z,363700,0.60104,0.60104,,-2.19561,6.56197,1529a452-3563-44fa-95f2-08a01baa55ee,WBTC-USDC,1%,WBTC-USDC (1%)
2023-06-23T23:07:01.097Z,365245,3.79453,3.79453,,-2.01145,6.65923,1529a452-3563-44fa-95f2-08a01baa55ee,WBTC-USDC,1%,WBTC-USDC (1%)
2023-06-24T23:10:30.700Z,364857,1.7965,1.7965,,-1.64238,6.77405,1529a452-3563-44fa-95f2-08a01baa55ee,WBTC-USDC,1%,WBTC-USDC (1%)
2023-06-25T23:08:15.158Z,365028,0.9922,0.9922,,-1.83188,7.07034,1529a452-3563-44fa-95f2-08a01baa55ee,WBTC-USDC,1%,WBTC-USDC (1%)
2023-06-26T23:06:37.554Z,364383,1.7604,1.7604,,-1.26358,7.28259,1529a452-3563-44fa-95f2-08a01baa55ee,WBTC-USDC,1%,WBTC-USDC (1%)
2023-06-27T23:06:55.656Z,365155,0.55836,0.55836,,-0.56212,5.73205,1529a452-3563-44fa-95f2-08a01baa55ee,WBTC-USDC,1%,WBTC-USDC (1%)
2023-06-28T23:08:16.060Z,363967,1.2158,1.2158,,-0.00042,3.24265,1529a452-3563-44fa-95f2-08a01baa55ee,WBTC-USDC,1%,WBTC-USDC (1%)
2023-06-29T23:06:28.208Z,364925,0.95568,0.95568,,-0.02367,3.34115,1529a452-3563-44fa-95f2-08a01baa55ee,WBTC-USDC,1%,WBTC-USDC (1%)
2023-06-30T23:06:15.764Z,365048,4.00006,4.00006,,-0.00211,3.40216,1529a452-3563-44fa-95f2-08a01baa55ee,WBTC-USDC,1%,WBTC-USDC (1%)
2023-07-01T23:05:56.214Z,365317,0.14942,0.14942,,-0.00219,2.90278,1529a452-3563-44fa-95f2-08a01baa55ee,WBTC-USDC,1%,WBTC-USDC (1%)
2023-07-02T23:06:10.720Z,365557,1.00446,1.00446,,-0.0038,2.90519,1529a452-3563-44fa-95f2-08a01baa55ee,WBTC-USDC,1%,WBTC-USDC (1%)
2023-07-03T23:05:53.491Z,366634,2.57625,2.57625,,-0.08092,3.1456,1529a452-3563-44fa-95f2-08a01baa55ee,WBTC-USDC,1%,WBTC-USDC (1%)
2023-07-04T23:06:58.476Z,365821,0.0,0.0,,-0.0039,2.98503,1529a452-3563-44fa-95f2-08a01baa55ee,WBTC-USDC,1%,WBTC-USDC (1%)
2023-07-05T23:06:13.434Z,365058,1.72297,1.72297,,-0.01687,3.14588,1529a452-3563-44fa-95f2-08a01baa55ee,WBTC-USDC,1%,WBTC-USDC (1%)
2023-07-06T23:06:15.578Z,364827,5.54556,5.54556,,-0.00634,4.53739,1529a452-3563-44fa-95f2-08a01baa55ee,WBTC-USDC,1%,WBTC-USDC (1%)
2023-07-07T23:06:19.338Z,364866,0.05546,0.05546,,-0.00134,3.34229,1529a452-3563-44fa-95f2-08a01baa55ee,WBTC-USDC,1%,WBTC-USDC (1%)
2023-07-08T23:09:26.847Z,364968,0.0,0.0,,-0.01379,3.29826,1529a452-3563-44fa-95f2-08a01baa55ee,WBTC-USDC,1%,WBTC-USDC (1%)
2023-07-09T23:06:02.480Z,364389,0.0,0.0,,-0.02561,2.99716,1529a452-3563-44fa-95f2-08a01baa55ee,WBTC-USDC,1%,WBTC-USDC (1%)
2023-07-10T23:05:57.661Z,364714,0.0,0.0,,-0.06613,2.21256,1529a452-3563-44fa-95f2-08a01baa55ee,WBTC-USDC,1%,WBTC-USDC (1%)
2023-07-11T23:06:09.608Z,365337,0.0,0.0,,-0.00485,2.20858,1529a452-3563-44fa-95f2-08a01baa55ee,WBTC-USDC,1%,WBTC-USDC (1%)
2023-07-12T23:06:30.519Z,365292,0.99958,0.99958,,-0.00077,1.99211,1529a452-3563-44fa-95f2-08a01baa55ee,WBTC-USDC,1%,WBTC-USDC (1%)
2023-07-13T23:06:07.845Z,367503,3.14376,3.14376,,-0.1247,1.26615,1529a452-3563-44fa-95f2-08a01baa55ee,WBTC-USDC,1%,WBTC-USDC (1%)
2023-07-14T23:05:57.272Z,364612,3.4989,3.4989,,-0.00048,2.31571,1529a452-3563-44fa-95f2-08a01baa55ee,WBTC-USDC,1%,WBTC-USDC (1%)
2023-07-15T23:06:07.479Z,364882,0.0,0.0,,-0.00056,2.31448,1529a452-3563-44fa-95f2-08a01baa55ee,WBTC-USDC,1%,WBTC-USDC (1%)
2023-07-16T23:17:06.020Z,364685,0.0,0.0,,-0.00222,2.31506,1529a452-3563-44fa-95f2-08a01baa55ee,WBTC-USDC,1%,WBTC-USDC (1%)
2023-07-17T23:17:08.241Z,363622,1.34444,1.34444,,-0.00244,2.72478,1529a452-3563-44fa-95f2-08a01baa55ee,WBTC-USDC,1%,WBTC-USDC (1%)
2023-07-18T23:10:07.521Z,363615,0.0,0.0,,-0.05104,2.72809,1529a452-3563-44fa-95f2-08a01baa55ee,WBTC-USDC,1%,WBTC-USDC (1%)
2023-07-19T23:06:58.591Z,363874,0.0,0.0,,-0.02363,2.42402,1529a452-3563-44fa-95f2-08a01baa55ee,WBTC-USDC,1%,WBTC-USDC (1%)
2023-07-20T23:06:23.489Z,363608,0.0,0.0,,-0.22184,1.46581,1529a452-3563-44fa-95f2-08a01baa55ee,WBTC-USDC,1%,WBTC-USDC (1%)
2023-07-21T23:06:07.393Z,363901,0.0,0.0,,-0.00969,0.40575,1529a452-3563-44fa-95f2-08a01baa55ee,WBTC-USDC,1%,WBTC-USDC (1%)
2023-07-22T23:09:09.689Z,363744,0.0,0.0,,-0.0226,0.40599,1529a452-3563-44fa-95f2-08a01baa55ee,WBTC-USDC,1%,WBTC-USDC (1%)
2023-07-23T23:17:09.188Z,364424,0.34507,0.34507,,-0.01182,0.50975,1529a452-3563-44fa-95f2-08a01baa55ee,WBTC-USDC,1%,WBTC-USDC (1%)
2023-07-24T21:10:52.582Z,361962,2.85086,2.85086,,-0.07011,0.96632,1529a452-3563-44fa-95f2-08a01baa55ee,WBTC-USDC,1%,WBTC-USDC (1%)
2023-07-25T23:06:01.687Z,362207,0.0,0.0,,-0.04097,0.96565,1529a452-3563-44fa-95f2-08a01baa55ee,WBTC-USDC,1%,WBTC-USDC (1%)
2023-07-26T23:05:59.744Z,362756,0.0,0.0,,-0.02088,0.96416,1529a452-3563-44fa-95f2-08a01baa55ee,WBTC-USDC,1%,WBTC-USDC (1%)
2023-07-27T23:06:36.390Z,362054,0.0,0.0,,-0.04501,0.96599,1529a452-3563-44fa-95f2-08a01baa55ee,WBTC-USDC,1%,WBTC-USDC (1%)
2023-07-28T23:06:05.935Z,362509,0.0,0.0,,-0.03368,0.96475,1529a452-3563-44fa-95f2-08a01baa55ee,WBTC-USDC,1%,WBTC-USDC (1%)
2023-07-29T23:06:15.603Z,362559,0.0,0.0,,-0.02413,0.96469,1529a452-3563-44fa-95f2-08a01baa55ee,WBTC-USDC,1%,WBTC-USDC (1%)
2023-07-30T23:09:31.789Z,362036,0.0,0.0,,-0.05991,0.86105,1529a452-3563-44fa-95f2-08a01baa55ee,WBTC-USDC,1%,WBTC-USDC (1%)
2023-07-31T23:05:52.862Z,362047,0.0,0.0,,-0.0002,0.0,1529a452-3563-44fa-95f2-08a01baa55ee,WBTC-USDC,1%,WBTC-USDC (1%)
2023-08-01T23:09:46.626Z,362192,0.66631,0.66631,,-7e-05,0.20132,1529a452-3563-44fa-95f2-08a01baa55ee,WBTC-USDC,1%,WBTC-USDC (1%)
2023-08-02T23:06:19.680Z,361964,1.06949,1.06949,,-0.00652,0.52446,1529a452-3563-44fa-95f2-08a01baa55ee,WBTC-USDC,1%,WBTC-USDC (1%)
2023-08-03T23:18:15.408Z,361858,0.03694,0.03694,,-0.00019,0.53586,1529a452-3563-44fa-95f2-08a01baa55ee,WBTC-USDC,1%,WBTC-USDC (1%)
2023-08-04T23:06:55.647Z,361587,0.97593,0.97593,,-0.01231,0.83113,1529a452-3563-44fa-95f2-08a01baa55ee,WBTC-USDC,1%,WBTC-USDC (1%)
2023-08-05T23:07:03.248Z,361749,0.0,0.0,,-0.0104,0.83083,1529a452-3563-44fa-95f2-08a01baa55ee,WBTC-USDC,1%,WBTC-USDC (1%)
2023-08-06T23:08:02.217Z,361780,0.0,0.0,,-0.00095,0.83066,1529a452-3563-44fa-95f2-08a01baa55ee,WBTC-USDC,1%,WBTC-USDC (1%)
2023-08-07T23:06:52.766Z,361882,0.50986,0.50986,,-0.0013,0.98448,1529a452-3563-44fa-95f2-08a01baa55ee,WBTC-USDC,1%,WBTC-USDC (1%)
2023-08-08T14:07:13.197Z,362573,0.50889,0.50889,,-0.02448,0.78155,1529a452-3563-44fa-95f2-08a01baa55ee,WBTC-USDC,1%,WBTC-USDC (1%)
2023-08-29T23:06:02.556Z,376585,10.55596,10.55596,,-0.41237,3.80537,1529a452-3563-44fa-95f2-08a01baa55ee,WBTC-USDC,1%,WBTC-USDC (1%)
2023-08-30T23:05:53.521Z,374656,0.73883,0.73883,,-0.07043,3.08642,1529a452-3563-44fa-95f2-08a01baa55ee,WBTC-USDC,1%,WBTC-USDC (1%)
2023-08-31T23:05:49.607Z,370988,8.85264,8.85264,,-0.00034,5.12376,1529a452-3563-44fa-95f2-08a01baa55ee,WBTC-USDC,1%,WBTC-USDC (1%)
2023-09-01T11:06:03.387Z,370885,9.14184,9.14184,,-0.00082,5.19528,1529a452-3563-44fa-95f2-08a01baa55ee,WBTC-USDC,1%,WBTC-USDC (1%)
2023-09-04T23:06:24.066Z,370012,0.07187,0.07187,,-0.00942,5.96253,1529a452-3563-44fa-95f2-08a01baa55ee,WBTC-USDC,1%,WBTC-USDC (1%)
2023-09-05T23:05:45.051Z,369973,0.0,0.0,,-0.41737,3.34446,1529a452-3563-44fa-95f2-08a01baa55ee,WBTC-USDC,1%,WBTC-USDC (1%)
2023-09-06T23:06:16.844Z,369895,0.0,0.0,,-0.29546,3.16299,1529a452-3563-44fa-95f2-08a01baa55ee,WBTC-USDC,1%,WBTC-USDC (1%)
2023-09-07T21:06:26.899Z,370807,0.0,0.0,,0.0,1.13435,1529a452-3563-44fa-95f2-08a01baa55ee,WBTC-USDC,1%,WBTC-USDC (1%)
2023-09-08T23:06:17.579Z,370655,1.37054,1.37054,,-0.00285,1.01015,1529a452-3563-44fa-95f2-08a01baa55ee,WBTC-USDC,1%,WBTC-USDC (1%)
2023-09-09T23:05:50.902Z,370573,0.0,0.0,,-6e-05,1.01033,1529a452-3563-44fa-95f2-08a01baa55ee,WBTC-USDC,1%,WBTC-USDC (1%)
2023-09-10T19:06:46.178Z,369943,0.0,0.0,,-0.0066,1.01222,1529a452-3563-44fa-95f2-08a01baa55ee,WBTC-USDC,1%,WBTC-USDC (1%)
2023-09-11T23:06:17.442Z,367942,4.17607,4.17607,,-0.0526,2.41723,1529a452-3563-44fa-95f2-08a01baa55ee,WBTC-USDC,1%,WBTC-USDC (1%)
2023-09-12T23:06:34.102Z,370566,8.37085,8.37085,,-0.00806,4.43701,1529a452-3563-44fa-95f2-08a01baa55ee,WBTC-USDC,1%,WBTC-USDC (1%)
2023-09-13T23:05:11.071Z,371877,1.46273,1.46273,,-0.03677,4.77927,1529a452-3563-44fa-95f2-08a01baa55ee,WBTC-USDC,1%,WBTC-USDC (1%)
2023-09-14T23:07:38.700Z,373169,2.86942,2.86942,,-0.01382,4.8058,1529a452-3563-44fa-95f2-08a01baa55ee,WBTC-USDC,1%,WBTC-USDC (1%)
2023-09-15T23:06:55.684Z,373567,0.0,0.0,,-0.09511,4.46875,1529a452-3563-44fa-95f2-08a01baa55ee,WBTC-USDC,1%,WBTC-USDC (1%)
2023-09-16T23:06:30.683Z,372926,0.97356,0.97356,,-0.05659,4.71417,1529a452-3563-44fa-95f2-08a01baa55ee,WBTC-USDC,1%,WBTC-USDC (1%)
2023-09-17T23:06:16.148Z,372642,0.0,0.0,,-0.04955,4.32717,1529a452-3563-44fa-95f2-08a01baa55ee,WBTC-USDC,1%,WBTC-USDC (1%)
2023-09-18T23:06:37.207Z,356447,1.9957,1.9957,,-0.38514,4.91381,1529a452-3563-44fa-95f2-08a01baa55ee,WBTC-USDC,1%,WBTC-USDC (1%)
2023-09-19T23:06:37.016Z,357275,1.44713,1.44713,,-0.16778,2.71473,1529a452-3563-44fa-95f2-08a01baa55ee,WBTC-USDC,1%,WBTC-USDC (1%)
2023-09-20T23:10:14.415Z,356823,0.0,0.0,,-0.08318,2.25571,1529a452-3563-44fa-95f2-08a01baa55ee,WBTC-USDC,1%,WBTC-USDC (1%)
2023-09-21T23:05:18.305Z,355808,2.12257,2.12257,,-0.00163,1.99564,1529a452-3563-44fa-95f2-08a01baa55ee,WBTC-USDC,1%,WBTC-USDC (1%)
2023-09-22T23:06:44.053Z,355558,0.0,0.0,,-0.00752,1.99591,1529a452-3563-44fa-95f2-08a01baa55ee,WBTC-USDC,1%,WBTC-USDC (1%)
2023-09-23T23:07:11.078Z,355531,0.0,0.0,,-1e-05,1.68682,1529a452-3563-44fa-95f2-08a01baa55ee,WBTC-USDC,1%,WBTC-USDC (1%)
2023-09-24T23:06:11.229Z,355250,0.0,0.0,,-2e-05,1.68836,1529a452-3563-44fa-95f2-08a01baa55ee,WBTC-USDC,1%,WBTC-USDC (1%)
2023-09-25T23:05:13.317Z,354540,1.77754,1.77754,,-0.04648,1.62207,1529a452-3563-44fa-95f2-08a01baa55ee,WBTC-USDC,1%,WBTC-USDC (1%)
2023-09-26T23:06:41.556Z,354399,0.0,0.0,,-0.12365,1.18188,1529a452-3563-44fa-95f2-08a01baa55ee,WBTC-USDC,1%,WBTC-USDC (1%)
2023-09-27T23:06:42.788Z,354835,0.68603,0.68603,,-0.07981,1.38803,1529a452-3563-44fa-95f2-08a01baa55ee,WBTC-USDC,1%,WBTC-USDC (1%)
2023-09-28T23:10:20.584Z,356872,1.83456,1.83456,,-0.02641,1.29545,1529a452-3563-44fa-95f2-08a01baa55ee,WBTC-USDC,1%,WBTC-USDC (1%)
2023-09-29T23:06:49.928Z,356515,0.79116,0.79116,,-0.01198,1.53621,1529a452-3563-44fa-95f2-08a01baa55ee,WBTC-USDC,1%,WBTC-USDC (1%)
2023-09-30T23:10:40.947Z,356787,0.0,0.0,,-0.01494,1.53512,1529a452-3563-44fa-95f2-08a01baa55ee,WBTC-USDC,1%,WBTC-USDC (1%)
2023-10-01T22:06:36.664Z,357380,0.0,0.0,,-0.05745,1.53277,1529a452-3563-44fa-95f2-08a01baa55ee,WBTC-USDC,1%,WBTC-USDC (1%)
2023-10-02T23:06:18.399Z,358561,4.96697,4.96697,,-0.20546,3.2753,1529a452-3563-44fa-95f2-08a01baa55ee,WBTC-USDC,1%,WBTC-USDC (1%)
2023-10-03T23:06:20.953Z,358310,0.0,0.0,,-0.17927,3.27925,1529a452-3563-44fa-95f2-08a01baa55ee,WBTC-USDC,1%,WBTC-USDC (1%)
2023-10-04T23:05:52.754Z,359082,0.16578,0.16578,,-0.26648,3.11547,1529a452-3563-44fa-95f2-08a01baa55ee,WBTC-USDC,1%,WBTC-USDC (1%)
2023-10-05T23:10:14.473Z,358489,1.38511,1.38511,,-0.02953,2.98725,1529a452-3563-44fa-95f2-08a01baa55ee,WBTC-USDC,1%,WBTC-USDC (1%)
2023-10-06T23:10:45.306Z,359620,2.50037,2.50037,,-0.15679,3.49615,1529a452-3563-44fa-95f2-08a01baa55ee,WBTC-USDC,1%,WBTC-USDC (1%)
2023-10-07T23:07:06.016Z,359857,0.0,0.0,,-0.13357,3.49583,1529a452-3563-44fa-95f2-08a01baa55ee,WBTC-USDC,1%,WBTC-USDC (1%)
2023-10-08T23:10:55.999Z,359761,0.0,0.0,,-2e-05,2.72361,1529a452-3563-44fa-95f2-08a01baa55ee,WBTC-USDC,1%,WBTC-USDC (1%)
2023-10-09T23:10:10.154Z,358557,1.74801,1.74801,,-0.0001,1.75772,1529a452-3563-44fa-95f2-08a01baa55ee,WBTC-USDC,1%,WBTC-USDC (1%)
2023-10-10T23:10:25.298Z,358276,0.0,0.0,,-0.00034,1.75921,1529a452-3563-44fa-95f2-08a01baa55ee,WBTC-USDC,1%,WBTC-USDC (1%)
2023-10-11T23:08:05.371Z,356508,2.78353,2.78353,,-0.11738,2.55931,1529a452-3563-44fa-95f2-08a01baa55ee,WBTC-USDC,1%,WBTC-USDC (1%)
2023-10-12T23:06:32.712Z,356493,0.46529,0.46529,,-0.0618,2.27871,1529a452-3563-44fa-95f2-08a01baa55ee,WBTC-USDC,1%,WBTC-USDC (1%)
2023-10-13T23:06:05.109Z,356739,0.0,0.0,,-0.15997,1.51517,1529a452-3563-44fa-95f2-08a01baa55ee,WBTC-USDC,1%,WBTC-USDC (1%)
2023-10-14T23:06:07.621Z,356573,0.0,0.0,,-0.15612,1.51498,1529a452-3563-44fa-95f2-08a01baa55ee,WBTC-USDC,1%,WBTC-USDC (1%)
2023-10-15T22:06:12.987Z,357568,0.0,0.0,,-0.05976,1.51114,1529a452-3563-44fa-95f2-08a01baa55ee,WBTC-USDC,1%,WBTC-USDC (1%)
2023-10-16T23:17:19.783Z,361036,12.5096,12.5096,,-0.10399,4.7893,1529a452-3563-44fa-95f2-08a01baa55ee,WBTC-USDC,1%,WBTC-USDC (1%)
2023-10-17T23:04:44.368Z,361414,0.0,0.0,,-0.09696,4.7898,1529a452-3563-44fa-95f2-08a01baa55ee,WBTC-USDC,1%,WBTC-USDC (1%)
2023-10-18T23:09:52.584Z,361171,0.0,0.0,,-0.28291,3.96009,1529a452-3563-44fa-95f2-08a01baa55ee,WBTC-USDC,1%,WBTC-USDC (1%)
2023-10-19T23:06:31.564Z,361945,0.0,0.0,,-0.42246,3.81063,1529a452-3563-44fa-95f2-08a01baa55ee,WBTC-USDC,1%,WBTC-USDC (1%)
2023-10-20T23:06:34.989Z,364189,6.64836,6.64836,,-0.84255,5.80239,1529a452-3563-44fa-95f2-08a01baa55ee,WBTC-USDC,1%,WBTC-USDC (1%)
2023-10-21T23:07:39.187Z,365151,1.11353,1.11353,,-1.14079,6.1207,1529a452-3563-44fa-95f2-08a01baa55ee,WBTC-USDC,1%,WBTC-USDC (1%)
2023-10-22T23:06:30.854Z,365328,0.0,0.0,,-0.84007,6.095,1529a452-3563-44fa-95f2-08a01baa55ee,WBTC-USDC,1%,WBTC-USDC (1%)
2023-10-23T23:10:14.142Z,372360,14.1922,14.1922,,-1.84982,6.58968,1529a452-3563-44fa-95f2-08a01baa55ee,WBTC-USDC,1%,WBTC-USDC (1%)
2023-10-24T23:10:43.142Z,374825,16.81046,16.81046,,-2.90276,11.63281,1529a452-3563-44fa-95f2-08a01baa55ee,WBTC-USDC,1%,WBTC-USDC (1%)
2023-10-25T23:06:11.241Z,375583,3.26007,3.26007,,-3.54288,12.58043,1529a452-3563-44fa-95f2-08a01baa55ee,WBTC-USDC,1%,WBTC-USDC (1%)
2023-10-26T23:05:59.742Z,375145,2.0318,2.0318,,-2.67841,13.22452,1529a452-3563-44fa-95f2-08a01baa55ee,WBTC-USDC,1%,WBTC-USDC (1%)
2023-10-27T23:06:21.339Z,441744,1.19297,1.19297,,-1.58306,11.72794,1529a452-3563-44fa-95f2-08a01baa55ee,WBTC-USDC,1%,WBTC-USDC (1%)
2023-10-28T23:06:05.701Z,442818,0.41209,0.41209,,-1.3916,11.52812,1529a452-3563-44fa-95f2-08a01baa55ee,WBTC-USDC,1%,WBTC-USDC (1%)
2023-10-29T23:05:45.585Z,445193,1.26514,1.26514,,-1.9745,11.93719,1529a452-3563-44fa-95f2-08a01baa55ee,WBTC-USDC,1%,WBTC-USDC (1%)
2023-10-30T23:06:47.651Z,444631,0.0,0.0,,-0.19994,7.69466,1529a452-3563-44fa-95f2-08a01baa55ee,WBTC-USDC,1%,WBTC-USDC (1%)
2023-10-31T23:09:29.839Z,444386,0.0,0.0,,-0.0135,2.62347,1529a452-3563-44fa-95f2-08a01baa55ee,WBTC-USDC,1%,WBTC-USDC (1%)
2023-11-01T23:06:03.200Z,376615,2.41045,2.41045,,-0.02121,2.35977,1529a452-3563-44fa-95f2-08a01baa55ee,WBTC-USDC,1%,WBTC-USDC (1%)
2023-11-02T23:06:35.298Z,375952,3.66412,3.66412,,-0.01895,2.85993,1529a452-3563-44fa-95f2-08a01baa55ee,WBTC-USDC,1%,WBTC-USDC (1%)
2023-11-03T23:05:52.847Z,375730,1.3792,1.3792,,-0.04602,2.85519,1529a452-3563-44fa-95f2-08a01baa55ee,WBTC-USDC,1%,WBTC-USDC (1%)
2023-11-04T23:10:22.031Z,376762,0.0,0.0,,-0.09461,2.69909,1529a452-3563-44fa-95f2-08a01baa55ee,WBTC-USDC,1%,WBTC-USDC (1%)
2023-11-05T23:05:55.674Z,376882,1.21116,1.21116,,-0.00154,2.61682,1529a452-3563-44fa-95f2-08a01baa55ee,WBTC-USDC,1%,WBTC-USDC (1%)
2023-11-06T23:06:54.179Z,376731,0.0,0.0,,-0.01963,2.61363,1529a452-3563-44fa-95f2-08a01baa55ee,WBTC-USDC,1%,WBTC-USDC (1%)
2023-11-07T20:08:35.758Z,377644,0.0,0.0,,-0.06961,2.60789,1529a452-3563-44fa-95f2-08a01baa55ee,WBTC-USDC,1%,WBTC-USDC (1%)
2023-11-08T23:06:40.169Z,377611,0.0,0.0,,-0.03167,2.31034,1529a452-3563-44fa-95f2-08a01baa55ee,WBTC-USDC,1%,WBTC-USDC (1%)
2023-11-09T23:11:11.763Z,379265,12.90252,12.90252,,-0.18757,5.09311,1529a452-3563-44fa-95f2-08a01baa55ee,WBTC-USDC,1%,WBTC-USDC (1%)
2023-11-10T23:08:29.579Z,380472,3.03596,3.03596,,-0.47753,5.57611,1529a452-3563-44fa-95f2-08a01baa55ee,WBTC-USDC,1%,WBTC-USDC (1%)
2023-11-11T23:10:08.782Z,379589,0.0,0.0,,-0.1782,5.59179,1529a452-3563-44fa-95f2-08a01baa55ee,WBTC-USDC,1%,WBTC-USDC (1%)
2023-11-12T20:33:16.465Z,380152,0.0,0.0,,-0.25674,5.22187,1529a452-3563-44fa-95f2-08a01baa55ee,WBTC-USDC,1%,WBTC-USDC (1%)
2023-11-13T23:07:36.523Z,378631,0.0,0.0,,-0.14587,5.2421,1529a452-3563-44fa-95f2-08a01baa55ee,WBTC-USDC,1%,WBTC-USDC (1%)
2023-11-14T23:07:26.878Z,378099,7.66799,7.66799,,-0.0052,7.1533,1529a452-3563-44fa-95f2-08a01baa55ee,WBTC-USDC,1%,WBTC-USDC (1%)
2023-11-15T23:06:44.635Z,381189,8.83799,8.83799,,-0.22247,9.72832,1529a452-3563-44fa-95f2-08a01baa55ee,WBTC-USDC,1%,WBTC-USDC (1%)
2023-11-16T23:05:43.509Z,378599,5.83694,5.83694,,-0.00587,7.67812,1529a452-3563-44fa-95f2-08a01baa55ee,WBTC-USDC,1%,WBTC-USDC (1%)
2023-11-17T23:06:31.042Z,379183,0.57396,0.57396,,-0.04593,6.91826,1529a452-3563-44fa-95f2-08a01baa55ee,WBTC-USDC,1%,WBTC-USDC (1%)
2023-11-18T23:05:55.099Z,379281,1.15618,1.15618,,-0.00974,7.2667,1529a452-3563-44fa-95f2-08a01baa55ee,WBTC-USDC,1%,WBTC-USDC (1%)
2023-11-19T21:05:39.963Z,380133,0.0,0.0,,-0.00296,7.24626,1529a452-3563-44fa-95f2-08a01baa55ee,WBTC-USDC,1%,WBTC-USDC (1%)
2023-11-20T23:09:51.157Z,381235,2.33617,2.33617,,-0.04316,8.07336,1529a452-3563-44fa-95f2-08a01baa55ee,WBTC-USDC,1%,WBTC-USDC (1%)
2023-11-21T23:05:29.006Z,378933,2.61999,2.61999,,-0.04793,6.60736,1529a452-3563-44fa-95f2-08a01baa55ee,WBTC-USDC,1%,WBTC-USDC (1%)
2023-11-22T23:10:33.042Z,381001,6.1965,6.1965,,-0.00516,6.05481,1529a452-3563-44fa-95f2-08a01baa55ee,WBTC-USDC,1%,WBTC-USDC (1%)
2023-11-23T23:07:01.765Z,381138,0.0,0.0,,-0.07992,4.30911,1529a452-3563-44fa-95f2-08a01baa55ee,WBTC-USDC,1%,WBTC-USDC (1%)
2023-11-24T23:06:46.808Z,380937,2.33369,2.33369,,-0.10352,4.83101,1529a452-3563-44fa-95f2-08a01baa55ee,WBTC-USDC,1%,WBTC-USDC (1%)
2023-11-25T23:06:33.071Z,381660,0.0,0.0,,-0.10386,4.48059,1529a452-3563-44fa-95f2-08a01baa55ee,WBTC-USDC,1%,WBTC-USDC (1%)
2023-11-26T23:06:20.242Z,381230,0.7712,0.7712,,-0.014,4.57438,1529a452-3563-44fa-95f2-08a01baa55ee,WBTC-USDC,1%,WBTC-USDC (1%)
2023-11-27T23:07:59.777Z,380867,2.24111,2.24111,,-0.00654,4.55823,1529a452-3563-44fa-95f2-08a01baa55ee,WBTC-USDC,1%,WBTC-USDC (1%)
2023-11-28T23:07:23.723Z,381868,2.07326,2.07326,,-0.14999,4.0934,1529a452-3563-44fa-95f2-08a01baa55ee,WBTC-USDC,1%,WBTC-USDC (1%)
2023-11-29T23:07:16.975Z,381661,0.48669,0.48669,,-0.00994,2.37906,1529a452-3563-44fa-95f2-08a01baa55ee,WBTC-USDC,1%,WBTC-USDC (1%)
2023-11-30T23:17:38.148Z,381963,0.0,0.0,,-0.01082,2.37915,1529a452-3563-44fa-95f2-08a01baa55ee,WBTC-USDC,1%,WBTC-USDC (1%)
2023-12-01T23:06:57.389Z,383042,2.44484,2.44484,,-0.05149,2.40403,1529a452-3563-44fa-95f2-08a01baa55ee,WBTC-USDC,1%,WBTC-USDC (1%)
2023-12-02T19:05:17.606Z,383435,0.0,0.0,,-0.08204,2.40056,1529a452-3563-44fa-95f2-08a01baa55ee,WBTC-USDC,1%,WBTC-USDC (1%)
2023-12-03T22:05:13.326Z,384504,0.30967,0.30967,,-0.2736,2.82969,1529a452-3563-44fa-95f2-08a01baa55ee,WBTC-USDC,1%,WBTC-USDC (1%)
2023-12-04T23:07:30.749Z,387466,6.93941,6.93941,,-1.28543,4.6083,1529a452-3563-44fa-95f2-08a01baa55ee,WBTC-USDC,1%,WBTC-USDC (1%)
2023-12-05T23:07:05.039Z,389841,6.57319,6.57319,,-2.0328,5.90261,1529a452-3563-44fa-95f2-08a01baa55ee,WBTC-USDC,1%,WBTC-USDC (1%)
2023-12-06T19:07:42.630Z,389564,1.42469,1.42469,,-1.90548,5.77094,1529a452-3563-44fa-95f2-08a01baa55ee,WBTC-USDC,1%,WBTC-USDC (1%)
2023-12-07T23:06:50.340Z,388964,0.0,0.0,,-1.65109,5.78898,1529a452-3563-44fa-95f2-08a01baa55ee,WBTC-USDC,1%,WBTC-USDC (1%)
2023-12-08T21:10:19.319Z,390537,0.0,0.0,,-1.58404,5.04038,1529a452-3563-44fa-95f2-08a01baa55ee,WBTC-USDC,1%,WBTC-USDC (1%)
2023-12-09T23:06:28.100Z,389334,0.0,0.0,,-1.00845,4.97648,1529a452-3563-44fa-95f2-08a01baa55ee,WBTC-USDC,1%,WBTC-USDC (1%)
2023-12-10T23:06:18.724Z,389571,0.18713,0.18713,,-0.68239,4.54752,1529a452-3563-44fa-95f2-08a01baa55ee,WBTC-USDC,1%,WBTC-USDC (1%)
2023-12-11T23:20:23.901Z,386669,13.7694,13.7694,,-0.02171,6.6519,1529a452-3563-44fa-95f2-08a01baa55ee,WBTC-USDC,1%,WBTC-USDC (1%)
2023-12-12T23:10:04.067Z,387257,2.60802,2.60802,,-0.35013,5.44708,1529a452-3563-44fa-95f2-08a01baa55ee,WBTC-USDC,1%,WBTC-USDC (1%)
2023-12-13T23:06:27.714Z,388606,5.75811,5.75811,,-0.02037,7.11409,1529a452-3563-44fa-95f2-08a01baa55ee,WBTC-USDC,1%,WBTC-USDC (1%)
2023-12-14T23:06:03.772Z,389039,0.0699,0.0699,,-0.00109,7.12933,1529a452-3563-44fa-95f2-08a01baa55ee,WBTC-USDC,1%,WBTC-USDC (1%)
2023-12-15T23:10:06.021Z,387996,1.67578,1.67578,,-0.2344,7.18089,1529a452-3563-44fa-95f2-08a01baa55ee,WBTC-USDC,1%,WBTC-USDC (1%)
2023-12-16T08:10:15.822Z,388056,1.67552,1.67552,,-0.2083,7.17886,1529a452-3563-44fa-95f2-08a01baa55ee,WBTC-USDC,1%,WBTC-USDC (1%)
2023-12-17T11:06:53.317Z,387704,0.0,0.0,,-0.15876,7.1333,1529a452-3563-44fa-95f2-08a01baa55ee,WBTC-USDC,1%,WBTC-USDC (1%)
2023-12-18T23:06:45.207Z,388419,8.40453,8.40453,,-0.06451,5.52919,1529a452-3563-44fa-95f2-08a01baa55ee,WBTC-USDC,1%,WBTC-USDC (1%)
2023-12-19T23:06:08.832Z,388314,4.18381,4.18381,,-0.05007,6.00642,1529a452-3563-44fa-95f2-08a01baa55ee,WBTC-USDC,1%,WBTC-USDC (1%)
2023-12-20T23:07:31.117Z,389846,4.62965,4.62965,,-0.016,5.63225,1529a452-3563-44fa-95f2-08a01baa55ee,WBTC-USDC,1%,WBTC-USDC (1%)
2023-12-21T23:06:49.065Z,390349,0.67226,0.67226,,-0.0465,5.79721,1529a452-3563-44fa-95f2-08a01baa55ee,WBTC-USDC,1%,WBTC-USDC (1%)
2023-12-22T23:06:56.632Z,390078,0.0,0.0,,-0.14838,5.30902,1529a452-3563-44fa-95f2-08a01baa55ee,WBTC-USDC,1%,WBTC-USDC (1%)
2023-12-23T23:07:09.104Z,390086,0.0,0.0,,-0.12054,5.30809,1529a452-3563-44fa-95f2-08a01baa55ee,WBTC-USDC,1%,WBTC-USDC (1%)
2023-12-24T22:06:48.589Z,389485,0.0,0.0,,-0.12387,5.31952,1529a452-3563-44fa-95f2-08a01baa55ee,WBTC-USDC,1%,WBTC-USDC (1%)
2023-12-25T23:07:06.109Z,390342,0.0,0.0,,-0.08025,3.17244,1529a452-3563-44fa-95f2-08a01baa55ee,WBTC-USDC,1%,WBTC-USDC (1%)
2023-12-26T23:10:15.232Z,388659,3.48166,3.48166,,-0.0025,2.98611,1529a452-3563-44fa-95f2-08a01baa55ee,WBTC-USDC,1%,WBTC-USDC (1%)
2023-12-27T23:06:50.551Z,389347,3.00178,3.00178,,-0.00074,2.48555,1529a452-3563-44fa-95f2-08a01baa55ee,WBTC-USDC,1%,WBTC-USDC (1%)
2023-12-28T23:06:50.446Z,388979,1.27648,1.27648,,-0.08817,2.67354,1529a452-3563-44fa-95f2-08a01baa55ee,WBTC-USDC,1%,WBTC-USDC (1%)
2023-12-29T23:07:12.516Z,388016,3.56919,3.56919,,-0.18368,3.75449,1529a452-3563-44fa-95f2-08a01baa55ee,WBTC-USDC,1%,WBTC-USDC (1%)
2023-12-30T23:07:07.535Z,388448,0.82742,0.82742,,-0.11359,3.99456,1529a452-3563-44fa-95f2-08a01baa55ee,WBTC-USDC,1%,WBTC-USDC (1%)
2023-12-31T23:07:00.868Z,388609,0.5889,0.5889,,-0.02059,3.81084,1529a452-3563-44fa-95f2-08a01baa55ee,WBTC-USDC,1%,WBTC-USDC (1%)
2024-01-01T20:09:12.205Z,389961,2.78298,2.78298,,-0.00079,4.61601,1529a452-3563-44fa-95f2-08a01baa55ee,WBTC-USDC,1%,WBTC-USDC (1%)
2024-01-02T23:07:13.954Z,391353,7.45615,7.45615,,-0.29993,6.23986,1529a452-3563-44fa-95f2-08a01baa55ee,WBTC-USDC,1%,WBTC-USDC (1%)
2024-01-03T23:07:24.956Z,389196,12.66524,12.66524,,-0.02873,9.20296,1529a452-3563-44fa-95f2-08a01baa55ee,WBTC-USDC,1%,WBTC-USDC (1%)
2024-01-04T23:06:33.618Z,391101,4.35986,4.35986,,-0.1338,10.03952,1529a452-3563-44fa-95f2-08a01baa55ee,WBTC-USDC,1%,WBTC-USDC (1%)
2024-01-05T23:05:31.423Z,391441,1.61488,1.61488,,-0.20578,9.48215,1529a452-3563-44fa-95f2-08a01baa55ee,WBTC-USDC,1%,WBTC-USDC (1%)
2024-01-06T23:06:19.885Z,390422,0.0,0.0,,-0.1333,9.24954,1529a452-3563-44fa-95f2-08a01baa55ee,WBTC-USDC,1%,WBTC-USDC (1%)
2024-01-07T23:06:38.654Z,390784,0.21219,0.21219,,-0.13594,9.12833,1529a452-3563-44fa-95f2-08a01baa55ee,WBTC-USDC,1%,WBTC-USDC (1%)
2024-01-08T23:09:33.169Z,393795,9.08302,9.08302,,-0.44311,10.3986,1529a452-3563-44fa-95f2-08a01baa55ee,WBTC-USDC,1%,WBTC-USDC (1%)
2024-01-09T23:08:59.045Z,394069,9.84311,9.84311,,-0.06822,11.15188,1529a452-3563-44fa-95f2-08a01baa55ee,WBTC-USDC,1%,WBTC-USDC (1%)
2024-01-10T23:09:01.502Z,393965,5.16058,5.16058,,-0.75902,8.94543,1529a452-3563-44fa-95f2-08a01baa55ee,WBTC-USDC,1%,WBTC-USDC (1%)
2024-01-11T23:07:15.220Z,393780,19.6479,19.6479,,-0.16772,13.50801,1529a452-3563-44fa-95f2-08a01baa55ee,WBTC-USDC,1%,WBTC-USDC (1%)
2024-01-12T23:11:12.945Z,389967,15.48785,15.48785,,-0.12982,17.95209,1529a452-3563-44fa-95f2-08a01baa55ee,WBTC-USDC,1%,WBTC-USDC (1%)
2024-01-13T23:09:05.597Z,390707,2.25896,2.25896,,-0.02952,18.56707,1529a452-3563-44fa-95f2-08a01baa55ee,WBTC-USDC,1%,WBTC-USDC (1%)
2024-01-14T23:07:17.207Z,389115,0.0,0.0,,-0.13375,18.58812,1529a452-3563-44fa-95f2-08a01baa55ee,WBTC-USDC,1%,WBTC-USDC (1%)
2024-01-15T23:07:12.962Z,389634,2.85275,2.85275,,-0.77574,16.65769,1529a452-3563-44fa-95f2-08a01baa55ee,WBTC-USDC,1%,WBTC-USDC (1%)
2024-01-16T23:18:59.295Z,390697,0.62058,0.62058,,-0.3542,13.8114,1529a452-3563-44fa-95f2-08a01baa55ee,WBTC-USDC,1%,WBTC-USDC (1%)
2024-01-17T23:07:18.998Z,389983,0.70625,0.70625,,-0.74026,12.50967,1529a452-3563-44fa-95f2-08a01baa55ee,WBTC-USDC,1%,WBTC-USDC (1%)
2024-01-18T23:06:07.871Z,388865,4.62112,4.62112,,-1.14993,8.00123,1529a452-3563-44fa-95f2-08a01baa55ee,WBTC-USDC,1%,WBTC-USDC (1%)
2024-01-19T23:07:00.586Z,389293,5.52411,5.52411,,-0.03239,4.98599,1529a452-3563-44fa-95f2-08a01baa55ee,WBTC-USDC,1%,WBTC-USDC (1%)
2024-01-20T23:10:35.775Z,389051,0.0,0.0,,-0.08245,4.30387,1529a452-3563-44fa-95f2-08a01baa55ee,WBTC-USDC,1%,WBTC-USDC (1%)
2024-01-21T23:08:01.297Z,388633,0.0,0.0,,-0.02559,4.30879,1529a452-3563-44fa-95f2-08a01baa55ee,WBTC-USDC,1%,WBTC-USDC (1%)
2024-01-22T17:10:54.447Z,386995,4.46658,4.46658,,-0.23559,5.22385,1529a452-3563-44fa-95f2-08a01baa55ee,WBTC-USDC,1%,WBTC-USDC (1%)
2024-01-23T23:07:11.858Z,386019,3.63952,3.63952,,-0.75983,6.60223,1529a452-3563-44fa-95f2-08a01baa55ee,WBTC-USDC,1%,WBTC-USDC (1%)
2024-01-24T23:11:03.590Z,387014,3.28769,3.28769,,-0.43443,7.36302,1529a452-3563-44fa-95f2-08a01baa55ee,WBTC-USDC,1%,WBTC-USDC (1%)
2024-01-25T23:06:34.666Z,387158,0.0,0.0,,-0.10153,5.95783,1529a452-3563-44fa-95f2-08a01baa55ee,WBTC-USDC,1%,WBTC-USDC (1%)
2024-01-26T23:04:15.457Z,389048,5.72496,5.72496,,-0.00259,5.9568,1529a452-3563-44fa-95f2-08a01baa55ee,WBTC-USDC,1%,WBTC-USDC (1%)
2024-01-27T23:05:09.470Z,389589,0.0,0.0,,-0.00449,5.94851,1529a452-3563-44fa-95f2-08a01baa55ee,WBTC-USDC,1%,WBTC-USDC (1%)
2024-01-28T23:08:29.294Z,389600,2.9538,2.9538,,-9e-05,6.84531,1529a452-3563-44fa-95f2-08a01baa55ee,WBTC-USDC,1%,WBTC-USDC (1%)
2024-01-29T23:05:09.698Z,390833,2.39376,2.39376,,-0.51175,5.35723,1529a452-3563-44fa-95f2-08a01baa55ee,WBTC-USDC,1%,WBTC-USDC (1%)
2024-01-30T23:05:40.727Z,390513,1.56375,1.56375,,-0.79844,4.74441,1529a452-3563-44fa-95f2-08a01baa55ee,WBTC-USDC,1%,WBTC-USDC (1%)
2024-01-31T23:04:52.268Z,390264,3.4518,3.4518,,-0.41321,4.81805,1529a452-3563-44fa-95f2-08a01baa55ee,WBTC-USDC,1%,WBTC-USDC (1%)
2024-02-01T23:06:37.698Z,391111,2.366,2.366,,-0.45874,5.51749,1529a452-3563-44fa-95f2-08a01baa55ee,WBTC-USDC,1%,WBTC-USDC (1%)
2024-02-02T23:05:55.942Z,391341,0.46494,0.46494,,-0.07648,3.94515,1529a452-3563-44fa-95f2-08a01baa55ee,WBTC-USDC,1%,WBTC-USDC (1%)
2024-02-03T23:05:14.984Z,390629,0.0,0.0,,-0.04301,3.95053,1529a452-3563-44fa-95f2-08a01baa55ee,WBTC-USDC,1%,WBTC-USDC (1%)
2024-02-04T23:06:01.956Z,390199,0.0,0.0,,-0.03621,3.07544,1529a452-3563-44fa-95f2-08a01baa55ee,WBTC-USDC,1%,WBTC-USDC (1%)
2024-02-05T23:05:15.428Z,390520,0.70899,0.70899,,-0.02317,2.56951,1529a452-3563-44fa-95f2-08a01baa55ee,WBTC-USDC,1%,WBTC-USDC (1%)
2024-02-06T23:09:35.121Z,391028,0.50499,0.50499,,-0.00111,2.24327,1529a452-3563-44fa-95f2-08a01baa55ee,WBTC-USDC,1%,WBTC-USDC (1%)
2024-02-07T23:06:15.701Z,391740,2.64063,2.64063,,-0.11403,1.99386,1529a452-3563-44fa-95f2-08a01baa55ee,WBTC-USDC,1%,WBTC-USDC (1%)
2024-02-08T23:06:50.845Z,393229,3.7683,3.7683,,-0.24362,2.40331,1529a452-3563-44fa-95f2-08a01baa55ee,WBTC-USDC,1%,WBTC-USDC (1%)
2024-02-09T23:05:37.948Z,395011,7.63142,7.63142,,-0.73294,4.50347,1529a452-3563-44fa-95f2-08a01baa55ee,WBTC-USDC,1%,WBTC-USDC (1%)
2024-02-10T22:05:45.625Z,395412,0.0,0.0,,-1.02102,4.49007,1529a452-3563-44fa-95f2-08a01baa55ee,WBTC-USDC,1%,WBTC-USDC (1%)
2024-02-11T23:06:46.984Z,395265,1.89546,1.89546,,-1.35093,5.07204,1529a452-3563-44fa-95f2-08a01baa55ee,WBTC-USDC,1%,WBTC-USDC (1%)
2024-02-12T23:05:02.549Z,397400,4.95161,4.95161,,-2.3854,6.2721,1529a452-3563-44fa-95f2-08a01baa55ee,WBTC-USDC,1%,WBTC-USDC (1%)
2024-02-13T23:06:24.951Z,397208,3.83742,3.83742,,-1.70029,7.26656,1529a452-3563-44fa-95f2-08a01baa55ee,WBTC-USDC,1%,WBTC-USDC (1%)
2024-02-14T23:06:46.992Z,398467,7.57896,7.57896,,-2.19148,8.65099,1529a452-3563-44fa-95f2-08a01baa55ee,WBTC-USDC,1%,WBTC-USDC (1%)
2024-02-15T23:06:44.661Z,398498,1.42583,1.42583,,-1.59118,7.98015,1529a452-3563-44fa-95f2-08a01baa55ee,WBTC-USDC,1%,WBTC-USDC (1%)
2024-02-16T23:06:38.163Z,398183,0.0,0.0,,-0.79834,5.76503,1529a452-3563-44fa-95f2-08a01baa55ee,WBTC-USDC,1%,WBTC-USDC (1%)
2024-02-17T23:10:42.416Z,398151,2.16403,2.16403,,-0.58136,6.37607,1529a452-3563-44fa-95f2-08a01baa55ee,WBTC-USDC,1%,WBTC-USDC (1%)
2024-02-18T22:07:18.946Z,397987,0.0,0.0,,-0.53434,5.82241,1529a452-3563-44fa-95f2-08a01baa55ee,WBTC-USDC,1%,WBTC-USDC (1%)
2024-02-19T23:07:29.229Z,398160,0.96128,0.96128,,-0.13696,4.80758,1529a452-3563-44fa-95f2-08a01baa55ee,WBTC-USDC,1%,WBTC-USDC (1%)
2024-02-20T23:06:18.023Z,398415,0.47583,0.47583,,-0.26501,7.44268,1529a452-3563-44fa-95f2-08a01baa55ee,WBTC-USDC,1%,WBTC-USDC (1%)
2024-02-21T23:06:18.146Z,398841,1.81238,1.81238,,-0.00178,2.149,1529a452-3563-44fa-95f2-08a01baa55ee,WBTC-USDC,1%,WBTC-USDC (1%)
2024-02-22T23:06:01.751Z,398436,0.0,0.0,,-0.00279,1.73295,1529a452-3563-44fa-95f2-08a01baa55ee,WBTC-USDC,1%,WBTC-USDC (1%)
2024-02-23T23:06:17.859Z,397466,0.36737,0.36737,,-0.04001,1.84684,1529a452-3563-44fa-95f2-08a01baa55ee,WBTC-USDC,1%,WBTC-USDC (1%)
2024-02-24T23:06:49.298Z,397876,0.83455,0.83455,,-0.00054,1.45127,1529a452-3563-44fa-95f2-08a01baa55ee,WBTC-USDC,1%,WBTC-USDC (1%)
2024-02-25T23:07:23.767Z,397649,1.19833,1.19833,,-0.0054,1.6512,1529a452-3563-44fa-95f2-08a01baa55ee,WBTC-USDC,1%,WBTC-USDC (1%)
2024-02-26T23:06:18.232Z,399981,2.28311,2.28311,,-0.23051,3.96005,1529a452-3563-44fa-95f2-08a01baa55ee,WBTC-USDC,1%,WBTC-USDC (1%)
2024-02-27T18:06:58.939Z,399507,0.13011,0.13011,,-0.89846,3.76405,1529a452-3563-44fa-95f2-08a01baa55ee,WBTC-USDC,1%,WBTC-USDC (1%)
2024-02-28T23:06:05.476Z,402451,0.0,0.0,,-2.64431,2.73442,1529a452-3563-44fa-95f2-08a01baa55ee,WBTC-USDC,1%,WBTC-USDC (1%)
2024-02-29T23:05:45.229Z,402979,0.0,0.0,,-2.62411,2.73442,1529a452-3563-44fa-95f2-08a01baa55ee,WBTC-USDC,1%,WBTC-USDC (1%)
2024-03-01T07:06:00.368Z,402737,0.0,0.0,,-2.93602,2.73441,1529a452-3563-44fa-95f2-08a01baa55ee,WBTC-USDC,1%,WBTC-USDC (1%)
2024-08-23T22:10:06.424Z,5143,71.24965,71.24965,,-0.67412,0.52253,1529a452-3563-44fa-95f2-08a01baa55ee,WBTC-USDC,1%,WBTC-USDC (1%)
2025-01-27T23:28:00.435Z,21311777,0.01515,0.01515,,,0.46005,1529a452-3563-44fa-95f2-08a01baa55ee,WBTC-USDC,1%,WBTC-USDC (1%)
2025-01-28T23:10:51.993Z,21148275,0.0,0.0,,,0.46005,1529a452-3563-44fa-95f2-08a01baa55ee,WBTC-USDC,1%,WBTC-USDC (1%)
2025-01-29T23:09:47.783Z,21600937,0.0,0.0,,,0.46005,1529a452-3563-44fa-95f2-08a01baa55ee,WBTC-USDC,1%,WBTC-USDC (1%)
2025-01-30T23:10:23.319Z,21911842,0.0,0.0,,,0.46005,1529a452-3563-44fa-95f2-08a01baa55ee,WBTC-USDC,1%,WBTC-USDC (1%)
2025-01-31T23:09:40.181Z,21401473,0.0,0.0,,,0.46005,1529a452-3563-44fa-95f2-08a01baa55ee,WBTC-USDC,1%,WBTC-USDC (1%)
2025-02-01T23:10:56.560Z,21075295,0.0,0.0,,,0.42982,1529a452-3563-44fa-95f2-08a01baa55ee,WBTC-USDC,1%,WBTC-USDC (1%)
2025-02-02T23:10:42.834Z,20441370,0.0,0.0,,,0.46005,1529a452-3563-44fa-95f2-08a01baa55ee,WBTC-USDC,1%,WBTC-USDC (1%)
2025-02-03T23:10:23.806Z,21290242,0.0,0.0,,,0.0,1529a452-3563-44fa-95f2-08a01baa55ee,WBTC-USDC,1%,WBTC-USDC (1%)
2025-02-04T23:12:52.290Z,20432798,0.0,0.0,,,0.0,1529a452-3563-44fa-95f2-08a01baa55ee,WBTC-USDC,1%,WBTC-USDC (1%)
2025-02-05T23:09:21.690Z,20146774,0.0,0.0,,,0.0,1529a452-3563-44fa-95f2-08a01baa55ee,WBTC-USDC,1%,WBTC-USDC (1%)
2025-02-06T23:12:50.272Z,20233961,0.0,0.0,,,0.0,1529a452-3563-44fa-95f2-08a01baa55ee,WBTC-USDC,1%,WBTC-USDC (1%)
2025-02-07T23:10:21.939Z,20043070,0.0,0.0,,,0.0,1529a452-3563-44fa-95f2-08a01baa55ee,WBTC-USDC,1%,WBTC-USDC (1%)
2025-02-08T23:23:29.215Z,20113321,0.0,0.0,,,0.0,1529a452-3563-44fa-95f2-08a01baa55ee,WBTC-USDC,1%,WBTC-USDC (1%)
2025-02-09T23:08:58.395Z,20043070,0.0,0.0,,,0.0,1529a452-3563-44fa-95f2-08a01baa55ee,WBTC-USDC,1%,WBTC-USDC (1%)
2025-02-10T23:07:30.319Z,20320939,0.0,0.0,,,0.0,1529a452-3563-44fa-95f2-08a01baa55ee,WBTC-USDC,1%,WBTC-USDC (1%)
2025-02-11T23:12:04.073Z,19937483,0.0,0.0,,,0.0,1529a452-3563-44fa-95f2-08a01baa55ee,WBTC-USDC,1%,WBTC-USDC (1%)
2025-02-12T23:11:14.944Z,20416280,0.0,0.0,,,0.0,1529a452-3563-44fa-95f2-08a01baa55ee,WBTC-USDC,1%,WBTC-USDC (1%)
2025-02-13T23:12:21.418Z,20153047,0.0,0.0,,,0.0,1529a452-3563-44fa-95f2-08a01baa55ee,WBTC-USDC,1%,WBTC-USDC (1%)
2025-02-14T23:12:29.708Z,20272641,0.0,0.0,,,0.0,1529a452-3563-44fa-95f2-08a01baa55ee,WBTC-USDC,1%,WBTC-USDC (1%)
2025-02-15T23:12:29.408Z,20341011,0.0,0.0,,,0.0,1529a452-3563-44fa-95f2-08a01baa55ee,WBTC-USDC,1%,WBTC-USDC (1%)
2025-02-16T23:09:22.630Z,20208453,0.0,0.0,,,0.0,1529a452-3563-44fa-95f2-08a01baa55ee,WBTC-USDC,1%,WBTC-USDC (1%)
2025-02-17T23:13:07.187Z,20030943,0.0,0.0,,,0.0,1529a452-3563-44fa-95f2-08a01baa55ee,WBTC-USDC,1%,WBTC-USDC (1%)
2025-02-18T23:12:38.765Z,19883958,0.0,0.0,,,0.0,1529a452-3563-44fa-95f2-08a01baa55ee,WBTC-USDC,1%,WBTC-USDC (1%)
2025-02-19T23:13:26.000Z,20130466,0.0,0.0,,,0.0,1529a452-3563-44fa-95f2-08a01baa55ee,WBTC-USDC,1%,WBTC-USDC (1%)
2025-02-20T23:14:01.497Z,20481305,0.0,0.0,,,0.0,1529a452-3563-44fa-95f2-08a01baa55ee,WBTC-USDC,1%,WBTC-USDC (1%)
2025-02-21T23:10:08.649Z,20005853,0.0,0.0,,,0.0,1529a452-3563-44fa-95f2-08a01baa55ee,WBTC-USDC,1%,WBTC-USDC (1%)
2025-02-22T23:09:30.745Z,20185245,0.0,0.0,,,0.0,1529a452-3563-44fa-95f2-08a01baa55ee,WBTC-USDC,1%,WBTC-USDC (1%)
2025-02-23T23:12:03.685Z,20037006,0.0,0.0,,,0.0,1529a452-3563-44fa-95f2-08a01baa55ee,WBTC-USDC,1%,WBTC-USDC (1%)
2025-02-24T23:10:00.763Z,19389480,0.0,0.0,,,0.0,1529a452-3563-44fa-95f2-08a01baa55ee,WBTC-USDC,1%,WBTC-USDC (1%)
2025-02-25T23:13:12.406Z,18528482,0.0,0.0,,,0.0,1529a452-3563-44fa-95f2-08a01baa55ee,WBTC-USDC,1%,WBTC-USDC (1%)
2025-02-26T23:27:39.039Z,17599113,0.0,0.0,,,0.0,1529a452-3563-44fa-95f2-08a01baa55ee,WBTC-USDC,1%,WBTC-USDC (1%)
2025-02-27T23:09:39.473Z,17671665,0.0,0.0,,,0.0,1529a452-3563-44fa-95f2-08a01baa55ee,WBTC-USDC,1%,WBTC-USDC (1%)
2025-02-28T23:10:45.044Z,17520290,0.0,0.0,,,0.0,1529a452-3563-44fa-95f2-08a01baa55ee,WBTC-USDC,1%,WBTC-USDC (1%)
2025-03-01T23:09:49.136Z,17946607,0.0,0.0,,,0.0,1529a452-3563-44fa-95f2-08a01baa55ee,WBTC-USDC,1%,WBTC-USDC (1%)
2025-03-02T23:10:49.441Z,19623233,0.0,0.0,,,0.0,1529a452-3563-44fa-95f2-08a01baa55ee,WBTC-USDC,1%,WBTC-USDC (1%)
2025-03-03T23:07:00.897Z,18107809,0.0,0.0,,,,1529a452-3563-44fa-95f2-08a01baa55ee,WBTC-USDC,1%,WBTC-USDC (1%)
2025-03-04T23:07:22.569Z,18285738,0.0,0.0,,,0.0,1529a452-3563-44fa-95f2-08a01baa55ee,WBTC-USDC,1%,WBTC-USDC (1%)
2025-03-05T23:06:26.302Z,18869912,0.0,0.0,,,0.0,1529a452-3563-44fa-95f2-08a01baa55ee,WBTC-USDC,1%,WBTC-USDC (1%)
2025-03-06T23:06:06.554Z,18842104,0.0,0.0,,,0.0,1529a452-3563-44fa-95f2-08a01baa55ee,WBTC-USDC,1%,WBTC-USDC (1%)
2025-03-07T23:08:53.306Z,18069338,0.0,0.0,,,0.0,1529a452-3563-44fa-95f2-08a01baa55ee,WBTC-USDC,1%,WBTC-USDC (1%)
2025-03-08T23:24:34.298Z,18021877,0.0,0.0,,,0.0,1529a452-3563-44fa-95f2-08a01baa55ee,WBTC-USDC,1%,WBTC-USDC (1%)
2025-03-09T23:05:58.825Z,16779513,0.0,0.0,,,0.0,1529a452-3563-44fa-95f2-08a01baa55ee,WBTC-USDC,1%,WBTC-USDC (1%)
2025-03-10T23:06:23.514Z,16597612,0.0,0.0,,,0.0,1529a452-3563-44fa-95f2-08a01baa55ee,WBTC-USDC,1%,WBTC-USDC (1%)
2025-03-11T23:06:36.731Z,17350724,0.0,0.0,,,0.0,1529a452-3563-44fa-95f2-08a01baa55ee,WBTC-USDC,1%,WBTC-USDC (1%)
2025-03-12T23:06:29.623Z,17454011,0.0,0.0,,,0.0,1529a452-3563-44fa-95f2-08a01baa55ee,WBTC-USDC,1%,WBTC-USDC (1%)
2025-03-13T23:08:53.671Z,16965387,0.0,0.0,,,0.0,1529a452-3563-44fa-95f2-08a01baa55ee,WBTC-USDC,1%,WBTC-USDC (1%)
2025-03-14T23:06:12.560Z,17637166,0.0,0.0,,,0.0,1529a452-3563-44fa-95f2-08a01baa55ee,WBTC-USDC,1%,WBTC-USDC (1%)
2025-03-15T23:06:00.632Z,17616258,0.0,0.0,,,0.0,1529a452-3563-44fa-95f2-08a01baa55ee,WBTC-USDC,1%,WBTC-USDC (1%)
2025-03-16T23:22:37.990Z,17132652,0.0,0.0,,,0.0,1529a452-3563-44fa-95f2-08a01baa55ee,WBTC-USDC,1%,WBTC-USDC (1%)
2025-03-17T23:06:36.029Z,17507327,0.0,0.0,,,0.0,1529a452-3563-44fa-95f2-08a01baa55ee,WBTC-USDC,1%,WBTC-USDC (1%)
2025-03-18T23:06:44.104Z,17186177,0.0,0.0,,,,1529a452-3563-44fa-95f2-08a01baa55ee,WBTC-USDC,1%,WBTC-USDC (1%)
2025-03-19T23:06:02.787Z,17949743,0.0,0.0,,,0.0,1529a452-3563-44fa-95f2-08a01baa55ee,WBTC-USDC,1%,WBTC-USDC (1%)
2025-03-20T23:06:29.862Z,17548516,0.0,0.0,,,0.0,1529a452-3563-44fa-95f2-08a01baa55ee,WBTC-USDC,1%,WBTC-USDC (1%)
2025-03-21T23:07:07.583Z,17575696,0.0,0.0,,,0.0,1529a452-3563-44fa-95f2-08a01baa55ee,WBTC-USDC,1%,WBTC-USDC (1%)
2025-03-22T23:05:08.282Z,17536598,0.0,0.0,,,0.0,1529a452-3563-44fa-95f2-08a01baa55ee,WBTC-USDC,1%,WBTC-USDC (1%)
2025-03-23T23:05:35.862Z,17832449,0.0,0.0,,,0.0,1529a452-3563-44fa-95f2-08a01baa55ee,WBTC-USDC,1%,WBTC-USDC (1%)
2025-03-24T23:07:11.694Z,18268593,0.0,0.0,,,0.0,1529a452-3563-44fa-95f2-08a01baa55ee,WBTC-USDC,1%,WBTC-USDC (1%)
2025-03-25T23:07:25.009Z,18270893,0.0,0.0,,,0.0,1529a452-3563-44fa-95f2-08a01baa55ee,WBTC-USDC,1%,WBTC-USDC (1%)
2025-03-26T23:05:34.036Z,18141054,0.0,0.0,,,0.0,1529a452-3563-44fa-95f2-08a01baa55ee,WBTC-USDC,1%,WBTC-USDC (1%)
2025-03-27T23:06:07.155Z,18243295,0.0,0.0,,,2e-05,1529a452-3563-44fa-95f2-08a01baa55ee,WBTC-USDC,1%,WBTC-USDC (1%)
2025-03-28T23:06:37.967Z,17620441,0.0,0.0,,,2e-05,1529a452-3563-44fa-95f2-08a01baa55ee,WBTC-USDC,1%,WBTC-USDC (1%)
2025-03-29T23:09:08.261Z,17216495,0.0,0.0,,,2e-05,1529a452-3563-44fa-95f2-08a01baa55ee,WBTC-USDC,1%,WBTC-USDC (1%)
2025-03-30T23:07:46.136Z,17179278,0.0,0.0,,,2e-05,1529a452-3563-44fa-95f2-08a01baa55ee,WBTC-USDC,1%,WBTC-USDC (1%)
2025-03-31T23:06:48.259Z,17214822,0.0,0.0,,,2e-05,1529a452-3563-44fa-95f2-08a01baa55ee,WBTC-USDC,1%,WBTC-USDC (1%)
2025-04-01T23:07:19.746Z,17778925,0.0,0.0,,,2e-05,1529a452-3563-44fa-95f2-08a01baa55ee,WBTC-USDC,1%,WBTC-USDC (1%)
2025-04-02T23:08:41.404Z,17256220,0.0,0.0,,,2e-05,1529a452-3563-44fa-95f2-08a01baa55ee,WBTC-USDC,1%,WBTC-USDC (1%)
2025-04-03T23:08:58.998Z,17278592,0.0,0.0,,,0.0,1529a452-3563-44fa-95f2-08a01baa55ee,WBTC-USDC,1%,WBTC-USDC (1%)
2025-04-04T23:06:16.160Z,17542871,0.0,0.0,,,0.0,1529a452-3563-44fa-95f2-08a01baa55ee,WBTC-USDC,1%,WBTC-USDC (1%)
2025-04-05T23:05:52.481Z,17360761,0.0,0.0,,,0.0,1529a452-3563-44fa-95f2-08a01baa55ee,WBTC-USDC,1%,WBTC-USDC (1%)
2025-04-06T23:05:58.266Z,16280018,0.0,0.0,,,0.0,1529a452-3563-44fa-95f2-08a01baa55ee,WBTC-USDC,1%,WBTC-USDC (1%)
2025-04-07T23:07:05.738Z,16685845,0.0,0.0,,,0.0,1529a452-3563-44fa-95f2-08a01baa55ee,WBTC-USDC,1%,WBTC-USDC (1%)
2025-04-08T23:05:43.739Z,16000266,0.0,0.0,,,0.0,1529a452-3563-44fa-95f2-08a01baa55ee,WBTC-USDC,1%,WBTC-USDC (1%)
2025-04-09T23:04:56.785Z,17358043,0.0,0.0,,,0.0,1529a452-3563-44fa-95f2-08a01baa55ee,WBTC-USDC,1%,WBTC-USDC (1%)
2025-04-10T23:08:33.897Z,16665355,0.0,0.0,,,0.0,1529a452-3563-44fa-95f2-08a01baa55ee,WBTC-USDC,1%,WBTC-USDC (1%)
2025-04-11T23:07:04.121Z,17420140,0.0,0.0,,,0.0,1529a452-3563-44fa-95f2-08a01baa55ee,WBTC-USDC,1%,WBTC-USDC (1%)
2025-04-12T23:07:11.144Z,17832450,0.0,0.0,,,0.0,1529a452-3563-44fa-95f2-08a01baa55ee,WBTC-USDC,1%,WBTC-USDC (1%)
2025-04-13T23:06:13.384Z,17413032,0.0,0.0,,,0.0,1529a452-3563-44fa-95f2-08a01baa55ee,WBTC-USDC,1%,WBTC-USDC (1%)
2025-04-14T23:06:55.882Z,17644491,0.0,0.0,,,0.0,1529a452-3563-44fa-95f2-08a01baa55ee,WBTC-USDC,1%,WBTC-USDC (1%)
2025-04-15T23:06:05.762Z,17514233,0.0,0.0,,,0.0,1529a452-3563-44fa-95f2-08a01baa55ee,WBTC-USDC,1%,WBTC-USDC (1%)
2025-04-16T23:06:35.788Z,17662681,0.0,0.0,,,3e-05,1529a452-3563-44fa-95f2-08a01baa55ee,WBTC-USDC,1%,WBTC-USDC (1%)
2025-04-17T23:07:14.935Z,17709724,0.0,0.0,,,3e-05,1529a452-3563-44fa-95f2-08a01baa55ee,WBTC-USDC,1%,WBTC-USDC (1%)
2025-04-18T23:10:05.529Z,17646373,0.0,0.0,,,3e-05,1529a452-3563-44fa-95f2-08a01baa55ee,WBTC-USDC,1%,WBTC-USDC (1%)
2025-04-19T23:07:37.259Z,17836010,0.0,0.0,,,3e-05,1529a452-3563-44fa-95f2-08a01baa55ee,WBTC-USDC,1%,WBTC-USDC (1%)
2025-04-20T23:06:16.729Z,17730633,0.0,0.0,,,3e-05,1529a452-3563-44fa-95f2-08a01baa55ee,WBTC-USDC,1%,WBTC-USDC (1%)
2025-04-21T23:08:23.989Z,18197094,0.0,0.0,,,3e-05,1529a452-3563-44fa-95f2-08a01baa55ee,WBTC-USDC,1%,WBTC-USDC (1%)
2025-04-22T23:23:08.902Z,19441967,0.0,0.0,,,5e-05,1529a452-3563-44fa-95f2-08a01baa55ee,WBTC-USDC,1%,WBTC-USDC (1%)
2025-04-23T23:08:32.891Z,19560934,0.0,0.0,,,,1529a452-3563-44fa-95f2-08a01baa55ee,WBTC-USDC,1%,WBTC-USDC (1%)
2025-04-24T23:06:50.792Z,19524763,0.0,0.0,,,,1529a452-3563-44fa-95f2-08a01baa55ee,WBTC-USDC,1%,WBTC-USDC (1%)
2025-04-25T22:09:00.176Z,19796819,0.0,0.0,,,,1529a452-3563-44fa-95f2-08a01baa55ee,WBTC-USDC,1%,WBTC-USDC (1%)
2025-04-26T23:07:34.107Z,19814550,0.0,0.0,,,0.00053,1529a452-3563-44fa-95f2-08a01baa55ee,WBTC-USDC,1%,WBTC-USDC (1%)
2025-04-27T23:07:16.882Z,19637458,0.0,0.0,,,0.00053,1529a452-3563-44fa-95f2-08a01baa55ee,WBTC-USDC,1%,WBTC-USDC (1%)
2025-04-28T23:09:45.101Z,19785906,0.0,0.0,,,0.00053,1529a452-3563-44fa-95f2-08a01baa55ee,WBTC-USDC,1%,WBTC-USDC (1%)
2025-04-29T23:05:53.947Z,19686174,0.0,0.0,,,0.00051,1529a452-3563-44fa-95f2-08a01baa55ee,WBTC-USDC,1%,WBTC-USDC (1%)
2025-04-30T23:05:51.193Z,19672375,0.0,0.0,,,0.00051,1529a452-3563-44fa-95f2-08a01baa55ee,WBTC-USDC,1%,WBTC-USDC (1%)
2025-05-01T23:07:09.463Z,20118137,0.0,0.0,,,0.00049,1529a452-3563-44fa-95f2-08a01baa55ee,WBTC-USDC,1%,WBTC-USDC (1%)
2025-05-02T23:07:27.758Z,20211597,0.0,0.0,,,,1529a452-3563-44fa-95f2-08a01baa55ee,WBTC-USDC,1%,WBTC-USDC (1%)
2025-05-03T23:06:24.090Z,20107265,0.0,0.0,,,0.0,1529a452-3563-44fa-95f2-08a01baa55ee,WBTC-USDC,1%,WBTC-USDC (1%)
2025-05-04T23:07:45.467Z,19860758,0.0,0.0,,,0.0,1529a452-3563-44fa-95f2-08a01baa55ee,WBTC-USDC,1%,WBTC-USDC (1%)
2025-05-05T23:07:36.166Z,19879784,0.0,0.0,,,0.0,1529a452-3563-44fa-95f2-08a01baa55ee,WBTC-USDC,1%,WBTC-USDC (1%)
2025-05-06T23:06:26.106Z,20098274,0.0,0.0,,,0.0,1529a452-3563-44fa-95f2-08a01baa55ee,WBTC-USDC,1%,WBTC-USDC (1%)
2025-05-07T23:06:00.472Z,20318437,0.0,0.0,,,0.0,1529a452-3563-44fa-95f2-08a01baa55ee,WBTC-USDC,1%,WBTC-USDC (1%)
2025-05-08T23:08:18.617Z,21541357,0.0,0.0,,,0.0,1529a452-3563-44fa-95f2-08a01baa55ee,WBTC-USDC,1%,WBTC-USDC (1%)
2025-05-09T23:26:15.272Z,21526721,0.0,0.0,,,0.0,1529a452-3563-44fa-95f2-08a01baa55ee,WBTC-USDC,1%,WBTC-USDC (1%)
2025-05-10T23:09:33.789Z,21640880,0.0,0.0,,,0.0,1529a452-3563-44fa-95f2-08a01baa55ee,WBTC-USDC,1%,WBTC-USDC (1%)
2025-05-11T23:08:46.695Z,21703395,0.0,0.0,,,0.0,1529a452-3563-44fa-95f2-08a01baa55ee,WBTC-USDC,1%,WBTC-USDC (1%)
2025-05-12T23:08:23.607Z,21502258,0.0,0.0,,,0.0,1529a452-3563-44fa-95f2-08a01baa55ee,WBTC-USDC,1%,WBTC-USDC (1%)
2025-05-13T23:09:15.868Z,21840971,0.0,0.0,,,3e-05,1529a452-3563-44fa-95f2-08a01baa55ee,WBTC-USDC,1%,WBTC-USDC (1%)
2025-05-14T22:09:41.539Z,21638998,0.0,0.0,,,8e-05,1529a452-3563-44fa-95f2-08a01baa55ee,WBTC-USDC,1%,WBTC-USDC (1%)
2025-05-15T23:08:23.890Z,21651340,0.0,0.0,,,8e-05,1529a452-3563-44fa-95f2-08a01baa55ee,WBTC-USDC,1%,WBTC-USDC (1%)
2025-05-16T23:07:40.393Z,21624786,0.0,0.0,,,8e-05,1529a452-3563-44fa-95f2-08a01baa55ee,WBTC-USDC,1%,WBTC-USDC (1%)
2025-05-17T23:08:39.344Z,21544708,0.0,0.0,,,8e-05,1529a452-3563-44fa-95f2-08a01baa55ee,WBTC-USDC,1%,WBTC-USDC (1%)
2025-05-18T23:08:14.553Z,21992352,0.0,0.0,,,8e-05,1529a452-3563-44fa-95f2-08a01baa55ee,WBTC-USDC,1%,WBTC-USDC (1%)
2025-05-19T23:10:27.940Z,22159853,171.8358,171.8358,,,0.85569,1529a452-3563-44fa-95f2-08a01baa55ee,WBTC-USDC,1%,WBTC-USDC (1%)
2025-05-20T23:08:15.510Z,22487013,227.40529,227.40529,,,1.99389,1529a452-3563-44fa-95f2-08a01baa55ee,WBTC-USDC,1%,WBTC-USDC (1%)
2025-05-21T23:11:03.086Z,22808909,336.9823,336.9823,,,2729.49701,1529a452-3563-44fa-95f2-08a01baa55ee,WBTC-USDC,1%,WBTC-USDC (1%)
2025-05-22T23:09:12.945Z,22795462,0.38037,0.38037,,,17945.98892,1529a452-3563-44fa-95f2-08a01baa55ee,WBTC-USDC,1%,WBTC-USDC (1%)
2025-05-23T23:09:41.887Z,22826397,0.26074,0.26074,,,3152.37947,1529a452-3563-44fa-95f2-08a01baa55ee,WBTC-USDC,1%,WBTC-USDC (1%)
2025-05-24T23:10:43.554Z,22828572,0.26437,0.26437,,,3113.67732,1529a452-3563-44fa-95f2-08a01baa55ee,WBTC-USDC,1%,WBTC-USDC (1%)
2025-05-25T23:09:05.632Z,22827955,0.20794,0.20794,,,3113.50343,1529a452-3563-44fa-95f2-08a01baa55ee,WBTC-USDC,1%,WBTC-USDC (1%)
2025-05-26T23:10:33.887Z,22833865,0.16431,0.16431,,,2291.52722,1529a452-3563-44fa-95f2-08a01baa55ee,WBTC-USDC,1%,WBTC-USDC (1%)
2025-05-27T23:11:09.129Z,22836673,0.18332,0.18332,,,,1529a452-3563-44fa-95f2-08a01baa55ee,WBTC-USDC,1%,WBTC-USDC (1%)
2025-05-28T23:11:44.948Z,20153539,0.3195,0.3195,,,,1529a452-3563-44fa-95f2-08a01baa55ee,WBTC-USDC,1%,WBTC-USDC (1%)
2025-05-29T23:09:05.378Z,20154929,133.28786,133.28786,,,0.67574,1529a452-3563-44fa-95f2-08a01baa55ee,WBTC-USDC,1%,WBTC-USDC (1%)
2025-05-30T23:09:43.929Z,141166,32846.96216,32846.96216,,,1326.67178,1529a452-3563-44fa-95f2-08a01baa55ee,WBTC-USDC,1%,WBTC-USDC (1%)
2025-05-31T23:09:00.514Z,146011,20.67295,20.67295,,,1304.1885,1529a452-3563-44fa-95f2-08a01baa55ee,WBTC-USDC,1%,WBTC-USDC (1%)
2025-06-01T23:09:30.036Z,147069,13.4288,13.4288,,,1265.18715,1529a452-3563-44fa-95f2-08a01baa55ee,WBTC-USDC,1%,WBTC-USDC (1%)
2025-06-02T23:11:14.103Z,147026,4.97921,4.97921,,,1196.24276,1529a452-3563-44fa-95f2-08a01baa55ee,WBTC-USDC,1%,WBTC-USDC (1%)
2025-06-03T23:10:34.208Z,147312,25.62425,25.62425,,,1193.47174,1529a452-3563-44fa-95f2-08a01baa55ee,WBTC-USDC,1%,WBTC-USDC (1%)
2025-06-04T23:09:23.991Z,113849,10.72515,10.72515,,,1237.63848,1529a452-3563-44fa-95f2-08a01baa55ee,WBTC-USDC,1%,WBTC-USDC (1%)
2025-06-05T23:09:25.390Z,114397,106.79151,106.79151,,,3479.68252,1529a452-3563-44fa-95f2-08a01baa55ee,WBTC-USDC,1%,WBTC-USDC (1%)
2025-06-06T23:09:19.324Z,142746,42.33643,42.33643,,,4.99119,1529a452-3563-44fa-95f2-08a01baa55ee,WBTC-USDC,1%,WBTC-USDC (1%)
2025-06-07T23:10:34.534Z,76194,24.35298,24.35298,,,15.71735,1529a452-3563-44fa-95f2-08a01baa55ee,WBTC-USDC,1%,WBTC-USDC (1%)
2025-06-08T23:09:48.796Z,55406,7.91338,7.91338,,,13.58812,1529a452-3563-44fa-95f2-08a01baa55ee,WBTC-USDC,1%,WBTC-USDC (1%)
2025-06-09T23:12:02.204Z,56786,73.66108,73.66108,,,18.82898,1529a452-3563-44fa-95f2-08a01baa55ee,WBTC-USDC,1%,WBTC-USDC (1%)
2025-06-10T23:08:44.558Z,55746,0.0,0.0,,,17.1243,1529a452-3563-44fa-95f2-08a01baa55ee,WBTC-USDC,1%,WBTC-USDC (1%)
2025-06-11T23:09:42.994Z,55022,0.0,0.0,,,13.20912,1529a452-3563-44fa-95f2-08a01baa55ee,WBTC-USDC,1%,WBTC-USDC (1%)
2025-06-12T23:11:41.242Z,54234,54.91853,54.91853,,,8.34044,1529a452-3563-44fa-95f2-08a01baa55ee,WBTC-USDC,1%,WBTC-USDC (1%)
2025-06-13T22:26:41.965Z,64741,230.89763,230.89763,,,12.42997,1529a452-3563-44fa-95f2-08a01baa55ee,WBTC-USDC,1%,WBTC-USDC (1%)
2025-06-14T23:09:05.695Z,64580,4.37489,4.37489,,,11.60557,1529a452-3563-44fa-95f2-08a01baa55ee,WBTC-USDC,1%,WBTC-USDC (1%)
2025-06-15T23:10:37.705Z,64552,0.0,0.0,,,13.19448,1529a452-3563-44fa-95f2-08a01baa55ee,WBTC-USDC,1%,WBTC-USDC (1%)
2025-06-16T23:08:00.020Z,65483,43.76978,43.76978,,,10.64206,1529a452-3563-44fa-95f2-08a01baa55ee,WBTC-USDC,1%,WBTC-USDC (1%)
2025-06-17T23:08:14.120Z,64378,48.94095,48.94095,,,14.30801,1529a452-3563-44fa-95f2-08a01baa55ee,WBTC-USDC,1%,WBTC-USDC (1%)
2025-06-18T23:08:28.911Z,64569,0.0,0.0,,,14.28775,1529a452-3563-44fa-95f2-08a01baa55ee,WBTC-USDC,1%,WBTC-USDC (1%)
2025-06-19T23:09:19.481Z,64387,0.0,0.0,,,12.5423,1529a452-3563-44fa-95f2-08a01baa55ee,WBTC-USDC,1%,WBTC-USDC (1%)
2025-06-20T23:09:23.218Z,63824,35.38754,35.38754,,,5.8422,1529a452-3563-44fa-95f2-08a01baa55ee,WBTC-USDC,1%,WBTC-USDC (1%)
2025-06-21T21:09:47.922Z,63734,0.0,0.0,,,5.61599,1529a452-3563-44fa-95f2-08a01baa55ee,WBTC-USDC,1%,WBTC-USDC (1%)
2025-06-22T23:09:00.747Z,62926,59.00334,59.00334,,,10.74818,1529a452-3563-44fa-95f2-08a01baa55ee,WBTC-USDC,1%,WBTC-USDC (1%)
2025-06-23T23:09:52.343Z,65094,57.69005,57.69005,,,7.13347,1529a452-3563-44fa-95f2-08a01baa55ee,WBTC-USDC,1%,WBTC-USDC (1%)
2025-06-24T23:09:55.817Z,65240,9.7741,9.7741,,,5.56284,1529a452-3563-44fa-95f2-08a01baa55ee,WBTC-USDC,1%,WBTC-USDC (1%)
2025-06-25T23:10:04.945Z,65906,26.92931,26.92931,,,6.40992,1529a452-3563-44fa-95f2-08a01baa55ee,WBTC-USDC,1%,WBTC-USDC (1%)
2025-06-26T23:09:32.221Z,61611,6.01706,6.01706,,,7.09839,1529a452-3563-44fa-95f2-08a01baa55ee,WBTC-USDC,1%,WBTC-USDC (1%)
2025-06-27T23:08:59.096Z,61631,0.0,0.0,,,5.88048,1529a452-3563-44fa-95f2-08a01baa55ee,WBTC-USDC,1%,WBTC-USDC (1%)
2025-06-28T23:10:17.900Z,61730,0.0,0.0,,,5.51705,1529a452-3563-44fa-95f2-08a01baa55ee,WBTC-USDC,1%,WBTC-USDC (1%)
2025-06-29T23:13:25.363Z,61943,3.39717,3.39717,,,3.79635,1529a452-3563-44fa-95f2-08a01baa55ee,WBTC-USDC,1%,WBTC-USDC (1%)
2025-06-30T23:15:01.927Z,61561,4.7211,4.7211,,,1.77164,1529a452-3563-44fa-95f2-08a01baa55ee,WBTC-USDC,1%,WBTC-USDC (1%)
2025-07-01T23:31:25.728Z,61008,25.16084,25.16084,,,2.26689,1529a452-3563-44fa-95f2-08a01baa55ee,WBTC-USDC,1%,WBTC-USDC (1%)
2025-07-02T23:13:54.168Z,62280,36.57076,36.57076,,,2.51244,1529a452-3563-44fa-95f2-08a01baa55ee,WBTC-USDC,1%,WBTC-USDC (1%)
2025-07-03T23:11:48.486Z,62319,11.69982,11.69982,,,3.21046,1529a452-3563-44fa-95f2-08a01baa55ee,WBTC-USDC,1%,WBTC-USDC (1%)
2025-07-04T23:30:46.154Z,62911,15.1122,15.1122,,,3.14371,1529a452-3563-44fa-95f2-08a01baa55ee,WBTC-USDC,1%,WBTC-USDC (1%)
2025-07-05T23:13:28.106Z,62953,0.0,0.0,,,3.14247,1529a452-3563-44fa-95f2-08a01baa55ee,WBTC-USDC,1%,WBTC-USDC (1%)
2025-07-06T21:32:22.855Z,62064,0.0,0.0,,,,1529a452-3563-44fa-95f2-08a01baa55ee,WBTC-USDC,1%,WBTC-USDC (1%)
2025-07-07T23:12:56.973Z,61887,0.0,0.0,,,3.13605,1529a452-3563-44fa-95f2-08a01baa55ee,WBTC-USDC,1%,WBTC-USDC (1%)
2025-07-08T23:14:29.709Z,62157,0.0,0.0,,,2.2958,1529a452-3563-44fa-95f2-08a01baa55ee,WBTC-USDC,1%,WBTC-USDC (1%)
2025-07-09T19:12:46.064Z,59942,0.0,0.0,,,1.11759,1529a452-3563-44fa-95f2-08a01baa55ee,WBTC-USDC,1%,WBTC-USDC (1%)
2025-07-10T23:13:17.452Z,61436,27.68134,27.68134,,,3.56399,1529a452-3563-44fa-95f2-08a01baa55ee,WBTC-USDC,1%,WBTC-USDC (1%)
2025-07-11T23:16:14.071Z,61720,14.93256,14.93256,,,3.1364,1529a452-3563-44fa-95f2-08a01baa55ee,WBTC-USDC,1%,WBTC-USDC (1%)
2025-07-12T23:14:35.765Z,59080,0.0,0.0,,,2.82718,1529a452-3563-44fa-95f2-08a01baa55ee,WBTC-USDC,1%,WBTC-USDC (1%)
2025-07-13T23:31:44.610Z,59382,9.07521,9.07521,,,2.8096,1529a452-3563-44fa-95f2-08a01baa55ee,WBTC-USDC,1%,WBTC-USDC (1%)
2025-07-14T23:11:50.606Z,49336,70.67508,70.67508,,,5.15538,1529a452-3563-44fa-95f2-08a01baa55ee,WBTC-USDC,1%,WBTC-USDC (1%)
2025-07-15T23:14:18.967Z,48823,47.60898,47.60898,,,6.62608,1529a452-3563-44fa-95f2-08a01baa55ee,WBTC-USDC,1%,WBTC-USDC (1%)
2025-07-16T23:14:02.643Z,48942,29.13616,29.13616,,,6.44336,1529a452-3563-44fa-95f2-08a01baa55ee,WBTC-USDC,1%,WBTC-USDC (1%)
2025-07-17T23:15:43.444Z,49143,9.50117,9.50117,,,5.66695,1529a452-3563-44fa-95f2-08a01baa55ee,WBTC-USDC,1%,WBTC-USDC (1%)
2025-07-18T23:14:24.953Z,48751,21.46546,21.46546,,,5.7703,1529a452-3563-44fa-95f2-08a01baa55ee,WBTC-USDC,1%,WBTC-USDC (1%)
2025-07-19T23:12:28.535Z,48727,0.0,0.0,,,5.76496,1529a452-3563-44fa-95f2-08a01baa55ee,WBTC-USDC,1%,WBTC-USDC (1%)
2025-07-20T23:27:34.920Z,48672,0.0,0.0,,,5.43361,1529a452-3563-44fa-95f2-08a01baa55ee,WBTC-USDC,1%,WBTC-USDC (1%)
2025-07-21T23:13:32.431Z,32448,9.79791,9.79791,,,4.37499,1529a452-3563-44fa-95f2-08a01baa55ee,WBTC-USDC,1%,WBTC-USDC (1%)
2025-07-22T23:11:22.751Z,31842,35.09952,35.09952,,,2.97636,1529a452-3563-44fa-95f2-08a01baa55ee,WBTC-USDC,1%,WBTC-USDC (1%)
2025-07-23T23:13:24.703Z,31319,11.40876,11.40876,,,2.25612,1529a452-3563-44fa-95f2-08a01baa55ee,WBTC-USDC,1%,WBTC-USDC (1%)
2025-07-24T23:31:43.745Z,31266,0.0,0.0,,,1.93873,1529a452-3563-44fa-95f2-08a01baa55ee,WBTC-USDC,1%,WBTC-USDC (1%)
2025-07-25T23:13:12.213Z,31143,48.77601,48.77601,,,2.26588,1529a452-3563-44fa-95f2-08a01baa55ee,WBTC-USDC,1%,WBTC-USDC (1%)
2025-07-26T23:14:41.850Z,31349,17.19448,17.19448,,,2.62898,1529a452-3563-44fa-95f2-08a01baa55ee,WBTC-USDC,1%,WBTC-USDC (1%)
2025-07-27T23:14:59.844Z,31598,28.30976,28.30976,,,3.23062,1529a452-3563-44fa-95f2-08a01baa55ee,WBTC-USDC,1%,WBTC-USDC (1%)
2025-07-28T23:14:23.489Z,31313,0.0,0.0,,,3.0245,1529a452-3563-44fa-95f2-08a01baa55ee,WBTC-USDC,1%,WBTC-USDC (1%)
2025-07-29T23:15:42.774Z,31236,2.75796,2.75796,,,2.32206,1529a452-3563-44fa-95f2-08a01baa55ee,WBTC-USDC,1%,WBTC-USDC (1%)
2025-07-30T18:32:23.204Z,31251,0.0,0.0,,,2.0774,1529a452-3563-44fa-95f2-08a01baa55ee,WBTC-USDC,1%,WBTC-USDC (1%)
2025-07-31T23:15:54.973Z,55520,15.16222,15.16222,,,2.23539,1529a452-3563-44fa-95f2-08a01baa55ee,WBTC-USDC,1%,WBTC-USDC (1%)
2025-08-01T23:15:51.688Z,54308,64.22483,64.22483,,,4.33366,1529a452-3563-44fa-95f2-08a01baa55ee,WBTC-USDC,1%,WBTC-USDC (1%)
2025-08-02T23:15:46.874Z,30245,4.63648,4.63648,,,6.86263,1529a452-3563-44fa-95f2-08a01baa55ee,WBTC-USDC,1%,WBTC-USDC (1%)
2025-08-03T23:15:11.322Z,30608,2.49791,2.49791,,,3.73035,1529a452-3563-44fa-95f2-08a01baa55ee,WBTC-USDC,1%,WBTC-USDC (1%)
2025-08-04T23:15:32.153Z,30774,7.93062,7.93062,,,3.89213,1529a452-3563-44fa-95f2-08a01baa55ee,WBTC-USDC,1%,WBTC-USDC (1%)
2025-08-05T23:13:05.413Z,30496,2.66817,2.66817,,,5.71698,1529a452-3563-44fa-95f2-08a01baa55ee,WBTC-USDC,1%,WBTC-USDC (1%)
2025-08-06T23:14:18.196Z,30772,7.12021,7.12021,,,3.48857,1529a452-3563-44fa-95f2-08a01baa55ee,WBTC-USDC,1%,WBTC-USDC (1%)
2025-08-07T23:16:32.431Z,31317,37.37514,37.37514,,,3.92636,1529a452-3563-44fa-95f2-08a01baa55ee,WBTC-USDC,1%,WBTC-USDC (1%)
2025-08-08T23:12:57.228Z,31144,0.0,0.0,,,1.32435,1529a452-3563-44fa-95f2-08a01baa55ee,WBTC-USDC,1%,WBTC-USDC (1%)
2025-08-09T23:12:10.729Z,31103,0.0,0.0,,,1.22873,1529a452-3563-44fa-95f2-08a01baa55ee,WBTC-USDC,1%,WBTC-USDC (1%)
2025-08-10T23:15:48.220Z,31236,26.77449,26.77449,,,1.74112,1529a452-3563-44fa-95f2-08a01baa55ee,WBTC-USDC,1%,WBTC-USDC (1%)
2025-08-11T23:16:29.643Z,31261,77.57439,77.57439,,,3.231,1529a452-3563-44fa-95f2-08a01baa55ee,WBTC-USDC,1%,WBTC-USDC (1%)
2025-08-12T23:12:36.786Z,31494,0.0,0.0,,,3.16598,1529a452-3563-44fa-95f2-08a01baa55ee,WBTC-USDC,1%,WBTC-USDC (1%)
2025-08-13T23:32:12.647Z,31989,46.76769,46.76769,,,4.24964,1529a452-3563-44fa-95f2-08a01baa55ee,WBTC-USDC,1%,WBTC-USDC (1%)
2025-08-14T23:13:12.126Z,31428,100.51302,100.51302,,,5.38573,1529a452-3563-44fa-95f2-08a01baa55ee,WBTC-USDC,1%,WBTC-USDC (1%)
2025-08-15T23:32:24.274Z,31291,11.11091,11.11091,,,5.6318,1529a452-3563-44fa-95f2-08a01baa55ee,WBTC-USDC,1%,WBTC-USDC (1%)
2025-08-16T23:28:15.586Z,31280,0.0,0.0,,,5.63244,1529a452-3563-44fa-95f2-08a01baa55ee,WBTC-USDC,1%,WBTC-USDC (1%)
2025-08-17T23:13:56.258Z,31341,0.0,0.0,,,5.0589,1529a452-3563-44fa-95f2-08a01baa55ee,WBTC-USDC,1%,WBTC-USDC (1%)
2025-08-18T21:31:23.589Z,31118,35.74489,35.74489,,,4.28131,1529a452-3563-44fa-95f2-08a01baa55ee,WBTC-USDC,1%,WBTC-USDC (1%)
2025-08-19T23:14:10.181Z,30399,38.07334,38.07334,,,7.97513,1529a452-3563-44fa-95f2-08a01baa55ee,WBTC-USDC,1%,WBTC-USDC (1%)
2025-08-20T23:48:32.570Z,31542,0.0,0.0,,,3.87014,1529a452-3563-44fa-95f2-08a01baa55ee,WBTC-USDC,1%,WBTC-USDC (1%)
2025-08-21T23:14:24.813Z,31103,2.59312,2.59312,,,2.86611,1529a452-3563-44fa-95f2-08a01baa55ee,WBTC-USDC,1%,WBTC-USDC (1%)
2025-08-22T23:15:41.339Z,32095,47.97583,47.97583,,,2.60254,1529a452-3563-44fa-95f2-08a01baa55ee,WBTC-USDC,1%,WBTC-USDC (1%)
2025-08-23T23:15:15.686Z,31830,3.89134,3.89134,,,2.68314,1529a452-3563-44fa-95f2-08a01baa55ee,WBTC-USDC,1%,WBTC-USDC (1%)
2025-08-24T19:48:13.838Z,31634,5.30339,5.30339,,,2.80095,1529a452-3563-44fa-95f2-08a01baa55ee,WBTC-USDC,1%,WBTC-USDC (1%)
2025-08-25T23:14:25.850Z,30575,7.53287,7.53287,,,5.81904,1529a452-3563-44fa-95f2-08a01baa55ee,WBTC-USDC,1%,WBTC-USDC (1%)
2025-08-26T23:13:18.463Z,31021,1.3897,1.3897,,,3.61727,1529a452-3563-44fa-95f2-08a01baa55ee,WBTC-USDC,1%,WBTC-USDC (1%)
2025-08-27T23:13:53.916Z,30833,1.4829,1.4829,,,4.44234,1529a452-3563-44fa-95f2-08a01baa55ee,WBTC-USDC,1%,WBTC-USDC (1%)
2025-08-28T23:13:28.859Z,31071,3.25751,3.25751,,,3.68758,1529a452-3563-44fa-95f2-08a01baa55ee,WBTC-USDC,1%,WBTC-USDC (1%)
2025-08-29T23:13:29.035Z,30145,8.44824,8.44824,,,2.81648,1529a452-3563-44fa-95f2-08a01baa55ee,WBTC-USDC,1%,WBTC-USDC (1%)
2025-08-30T23:14:15.503Z,30119,0.03754,0.03754,,,2.65822,1529a452-3563-44fa-95f2-08a01baa55ee,WBTC-USDC,1%,WBTC-USDC (1%)
2025-08-31T23:14:23.996Z,30224,0.0,0.0,,,0.87197,1529a452-3563-44fa-95f2-08a01baa55ee,WBTC-USDC,1%,WBTC-USDC (1%)
2025-09-01T23:12:11.116Z,30019,0.54612,0.54612,,,0.5963,1529a452-3563-44fa-95f2-08a01baa55ee,WBTC-USDC,1%,WBTC-USDC (1%)
2025-09-02T23:14:56.456Z,30830,5.45023,5.45023,,,0.75644,1529a452-3563-44fa-95f2-08a01baa55ee,WBTC-USDC,1%,WBTC-USDC (1%)
2025-09-03T23:12:50.223Z,31002,21.39303,21.39303,,,1.28119,1529a452-3563-44fa-95f2-08a01baa55ee,WBTC-USDC,1%,WBTC-USDC (1%)
2025-09-04T23:09:36.293Z,30806,22.4648,22.4648,,,2.31338,1529a452-3563-44fa-95f2-08a01baa55ee,WBTC-USDC,1%,WBTC-USDC (1%)
2025-09-05T23:13:16.636Z,30788,47.24185,47.24185,,,3.85951,1529a452-3563-44fa-95f2-08a01baa55ee,WBTC-USDC,1%,WBTC-USDC (1%)
2025-09-06T23:13:35.468Z,30572,5.00466,5.00466,,,4.05668,1529a452-3563-44fa-95f2-08a01baa55ee,WBTC-USDC,1%,WBTC-USDC (1%)
2025-09-07T23:13:00.529Z,30893,1.17051,1.17051,,,4.10112,1529a452-3563-44fa-95f2-08a01baa55ee,WBTC-USDC,1%,WBTC-USDC (1%)
2025-09-08T23:15:32.557Z,31122,26.12012,26.12012,,,4.23203,1529a452-3563-44fa-95f2-08a01baa55ee,WBTC-USDC,1%,WBTC-USDC (1%)
2025-09-09T23:13:20.093Z,30991,5.9705,5.9705,,,5.14859,1529a452-3563-44fa-95f2-08a01baa55ee,WBTC-USDC,1%,WBTC-USDC (1%)
2025-09-10T23:13:16.846Z,31623,7.57552,7.57552,,,3.79145,1529a452-3563-44fa-95f2-08a01baa55ee,WBTC-USDC,1%,WBTC-USDC (1%)
2025-09-11T22:15:44.349Z,31771,0.28437,0.28437,,,1.97144,1529a452-3563-44fa-95f2-08a01baa55ee,WBTC-USDC,1%,WBTC-USDC (1%)
2025-09-12T23:13:41.160Z,32143,28.32911,28.32911,,,1.6471,1529a452-3563-44fa-95f2-08a01baa55ee,WBTC-USDC,1%,WBTC-USDC (1%)
2025-09-13T23:11:22.981Z,32105,1.14138,1.14138,,,1.57006,1529a452-3563-44fa-95f2-08a01baa55ee,WBTC-USDC,1%,WBTC-USDC (1%)
2025-09-14T23:11:54.381Z,32176,0.0,0.0,,,1.54479,1529a452-3563-44fa-95f2-08a01baa55ee,WBTC-USDC,1%,WBTC-USDC (1%)
2025-09-15T23:14:41.047Z,31999,0.0,0.0,,,1.00409,1529a452-3563-44fa-95f2-08a01baa55ee,WBTC-USDC,1%,WBTC-USDC (1%)
2025-09-16T23:12:16.808Z,32331,4.52881,4.52881,,,0.97858,1529a452-3563-44fa-95f2-08a01baa55ee,WBTC-USDC,1%,WBTC-USDC (1%)
2025-09-17T23:15:24.728Z,32284,6.29898,6.29898,,,0.95484,1529a452-3563-44fa-95f2-08a01baa55ee,WBTC-USDC,1%,WBTC-USDC (1%)
2025-09-18T23:13:49.293Z,32395,13.5523,13.5523,,,1.16027,1529a452-3563-44fa-95f2-08a01baa55ee,WBTC-USDC,1%,WBTC-USDC (1%)
2025-09-19T23:12:59.049Z,32071,7.51003,7.51003,,,0.71259,1529a452-3563-44fa-95f2-08a01baa55ee,WBTC-USDC,1%,WBTC-USDC (1%)
2025-09-20T23:14:12.345Z,32133,0.0,0.0,,,0.68253,1529a452-3563-44fa-95f2-08a01baa55ee,WBTC-USDC,1%,WBTC-USDC (1%)
2025-09-21T23:13:09.032Z,31998,0.1366,0.1366,,,0.68642,1529a452-3563-44fa-95f2-08a01baa55ee,WBTC-USDC,1%,WBTC-USDC (1%)
2025-09-22T23:14:51.486Z,31428,52.24578,52.24578,,,2.81007,1529a452-3563-44fa-95f2-08a01baa55ee,WBTC-USDC,1%,WBTC-USDC (1%)
2025-09-23T23:14:24.346Z,31233,2.79435,2.79435,,,2.75041,1529a452-3563-44fa-95f2-08a01baa55ee,WBTC-USDC,1%,WBTC-USDC (1%)
2025-09-24T23:16:19.733Z,31606,1.68405,1.68405,,,2.58827,1529a452-3563-44fa-95f2-08a01baa55ee,WBTC-USDC,1%,WBTC-USDC (1%)
2025-09-25T23:11:47.390Z,30580,10.40966,10.40966,,,3.02466,1529a452-3563-44fa-95f2-08a01baa55ee,WBTC-USDC,1%,WBTC-USDC (1%)
2025-09-26T23:13:45.454Z,30573,0.0,0.0,,,2.71417,1529a452-3563-44fa-95f2-08a01baa55ee,WBTC-USDC,1%,WBTC-USDC (1%)
2025-09-27T23:13:25.631Z,30607,0.0,0.0,,,2.71404,1529a452-3563-44fa-95f2-08a01baa55ee,WBTC-USDC,1%,WBTC-USDC (1%)
2025-09-28T21:11:07.454Z,30903,0.0,0.0,,,2.70709,1529a452-3563-44fa-95f2-08a01baa55ee,WBTC-USDC,1%,WBTC-USDC (1%)
2025-09-29T23:09:03.261Z,31836,11.33681,11.33681,,,0.59784,1529a452-3563-44fa-95f2-08a01baa55ee,WBTC-USDC,1%,WBTC-USDC (1%)
2025-09-30T23:11:03.656Z,31692,2.01563,2.01563,,,0.91813,1529a452-3563-44fa-95f2-08a01baa55ee,WBTC-USDC,1%,WBTC-USDC (1%)
2025-10-01T23:10:15.228Z,32672,61.20863,61.20863,,,1.86889,1529a452-3563-44fa-95f2-08a01baa55ee,WBTC-USDC,1%,WBTC-USDC (1%)
2025-10-02T23:07:55.785Z,33122,51.58126,51.58126,,,2.77542,1529a452-3563-44fa-95f2-08a01baa55ee,WBTC-USDC,1%,WBTC-USDC (1%)
2025-10-03T23:07:29.007Z,33519,45.78721,45.78721,,,4.09247,1529a452-3563-44fa-95f2-08a01baa55ee,WBTC-USDC,1%,WBTC-USDC (1%)
2025-10-04T23:07:58.392Z,33816,0.0,0.0,,,4.01072,1529a452-3563-44fa-95f2-08a01baa55ee,WBTC-USDC,1%,WBTC-USDC (1%)
2025-10-05T23:07:41.435Z,33990,34.30794,34.30794,,,4.75905,1529a452-3563-44fa-95f2-08a01baa55ee,WBTC-USDC,1%,WBTC-USDC (1%)
2025-10-06T23:12:03.230Z,34203,12.17244,12.17244,,,5.56646,1529a452-3563-44fa-95f2-08a01baa55ee,WBTC-USDC,1%,WBTC-USDC (1%)
2025-10-07T23:12:33.051Z,33838,37.58232,37.58232,,,5.65172,1529a452-3563-44fa-95f2-08a01baa55ee,WBTC-USDC,1%,WBTC-USDC (1%)
2025-10-08T23:10:36.810Z,34039,10.66078,10.66078,,,4.49619,1529a452-3563-44fa-95f2-08a01baa55ee,WBTC-USDC,1%,WBTC-USDC (1%)
2025-10-09T23:10:34.989Z,33862,26.78339,26.78339,,,3.95047,1529a452-3563-44fa-95f2-08a01baa55ee,WBTC-USDC,1%,WBTC-USDC (1%)
2025-10-10T21:10:11.385Z,32738,105.68611,105.68611,,,5.04157,1529a452-3563-44fa-95f2-08a01baa55ee,WBTC-USDC,1%,WBTC-USDC (1%)
2025-10-11T23:11:34.529Z,31661,10.99091,10.99091,,,12.84954,1529a452-3563-44fa-95f2-08a01baa55ee,WBTC-USDC,1%,WBTC-USDC (1%)
2025-10-12T23:11:53.824Z,32331,26.62254,26.62254,,,6.39618,1529a452-3563-44fa-95f2-08a01baa55ee,WBTC-USDC,1%,WBTC-USDC (1%)
2025-10-13T23:08:04.016Z,32489,3.07704,3.07704,,,6.18084,1529a452-3563-44fa-95f2-08a01baa55ee,WBTC-USDC,1%,WBTC-USDC (1%)
2025-10-14T23:06:59.023Z,31910,32.33323,32.33323,,,9.53361,1529a452-3563-44fa-95f2-08a01baa55ee,WBTC-USDC,1%,WBTC-USDC (1%)
2025-10-15T23:09:35.558Z,31254,3.81037,3.81037,,,11.40779,1529a452-3563-44fa-95f2-08a01baa55ee,WBTC-USDC,1%,WBTC-USDC (1%)
2025-10-16T23:09:21.599Z,30444,5.07739,5.07739,,,10.83485,1529a452-3563-44fa-95f2-08a01baa55ee,WBTC-USDC,1%,WBTC-USDC (1%)
2025-10-17T23:07:46.454Z,7659,22.2288,22.2288,,,3.73634,1529a452-3563-44fa-95f2-08a01baa55ee,WBTC-USDC,1%,WBTC-USDC (1%)
2025-10-18T23:09:16.634Z,7674,0.0,0.0,,,3.26916,1529a452-3563-44fa-95f2-08a01baa55ee,WBTC-USDC,1%,WBTC-USDC (1%)
2025-10-19T23:08:42.824Z,8324,8.51453,8.51453,,,2.17306,1529a452-3563-44fa-95f2-08a01baa55ee,WBTC-USDC,1%,WBTC-USDC (1%)
2025-10-20T23:10:16.949Z,8430,12.52387,12.52387,,,2.17924,1529a452-3563-44fa-95f2-08a01baa55ee,WBTC-USDC,1%,WBTC-USDC (1%)
2025-10-21T23:10:53.176Z,8325,83.9541,83.9541,,,1.74135,1529a452-3563-44fa-95f2-08a01baa55ee,WBTC-USDC,1%,WBTC-USDC (1%)
2025-10-22T23:11:03.814Z,8216,12.55216,12.55216,,,1.72129,1529a452-3563-44fa-95f2-08a01baa55ee,WBTC-USDC,1%,WBTC-USDC (1%)
2025-10-23T23:10:37.464Z,8393,11.52308,11.52308,,,1.64336,1529a452-3563-44fa-95f2-08a01baa55ee,WBTC-USDC,1%,WBTC-USDC (1%)
2025-10-24T23:10:51.286Z,8457,4.78663,4.78663,,,1.47164,1529a452-3563-44fa-95f2-08a01baa55ee,WBTC-USDC,1%,WBTC-USDC (1%)
2025-10-25T23:47:05.883Z,8491,0.0,0.0,,,1.47136,1529a452-3563-44fa-95f2-08a01baa55ee,WBTC-USDC,1%,WBTC-USDC (1%)
2025-10-26T21:14:42.573Z,8622,31.85942,31.85942,,,1.40975,1529a452-3563-44fa-95f2-08a01baa55ee,WBTC-USDC,1%,WBTC-USDC (1%)
2025-10-27T23:29:32.479Z,8476,5.38553,5.38553,,,1.75517,1529a452-3563-44fa-95f2-08a01baa55ee,WBTC-USDC,1%,WBTC-USDC (1%)
2025-10-28T23:30:46.181Z,8427,49.77641,49.77641,,,1.45855,1529a452-3563-44fa-95f2-08a01baa55ee,WBTC-USDC,1%,WBTC-USDC (1%)
2025-10-29T20:30:57.740Z,8300,53.55113,53.55113,,,2.18127,1529a452-3563-44fa-95f2-08a01baa55ee,WBTC-USDC,1%,WBTC-USDC (1%)
2025-10-30T23:47:01.808Z,8127,28.23399,28.23399,,,2.32802,1529a452-3563-44fa-95f2-08a01baa55ee,WBTC-USDC,1%,WBTC-USDC (1%)
2025-10-31T20:11:55.948Z,8288,10.5934,10.5934,,,2.38849,1529a452-3563-44fa-95f2-08a01baa55ee,WBTC-USDC,1%,WBTC-USDC (1%)
2025-11-01T22:15:39.619Z,8274,0.0,0.0,,,2.38867,1529a452-3563-44fa-95f2-08a01baa55ee,WBTC-USDC,1%,WBTC-USDC (1%)
2025-11-02T19:46:49.569Z,8266,2.71145,2.71145,,,2.05589,1529a452-3563-44fa-95f2-08a01baa55ee,WBTC-USDC,1%,WBTC-USDC (1%)
2025-11-03T23:32:38.622Z,8030,17.77934,17.77934,,,1.67944,1529a452-3563-44fa-95f2-08a01baa55ee,WBTC-USDC,1%,WBTC-USDC (1%)
2025-11-04T23:28:10.207Z,7690,24.04931,24.04931,,,1.46071,1529a452-3563-44fa-95f2-08a01baa55ee,WBTC-USDC,1%,WBTC-USDC (1%)
2025-11-05T23:30:25.271Z,22902,2.60517,2.60517,,,0.98315,1529a452-3563-44fa-95f2-08a01baa55ee,WBTC-USDC,1%,WBTC-USDC (1%)
2025-11-06T22:15:48.109Z,22548,1.6417,1.6417,,,0.7542,1529a452-3563-44fa-95f2-08a01baa55ee,WBTC-USDC,1%,WBTC-USDC (1%)
2025-11-07T23:28:57.686Z,22214,2.49989,2.49989,,,0.69115,1529a452-3563-44fa-95f2-08a01baa55ee,WBTC-USDC,1%,WBTC-USDC (1%)
2025-11-08T23:31:48.447Z,22123,0.41512,0.41512,,,0.70394,1529a452-3563-44fa-95f2-08a01baa55ee,WBTC-USDC,1%,WBTC-USDC (1%)
2025-11-09T23:32:36.951Z,22307,1.55521,1.55521,,,0.7205,1529a452-3563-44fa-95f2-08a01baa55ee,WBTC-USDC,1%,WBTC-USDC (1%)
2025-11-10T22:30:28.659Z,22320,1.76378,1.76378,,,0.55967,1529a452-3563-44fa-95f2-08a01baa55ee,WBTC-USDC,1%,WBTC-USDC (1%)
2025-11-11T23:28:00.943Z,22174,4.09341,4.09341,,,0.43031,1529a452-3563-44fa-95f2-08a01baa55ee,WBTC-USDC,1%,WBTC-USDC (1%)
2025-11-12T23:12:55.297Z,22106,3.13302,3.13302,,,0.44359,1529a452-3563-44fa-95f2-08a01baa55ee,WBTC-USDC,1%,WBTC-USDC (1%)
2025-11-13T23:16:01.275Z,21963,6.22783,6.22783,,,0.5955,1529a452-3563-44fa-95f2-08a01baa55ee,WBTC-USDC,1%,WBTC-USDC (1%)
2025-11-14T23:11:28.380Z,21629,65.98587,65.98587,,,1.82,1529a452-3563-44fa-95f2-08a01baa55ee,WBTC-USDC,1%,WBTC-USDC (1%)
2025-11-15T22:32:06.786Z,21678,10.40114,10.40114,,,2.02581,1529a452-3563-44fa-95f2-08a01baa55ee,WBTC-USDC,1%,WBTC-USDC (1%)
2025-11-16T23:16:06.749Z,21543,20.63581,20.63581,,,2.45908,1529a452-3563-44fa-95f2-08a01baa55ee,WBTC-USDC,1%,WBTC-USDC (1%)
2025-11-17T23:08:40.525Z,21367,65.97495,65.97495,,,3.87641,1529a452-3563-44fa-95f2-08a01baa55ee,WBTC-USDC,1%,WBTC-USDC (1%)
2025-11-18T23:15:10.389Z,21543,94.54807,94.54807,,,5.85055,1529a452-3563-44fa-95f2-08a01baa55ee,WBTC-USDC,1%,WBTC-USDC (1%)
2025-11-19T23:13:02.763Z,21239,59.16766,59.16766,,,7.08838,1529a452-3563-44fa-95f2-08a01baa55ee,WBTC-USDC,1%,WBTC-USDC (1%)
2025-11-20T23:11:51.334Z,20902,97.70206,97.70206,,,9.07301,1529a452-3563-44fa-95f2-08a01baa55ee,WBTC-USDC,1%,WBTC-USDC (1%)
2025-11-21T23:13:47.660Z,20388,181.02625,181.02625,,,11.45994,1529a452-3563-44fa-95f2-08a01baa55ee,WBTC-USDC,1%,WBTC-USDC (1%)
2025-11-22T23:11:16.949Z,20528,9.88566,9.88566,,,11.42361,1529a452-3563-44fa-95f2-08a01baa55ee,WBTC-USDC,1%,WBTC-USDC (1%)
2025-11-23T23:11:31.212Z,21058,38.67015,38.67015,,,11.74917,1529a452-3563-44fa-95f2-08a01baa55ee,WBTC-USDC,1%,WBTC-USDC (1%)
2025-11-24T23:12:19.265Z,21222,98.67207,98.67207,,,12.43784,1529a452-3563-44fa-95f2-08a01baa55ee,WBTC-USDC,1%,WBTC-USDC (1%)
2025-11-25T23:07:51.121Z,21070,14.63695,14.63695,,,10.68381,1529a452-3563-44fa-95f2-08a01baa55ee,WBTC-USDC,1%,WBTC-USDC (1%)
2025-11-26T23:08:59.252Z,21428,44.85041,44.85041,,,10.33448,1529a452-3563-44fa-95f2-08a01baa55ee,WBTC-USDC,1%,WBTC-USDC (1%)
2025-11-27T23:10:24.903Z,21475,16.19975,16.19975,,,8.59043,1529a452-3563-44fa-95f2-08a01baa55ee,WBTC-USDC,1%,WBTC-USDC (1%)
2025-11-28T23:13:04.382Z,21449,25.18367,25.18367,,,5.37861,1529a452-3563-44fa-95f2-08a01baa55ee,WBTC-USDC,1%,WBTC-USDC (1%)
2025-11-29T23:08:29.419Z,21415,22.42838,22.42838,,,5.66518,1529a452-3563-44fa-95f2-08a01baa55ee,WBTC-USDC,1%,WBTC-USDC (1%)
2025-11-30T23:08:16.927Z,21490,12.01588,12.01588,,,5.09267,1529a452-3563-44fa-95f2-08a01baa55ee,WBTC-USDC,1%,WBTC-USDC (1%)
2025-12-01T23:08:05.548Z,20872,119.87124,119.87124,,,5.2048,1529a452-3563-44fa-95f2-08a01baa55ee,WBTC-USDC,1%,WBTC-USDC (1%)
2025-12-02T22:09:26.484Z,21670,87.51666,87.51666,,,7.0213,1529a452-3563-44fa-95f2-08a01baa55ee,WBTC-USDC,1%,WBTC-USDC (1%)
2025-12-03T22:10:16.718Z,21916,21.99752,21.99752,,,6.56313,1529a452-3563-44fa-95f2-08a01baa55ee,WBTC-USDC,1%,WBTC-USDC (1%)
2025-12-04T23:09:51.168Z,21772,16.78313,16.78313,,,6.56334,1529a452-3563-44fa-95f2-08a01baa55ee,WBTC-USDC,1%,WBTC-USDC (1%)
2025-12-05T23:09:40.312Z,21421,36.38885,36.38885,,,6.41043,1529a452-3563-44fa-95f2-08a01baa55ee,WBTC-USDC,1%,WBTC-USDC (1%)
2025-12-06T23:11:06.241Z,21416,0.0,0.0,,,5.95408,1529a452-3563-44fa-95f2-08a01baa55ee,WBTC-USDC,1%,WBTC-USDC (1%)
2025-12-07T23:09:52.105Z,21475,47.2675,47.2675,,,6.67114,1529a452-3563-44fa-95f2-08a01baa55ee,WBTC-USDC,1%,WBTC-USDC (1%)
2025-12-08T23:10:22.430Z,31746,17.58111,17.58111,,,5.08155,1529a452-3563-44fa-95f2-08a01baa55ee,WBTC-USDC,1%,WBTC-USDC (1%)
2025-12-09T23:04:59.404Z,32119,30.00978,30.00978,,,4.23456,1529a452-3563-44fa-95f2-08a01baa55ee,WBTC-USDC,1%,WBTC-USDC (1%)
2025-12-10T23:09:56.985Z,32073,20.24328,20.24328,,,4.32614,1529a452-3563-44fa-95f2-08a01baa55ee,WBTC-USDC,1%,WBTC-USDC (1%)
2025-12-11T23:06:52.929Z,32087,43.87015,43.87015,,,5.36859,1529a452-3563-44fa-95f2-08a01baa55ee,WBTC-USDC,1%,WBTC-USDC (1%)
2025-12-12T23:09:01.469Z,31730,20.7472,20.7472,,,5.26588,1529a452-3563-44fa-95f2-08a01baa55ee,WBTC-USDC,1%,WBTC-USDC (1%)
2025-12-13T23:08:42.856Z,31695,0.0,0.0,,,5.26755,1529a452-3563-44fa-95f2-08a01baa55ee,WBTC-USDC,1%,WBTC-USDC (1%)
2025-12-14T23:08:50.780Z,31771,18.73504,18.73504,,,4.49905,1529a452-3563-44fa-95f2-08a01baa55ee,WBTC-USDC,1%,WBTC-USDC (1%)
2025-12-15T23:10:14.265Z,31379,48.30927,48.30927,,,5.4113,1529a452-3563-44fa-95f2-08a01baa55ee,WBTC-USDC,1%,WBTC-USDC (1%)
2025-12-16T23:07:19.003Z,31282,13.41734,13.41734,,,4.95702,1529a452-3563-44fa-95f2-08a01baa55ee,WBTC-USDC,1%,WBTC-USDC (1%)
2025-12-17T23:07:02.971Z,30934,69.94901,69.94901,,,6.40779,1529a452-3563-44fa-95f2-08a01baa55ee,WBTC-USDC,1%,WBTC-USDC (1%)
2025-12-18T23:08:04.252Z,30863,62.71006,62.71006,,,6.9152,1529a452-3563-44fa-95f2-08a01baa55ee,WBTC-USDC,1%,WBTC-USDC (1%)
2025-12-19T23:06:51.940Z,31476,36.70725,36.70725,,,7.34988,1529a452-3563-44fa-95f2-08a01baa55ee,WBTC-USDC,1%,WBTC-USDC (1%)
2025-12-20T23:07:27.889Z,31482,0.0,0.0,,,7.34946,1529a452-3563-44fa-95f2-08a01baa55ee,WBTC-USDC,1%,WBTC-USDC (1%)
2025-12-21T23:05:26.996Z,34605,3.59136,3.59136,,,6.90255,1529a452-3563-44fa-95f2-08a01baa55ee,WBTC-USDC,1%,WBTC-USDC (1%)
2025-12-22T23:07:52.113Z,31592,27.44033,27.44033,,,6.2873,1529a452-3563-44fa-95f2-08a01baa55ee,WBTC-USDC,1%,WBTC-USDC (1%)
2025-12-23T23:09:13.038Z,31533,15.81635,15.81635,,,6.35174,1529a452-3563-44fa-95f2-08a01baa55ee,WBTC-USDC,1%,WBTC-USDC (1%)
2025-12-24T23:07:02.612Z,31674,2.13438,2.13438,,,4.37221,1529a452-3563-44fa-95f2-08a01baa55ee,WBTC-USDC,1%,WBTC-USDC (1%)
2025-12-25T23:07:09.973Z,31613,3.9268,3.9268,,,2.67003,1529a452-3563-44fa-95f2-08a01baa55ee,WBTC-USDC,1%,WBTC-USDC (1%)
2025-12-26T23:07:48.139Z,31603,21.09563,21.09563,,,2.21063,1529a452-3563-44fa-95f2-08a01baa55ee,WBTC-USDC,1%,WBTC-USDC (1%)
2025-12-27T23:06:34.785Z,31415,0.0,0.0,,,2.21939,1529a452-3563-44fa-95f2-08a01baa55ee,WBTC-USDC,1%,WBTC-USDC (1%)
2025-12-28T23:08:35.430Z,31481,0.0,0.0,,,2.10069,1529a452-3563-44fa-95f2-08a01baa55ee,WBTC-USDC,1%,WBTC-USDC (1%)
2025-12-29T23:07:47.695Z,31330,36.71559,36.71559,,,2.37218,1529a452-3563-44fa-95f2-08a01baa55ee,WBTC-USDC,1%,WBTC-USDC (1%)
2025-12-30T23:07:10.729Z,31564,8.28753,8.28753,,,2.1434,1529a452-3563-44fa-95f2-08a01baa55ee,WBTC-USDC,1%,WBTC-USDC (1%)
2025-12-31T23:07:36.058Z,31434,3.53321,3.53321,,,2.18709,1529a452-3563-44fa-95f2-08a01baa55ee,WBTC-USDC,1%,WBTC-USDC (1%)
2026-01-01T23:06:24.561Z,31641,0.01271,0.01271,,,2.06623,1529a452-3563-44fa-95f2-08a01baa55ee,WBTC-USDC,1%,WBTC-USDC (1%)
2026-01-02T23:07:28.926Z,31989,22.25061,22.25061,,,2.24123,1529a452-3563-44fa-95f2-08a01baa55ee,WBTC-USDC,1%,WBTC-USDC (1%)
2026-01-03T23:07:41.298Z,32779,0.0,0.0,,,2.16758,1529a452-3563-44fa-95f2-08a01baa55ee,WBTC-USDC,1%,WBTC-USDC (1%)
2026-01-04T23:08:00.155Z,32938,8.9532,8.9532,,,2.45002,1529a452-3563-44fa-95f2-08a01baa55ee,WBTC-USDC,1%,WBTC-USDC (1%)
2026-01-05T21:07:10.827Z,33442,29.16278,29.16278,,,2.2689,1529a452-3563-44fa-95f2-08a01baa55ee,WBTC-USDC,1%,WBTC-USDC (1%)
2026-01-06T23:23:54.534Z,33339,18.19902,18.19902,,,2.60487,1529a452-3563-44fa-95f2-08a01baa55ee,WBTC-USDC,1%,WBTC-USDC (1%)
2026-01-07T23:07:48.845Z,32922,12.36155,12.36155,,,2.90297,1529a452-3563-44fa-95f2-08a01baa55ee,WBTC-USDC,1%,WBTC-USDC (1%)
2026-01-08T23:07:14.726Z,32986,16.58125,16.58125,,,3.43082,1529a452-3563-44fa-95f2-08a01baa55ee,WBTC-USDC,1%,WBTC-USDC (1%)
2026-01-09T23:07:57.409Z,32845,5.0125,5.0125,,,2.90496,1529a452-3563-44fa-95f2-08a01baa55ee,WBTC-USDC,1%,WBTC-USDC (1%)
2026-01-10T23:07:00.157Z,32820,0.0,0.0,,,2.90563,1529a452-3563-44fa-95f2-08a01baa55ee,WBTC-USDC,1%,WBTC-USDC (1%)
2026-01-11T23:09:19.846Z,32847,0.0,0.0,,,2.61888,1529a452-3563-44fa-95f2-08a01baa55ee,WBTC-USDC,1%,WBTC-USDC (1%)
2026-01-12T23:07:01.717Z,33358,12.17719,12.17719,,,2.04195,1529a452-3563-44fa-95f2-08a01baa55ee,WBTC-USDC,1%,WBTC-USDC (1%)
2026-01-13T23:07:21.178Z,34120,36.9428,36.9428,,,2.63204,1529a452-3563-44fa-95f2-08a01baa55ee,WBTC-USDC,1%,WBTC-USDC (1%)
2026-01-14T23:07:18.244Z,34292,19.27505,19.27505,,,2.86622,1529a452-3563-44fa-95f2-08a01baa55ee,WBTC-USDC,1%,WBTC-USDC (1%)
2026-01-15T23:07:40.465Z,34119,8.08301,8.08301,,,2.63144,1529a452-3563-44fa-95f2-08a01baa55ee,WBTC-USDC,1%,WBTC-USDC (1%)
2026-01-16T23:08:01.390Z,28403,11.67984,11.67984,,,2.61829,1529a452-3563-44fa-95f2-08a01baa55ee,WBTC-USDC,1%,WBTC-USDC (1%)
2026-01-17T23:07:10.724Z,28360,0.0,0.0,,,2.61982,1529a452-3563-44fa-95f2-08a01baa55ee,WBTC-USDC,1%,WBTC-USDC (1%)
2026-01-18T23:06:27.629Z,28418,0.0,0.0,,,2.60333,1529a452-3563-44fa-95f2-08a01baa55ee,WBTC-USDC,1%,WBTC-USDC (1%)
2026-01-19T23:07:26.257Z,28290,36.32091,36.32091,,,3.17798,1529a452-3563-44fa-95f2-08a01baa55ee,WBTC-USDC,1%,WBTC-USDC (1%)
2026-01-20T23:09:10.874Z,27577,58.67793,58.67793,,,3.33273,1529a452-3563-44fa-95f2-08a01baa55ee,WBTC-USDC,1%,WBTC-USDC (1%)
2026-01-21T23:07:56.599Z,28959,58.33192,58.33192,,,4.09923,1529a452-3563-44fa-95f2-08a01baa55ee,WBTC-USDC,1%,WBTC-USDC (1%)
2026-01-22T23:07:12.179Z,23130,0.0,0.0,,,4.25833,1529a452-3563-44fa-95f2-08a01baa55ee,WBTC-USDC,1%,WBTC-USDC (1%)
2026-01-23T23:08:44.204Z,23566,17.48509,17.48509,,,4.30067,1529a452-3563-44fa-95f2-08a01baa55ee,WBTC-USDC,1%,WBTC-USDC (1%)
2026-01-24T23:06:44.040Z,23540,0.0,0.0,,,4.3023,1529a452-3563-44fa-95f2-08a01baa55ee,WBTC-USDC,1%,WBTC-USDC (1%)
2026-01-25T23:06:46.339Z,23103,53.40553,53.40553,,,5.50795,1529a452-3563-44fa-95f2-08a01baa55ee,WBTC-USDC,1%,WBTC-USDC (1%)
2026-01-26T23:09:14.936Z,26271,22.53907,22.53907,,,4.52594,1529a452-3563-44fa-95f2-08a01baa55ee,WBTC-USDC,1%,WBTC-USDC (1%)
2026-01-27T20:08:57.886Z,26286,0.0,0.0,,,3.62267,1529a452-3563-44fa-95f2-08a01baa55ee,WBTC-USDC,1%,WBTC-USDC (1%)
2026-01-28T17:09:06.271Z,26522,33.0039,33.0039,,,3.14942,1529a452-3563-44fa-95f2-08a01baa55ee,WBTC-USDC,1%,WBTC-USDC (1%)
2026-01-29T23:09:57.593Z,25146,114.73123,114.73123,,,5.28166,1529a452-3563-44fa-95f2-08a01baa55ee,WBTC-USDC,1%,WBTC-USDC (1%)
2026-01-30T23:09:06.105Z,22273,64.00144,64.00144,,,7.05147,1529a452-3563-44fa-95f2-08a01baa55ee,WBTC-USDC,1%,WBTC-USDC (1%)
2026-01-31T23:11:28.547Z,20828,60.68238,60.68238,,,11.8542,1529a452-3563-44fa-95f2-08a01baa55ee,WBTC-USDC,1%,WBTC-USDC (1%)
2026-02-01T23:10:36.758Z,20600,0.0,0.0,,,10.03124,1529a452-3563-44fa-95f2-08a01baa55ee,WBTC-USDC,1%,WBTC-USDC (1%)
2026-02-02T23:09:07.820Z,20984,0.03718,0.03718,,,9.18885,1529a452-3563-44fa-95f2-08a01baa55ee,WBTC-USDC,1%,WBTC-USDC (1%)
2026-02-03T23:09:58.326Z,20162,0.00991,0.00991,,,8.7204,1529a452-3563-44fa-95f2-08a01baa55ee,WBTC-USDC,1%,WBTC-USDC (1%)
2026-02-04T23:08:24.340Z,19250,0.01926,0.01926,,,7.94279,1529a452-3563-44fa-95f2-08a01baa55ee,WBTC-USDC,1%,WBTC-USDC (1%)
2026-02-05T23:06:38.438Z,17082,0.50038,0.50038,,,3.84545,1529a452-3563-44fa-95f2-08a01baa55ee,WBTC-USDC,1%,WBTC-USDC (1%)
2026-02-06T23:09:02.455Z,18934,5.26683,5.26683,,,1.95486,1529a452-3563-44fa-95f2-08a01baa55ee,WBTC-USDC,1%,WBTC-USDC (1%)
2026-02-07T23:05:12.819Z,18956,0.16364,0.16364,,,0.16043,1529a452-3563-44fa-95f2-08a01baa55ee,WBTC-USDC,1%,WBTC-USDC (1%)
2026-02-08T22:09:43.865Z,19266,0.08333,0.08333,,,0.16272,1529a452-3563-44fa-95f2-08a01baa55ee,WBTC-USDC,1%,WBTC-USDC (1%)
2026-02-09T23:08:41.493Z,19219,0.11014,0.11014,,,0.16462,1529a452-3563-44fa-95f2-08a01baa55ee,WBTC-USDC,1%,WBTC-USDC (1%)
2026-02-10T23:09:46.717Z,18766,0.08341,0.08341,,,0.16657,1529a452-3563-44fa-95f2-08a01baa55ee,WBTC-USDC,1%,WBTC-USDC (1%)
2026-02-11T23:09:40.561Z,18182,9.23759,9.23759,,,0.39088,1529a452-3563-44fa-95f2-08a01baa55ee,WBTC-USDC,1%,WBTC-USDC (1%)
2026-02-12T23:09:39.261Z,17897,7.29191,7.29191,,,0.52327,1529a452-3563-44fa-95f2-08a01baa55ee,WBTC-USDC,1%,WBTC-USDC (1%)
2026-02-13T23:09:40.893Z,18316,9.02362,9.02362,,,0.67196,1529a452-3563-44fa-95f2-08a01baa55ee,WBTC-USDC,1%,WBTC-USDC (1%)
2026-02-14T23:09:01.462Z,18611,0.05214,0.05214,,,0.66892,1529a452-3563-44fa-95f2-08a01baa55ee,WBTC-USDC,1%,WBTC-USDC (1%)
2026-02-15T23:14:15.548Z,18333,0.08836,0.08836,,,0.66895,1529a452-3563-44fa-95f2-08a01baa55ee,WBTC-USDC,1%,WBTC-USDC (1%)
2026-02-16T23:08:46.871Z,18271,0.04308,0.04308,,,0.66705,1529a452-3563-44fa-95f2-08a01baa55ee,WBTC-USDC,1%,WBTC-USDC (1%)
2026-02-17T23:10:16.941Z,17991,1.05802,1.05802,,,0.66766,1529a452-3563-44fa-95f2-08a01baa55ee,WBTC-USDC,1%,WBTC-USDC (1%)
2026-02-18T23:08:42.741Z,17666,3.99405,3.99405,,,0.50041,1529a452-3563-44fa-95f2-08a01baa55ee,WBTC-USDC,1%,WBTC-USDC (1%)
2026-02-19T23:09:15.073Z,17778,3.08392,3.08392,,,0.4031,1529a452-3563-44fa-95f2-08a01baa55ee,WBTC-USDC,1%,WBTC-USDC (1%)
2026-02-20T23:08:11.441Z,18113,8.5183,8.5183,,,0.38859,1529a452-3563-44fa-95f2-08a01baa55ee,WBTC-USDC,1%,WBTC-USDC (1%)
2026-02-21T23:08:15.516Z,18114,3.38072,3.38072,,,0.46611,1529a452-3563-44fa-95f2-08a01baa55ee,WBTC-USDC,1%,WBTC-USDC (1%)
2026-02-22T23:09:27.832Z,18032,0.0,0.0,,,0.46414,1529a452-3563-44fa-95f2-08a01baa55ee,WBTC-USDC,1%,WBTC-USDC (1%)
2026-02-23T23:08:46.348Z,17284,24.0876,24.0876,,,1.06701,1529a452-3563-44fa-95f2-08a01baa55ee,WBTC-USDC,1%,WBTC-USDC (1%)
2026-02-24T23:10:26.440Z,17145,4.32799,4.32799,,,1.14301,1529a452-3563-44fa-95f2-08a01baa55ee,WBTC-USDC,1%,WBTC-USDC (1%)
2026-02-25T23:09:34.517Z,18188,22.78394,22.78394,,,1.56317,1529a452-3563-44fa-95f2-08a01baa55ee,WBTC-USDC,1%,WBTC-USDC (1%)
2026-02-26T23:09:03.946Z,18029,7.25165,7.25165,,,1.60996,1529a452-3563-44fa-95f2-08a01baa55ee,WBTC-USDC,1%,WBTC-USDC (1%)
2026-02-27T23:09:05.077Z,17530,10.2842,10.2842,,,1.64576,1529a452-3563-44fa-95f2-08a01baa55ee,WBTC-USDC,1%,WBTC-USDC (1%)
2026-02-28T23:08:58.902Z,17947,18.2842,18.2842,,,1.98736,1529a452-3563-44fa-95f2-08a01baa55ee,WBTC-USDC,1%,WBTC-USDC (1%)
2026-03-01T23:09:07.502Z,17455,15.62228,15.62228,,,2.49681,1529a452-3563-44fa-95f2-08a01baa55ee,WBTC-USDC,1%,WBTC-USDC (1%)
2026-03-02T23:10:12.988Z,18483,22.47958,22.47958,,,2.41399,1529a452-3563-44fa-95f2-08a01baa55ee,WBTC-USDC,1%,WBTC-USDC (1%)
2026-03-03T23:13:07.337Z,18250,20.29718,20.29718,,,2.80911,1529a452-3563-44fa-95f2-08a01baa55ee,WBTC-USDC,1%,WBTC-USDC (1%)
2026-03-04T23:11:06.998Z,19303,5.02449,5.02449,,,2.55435,1529a452-3563-44fa-95f2-08a01baa55ee,WBTC-USDC,1%,WBTC-USDC (1%)
2026-03-05T23:13:19.901Z,18961,0.07122,0.07122,,,2.37022,1529a452-3563-44fa-95f2-08a01baa55ee,WBTC-USDC,1%,WBTC-USDC (1%)
2026-03-06T23:11:29.173Z,20031,6.6506,6.6506,,,2.07424,1529a452-3563-44fa-95f2-08a01baa55ee,WBTC-USDC,1%,WBTC-USDC (1%)
2026-03-07T23:08:10.500Z,17990,5.46685,5.46685,,,1.78705,1529a452-3563-44fa-95f2-08a01baa55ee,WBTC-USDC,1%,WBTC-USDC (1%)
2026-03-08T23:09:42.471Z,17738,11.94934,11.94934,,,1.71015,1529a452-3563-44fa-95f2-08a01baa55ee,WBTC-USDC,1%,WBTC-USDC (1%)
2026-03-09T23:06:43.677Z,18291,13.25124,13.25124,,,1.53543,1529a452-3563-44fa-95f2-08a01baa55ee,WBTC-USDC,1%,WBTC-USDC (1%)
2026-03-10T23:11:43.908Z,18545,2.87648,2.87648,,,1.19209,1529a452-3563-44fa-95f2-08a01baa55ee,WBTC-USDC,1%,WBTC-USDC (1%)
2026-03-11T23:08:55.891Z,18711,0.06431,0.06431,,,1.05577,1529a452-3563-44fa-95f2-08a01baa55ee,WBTC-USDC,1%,WBTC-USDC (1%)
2026-03-12T23:12:38.468Z,18670,0.02464,0.02464,,,1.05438,1529a452-3563-44fa-95f2-08a01baa55ee,WBTC-USDC,1%,WBTC-USDC (1%)
2026-03-13T23:10:11.939Z,18827,0.20868,0.20868,,,0.87038,1529a452-3563-44fa-95f2-08a01baa55ee,WBTC-USDC,1%,WBTC-USDC (1%)
2026-03-14T23:10:49.727Z,18811,0.01333,0.01333,,,0.73078,1529a452-3563-44fa-95f2-08a01baa55ee,WBTC-USDC,1%,WBTC-USDC (1%)
2026-03-15T21:10:23.426Z,19074,0.0,0.0,,,0.63617,1529a452-3563-44fa-95f2-08a01baa55ee,WBTC-USDC,1%,WBTC-USDC (1%)
2026-03-16T23:09:40.810Z,19785,0.11968,0.11968,,,0.08866,1529a452-3563-44fa-95f2-08a01baa55ee,WBTC-USDC,1%,WBTC-USDC (1%)
2026-03-17T23:10:10.496Z,19681,0.07185,0.07185,,,0.01476,1529a452-3563-44fa-95f2-08a01baa55ee,WBTC-USDC,1%,WBTC-USDC (1%)
2026-03-18T22:12:13.584Z,18980,0.15636,0.15636,,,0.01727,1529a452-3563-44fa-95f2-08a01baa55ee,WBTC-USDC,1%,WBTC-USDC (1%)
2026-03-19T23:11:28.320Z,18669,0.07313,0.07313,,,0.01856,1529a452-3563-44fa-95f2-08a01baa55ee,WBTC-USDC,1%,WBTC-USDC (1%)
2026-03-20T23:09:46.553Z,18831,0.0079,0.0079,,,0.01318,1529a452-3563-44fa-95f2-08a01baa55ee,WBTC-USDC,1%,WBTC-USDC (1%)
2026-03-21T23:09:52.348Z,18708,0.0,0.0,,,0.01282,1529a452-3563-44fa-95f2-08a01baa55ee,WBTC-USDC,1%,WBTC-USDC (1%)
2026-03-22T23:09:24.921Z,18237,4.50556,4.50556,,,0.12025,1529a452-3563-44fa-95f2-08a01baa55ee,WBTC-USDC,1%,WBTC-USDC (1%)
2026-03-23T23:10:20.633Z,18804,4.46058,4.46058,,,0.24469,1529a452-3563-44fa-95f2-08a01baa55ee,WBTC-USDC,1%,WBTC-USDC (1%)
2026-03-24T23:13:00.579Z,18710,0.03252,0.03252,,,0.24354,1529a452-3563-44fa-95f2-08a01baa55ee,WBTC-USDC,1%,WBTC-USDC (1%)
2026-03-25T19:12:59.485Z,21898,0.20617,0.20617,,,0.24365,1529a452-3563-44fa-95f2-08a01baa55ee,WBTC-USDC,1%,WBTC-USDC (1%)
