timestamp,tvlUsd,apy,apyBase,apyReward,il7d,apyBase7d,pool_id,symbol,feeTier,label
2022-03-27T00:00:00.000Z,58011,0.0,0.0,,,,68de4da9-9e6d-46c6-87a7-927973b30abe,WBTC-USDC,0.05%,WBTC-USDC (0.05%)
2022-03-28T00:00:00.000Z,58782,0.0,0.0,,,,68de4da9-9e6d-46c6-87a7-927973b30abe,WBTC-USDC,0.05%,WBTC-USDC (0.05%)
2022-03-29T00:00:00.000Z,58528,0.0,0.0,,,,68de4da9-9e6d-46c6-87a7-927973b30abe,WBTC-USDC,0.05%,WBTC-USDC (0.05%)
2022-03-30T00:00:00.000Z,58433,0.0,0.0,,,,68de4da9-9e6d-46c6-87a7-927973b30abe,WBTC-USDC,0.05%,WBTC-USDC (0.05%)
2022-03-31T00:00:00.000Z,74595,0.20531,0.20531,,,,68de4da9-9e6d-46c6-87a7-927973b30abe,WBTC-USDC,0.05%,WBTC-USDC (0.05%)
2022-04-01T00:00:00.000Z,61643,0.07563,0.07563,,,,68de4da9-9e6d-46c6-87a7-927973b30abe,WBTC-USDC,0.05%,WBTC-USDC (0.05%)
2022-04-02T00:00:00.000Z,57766,0.0,0.0,,,,68de4da9-9e6d-46c6-87a7-927973b30abe,WBTC-USDC,0.05%,WBTC-USDC (0.05%)
2022-04-03T00:00:00.000Z,58281,0.0,0.0,,,,68de4da9-9e6d-46c6-87a7-927973b30abe,WBTC-USDC,0.05%,WBTC-USDC (0.05%)
2022-04-04T00:00:00.000Z,58073,0.0,0.0,,,,68de4da9-9e6d-46c6-87a7-927973b30abe,WBTC-USDC,0.05%,WBTC-USDC (0.05%)
2022-04-05T00:00:00.000Z,57497,0.0,0.0,,,,68de4da9-9e6d-46c6-87a7-927973b30abe,WBTC-USDC,0.05%,WBTC-USDC (0.05%)
2022-04-06T00:00:00.000Z,55779,0.0,0.0,,,,68de4da9-9e6d-46c6-87a7-927973b30abe,WBTC-USDC,0.05%,WBTC-USDC (0.05%)
2022-04-07T00:00:00.000Z,55773,0.0,0.0,,,,68de4da9-9e6d-46c6-87a7-927973b30abe,WBTC-USDC,0.05%,WBTC-USDC (0.05%)
2022-04-08T00:00:00.000Z,54991,0.0,0.0,,,,68de4da9-9e6d-46c6-87a7-927973b30abe,WBTC-USDC,0.05%,WBTC-USDC (0.05%)
2022-04-09T00:00:00.000Z,55016,0.0,0.0,,,,68de4da9-9e6d-46c6-87a7-927973b30abe,WBTC-USDC,0.05%,WBTC-USDC (0.05%)
2022-04-10T00:00:00.000Z,54872,0.0,0.0,,,,68de4da9-9e6d-46c6-87a7-927973b30abe,WBTC-USDC,0.05%,WBTC-USDC (0.05%)
2022-04-11T00:00:00.000Z,53227,0.0,0.0,,,,68de4da9-9e6d-46c6-87a7-927973b30abe,WBTC-USDC,0.05%,WBTC-USDC (0.05%)
2022-04-12T00:00:00.000Z,53075,0.0,0.0,,,,68de4da9-9e6d-46c6-87a7-927973b30abe,WBTC-USDC,0.05%,WBTC-USDC (0.05%)
2022-04-13T00:00:00.000Z,54232,0.0,0.0,,,,68de4da9-9e6d-46c6-87a7-927973b30abe,WBTC-USDC,0.05%,WBTC-USDC (0.05%)
2022-04-14T00:00:00.000Z,53223,0.0,0.0,,,,68de4da9-9e6d-46c6-87a7-927973b30abe,WBTC-USDC,0.05%,WBTC-USDC (0.05%)
2022-04-15T00:00:00.000Z,53561,0.0,0.0,,,,68de4da9-9e6d-46c6-87a7-927973b30abe,WBTC-USDC,0.05%,WBTC-USDC (0.05%)
2022-04-16T00:00:00.000Z,53609,0.0,0.0,,,,68de4da9-9e6d-46c6-87a7-927973b30abe,WBTC-USDC,0.05%,WBTC-USDC (0.05%)
2022-04-17T00:00:00.000Z,53413,0.0,0.0,,,,68de4da9-9e6d-46c6-87a7-927973b30abe,WBTC-USDC,0.05%,WBTC-USDC (0.05%)
2022-04-18T00:00:00.000Z,53879,0.0,0.0,,,,68de4da9-9e6d-46c6-87a7-927973b30abe,WBTC-USDC,0.05%,WBTC-USDC (0.05%)
2022-04-19T00:00:00.000Z,54250,0.0,0.0,,,,68de4da9-9e6d-46c6-87a7-927973b30abe,WBTC-USDC,0.05%,WBTC-USDC (0.05%)
2022-04-20T00:00:00.000Z,54293,0.0,0.0,,,,68de4da9-9e6d-46c6-87a7-927973b30abe,WBTC-USDC,0.05%,WBTC-USDC (0.05%)
2022-04-21T00:00:00.000Z,53512,0.0,0.0,,,,68de4da9-9e6d-46c6-87a7-927973b30abe,WBTC-USDC,0.05%,WBTC-USDC (0.05%)
2022-04-22T00:00:00.000Z,53023,0.0,0.0,,,,68de4da9-9e6d-46c6-87a7-927973b30abe,WBTC-USDC,0.05%,WBTC-USDC (0.05%)
2022-04-23T00:00:00.000Z,53165,0.0,0.0,,,,68de4da9-9e6d-46c6-87a7-927973b30abe,WBTC-USDC,0.05%,WBTC-USDC (0.05%)
2022-04-24T00:00:00.000Z,53010,0.0,0.0,,,,68de4da9-9e6d-46c6-87a7-927973b30abe,WBTC-USDC,0.05%,WBTC-USDC (0.05%)
2022-04-25T00:00:00.000Z,53493,0.0,0.0,,,,68de4da9-9e6d-46c6-87a7-927973b30abe,WBTC-USDC,0.05%,WBTC-USDC (0.05%)
2022-04-26T00:00:00.000Z,52003,0.0,0.0,,,,68de4da9-9e6d-46c6-87a7-927973b30abe,WBTC-USDC,0.05%,WBTC-USDC (0.05%)
2022-04-27T00:00:00.000Z,52567,0.0,0.0,,,,68de4da9-9e6d-46c6-87a7-927973b30abe,WBTC-USDC,0.05%,WBTC-USDC (0.05%)
2022-04-28T00:00:00.000Z,53141,0.0,0.0,,,,68de4da9-9e6d-46c6-87a7-927973b30abe,WBTC-USDC,0.05%,WBTC-USDC (0.05%)
2022-04-29T00:00:00.000Z,52186,0.0,0.0,,,,68de4da9-9e6d-46c6-87a7-927973b30abe,WBTC-USDC,0.05%,WBTC-USDC (0.05%)
2022-04-30T00:00:00.000Z,51939,0.0,0.0,,,,68de4da9-9e6d-46c6-87a7-927973b30abe,WBTC-USDC,0.05%,WBTC-USDC (0.05%)
2022-05-01T00:00:00.000Z,52058,0.0,0.0,,,,68de4da9-9e6d-46c6-87a7-927973b30abe,WBTC-USDC,0.05%,WBTC-USDC (0.05%)
2022-05-02T00:00:00.000Z,52257,0.0,0.0,,,,68de4da9-9e6d-46c6-87a7-927973b30abe,WBTC-USDC,0.05%,WBTC-USDC (0.05%)
2022-05-03T00:00:00.000Z,51679,0.0,0.0,,,,68de4da9-9e6d-46c6-87a7-927973b30abe,WBTC-USDC,0.05%,WBTC-USDC (0.05%)
2022-05-04T00:00:00.000Z,53151,0.0,0.0,,,,68de4da9-9e6d-46c6-87a7-927973b30abe,WBTC-USDC,0.05%,WBTC-USDC (0.05%)
2022-05-05T00:00:00.000Z,50673,0.0,0.0,,,,68de4da9-9e6d-46c6-87a7-927973b30abe,WBTC-USDC,0.05%,WBTC-USDC (0.05%)
2022-05-06T00:00:00.000Z,50341,0.0,0.0,,,,68de4da9-9e6d-46c6-87a7-927973b30abe,WBTC-USDC,0.05%,WBTC-USDC (0.05%)
2022-05-07T00:00:00.000Z,49605,0.0,0.0,,,,68de4da9-9e6d-46c6-87a7-927973b30abe,WBTC-USDC,0.05%,WBTC-USDC (0.05%)
2022-05-08T00:00:00.000Z,49158,0.0,0.0,,,,68de4da9-9e6d-46c6-87a7-927973b30abe,WBTC-USDC,0.05%,WBTC-USDC (0.05%)
2022-05-09T00:00:00.000Z,46897,0.0,0.0,,,,68de4da9-9e6d-46c6-87a7-927973b30abe,WBTC-USDC,0.05%,WBTC-USDC (0.05%)
2022-05-10T00:00:00.000Z,46433,0.0,0.0,,,,68de4da9-9e6d-46c6-87a7-927973b30abe,WBTC-USDC,0.05%,WBTC-USDC (0.05%)
2022-05-11T00:00:00.000Z,45106,0.0,0.0,,,,68de4da9-9e6d-46c6-87a7-927973b30abe,WBTC-USDC,0.05%,WBTC-USDC (0.05%)
2022-05-12T00:00:00.000Z,45142,0.0,0.0,,,,68de4da9-9e6d-46c6-87a7-927973b30abe,WBTC-USDC,0.05%,WBTC-USDC (0.05%)
2022-05-13T00:00:00.000Z,46020,0.0,0.0,,,,68de4da9-9e6d-46c6-87a7-927973b30abe,WBTC-USDC,0.05%,WBTC-USDC (0.05%)
2022-05-14T00:00:00.000Z,45991,0.0,0.0,,,,68de4da9-9e6d-46c6-87a7-927973b30abe,WBTC-USDC,0.05%,WBTC-USDC (0.05%)
2022-05-15T00:00:00.000Z,46943,0.0,0.0,,,,68de4da9-9e6d-46c6-87a7-927973b30abe,WBTC-USDC,0.05%,WBTC-USDC (0.05%)
2022-05-16T00:00:00.000Z,46092,0.0,0.0,,,,68de4da9-9e6d-46c6-87a7-927973b30abe,WBTC-USDC,0.05%,WBTC-USDC (0.05%)
2022-05-17T00:00:00.000Z,46398,0.0,0.0,,,,68de4da9-9e6d-46c6-87a7-927973b30abe,WBTC-USDC,0.05%,WBTC-USDC (0.05%)
2022-05-18T00:00:00.000Z,45289,0.0,0.0,,,,68de4da9-9e6d-46c6-87a7-927973b30abe,WBTC-USDC,0.05%,WBTC-USDC (0.05%)
2022-05-19T00:00:00.000Z,45982,0.0,0.0,,,,68de4da9-9e6d-46c6-87a7-927973b30abe,WBTC-USDC,0.05%,WBTC-USDC (0.05%)
2022-05-20T00:00:00.000Z,45444,0.0,0.0,,,,68de4da9-9e6d-46c6-87a7-927973b30abe,WBTC-USDC,0.05%,WBTC-USDC (0.05%)
2022-05-21T00:00:00.000Z,45615,0.0,0.0,,,,68de4da9-9e6d-46c6-87a7-927973b30abe,WBTC-USDC,0.05%,WBTC-USDC (0.05%)
2022-05-22T00:00:00.000Z,46285,0.0,0.0,,,,68de4da9-9e6d-46c6-87a7-927973b30abe,WBTC-USDC,0.05%,WBTC-USDC (0.05%)
2022-05-23T00:00:00.000Z,45504,0.0,0.0,,,,68de4da9-9e6d-46c6-87a7-927973b30abe,WBTC-USDC,0.05%,WBTC-USDC (0.05%)
2022-05-24T00:00:00.000Z,45724,0.0,0.0,,,,68de4da9-9e6d-46c6-87a7-927973b30abe,WBTC-USDC,0.05%,WBTC-USDC (0.05%)
2022-05-25T00:00:00.000Z,45859,0.0,0.0,,,,68de4da9-9e6d-46c6-87a7-927973b30abe,WBTC-USDC,0.05%,WBTC-USDC (0.05%)
2022-05-26T00:00:00.000Z,45649,0.0,0.0,,,,68de4da9-9e6d-46c6-87a7-927973b30abe,WBTC-USDC,0.05%,WBTC-USDC (0.05%)
2022-05-27T00:00:00.000Z,45173,0.0,0.0,,,,68de4da9-9e6d-46c6-87a7-927973b30abe,WBTC-USDC,0.05%,WBTC-USDC (0.05%)
2022-05-28T00:00:00.000Z,45339,0.0,0.0,,,,68de4da9-9e6d-46c6-87a7-927973b30abe,WBTC-USDC,0.05%,WBTC-USDC (0.05%)
2022-05-29T00:00:00.000Z,45628,0.0,0.0,,,,68de4da9-9e6d-46c6-87a7-927973b30abe,WBTC-USDC,0.05%,WBTC-USDC (0.05%)
2022-05-30T00:00:00.000Z,47316,0.0,0.0,,,,68de4da9-9e6d-46c6-87a7-927973b30abe,WBTC-USDC,0.05%,WBTC-USDC (0.05%)
2022-05-31T00:00:00.000Z,47382,0.0,0.0,,,,68de4da9-9e6d-46c6-87a7-927973b30abe,WBTC-USDC,0.05%,WBTC-USDC (0.05%)
2022-06-01T00:00:00.000Z,45844,0.0,0.0,,,,68de4da9-9e6d-46c6-87a7-927973b30abe,WBTC-USDC,0.05%,WBTC-USDC (0.05%)
2022-06-02T00:00:00.000Z,46364,0.0,0.0,,,,68de4da9-9e6d-46c6-87a7-927973b30abe,WBTC-USDC,0.05%,WBTC-USDC (0.05%)
2022-06-03T00:00:00.000Z,45682,0.0,0.0,,,,68de4da9-9e6d-46c6-87a7-927973b30abe,WBTC-USDC,0.05%,WBTC-USDC (0.05%)
2022-06-05T00:00:00.000Z,46063,0.0,0.0,,,,68de4da9-9e6d-46c6-87a7-927973b30abe,WBTC-USDC,0.05%,WBTC-USDC (0.05%)
2022-06-06T00:00:00.000Z,47098,0.0,0.0,,,,68de4da9-9e6d-46c6-87a7-927973b30abe,WBTC-USDC,0.05%,WBTC-USDC (0.05%)
2022-06-07T00:00:00.000Z,47249,0.0,0.0,,,,68de4da9-9e6d-46c6-87a7-927973b30abe,WBTC-USDC,0.05%,WBTC-USDC (0.05%)
2022-06-08T00:00:00.000Z,46239,0.0,0.0,,,,68de4da9-9e6d-46c6-87a7-927973b30abe,WBTC-USDC,0.05%,WBTC-USDC (0.05%)
2022-06-09T00:00:00.000Z,46039,0.0,0.0,,,,68de4da9-9e6d-46c6-87a7-927973b30abe,WBTC-USDC,0.05%,WBTC-USDC (0.05%)
2022-06-10T00:00:00.000Z,45393,0.0,0.0,,,,68de4da9-9e6d-46c6-87a7-927973b30abe,WBTC-USDC,0.05%,WBTC-USDC (0.05%)
2022-06-11T00:00:00.000Z,45026,0.0,0.0,,,,68de4da9-9e6d-46c6-87a7-927973b30abe,WBTC-USDC,0.05%,WBTC-USDC (0.05%)
2022-06-12T00:00:00.000Z,43945,0.0,0.0,,,,68de4da9-9e6d-46c6-87a7-927973b30abe,WBTC-USDC,0.05%,WBTC-USDC (0.05%)
2022-06-13T00:00:00.000Z,40687,0.0,0.0,,,,68de4da9-9e6d-46c6-87a7-927973b30abe,WBTC-USDC,0.05%,WBTC-USDC (0.05%)
2022-06-14T00:00:00.000Z,39976,0.0,0.0,,,,68de4da9-9e6d-46c6-87a7-927973b30abe,WBTC-USDC,0.05%,WBTC-USDC (0.05%)
2022-06-15T00:00:00.000Z,40686,0.0,0.0,,,,68de4da9-9e6d-46c6-87a7-927973b30abe,WBTC-USDC,0.05%,WBTC-USDC (0.05%)
2022-06-16T00:00:00.000Z,39215,0.0,0.0,,,,68de4da9-9e6d-46c6-87a7-927973b30abe,WBTC-USDC,0.05%,WBTC-USDC (0.05%)
2022-06-17T00:00:00.000Z,39150,0.0,0.0,,,,68de4da9-9e6d-46c6-87a7-927973b30abe,WBTC-USDC,0.05%,WBTC-USDC (0.05%)
2022-06-18T00:00:00.000Z,38162,0.0,0.0,,,,68de4da9-9e6d-46c6-87a7-927973b30abe,WBTC-USDC,0.05%,WBTC-USDC (0.05%)
2022-06-19T00:00:00.000Z,39401,0.0,0.0,,,,68de4da9-9e6d-46c6-87a7-927973b30abe,WBTC-USDC,0.05%,WBTC-USDC (0.05%)
2022-06-20T00:00:00.000Z,39088,0.0,0.0,,,,68de4da9-9e6d-46c6-87a7-927973b30abe,WBTC-USDC,0.05%,WBTC-USDC (0.05%)
2022-06-21T00:00:00.000Z,39365,0.0,0.0,,,,68de4da9-9e6d-46c6-87a7-927973b30abe,WBTC-USDC,0.05%,WBTC-USDC (0.05%)
2022-06-22T00:00:00.000Z,38822,0.0,0.0,,,,68de4da9-9e6d-46c6-87a7-927973b30abe,WBTC-USDC,0.05%,WBTC-USDC (0.05%)
2022-06-23T00:00:00.000Z,39431,0.0,0.0,,,,68de4da9-9e6d-46c6-87a7-927973b30abe,WBTC-USDC,0.05%,WBTC-USDC (0.05%)
2022-06-24T00:00:00.000Z,39763,0.0,0.0,,,,68de4da9-9e6d-46c6-87a7-927973b30abe,WBTC-USDC,0.05%,WBTC-USDC (0.05%)
2022-06-25T00:00:00.000Z,39836,0.0,0.0,,,,68de4da9-9e6d-46c6-87a7-927973b30abe,WBTC-USDC,0.05%,WBTC-USDC (0.05%)
2022-06-26T00:00:00.000Z,39582,0.0,0.0,,,,68de4da9-9e6d-46c6-87a7-927973b30abe,WBTC-USDC,0.05%,WBTC-USDC (0.05%)
2022-06-27T00:00:00.000Z,39337,0.0,0.0,,,,68de4da9-9e6d-46c6-87a7-927973b30abe,WBTC-USDC,0.05%,WBTC-USDC (0.05%)
2022-06-28T00:00:00.000Z,38977,0.0,0.0,,,,68de4da9-9e6d-46c6-87a7-927973b30abe,WBTC-USDC,0.05%,WBTC-USDC (0.05%)
2022-06-29T00:00:00.000Z,38901,0.0,0.0,,,,68de4da9-9e6d-46c6-87a7-927973b30abe,WBTC-USDC,0.05%,WBTC-USDC (0.05%)
2022-06-30T00:00:00.000Z,37987,0.0,0.0,,,,68de4da9-9e6d-46c6-87a7-927973b30abe,WBTC-USDC,0.05%,WBTC-USDC (0.05%)
2022-07-01T00:00:00.000Z,38365,0.0,0.0,,,,68de4da9-9e6d-46c6-87a7-927973b30abe,WBTC-USDC,0.05%,WBTC-USDC (0.05%)
2022-07-02T00:00:00.000Z,38309,0.0,0.0,,,,68de4da9-9e6d-46c6-87a7-927973b30abe,WBTC-USDC,0.05%,WBTC-USDC (0.05%)
2022-07-03T00:00:00.000Z,38264,0.0,0.0,,,,68de4da9-9e6d-46c6-87a7-927973b30abe,WBTC-USDC,0.05%,WBTC-USDC (0.05%)
2022-07-04T00:00:00.000Z,38839,0.0,0.0,,,,68de4da9-9e6d-46c6-87a7-927973b30abe,WBTC-USDC,0.05%,WBTC-USDC (0.05%)
2022-07-05T00:00:00.000Z,38974,0.0,0.0,,,,68de4da9-9e6d-46c6-87a7-927973b30abe,WBTC-USDC,0.05%,WBTC-USDC (0.05%)
2022-07-06T00:00:00.000Z,39205,0.0,0.0,,,,68de4da9-9e6d-46c6-87a7-927973b30abe,WBTC-USDC,0.05%,WBTC-USDC (0.05%)
2022-07-07T00:00:00.000Z,39872,0.0,0.0,,,,68de4da9-9e6d-46c6-87a7-927973b30abe,WBTC-USDC,0.05%,WBTC-USDC (0.05%)
2022-07-08T00:00:00.000Z,40018,0.0,0.0,,,,68de4da9-9e6d-46c6-87a7-927973b30abe,WBTC-USDC,0.05%,WBTC-USDC (0.05%)
2022-07-09T00:00:00.000Z,39892,0.0,0.0,,,,68de4da9-9e6d-46c6-87a7-927973b30abe,WBTC-USDC,0.05%,WBTC-USDC (0.05%)
2022-07-10T00:00:00.000Z,39370,0.0,0.0,,,,68de4da9-9e6d-46c6-87a7-927973b30abe,WBTC-USDC,0.05%,WBTC-USDC (0.05%)
2022-07-11T00:00:00.000Z,38785,0.0,0.0,,,,68de4da9-9e6d-46c6-87a7-927973b30abe,WBTC-USDC,0.05%,WBTC-USDC (0.05%)
2022-07-12T00:00:00.000Z,38361,0.0,0.0,,,,68de4da9-9e6d-46c6-87a7-927973b30abe,WBTC-USDC,0.05%,WBTC-USDC (0.05%)
2022-07-13T00:00:00.000Z,38623,0.0,0.0,,,,68de4da9-9e6d-46c6-87a7-927973b30abe,WBTC-USDC,0.05%,WBTC-USDC (0.05%)
2022-07-14T00:00:00.000Z,39087,0.03508,0.03508,,,,68de4da9-9e6d-46c6-87a7-927973b30abe,WBTC-USDC,0.05%,WBTC-USDC (0.05%)
2022-07-15T00:00:00.000Z,39421,0.0,0.0,,,,68de4da9-9e6d-46c6-87a7-927973b30abe,WBTC-USDC,0.05%,WBTC-USDC (0.05%)
2022-07-16T00:00:00.000Z,39637,0.0,0.0,,,,68de4da9-9e6d-46c6-87a7-927973b30abe,WBTC-USDC,0.05%,WBTC-USDC (0.05%)
2022-07-17T00:00:00.000Z,39495,0.0,0.0,,,,68de4da9-9e6d-46c6-87a7-927973b30abe,WBTC-USDC,0.05%,WBTC-USDC (0.05%)
2022-07-18T00:00:00.000Z,39957,0.0,0.0,,,,68de4da9-9e6d-46c6-87a7-927973b30abe,WBTC-USDC,0.05%,WBTC-USDC (0.05%)
2022-07-19T00:00:00.000Z,41219,0.0,0.0,,,,68de4da9-9e6d-46c6-87a7-927973b30abe,WBTC-USDC,0.05%,WBTC-USDC (0.05%)
2022-07-20T00:00:00.000Z,41390,156.88913,156.88913,,,,68de4da9-9e6d-46c6-87a7-927973b30abe,WBTC-USDC,0.05%,WBTC-USDC (0.05%)
2022-07-21T00:00:00.000Z,43619,0.05133,0.05133,,,,68de4da9-9e6d-46c6-87a7-927973b30abe,WBTC-USDC,0.05%,WBTC-USDC (0.05%)
2022-07-22T00:00:00.000Z,40933,0.0,0.0,,,,68de4da9-9e6d-46c6-87a7-927973b30abe,WBTC-USDC,0.05%,WBTC-USDC (0.05%)
2022-07-23T00:00:00.000Z,40719,0.0,0.0,,,,68de4da9-9e6d-46c6-87a7-927973b30abe,WBTC-USDC,0.05%,WBTC-USDC (0.05%)
2022-07-24T00:00:00.000Z,41161,0.0,0.0,,,,68de4da9-9e6d-46c6-87a7-927973b30abe,WBTC-USDC,0.05%,WBTC-USDC (0.05%)
2022-07-25T00:00:00.000Z,40129,0.0,0.0,,,,68de4da9-9e6d-46c6-87a7-927973b30abe,WBTC-USDC,0.05%,WBTC-USDC (0.05%)
2022-07-26T00:00:00.000Z,39728,0.0,0.0,,,,68de4da9-9e6d-46c6-87a7-927973b30abe,WBTC-USDC,0.05%,WBTC-USDC (0.05%)
2022-07-27T00:00:00.000Z,40965,0.0,0.0,,,,68de4da9-9e6d-46c6-87a7-927973b30abe,WBTC-USDC,0.05%,WBTC-USDC (0.05%)
2022-07-28T00:00:00.000Z,41837,0.0,0.0,,,,68de4da9-9e6d-46c6-87a7-927973b30abe,WBTC-USDC,0.05%,WBTC-USDC (0.05%)
2022-07-29T00:00:00.000Z,41807,0.0,0.0,,,,68de4da9-9e6d-46c6-87a7-927973b30abe,WBTC-USDC,0.05%,WBTC-USDC (0.05%)
2022-07-30T00:00:00.000Z,41674,0.0,0.0,,,,68de4da9-9e6d-46c6-87a7-927973b30abe,WBTC-USDC,0.05%,WBTC-USDC (0.05%)
2022-07-31T00:00:00.000Z,41296,0.0,0.0,,,,68de4da9-9e6d-46c6-87a7-927973b30abe,WBTC-USDC,0.05%,WBTC-USDC (0.05%)
2022-08-01T00:00:00.000Z,41197,0.0,0.0,,,,68de4da9-9e6d-46c6-87a7-927973b30abe,WBTC-USDC,0.05%,WBTC-USDC (0.05%)
2022-08-02T00:00:00.000Z,41140,0.0,0.0,,,,68de4da9-9e6d-46c6-87a7-927973b30abe,WBTC-USDC,0.05%,WBTC-USDC (0.05%)
2022-08-03T00:00:00.000Z,41157,0.0,0.0,,,,68de4da9-9e6d-46c6-87a7-927973b30abe,WBTC-USDC,0.05%,WBTC-USDC (0.05%)
2022-08-04T00:00:00.000Z,40837,0.0,0.0,,,,68de4da9-9e6d-46c6-87a7-927973b30abe,WBTC-USDC,0.05%,WBTC-USDC (0.05%)
2022-08-05T00:00:00.000Z,41286,0.0,0.0,,,,68de4da9-9e6d-46c6-87a7-927973b30abe,WBTC-USDC,0.05%,WBTC-USDC (0.05%)
2022-08-06T00:00:00.000Z,41248,0.0,0.0,,,,68de4da9-9e6d-46c6-87a7-927973b30abe,WBTC-USDC,0.05%,WBTC-USDC (0.05%)
2022-08-07T00:00:00.000Z,41259,0.0,0.0,,,,68de4da9-9e6d-46c6-87a7-927973b30abe,WBTC-USDC,0.05%,WBTC-USDC (0.05%)
2022-08-08T00:00:00.000Z,41692,0.0,0.0,,,,68de4da9-9e6d-46c6-87a7-927973b30abe,WBTC-USDC,0.05%,WBTC-USDC (0.05%)
2022-08-09T00:00:00.000Z,41259,0.0,0.0,,,,68de4da9-9e6d-46c6-87a7-927973b30abe,WBTC-USDC,0.05%,WBTC-USDC (0.05%)
2022-08-10T00:00:00.000Z,41808,0.0,0.0,,,,68de4da9-9e6d-46c6-87a7-927973b30abe,WBTC-USDC,0.05%,WBTC-USDC (0.05%)
2022-08-11T00:00:00.000Z,41927,0.0,0.0,,,,68de4da9-9e6d-46c6-87a7-927973b30abe,WBTC-USDC,0.05%,WBTC-USDC (0.05%)
2022-08-12T00:00:00.000Z,42000,0.0,0.0,,,,68de4da9-9e6d-46c6-87a7-927973b30abe,WBTC-USDC,0.05%,WBTC-USDC (0.05%)
2022-08-13T00:00:00.000Z,42182,0.0,0.0,,,,68de4da9-9e6d-46c6-87a7-927973b30abe,WBTC-USDC,0.05%,WBTC-USDC (0.05%)
2022-08-14T00:00:00.000Z,42101,0.0,0.0,,,,68de4da9-9e6d-46c6-87a7-927973b30abe,WBTC-USDC,0.05%,WBTC-USDC (0.05%)
2022-08-15T00:00:00.000Z,142283,0.05566,0.05566,,,,68de4da9-9e6d-46c6-87a7-927973b30abe,WBTC-USDC,0.05%,WBTC-USDC (0.05%)
2022-08-16T00:00:00.000Z,142299,0.0,0.0,,,,68de4da9-9e6d-46c6-87a7-927973b30abe,WBTC-USDC,0.05%,WBTC-USDC (0.05%)
2022-08-17T00:00:00.000Z,241331,0.17727,0.17727,,,,68de4da9-9e6d-46c6-87a7-927973b30abe,WBTC-USDC,0.05%,WBTC-USDC (0.05%)
2022-08-18T00:00:00.000Z,241033,0.0438,0.0438,,,,68de4da9-9e6d-46c6-87a7-927973b30abe,WBTC-USDC,0.05%,WBTC-USDC (0.05%)
2022-08-19T00:00:00.000Z,143292,7.78259,7.78259,,,,68de4da9-9e6d-46c6-87a7-927973b30abe,WBTC-USDC,0.05%,WBTC-USDC (0.05%)
2022-08-20T00:00:00.000Z,143656,1.75885,1.75885,,,,68de4da9-9e6d-46c6-87a7-927973b30abe,WBTC-USDC,0.05%,WBTC-USDC (0.05%)
2022-08-21T00:00:00.000Z,144517,3.03647,3.03647,,,,68de4da9-9e6d-46c6-87a7-927973b30abe,WBTC-USDC,0.05%,WBTC-USDC (0.05%)
2022-08-22T00:00:00.000Z,143778,3.15914,3.15914,,,,68de4da9-9e6d-46c6-87a7-927973b30abe,WBTC-USDC,0.05%,WBTC-USDC (0.05%)
2022-08-23T00:00:00.000Z,144017,14.28048,14.28048,,,,68de4da9-9e6d-46c6-87a7-927973b30abe,WBTC-USDC,0.05%,WBTC-USDC (0.05%)
2022-08-24T00:00:00.000Z,144186,3.39517,3.39517,,,,68de4da9-9e6d-46c6-87a7-927973b30abe,WBTC-USDC,0.05%,WBTC-USDC (0.05%)
2022-08-25T00:00:00.000Z,144198,4.71706,4.71706,,,,68de4da9-9e6d-46c6-87a7-927973b30abe,WBTC-USDC,0.05%,WBTC-USDC (0.05%)
2022-08-26T00:00:00.000Z,143054,11.70466,11.70466,,,,68de4da9-9e6d-46c6-87a7-927973b30abe,WBTC-USDC,0.05%,WBTC-USDC (0.05%)
2022-08-27T00:00:00.000Z,142129,1.96516,1.96516,,,,68de4da9-9e6d-46c6-87a7-927973b30abe,WBTC-USDC,0.05%,WBTC-USDC (0.05%)
2022-08-28T00:00:00.000Z,141609,0.90928,0.90928,,,,68de4da9-9e6d-46c6-87a7-927973b30abe,WBTC-USDC,0.05%,WBTC-USDC (0.05%)
2022-08-29T00:00:00.000Z,142274,7.08846,7.08846,,,,68de4da9-9e6d-46c6-87a7-927973b30abe,WBTC-USDC,0.05%,WBTC-USDC (0.05%)
2022-08-30T00:00:00.000Z,141743,9.63623,9.63623,,,,68de4da9-9e6d-46c6-87a7-927973b30abe,WBTC-USDC,0.05%,WBTC-USDC (0.05%)
2022-08-31T00:00:00.000Z,142513,10.75052,10.75052,,,,68de4da9-9e6d-46c6-87a7-927973b30abe,WBTC-USDC,0.05%,WBTC-USDC (0.05%)
2022-09-01T00:00:00.000Z,142270,18.88132,18.88132,,,,68de4da9-9e6d-46c6-87a7-927973b30abe,WBTC-USDC,0.05%,WBTC-USDC (0.05%)
2022-09-02T00:00:00.000Z,142015,14.28079,14.28079,,,,68de4da9-9e6d-46c6-87a7-927973b30abe,WBTC-USDC,0.05%,WBTC-USDC (0.05%)
2022-09-03T00:00:00.000Z,799326,135.64479,135.64479,,,,68de4da9-9e6d-46c6-87a7-927973b30abe,WBTC-USDC,0.05%,WBTC-USDC (0.05%)
2022-09-04T00:00:00.000Z,185127,145.63583,145.63583,,,,68de4da9-9e6d-46c6-87a7-927973b30abe,WBTC-USDC,0.05%,WBTC-USDC (0.05%)
2022-09-05T23:01:16.450Z,197976,8.43585,8.43585,,,,68de4da9-9e6d-46c6-87a7-927973b30abe,WBTC-USDC,0.05%,WBTC-USDC (0.05%)
2022-09-06T23:02:05.643Z,195866,247.42258,247.42258,,,,68de4da9-9e6d-46c6-87a7-927973b30abe,WBTC-USDC,0.05%,WBTC-USDC (0.05%)
2022-09-07T13:01:46.329Z,195672,217.96219,217.96219,,,,68de4da9-9e6d-46c6-87a7-927973b30abe,WBTC-USDC,0.05%,WBTC-USDC (0.05%)
2022-09-09T23:02:12.614Z,145934,3.3123,3.3123,,,,68de4da9-9e6d-46c6-87a7-927973b30abe,WBTC-USDC,0.05%,WBTC-USDC (0.05%)
2022-09-10T23:02:14.908Z,146144,2.20568,2.20568,,,,68de4da9-9e6d-46c6-87a7-927973b30abe,WBTC-USDC,0.05%,WBTC-USDC (0.05%)
2022-09-11T23:01:57.058Z,146162,1.75343,1.75343,,,,68de4da9-9e6d-46c6-87a7-927973b30abe,WBTC-USDC,0.05%,WBTC-USDC (0.05%)
2022-09-12T23:02:59.696Z,146948,5.55623,5.55623,,,,68de4da9-9e6d-46c6-87a7-927973b30abe,WBTC-USDC,0.05%,WBTC-USDC (0.05%)
2022-09-13T23:02:57.487Z,143691,6.22978,6.22978,,,,68de4da9-9e6d-46c6-87a7-927973b30abe,WBTC-USDC,0.05%,WBTC-USDC (0.05%)
2022-09-14T23:02:06.866Z,144171,4.82695,4.82695,,,,68de4da9-9e6d-46c6-87a7-927973b30abe,WBTC-USDC,0.05%,WBTC-USDC (0.05%)
2022-09-15T22:01:58.113Z,144177,122.1747,122.1747,,,,68de4da9-9e6d-46c6-87a7-927973b30abe,WBTC-USDC,0.05%,WBTC-USDC (0.05%)
2022-09-16T23:02:00.637Z,147910,2.10633,2.10633,,,,68de4da9-9e6d-46c6-87a7-927973b30abe,WBTC-USDC,0.05%,WBTC-USDC (0.05%)
2022-09-17T23:02:10.507Z,148682,4.28918,4.28918,,,,68de4da9-9e6d-46c6-87a7-927973b30abe,WBTC-USDC,0.05%,WBTC-USDC (0.05%)
2022-09-18T23:02:04.829Z,344876,27.57407,27.57407,,,,68de4da9-9e6d-46c6-87a7-927973b30abe,WBTC-USDC,0.05%,WBTC-USDC (0.05%)
2022-09-19T23:02:07.446Z,213297,421.2219,421.2219,,,,68de4da9-9e6d-46c6-87a7-927973b30abe,WBTC-USDC,0.05%,WBTC-USDC (0.05%)
2022-09-20T23:02:19.872Z,193351,6.34359,6.34359,,,,68de4da9-9e6d-46c6-87a7-927973b30abe,WBTC-USDC,0.05%,WBTC-USDC (0.05%)
2022-09-21T23:02:24.764Z,102049,35.24696,35.24696,,,,68de4da9-9e6d-46c6-87a7-927973b30abe,WBTC-USDC,0.05%,WBTC-USDC (0.05%)
2022-09-22T23:02:06.638Z,105939,12.96636,12.96636,,,,68de4da9-9e6d-46c6-87a7-927973b30abe,WBTC-USDC,0.05%,WBTC-USDC (0.05%)
2022-09-23T23:02:10.796Z,123769,26.88912,26.88912,,,,68de4da9-9e6d-46c6-87a7-927973b30abe,WBTC-USDC,0.05%,WBTC-USDC (0.05%)
2022-09-24T23:24:18.023Z,123253,7.08348,7.08348,,,,68de4da9-9e6d-46c6-87a7-927973b30abe,WBTC-USDC,0.05%,WBTC-USDC (0.05%)
2022-09-25T23:13:24.051Z,123295,6.58407,6.58407,,,,68de4da9-9e6d-46c6-87a7-927973b30abe,WBTC-USDC,0.05%,WBTC-USDC (0.05%)
2022-09-26T16:13:29.810Z,123531,6.82257,6.82257,,,,68de4da9-9e6d-46c6-87a7-927973b30abe,WBTC-USDC,0.05%,WBTC-USDC (0.05%)
2022-09-27T23:02:32.616Z,123672,9.4652,9.4652,,,,68de4da9-9e6d-46c6-87a7-927973b30abe,WBTC-USDC,0.05%,WBTC-USDC (0.05%)
2022-09-28T23:02:07.317Z,124626,54.19204,54.19204,,,,68de4da9-9e6d-46c6-87a7-927973b30abe,WBTC-USDC,0.05%,WBTC-USDC (0.05%)
2022-09-29T23:02:15.893Z,124831,1479.23127,1479.23127,,,,68de4da9-9e6d-46c6-87a7-927973b30abe,WBTC-USDC,0.05%,WBTC-USDC (0.05%)
2022-09-30T23:02:26.530Z,133887,9.0203,9.0203,,,,68de4da9-9e6d-46c6-87a7-927973b30abe,WBTC-USDC,0.05%,WBTC-USDC (0.05%)
2022-10-01T23:02:21.511Z,124510,47.16242,47.16242,,,,68de4da9-9e6d-46c6-87a7-927973b30abe,WBTC-USDC,0.05%,WBTC-USDC (0.05%)
2022-10-02T23:02:17.763Z,133139,15.52569,15.52569,,,,68de4da9-9e6d-46c6-87a7-927973b30abe,WBTC-USDC,0.05%,WBTC-USDC (0.05%)
2022-10-03T19:02:05.326Z,133827,7.02269,7.02269,,,,68de4da9-9e6d-46c6-87a7-927973b30abe,WBTC-USDC,0.05%,WBTC-USDC (0.05%)
2022-10-04T23:13:21.530Z,318594,54.7676,54.7676,,,,68de4da9-9e6d-46c6-87a7-927973b30abe,WBTC-USDC,0.05%,WBTC-USDC (0.05%)
2022-10-05T23:02:28.749Z,371954,62.93707,62.93707,,,,68de4da9-9e6d-46c6-87a7-927973b30abe,WBTC-USDC,0.05%,WBTC-USDC (0.05%)
2022-10-06T23:02:16.360Z,370207,55.12061,55.12061,,,,68de4da9-9e6d-46c6-87a7-927973b30abe,WBTC-USDC,0.05%,WBTC-USDC (0.05%)
2022-10-07T23:02:10.632Z,357850,31.02908,31.02908,,,,68de4da9-9e6d-46c6-87a7-927973b30abe,WBTC-USDC,0.05%,WBTC-USDC (0.05%)
2022-10-08T23:02:27.611Z,347757,18.25143,18.25143,,,,68de4da9-9e6d-46c6-87a7-927973b30abe,WBTC-USDC,0.05%,WBTC-USDC (0.05%)
2022-10-09T19:02:12.134Z,349794,13.90295,13.90295,,,,68de4da9-9e6d-46c6-87a7-927973b30abe,WBTC-USDC,0.05%,WBTC-USDC (0.05%)
2022-10-10T23:02:14.829Z,206006,1075.60382,1075.60382,,,,68de4da9-9e6d-46c6-87a7-927973b30abe,WBTC-USDC,0.05%,WBTC-USDC (0.05%)
2022-10-11T23:02:15.230Z,246577,28.30224,28.30224,,,,68de4da9-9e6d-46c6-87a7-927973b30abe,WBTC-USDC,0.05%,WBTC-USDC (0.05%)
2022-10-12T23:02:21.620Z,283060,6.93188,6.93188,,,,68de4da9-9e6d-46c6-87a7-927973b30abe,WBTC-USDC,0.05%,WBTC-USDC (0.05%)
2022-10-13T23:02:26.954Z,285604,54.21198,54.21198,,,,68de4da9-9e6d-46c6-87a7-927973b30abe,WBTC-USDC,0.05%,WBTC-USDC (0.05%)
2022-10-14T23:02:38.805Z,285540,34.42333,34.42333,,,,68de4da9-9e6d-46c6-87a7-927973b30abe,WBTC-USDC,0.05%,WBTC-USDC (0.05%)
2022-10-15T23:02:13.458Z,285508,32.16806,32.16806,,,,68de4da9-9e6d-46c6-87a7-927973b30abe,WBTC-USDC,0.05%,WBTC-USDC (0.05%)
2022-10-16T23:02:26.335Z,483103,44.82767,44.82767,,,,68de4da9-9e6d-46c6-87a7-927973b30abe,WBTC-USDC,0.05%,WBTC-USDC (0.05%)
2022-10-17T23:02:21.653Z,484372,13.80172,13.80172,,,,68de4da9-9e6d-46c6-87a7-927973b30abe,WBTC-USDC,0.05%,WBTC-USDC (0.05%)
2022-10-18T23:05:01.856Z,288106,19.44512,19.44512,,,,68de4da9-9e6d-46c6-87a7-927973b30abe,WBTC-USDC,0.05%,WBTC-USDC (0.05%)
2022-10-19T23:02:19.249Z,287440,21.68,21.68,,,,68de4da9-9e6d-46c6-87a7-927973b30abe,WBTC-USDC,0.05%,WBTC-USDC (0.05%)
2022-10-20T19:02:16.311Z,286728,31.7473,31.7473,,,,68de4da9-9e6d-46c6-87a7-927973b30abe,WBTC-USDC,0.05%,WBTC-USDC (0.05%)
2022-10-21T21:02:11.934Z,483765,9.51288,9.51288,,,,68de4da9-9e6d-46c6-87a7-927973b30abe,WBTC-USDC,0.05%,WBTC-USDC (0.05%)
2022-10-22T23:02:10.936Z,484475,13.17045,13.17045,,,,68de4da9-9e6d-46c6-87a7-927973b30abe,WBTC-USDC,0.05%,WBTC-USDC (0.05%)
2022-10-23T23:13:14.816Z,488997,16.03726,16.03726,,,,68de4da9-9e6d-46c6-87a7-927973b30abe,WBTC-USDC,0.05%,WBTC-USDC (0.05%)
2022-10-24T23:02:25.116Z,486270,12.00613,12.00613,,,,68de4da9-9e6d-46c6-87a7-927973b30abe,WBTC-USDC,0.05%,WBTC-USDC (0.05%)
2022-10-25T23:02:08.277Z,605757,27.14426,27.14426,,,,68de4da9-9e6d-46c6-87a7-927973b30abe,WBTC-USDC,0.05%,WBTC-USDC (0.05%)
2022-10-26T23:02:27.426Z,2950041,104.17188,104.17188,,,,68de4da9-9e6d-46c6-87a7-927973b30abe,WBTC-USDC,0.05%,WBTC-USDC (0.05%)
2022-10-27T23:02:07.014Z,3275326,183.88598,183.88598,,,,68de4da9-9e6d-46c6-87a7-927973b30abe,WBTC-USDC,0.05%,WBTC-USDC (0.05%)
2022-10-28T23:01:50.707Z,889689,48.69373,48.69373,,,,68de4da9-9e6d-46c6-87a7-927973b30abe,WBTC-USDC,0.05%,WBTC-USDC (0.05%)
2022-10-29T23:02:05.967Z,1027545,84.50976,84.50976,,,,68de4da9-9e6d-46c6-87a7-927973b30abe,WBTC-USDC,0.05%,WBTC-USDC (0.05%)
2022-10-30T23:02:00.229Z,1234911,88.72785,88.72785,,,,68de4da9-9e6d-46c6-87a7-927973b30abe,WBTC-USDC,0.05%,WBTC-USDC (0.05%)
2022-10-31T23:02:05.292Z,1260719,66.29042,66.29042,,,,68de4da9-9e6d-46c6-87a7-927973b30abe,WBTC-USDC,0.05%,WBTC-USDC (0.05%)
2022-11-01T23:02:00.634Z,1410187,96.96649,96.96649,,,,68de4da9-9e6d-46c6-87a7-927973b30abe,WBTC-USDC,0.05%,WBTC-USDC (0.05%)
2022-11-02T23:02:06.804Z,1664726,117.25904,117.25904,,,,68de4da9-9e6d-46c6-87a7-927973b30abe,WBTC-USDC,0.05%,WBTC-USDC (0.05%)
2022-11-03T23:13:05.495Z,1681408,85.1004,85.1004,,,,68de4da9-9e6d-46c6-87a7-927973b30abe,WBTC-USDC,0.05%,WBTC-USDC (0.05%)
2022-11-04T23:02:00.630Z,3037270,81.89416,81.89416,,,,68de4da9-9e6d-46c6-87a7-927973b30abe,WBTC-USDC,0.05%,WBTC-USDC (0.05%)
2022-11-05T15:13:09.838Z,2745010,70.60071,70.60071,,,,68de4da9-9e6d-46c6-87a7-927973b30abe,WBTC-USDC,0.05%,WBTC-USDC (0.05%)
2022-11-06T23:02:43.389Z,2781484,81.71566,81.71566,,,,68de4da9-9e6d-46c6-87a7-927973b30abe,WBTC-USDC,0.05%,WBTC-USDC (0.05%)
2022-11-07T23:02:02.207Z,1870396,124.76193,124.76193,,,,68de4da9-9e6d-46c6-87a7-927973b30abe,WBTC-USDC,0.05%,WBTC-USDC (0.05%)
2022-11-08T23:24:07.679Z,1479488,233.84298,233.84298,,,,68de4da9-9e6d-46c6-87a7-927973b30abe,WBTC-USDC,0.05%,WBTC-USDC (0.05%)
2022-11-09T23:02:04.557Z,1350668,147.92656,147.92656,,,,68de4da9-9e6d-46c6-87a7-927973b30abe,WBTC-USDC,0.05%,WBTC-USDC (0.05%)
2022-11-10T22:02:03.430Z,1135580,275.27895,275.27895,,,,68de4da9-9e6d-46c6-87a7-927973b30abe,WBTC-USDC,0.05%,WBTC-USDC (0.05%)
2022-11-11T23:02:08.327Z,1037678,216.14681,216.14681,,,,68de4da9-9e6d-46c6-87a7-927973b30abe,WBTC-USDC,0.05%,WBTC-USDC (0.05%)
2022-11-12T23:13:04.663Z,1277313,41.96358,41.96358,,,,68de4da9-9e6d-46c6-87a7-927973b30abe,WBTC-USDC,0.05%,WBTC-USDC (0.05%)
2022-11-13T23:13:06.636Z,1155058,71.23306,71.23306,,,,68de4da9-9e6d-46c6-87a7-927973b30abe,WBTC-USDC,0.05%,WBTC-USDC (0.05%)
2022-11-14T23:02:21.213Z,1604810,309.4384,309.4384,,,,68de4da9-9e6d-46c6-87a7-927973b30abe,WBTC-USDC,0.05%,WBTC-USDC (0.05%)
2022-11-15T23:02:22.525Z,1688772,78.9735,78.9735,,,,68de4da9-9e6d-46c6-87a7-927973b30abe,WBTC-USDC,0.05%,WBTC-USDC (0.05%)
2022-11-16T23:01:56.576Z,1794992,157.12306,157.12306,,,,68de4da9-9e6d-46c6-87a7-927973b30abe,WBTC-USDC,0.05%,WBTC-USDC (0.05%)
2022-11-17T23:02:29.608Z,2698754,177.03034,177.03034,,,,68de4da9-9e6d-46c6-87a7-927973b30abe,WBTC-USDC,0.05%,WBTC-USDC (0.05%)
2022-11-18T23:01:53.087Z,2307099,96.68631,96.68631,,,,68de4da9-9e6d-46c6-87a7-927973b30abe,WBTC-USDC,0.05%,WBTC-USDC (0.05%)
2022-11-19T23:01:56.046Z,2369572,16.94411,16.94411,,,,68de4da9-9e6d-46c6-87a7-927973b30abe,WBTC-USDC,0.05%,WBTC-USDC (0.05%)
2022-11-20T23:02:06.966Z,2311843,61.83339,61.83339,,,,68de4da9-9e6d-46c6-87a7-927973b30abe,WBTC-USDC,0.05%,WBTC-USDC (0.05%)
2022-11-21T23:02:14.723Z,2211307,104.97901,104.97901,,,,68de4da9-9e6d-46c6-87a7-927973b30abe,WBTC-USDC,0.05%,WBTC-USDC (0.05%)
2022-11-22T23:24:40.273Z,3202594,50.40158,50.40158,,-0.16495,,68de4da9-9e6d-46c6-87a7-927973b30abe,WBTC-USDC,0.05%,WBTC-USDC (0.05%)
2022-11-23T23:02:34.126Z,3224517,65.63099,65.63099,,-0.00646,,68de4da9-9e6d-46c6-87a7-927973b30abe,WBTC-USDC,0.05%,WBTC-USDC (0.05%)
2022-11-24T23:02:45.154Z,3252485,82.28198,82.28198,,-0.00243,,68de4da9-9e6d-46c6-87a7-927973b30abe,WBTC-USDC,0.05%,WBTC-USDC (0.05%)
2022-11-25T23:02:38.707Z,3267214,104.66183,104.66183,,-0.03203,,68de4da9-9e6d-46c6-87a7-927973b30abe,WBTC-USDC,0.05%,WBTC-USDC (0.05%)
2022-11-26T11:02:14.981Z,2983150,154.56518,154.56518,,-5e-05,,68de4da9-9e6d-46c6-87a7-927973b30abe,WBTC-USDC,0.05%,WBTC-USDC (0.05%)
2022-11-27T23:02:34.613Z,2996710,27.3618,27.3618,,-0.02865,,68de4da9-9e6d-46c6-87a7-927973b30abe,WBTC-USDC,0.05%,WBTC-USDC (0.05%)
2022-11-28T23:04:51.630Z,2997937,70.91147,70.91147,,-0.092,29.38737,68de4da9-9e6d-46c6-87a7-927973b30abe,WBTC-USDC,0.05%,WBTC-USDC (0.05%)
2022-11-29T23:04:57.693Z,3397926,32.93109,32.93109,,-0.03724,23.45772,68de4da9-9e6d-46c6-87a7-927973b30abe,WBTC-USDC,0.05%,WBTC-USDC (0.05%)
2022-11-30T23:05:08.893Z,2088421,119.16267,119.16267,,-0.16781,87.4576,68de4da9-9e6d-46c6-87a7-927973b30abe,WBTC-USDC,0.05%,WBTC-USDC (0.05%)
2022-12-01T23:05:04.849Z,2432216,43.10731,43.10731,,-0.05671,30.8866,68de4da9-9e6d-46c6-87a7-927973b30abe,WBTC-USDC,0.05%,WBTC-USDC (0.05%)
2022-12-02T23:04:46.776Z,2395094,34.05554,34.05554,,-0.17871,53.24029,68de4da9-9e6d-46c6-87a7-927973b30abe,WBTC-USDC,0.05%,WBTC-USDC (0.05%)
2022-12-03T23:05:08.753Z,2509370,27.1957,27.1957,,-0.07956,15.87466,68de4da9-9e6d-46c6-87a7-927973b30abe,WBTC-USDC,0.05%,WBTC-USDC (0.05%)
2022-12-04T23:04:55.480Z,2645833,13.02293,13.02293,,-0.09768,39.38875,68de4da9-9e6d-46c6-87a7-927973b30abe,WBTC-USDC,0.05%,WBTC-USDC (0.05%)
2022-12-05T23:15:50.865Z,2595047,51.36202,51.36202,,-0.20591,21.15275,68de4da9-9e6d-46c6-87a7-927973b30abe,WBTC-USDC,0.05%,WBTC-USDC (0.05%)
2022-12-06T23:05:04.784Z,2585546,19.1991,19.1991,,-0.09247,19.47925,68de4da9-9e6d-46c6-87a7-927973b30abe,WBTC-USDC,0.05%,WBTC-USDC (0.05%)
2022-12-07T23:16:06.577Z,2743798,13.30496,13.30496,,-0.02901,8.58914,68de4da9-9e6d-46c6-87a7-927973b30abe,WBTC-USDC,0.05%,WBTC-USDC (0.05%)
2022-12-08T23:05:00.093Z,2778904,72.87674,72.87674,,-0.02073,12.57242,68de4da9-9e6d-46c6-87a7-927973b30abe,WBTC-USDC,0.05%,WBTC-USDC (0.05%)
2022-12-09T23:16:20.649Z,3550535,23.28282,23.28282,,-0.00302,7.9125,68de4da9-9e6d-46c6-87a7-927973b30abe,WBTC-USDC,0.05%,WBTC-USDC (0.05%)
2022-12-10T23:04:49.806Z,3954959,4.19395,4.19395,,-0.02633,6.19328,68de4da9-9e6d-46c6-87a7-927973b30abe,WBTC-USDC,0.05%,WBTC-USDC (0.05%)
2022-12-11T23:05:07.608Z,3948597,28.14795,28.14795,,-0.00182,7.00981,68de4da9-9e6d-46c6-87a7-927973b30abe,WBTC-USDC,0.05%,WBTC-USDC (0.05%)
2022-12-12T23:05:00.355Z,3807710,19.79207,19.79207,,-0.0067,7.60153,68de4da9-9e6d-46c6-87a7-927973b30abe,WBTC-USDC,0.05%,WBTC-USDC (0.05%)
2022-12-13T23:04:51.166Z,3795717,50.45931,50.45931,,-0.16648,20.84255,68de4da9-9e6d-46c6-87a7-927973b30abe,WBTC-USDC,0.05%,WBTC-USDC (0.05%)
2022-12-14T23:09:00.172Z,3952367,19.79465,19.79465,,-0.26697,19.52637,68de4da9-9e6d-46c6-87a7-927973b30abe,WBTC-USDC,0.05%,WBTC-USDC (0.05%)
2022-12-15T23:05:07.194Z,4029108,61.09832,61.09832,,-0.00357,10.3674,68de4da9-9e6d-46c6-87a7-927973b30abe,WBTC-USDC,0.05%,WBTC-USDC (0.05%)
2022-12-16T23:05:12.116Z,3161027,47.04003,47.04003,,-0.05358,13.2789,68de4da9-9e6d-46c6-87a7-927973b30abe,WBTC-USDC,0.05%,WBTC-USDC (0.05%)
2022-12-17T23:05:01.543Z,3103244,90.78693,90.78693,,-0.05361,16.21235,68de4da9-9e6d-46c6-87a7-927973b30abe,WBTC-USDC,0.05%,WBTC-USDC (0.05%)
2022-12-18T23:06:08.594Z,2891366,39.74565,39.74565,,-0.03789,16.94884,68de4da9-9e6d-46c6-87a7-927973b30abe,WBTC-USDC,0.05%,WBTC-USDC (0.05%)
2022-12-19T23:05:07.630Z,2648215,36.65382,36.65382,,-0.17784,24.12638,68de4da9-9e6d-46c6-87a7-927973b30abe,WBTC-USDC,0.05%,WBTC-USDC (0.05%)
2022-12-20T23:05:50.763Z,3341101,40.48242,40.48242,,-0.22112,15.40466,68de4da9-9e6d-46c6-87a7-927973b30abe,WBTC-USDC,0.05%,WBTC-USDC (0.05%)
2022-12-21T23:05:06.261Z,3450058,28.61071,28.61071,,-0.33695,15.44633,68de4da9-9e6d-46c6-87a7-927973b30abe,WBTC-USDC,0.05%,WBTC-USDC (0.05%)
2022-12-22T23:05:14.883Z,3300065,34.44871,34.44871,,-0.08458,18.15869,68de4da9-9e6d-46c6-87a7-927973b30abe,WBTC-USDC,0.05%,WBTC-USDC (0.05%)
2022-12-23T23:05:09.138Z,3446374,16.21861,16.21861,,-0.00112,15.328,68de4da9-9e6d-46c6-87a7-927973b30abe,WBTC-USDC,0.05%,WBTC-USDC (0.05%)
2022-12-24T23:05:13.796Z,3636916,3.55879,3.55879,,-0.00128,8.17484,68de4da9-9e6d-46c6-87a7-927973b30abe,WBTC-USDC,0.05%,WBTC-USDC (0.05%)
2022-12-25T23:09:04.099Z,3498798,7.38025,7.38025,,-0.00034,7.22162,68de4da9-9e6d-46c6-87a7-927973b30abe,WBTC-USDC,0.05%,WBTC-USDC (0.05%)
2022-12-26T23:05:12.898Z,3505095,14.55794,14.55794,,-0.07653,6.59225,68de4da9-9e6d-46c6-87a7-927973b30abe,WBTC-USDC,0.05%,WBTC-USDC (0.05%)
2022-12-27T23:05:01.263Z,3469275,69.34561,69.34561,,-0.01788,10.65884,68de4da9-9e6d-46c6-87a7-927973b30abe,WBTC-USDC,0.05%,WBTC-USDC (0.05%)
2022-12-28T23:05:01.495Z,3467479,15.10993,15.10993,,-0.02397,9.85427,68de4da9-9e6d-46c6-87a7-927973b30abe,WBTC-USDC,0.05%,WBTC-USDC (0.05%)
2022-12-29T23:04:58.222Z,3510377,14.12943,14.12943,,-0.01536,8.5216,68de4da9-9e6d-46c6-87a7-927973b30abe,WBTC-USDC,0.05%,WBTC-USDC (0.05%)
2022-12-30T23:16:37.153Z,3488968,8.68708,8.68708,,-0.01393,8.17843,68de4da9-9e6d-46c6-87a7-927973b30abe,WBTC-USDC,0.05%,WBTC-USDC (0.05%)
2022-12-31T23:05:17.293Z,3468312,16.11289,16.11289,,-0.03482,8.98651,68de4da9-9e6d-46c6-87a7-927973b30abe,WBTC-USDC,0.05%,WBTC-USDC (0.05%)
2023-01-01T23:05:42.031Z,3675707,17.52062,17.52062,,-0.01579,9.62611,68de4da9-9e6d-46c6-87a7-927973b30abe,WBTC-USDC,0.05%,WBTC-USDC (0.05%)
2023-01-02T23:06:40.253Z,3754817,37.48482,37.48482,,-0.01193,8.62049,68de4da9-9e6d-46c6-87a7-927973b30abe,WBTC-USDC,0.05%,WBTC-USDC (0.05%)
2023-01-03T23:05:37.147Z,4000668,8.28885,8.28885,,-3e-05,7.27382,68de4da9-9e6d-46c6-87a7-927973b30abe,WBTC-USDC,0.05%,WBTC-USDC (0.05%)
2023-01-04T23:05:22.657Z,3768959,37.2337,37.2337,,-0.04437,6.19469,68de4da9-9e6d-46c6-87a7-927973b30abe,WBTC-USDC,0.05%,WBTC-USDC (0.05%)
2023-01-05T23:10:36.731Z,3665271,13.18375,13.18375,,-0.01903,6.26315,68de4da9-9e6d-46c6-87a7-927973b30abe,WBTC-USDC,0.05%,WBTC-USDC (0.05%)
2023-01-06T23:06:17.724Z,3833377,20.58361,20.58361,,-0.04826,6.77965,68de4da9-9e6d-46c6-87a7-927973b30abe,WBTC-USDC,0.05%,WBTC-USDC (0.05%)
2023-01-07T23:05:35.950Z,3655542,7.45766,7.45766,,-0.06886,8.728,68de4da9-9e6d-46c6-87a7-927973b30abe,WBTC-USDC,0.05%,WBTC-USDC (0.05%)
2023-01-08T23:05:54.077Z,3509712,4.4435,4.4435,,-0.05263,7.9202,68de4da9-9e6d-46c6-87a7-927973b30abe,WBTC-USDC,0.05%,WBTC-USDC (0.05%)
2023-01-09T23:06:01.547Z,3737296,32.92676,32.92676,,-0.09555,6.81546,68de4da9-9e6d-46c6-87a7-927973b30abe,WBTC-USDC,0.05%,WBTC-USDC (0.05%)
2023-01-10T23:07:16.956Z,3734596,22.10151,22.10151,,-0.16368,7.9438,68de4da9-9e6d-46c6-87a7-927973b30abe,WBTC-USDC,0.05%,WBTC-USDC (0.05%)
2023-01-11T23:09:05.652Z,3807960,42.23199,42.23199,,-0.15942,8.2338,68de4da9-9e6d-46c6-87a7-927973b30abe,WBTC-USDC,0.05%,WBTC-USDC (0.05%)
2023-01-12T23:05:38.138Z,3648456,52.03339,52.03339,,-1.10958,24.24991,68de4da9-9e6d-46c6-87a7-927973b30abe,WBTC-USDC,0.05%,WBTC-USDC (0.05%)
2023-01-13T23:06:07.937Z,3556412,11.44298,11.44298,,-2.13909,29.07346,68de4da9-9e6d-46c6-87a7-927973b30abe,WBTC-USDC,0.05%,WBTC-USDC (0.05%)
2023-01-14T23:17:01.679Z,2501269,41.48665,41.48665,,-4.04995,56.73864,68de4da9-9e6d-46c6-87a7-927973b30abe,WBTC-USDC,0.05%,WBTC-USDC (0.05%)
2023-01-15T23:06:05.986Z,2472724,12.0207,12.0207,,-3.90313,47.10112,68de4da9-9e6d-46c6-87a7-927973b30abe,WBTC-USDC,0.05%,WBTC-USDC (0.05%)
2023-01-16T23:05:59.711Z,2442514,26.65032,26.65032,,-3.69415,53.02432,68de4da9-9e6d-46c6-87a7-927973b30abe,WBTC-USDC,0.05%,WBTC-USDC (0.05%)
2023-01-17T23:06:07.216Z,2612547,15.10878,15.10878,,-3.45756,48.2545,68de4da9-9e6d-46c6-87a7-927973b30abe,WBTC-USDC,0.05%,WBTC-USDC (0.05%)
2023-01-18T23:06:07.350Z,2505747,30.75681,30.75681,,-2.42804,34.45899,68de4da9-9e6d-46c6-87a7-927973b30abe,WBTC-USDC,0.05%,WBTC-USDC (0.05%)
2023-01-19T23:10:16.130Z,2542475,35.16424,35.16424,,-1.01739,10.98585,68de4da9-9e6d-46c6-87a7-927973b30abe,WBTC-USDC,0.05%,WBTC-USDC (0.05%)
2023-01-20T23:05:54.190Z,2175185,47.3927,47.3927,,-1.49792,57.77728,68de4da9-9e6d-46c6-87a7-927973b30abe,WBTC-USDC,0.05%,WBTC-USDC (0.05%)
2023-01-21T23:06:03.785Z,2860740,30.68825,30.68825,,-0.78913,18.05808,68de4da9-9e6d-46c6-87a7-927973b30abe,WBTC-USDC,0.05%,WBTC-USDC (0.05%)
2023-01-22T23:06:11.011Z,2825781,24.43053,24.43053,,-0.53869,19.65055,68de4da9-9e6d-46c6-87a7-927973b30abe,WBTC-USDC,0.05%,WBTC-USDC (0.05%)
2023-01-23T23:09:28.513Z,2940196,23.27927,23.27927,,-0.53909,19.10236,68de4da9-9e6d-46c6-87a7-927973b30abe,WBTC-USDC,0.05%,WBTC-USDC (0.05%)
2023-01-24T23:06:23.031Z,2093852,259.09154,259.09154,,-0.40279,75.55685,68de4da9-9e6d-46c6-87a7-927973b30abe,WBTC-USDC,0.05%,WBTC-USDC (0.05%)
2023-01-25T23:05:49.853Z,2050131,30.14452,30.14452,,-0.77283,68.39428,68de4da9-9e6d-46c6-87a7-927973b30abe,WBTC-USDC,0.05%,WBTC-USDC (0.05%)
2023-01-26T23:17:09.422Z,2071648,18.89785,18.89785,,-0.74121,64.91465,68de4da9-9e6d-46c6-87a7-927973b30abe,WBTC-USDC,0.05%,WBTC-USDC (0.05%)
2023-01-27T16:07:21.828Z,2066763,16.52818,16.52818,,-0.57761,63.48119,68de4da9-9e6d-46c6-87a7-927973b30abe,WBTC-USDC,0.05%,WBTC-USDC (0.05%)
2023-01-28T23:09:18.944Z,2083205,5.97662,5.97662,,-0.00098,55.84409,68de4da9-9e6d-46c6-87a7-927973b30abe,WBTC-USDC,0.05%,WBTC-USDC (0.05%)
2023-01-29T23:09:44.682Z,2092163,26.59791,26.59791,,-0.23021,77.66456,68de4da9-9e6d-46c6-87a7-927973b30abe,WBTC-USDC,0.05%,WBTC-USDC (0.05%)
2023-01-30T23:09:28.452Z,2053246,26.50469,26.50469,,-0.00884,94.55472,68de4da9-9e6d-46c6-87a7-927973b30abe,WBTC-USDC,0.05%,WBTC-USDC (0.05%)
2023-01-31T23:05:57.810Z,2037443,12.4762,12.4762,,-0.02381,28.4373,68de4da9-9e6d-46c6-87a7-927973b30abe,WBTC-USDC,0.05%,WBTC-USDC (0.05%)
2023-02-01T23:31:40.348Z,2040526,22.56284,22.56284,,-0.07459,26.65591,68de4da9-9e6d-46c6-87a7-927973b30abe,WBTC-USDC,0.05%,WBTC-USDC (0.05%)
2023-02-02T23:06:01.815Z,2045938,15.49303,15.49303,,-0.05315,35.22163,68de4da9-9e6d-46c6-87a7-927973b30abe,WBTC-USDC,0.05%,WBTC-USDC (0.05%)
2023-02-03T23:05:54.570Z,1721521,7.06388,7.06388,,-0.04907,6.65778,68de4da9-9e6d-46c6-87a7-927973b30abe,WBTC-USDC,0.05%,WBTC-USDC (0.05%)
2023-02-04T23:06:15.217Z,1722707,30.71282,30.71282,,-0.03027,7.7989,68de4da9-9e6d-46c6-87a7-927973b30abe,WBTC-USDC,0.05%,WBTC-USDC (0.05%)
2023-02-05T23:05:54.916Z,1510960,14.73706,14.73706,,-0.10583,29.22285,68de4da9-9e6d-46c6-87a7-927973b30abe,WBTC-USDC,0.05%,WBTC-USDC (0.05%)
2023-02-06T23:06:43.580Z,1514710,8.867,8.867,,-0.00382,23.11088,68de4da9-9e6d-46c6-87a7-927973b30abe,WBTC-USDC,0.05%,WBTC-USDC (0.05%)
2023-02-07T23:06:13.933Z,1408731,24.94049,24.94049,,-0.00129,29.17805,68de4da9-9e6d-46c6-87a7-927973b30abe,WBTC-USDC,0.05%,WBTC-USDC (0.05%)
2023-02-08T23:06:13.658Z,1395673,11.01546,11.01546,,-0.08827,23.29049,68de4da9-9e6d-46c6-87a7-927973b30abe,WBTC-USDC,0.05%,WBTC-USDC (0.05%)
2023-02-09T14:11:17.915Z,1392721,11.90733,11.90733,,-0.17032,21.18673,68de4da9-9e6d-46c6-87a7-927973b30abe,WBTC-USDC,0.05%,WBTC-USDC (0.05%)
2023-02-10T14:10:16.126Z,1365052,21.04202,21.04202,,-0.39037,15.80917,68de4da9-9e6d-46c6-87a7-927973b30abe,WBTC-USDC,0.05%,WBTC-USDC (0.05%)
2023-02-12T11:06:21.717Z,1374372,3.07573,3.07573,,-0.38356,12.70993,68de4da9-9e6d-46c6-87a7-927973b30abe,WBTC-USDC,0.05%,WBTC-USDC (0.05%)
2023-02-13T23:09:38.006Z,1368337,19.32763,19.32763,,-0.21998,13.36681,68de4da9-9e6d-46c6-87a7-927973b30abe,WBTC-USDC,0.05%,WBTC-USDC (0.05%)
2023-02-14T23:06:04.138Z,1376177,19.85208,19.85208,,-0.14744,21.54625,68de4da9-9e6d-46c6-87a7-927973b30abe,WBTC-USDC,0.05%,WBTC-USDC (0.05%)
2023-02-15T19:06:46.608Z,1381096,13.27224,13.27224,,-0.0063,22.27302,68de4da9-9e6d-46c6-87a7-927973b30abe,WBTC-USDC,0.05%,WBTC-USDC (0.05%)
2023-02-16T23:06:02.321Z,1388004,17.73136,17.73136,,-0.84299,25.34319,68de4da9-9e6d-46c6-87a7-927973b30abe,WBTC-USDC,0.05%,WBTC-USDC (0.05%)
2023-02-17T23:27:57.148Z,1360818,9.91583,9.91583,,-1.5139,24.3219,68de4da9-9e6d-46c6-87a7-927973b30abe,WBTC-USDC,0.05%,WBTC-USDC (0.05%)
2023-02-18T23:05:57.497Z,1358695,3.84582,3.84582,,-1.2558,23.23245,68de4da9-9e6d-46c6-87a7-927973b30abe,WBTC-USDC,0.05%,WBTC-USDC (0.05%)
2023-02-19T23:06:12.667Z,1359726,9.92698,9.92698,,-1.22447,22.86557,68de4da9-9e6d-46c6-87a7-927973b30abe,WBTC-USDC,0.05%,WBTC-USDC (0.05%)
2023-02-20T23:05:50.143Z,1357495,7.9946,7.9946,,-1.48397,20.05557,68de4da9-9e6d-46c6-87a7-927973b30abe,WBTC-USDC,0.05%,WBTC-USDC (0.05%)
2023-02-21T23:05:49.570Z,1335234,22.00869,22.00869,,-0.76196,20.80471,68de4da9-9e6d-46c6-87a7-927973b30abe,WBTC-USDC,0.05%,WBTC-USDC (0.05%)
2023-02-22T23:06:00.459Z,1334418,18.53649,18.53649,,-0.00381,20.65407,68de4da9-9e6d-46c6-87a7-927973b30abe,WBTC-USDC,0.05%,WBTC-USDC (0.05%)
2023-02-23T23:04:34.271Z,1329944,19.33184,19.33184,,-0.0042,20.42944,68de4da9-9e6d-46c6-87a7-927973b30abe,WBTC-USDC,0.05%,WBTC-USDC (0.05%)
2023-02-24T23:06:07.558Z,1225400,12.42333,12.42333,,-0.37478,23.41942,68de4da9-9e6d-46c6-87a7-927973b30abe,WBTC-USDC,0.05%,WBTC-USDC (0.05%)
2023-02-25T23:05:56.143Z,1224207,11.94353,11.94353,,-0.31165,25.21025,68de4da9-9e6d-46c6-87a7-927973b30abe,WBTC-USDC,0.05%,WBTC-USDC (0.05%)
2023-02-26T23:20:40.851Z,1226756,7.47978,7.47978,,-0.13507,23.80665,68de4da9-9e6d-46c6-87a7-927973b30abe,WBTC-USDC,0.05%,WBTC-USDC (0.05%)
2023-02-27T23:06:37.404Z,1238251,9.16483,9.16483,,-0.21258,23.65965,68de4da9-9e6d-46c6-87a7-927973b30abe,WBTC-USDC,0.05%,WBTC-USDC (0.05%)
2023-02-28T23:10:21.882Z,1230774,2.39725,2.39725,,-0.20699,19.01556,68de4da9-9e6d-46c6-87a7-927973b30abe,WBTC-USDC,0.05%,WBTC-USDC (0.05%)
2023-03-01T23:09:54.762Z,1234266,16.51348,16.51348,,-0.05818,18.10596,68de4da9-9e6d-46c6-87a7-927973b30abe,WBTC-USDC,0.05%,WBTC-USDC (0.05%)
2023-03-02T22:06:17.706Z,1235626,23.9817,23.9817,,-0.03566,18.81209,68de4da9-9e6d-46c6-87a7-927973b30abe,WBTC-USDC,0.05%,WBTC-USDC (0.05%)
2023-03-03T23:06:28.416Z,1224475,18.85394,18.85394,,-0.10475,19.1312,68de4da9-9e6d-46c6-87a7-927973b30abe,WBTC-USDC,0.05%,WBTC-USDC (0.05%)
2023-03-04T23:17:35.569Z,1224056,1.99103,1.99103,,-0.11264,17.02551,68de4da9-9e6d-46c6-87a7-927973b30abe,WBTC-USDC,0.05%,WBTC-USDC (0.05%)
2023-03-05T23:06:43.076Z,1229371,3.2191,3.2191,,-0.17862,11.9061,68de4da9-9e6d-46c6-87a7-927973b30abe,WBTC-USDC,0.05%,WBTC-USDC (0.05%)
2023-03-06T23:06:08.721Z,1228909,14.07644,14.07644,,-0.16863,12.66879,68de4da9-9e6d-46c6-87a7-927973b30abe,WBTC-USDC,0.05%,WBTC-USDC (0.05%)
2023-03-07T23:06:08.627Z,1224167,6.60799,6.60799,,-0.20007,13.41928,68de4da9-9e6d-46c6-87a7-927973b30abe,WBTC-USDC,0.05%,WBTC-USDC (0.05%)
2023-03-08T23:06:10.618Z,1227753,4.49015,4.49015,,-0.43084,8.43457,68de4da9-9e6d-46c6-87a7-927973b30abe,WBTC-USDC,0.05%,WBTC-USDC (0.05%)
2023-03-09T23:09:51.760Z,1188746,50.50141,50.50141,,-1.8038,8.37591,68de4da9-9e6d-46c6-87a7-927973b30abe,WBTC-USDC,0.05%,WBTC-USDC (0.05%)
2023-03-10T23:06:09.078Z,1184928,108.02233,108.02233,,-0.79158,15.77544,68de4da9-9e6d-46c6-87a7-927973b30abe,WBTC-USDC,0.05%,WBTC-USDC (0.05%)
2023-03-11T23:06:20.635Z,764973,275.12233,275.12233,,-0.14043,84.35576,68de4da9-9e6d-46c6-87a7-927973b30abe,WBTC-USDC,0.05%,WBTC-USDC (0.05%)
2023-03-12T23:06:15.816Z,836480,120.15337,120.15337,,-0.01153,93.97272,68de4da9-9e6d-46c6-87a7-927973b30abe,WBTC-USDC,0.05%,WBTC-USDC (0.05%)
2023-03-13T23:10:31.378Z,900427,91.49521,91.49521,,-0.53789,97.23561,68de4da9-9e6d-46c6-87a7-927973b30abe,WBTC-USDC,0.05%,WBTC-USDC (0.05%)
2023-03-14T23:17:34.081Z,864871,79.85508,79.85508,,-1.15637,114.41232,68de4da9-9e6d-46c6-87a7-927973b30abe,WBTC-USDC,0.05%,WBTC-USDC (0.05%)
2023-03-15T23:06:02.193Z,804258,47.13961,47.13961,,-1.12097,120.19934,68de4da9-9e6d-46c6-87a7-927973b30abe,WBTC-USDC,0.05%,WBTC-USDC (0.05%)
2023-03-16T23:17:25.736Z,831244,34.5358,34.5358,,-3.76705,83.98827,68de4da9-9e6d-46c6-87a7-927973b30abe,WBTC-USDC,0.05%,WBTC-USDC (0.05%)
2023-03-17T23:06:29.295Z,850962,38.86587,38.86587,,-8.46156,134.48936,68de4da9-9e6d-46c6-87a7-927973b30abe,WBTC-USDC,0.05%,WBTC-USDC (0.05%)
2023-03-18T23:09:52.548Z,819697,26.44719,26.44719,,-4.70174,73.68024,68de4da9-9e6d-46c6-87a7-927973b30abe,WBTC-USDC,0.05%,WBTC-USDC (0.05%)
2023-03-19T23:06:53.982Z,844435,28.16196,28.16196,,-5.22182,58.02221,68de4da9-9e6d-46c6-87a7-927973b30abe,WBTC-USDC,0.05%,WBTC-USDC (0.05%)
2023-03-20T23:06:14.991Z,1002069,37.92922,37.92922,,-1.88679,30.13617,68de4da9-9e6d-46c6-87a7-927973b30abe,WBTC-USDC,0.05%,WBTC-USDC (0.05%)
2023-03-21T23:06:16.331Z,975009,46.71594,46.71594,,-1.29973,21.81866,68de4da9-9e6d-46c6-87a7-927973b30abe,WBTC-USDC,0.05%,WBTC-USDC (0.05%)
2023-03-22T23:06:10.896Z,1135602,61.69713,61.69713,,-1.11813,26.37991,68de4da9-9e6d-46c6-87a7-927973b30abe,WBTC-USDC,0.05%,WBTC-USDC (0.05%)
2023-03-23T23:06:41.461Z,1150460,55.47473,55.47473,,-1.3958,21.2633,68de4da9-9e6d-46c6-87a7-927973b30abe,WBTC-USDC,0.05%,WBTC-USDC (0.05%)
2023-03-24T23:17:18.093Z,1150916,31.88073,31.88073,,-0.00237,29.13359,68de4da9-9e6d-46c6-87a7-927973b30abe,WBTC-USDC,0.05%,WBTC-USDC (0.05%)
2023-03-25T23:06:35.794Z,1159616,17.31878,17.31878,,-0.02623,23.01434,68de4da9-9e6d-46c6-87a7-927973b30abe,WBTC-USDC,0.05%,WBTC-USDC (0.05%)
2023-03-26T23:06:17.521Z,1155086,17.16885,17.16885,,-0.00315,22.70011,68de4da9-9e6d-46c6-87a7-927973b30abe,WBTC-USDC,0.05%,WBTC-USDC (0.05%)
2023-03-27T23:18:01.485Z,1180520,38.70776,38.70776,,-0.00432,23.05429,68de4da9-9e6d-46c6-87a7-927973b30abe,WBTC-USDC,0.05%,WBTC-USDC (0.05%)
2023-03-28T23:10:20.994Z,1183327,25.01581,25.01581,,-0.07569,22.03635,68de4da9-9e6d-46c6-87a7-927973b30abe,WBTC-USDC,0.05%,WBTC-USDC (0.05%)
2023-03-29T23:06:33.239Z,1189542,46.00405,46.00405,,-0.13852,17.91064,68de4da9-9e6d-46c6-87a7-927973b30abe,WBTC-USDC,0.05%,WBTC-USDC (0.05%)
2023-03-30T23:28:27.357Z,1223101,36.26125,36.26125,,-0.02866,18.32586,68de4da9-9e6d-46c6-87a7-927973b30abe,WBTC-USDC,0.05%,WBTC-USDC (0.05%)
2023-03-31T22:07:01.089Z,1229944,65.58121,65.58121,,-0.15545,20.67641,68de4da9-9e6d-46c6-87a7-927973b30abe,WBTC-USDC,0.05%,WBTC-USDC (0.05%)
2023-04-01T23:06:17.502Z,1233837,24.07257,24.07257,,-0.12961,21.29062,68de4da9-9e6d-46c6-87a7-927973b30abe,WBTC-USDC,0.05%,WBTC-USDC (0.05%)
2023-04-02T23:06:12.770Z,1228323,11.90151,11.90151,,-0.00013,18.14031,68de4da9-9e6d-46c6-87a7-927973b30abe,WBTC-USDC,0.05%,WBTC-USDC (0.05%)
2023-04-03T23:17:37.535Z,1228156,21.64515,21.64515,,-0.06017,16.99532,68de4da9-9e6d-46c6-87a7-927973b30abe,WBTC-USDC,0.05%,WBTC-USDC (0.05%)
2023-04-04T23:06:38.555Z,1102674,18.25411,18.25411,,-0.1036,22.57322,68de4da9-9e6d-46c6-87a7-927973b30abe,WBTC-USDC,0.05%,WBTC-USDC (0.05%)
2023-04-05T23:10:49.151Z,1103411,17.02,17.02,,-0.0048,19.56026,68de4da9-9e6d-46c6-87a7-927973b30abe,WBTC-USDC,0.05%,WBTC-USDC (0.05%)
2023-04-06T23:06:21.941Z,1104647,12.59333,12.59333,,-0.00134,14.14206,68de4da9-9e6d-46c6-87a7-927973b30abe,WBTC-USDC,0.05%,WBTC-USDC (0.05%)
2023-04-07T23:17:03.409Z,1104286,6.48561,6.48561,,-0.03628,9.07512,68de4da9-9e6d-46c6-87a7-927973b30abe,WBTC-USDC,0.05%,WBTC-USDC (0.05%)
2023-04-08T23:09:50.983Z,1176553,6.10603,6.10603,,-0.04391,6.99549,68de4da9-9e6d-46c6-87a7-927973b30abe,WBTC-USDC,0.05%,WBTC-USDC (0.05%)
2023-04-09T23:07:15.858Z,1182010,12.96732,12.96732,,-0.0155,7.94719,68de4da9-9e6d-46c6-87a7-927973b30abe,WBTC-USDC,0.05%,WBTC-USDC (0.05%)
2023-04-10T23:28:42.570Z,1145586,11.88407,11.88407,,-0.32047,8.42368,68de4da9-9e6d-46c6-87a7-927973b30abe,WBTC-USDC,0.05%,WBTC-USDC (0.05%)
2023-04-11T23:06:25.098Z,1200202,20.84865,20.84865,,-0.43785,6.83638,68de4da9-9e6d-46c6-87a7-927973b30abe,WBTC-USDC,0.05%,WBTC-USDC (0.05%)
2023-04-12T23:17:17.504Z,1196727,20.79211,20.79211,,-0.29441,7.29993,68de4da9-9e6d-46c6-87a7-927973b30abe,WBTC-USDC,0.05%,WBTC-USDC (0.05%)
2023-04-13T23:06:32.819Z,1253724,20.05556,20.05556,,-0.56282,3.48423,68de4da9-9e6d-46c6-87a7-927973b30abe,WBTC-USDC,0.05%,WBTC-USDC (0.05%)
2023-04-14T23:06:39.213Z,1301947,40.563,40.563,,-0.65503,9.58182,68de4da9-9e6d-46c6-87a7-927973b30abe,WBTC-USDC,0.05%,WBTC-USDC (0.05%)
2023-04-15T22:06:08.680Z,1289084,12.68964,12.68964,,-0.58376,10.13926,68de4da9-9e6d-46c6-87a7-927973b30abe,WBTC-USDC,0.05%,WBTC-USDC (0.05%)
2023-04-16T22:06:45.309Z,21875665,6.42429,6.42429,,-0.39874,1.44522,68de4da9-9e6d-46c6-87a7-927973b30abe,WBTC-USDC,0.05%,WBTC-USDC (0.05%)
2023-04-17T23:06:47.193Z,21368663,2.05023,2.05023,,-1e-05,1.57083,68de4da9-9e6d-46c6-87a7-927973b30abe,WBTC-USDC,0.05%,WBTC-USDC (0.05%)
2023-04-18T23:17:49.428Z,21902745,7.74414,7.74414,,-0.00159,2.21095,68de4da9-9e6d-46c6-87a7-927973b30abe,WBTC-USDC,0.05%,WBTC-USDC (0.05%)
2023-04-19T23:06:28.861Z,21016080,6.24624,6.24624,,-0.07472,30.96136,68de4da9-9e6d-46c6-87a7-927973b30abe,WBTC-USDC,0.05%,WBTC-USDC (0.05%)
2023-04-20T23:31:58.275Z,20350365,2.15065,2.15065,,-0.45916,40.69481,68de4da9-9e6d-46c6-87a7-927973b30abe,WBTC-USDC,0.05%,WBTC-USDC (0.05%)
2023-04-21T23:17:55.043Z,19686270,1.46197,1.46197,,-1.03686,68.7686,68de4da9-9e6d-46c6-87a7-927973b30abe,WBTC-USDC,0.05%,WBTC-USDC (0.05%)
2023-04-22T23:06:58.522Z,20029374,2.21036,2.21036,,-0.70212,71.28593,68de4da9-9e6d-46c6-87a7-927973b30abe,WBTC-USDC,0.05%,WBTC-USDC (0.05%)
2023-04-23T23:17:55.069Z,19832211,0.40835,0.40835,,-0.83939,54.76667,68de4da9-9e6d-46c6-87a7-927973b30abe,WBTC-USDC,0.05%,WBTC-USDC (0.05%)
2023-04-24T23:11:10.252Z,1121193,27.19385,27.19385,,-0.47044,53.48319,68de4da9-9e6d-46c6-87a7-927973b30abe,WBTC-USDC,0.05%,WBTC-USDC (0.05%)
2023-04-25T22:07:24.712Z,1132649,8.81639,8.81639,,-0.57722,34.80875,68de4da9-9e6d-46c6-87a7-927973b30abe,WBTC-USDC,0.05%,WBTC-USDC (0.05%)
2023-04-26T23:28:46.517Z,1140762,83.63458,83.63458,,-0.01535,18.23873,68de4da9-9e6d-46c6-87a7-927973b30abe,WBTC-USDC,0.05%,WBTC-USDC (0.05%)
2023-04-27T23:06:17.151Z,1183182,94.23025,94.23025,,-0.1368,20.72194,68de4da9-9e6d-46c6-87a7-927973b30abe,WBTC-USDC,0.05%,WBTC-USDC (0.05%)
2023-04-28T23:06:33.968Z,1329434,38.88307,38.88307,,-0.48162,18.01088,68de4da9-9e6d-46c6-87a7-927973b30abe,WBTC-USDC,0.05%,WBTC-USDC (0.05%)
2023-04-29T23:06:49.383Z,1373315,6.98777,6.98777,,-0.21187,15.25799,68de4da9-9e6d-46c6-87a7-927973b30abe,WBTC-USDC,0.05%,WBTC-USDC (0.05%)
2023-04-30T23:06:51.769Z,1376770,15.53928,15.53928,,-0.3656,15.82537,68de4da9-9e6d-46c6-87a7-927973b30abe,WBTC-USDC,0.05%,WBTC-USDC (0.05%)
2023-05-01T23:07:20.189Z,1359812,55.75126,55.75126,,-0.03744,20.60963,68de4da9-9e6d-46c6-87a7-927973b30abe,WBTC-USDC,0.05%,WBTC-USDC (0.05%)
2023-05-02T23:10:29.570Z,1381860,36.29636,36.29636,,-0.0363,20.76182,68de4da9-9e6d-46c6-87a7-927973b30abe,WBTC-USDC,0.05%,WBTC-USDC (0.05%)
2023-05-03T23:08:13.656Z,1388021,20.24428,20.24428,,-0.06668,16.58768,68de4da9-9e6d-46c6-87a7-927973b30abe,WBTC-USDC,0.05%,WBTC-USDC (0.05%)
2023-05-04T23:19:05.693Z,1383450,14.68406,14.68406,,-0.03258,12.8271,68de4da9-9e6d-46c6-87a7-927973b30abe,WBTC-USDC,0.05%,WBTC-USDC (0.05%)
2023-05-05T23:07:43.088Z,1389308,19.53778,19.53778,,-0.00363,11.09129,68de4da9-9e6d-46c6-87a7-927973b30abe,WBTC-USDC,0.05%,WBTC-USDC (0.05%)
2023-05-06T23:07:13.091Z,1374266,25.56825,25.56825,,-0.01145,13.01873,68de4da9-9e6d-46c6-87a7-927973b30abe,WBTC-USDC,0.05%,WBTC-USDC (0.05%)
2023-05-07T23:22:15.502Z,1497537,20.60992,20.60992,,-0.03334,13.50615,68de4da9-9e6d-46c6-87a7-927973b30abe,WBTC-USDC,0.05%,WBTC-USDC (0.05%)
2023-05-08T23:08:35.819Z,1465710,31.17633,31.17633,,-0.01922,19.27746,68de4da9-9e6d-46c6-87a7-927973b30abe,WBTC-USDC,0.05%,WBTC-USDC (0.05%)
2023-05-09T23:08:07.900Z,1465659,2.95991,2.95991,,-0.16145,15.55698,68de4da9-9e6d-46c6-87a7-927973b30abe,WBTC-USDC,0.05%,WBTC-USDC (0.05%)
2023-05-10T22:18:25.310Z,1463625,38.65701,38.65701,,-0.2717,18.02506,68de4da9-9e6d-46c6-87a7-927973b30abe,WBTC-USDC,0.05%,WBTC-USDC (0.05%)
2023-05-11T23:06:57.776Z,1503757,13.67308,13.67308,,-0.39744,22.48934,68de4da9-9e6d-46c6-87a7-927973b30abe,WBTC-USDC,0.05%,WBTC-USDC (0.05%)
2023-05-12T23:17:27.394Z,1494941,16.12052,16.12052,,-0.92332,22.24075,68de4da9-9e6d-46c6-87a7-927973b30abe,WBTC-USDC,0.05%,WBTC-USDC (0.05%)
2023-05-13T23:06:48.903Z,1502531,6.31808,6.31808,,-0.44198,19.69106,68de4da9-9e6d-46c6-87a7-927973b30abe,WBTC-USDC,0.05%,WBTC-USDC (0.05%)
2023-05-14T23:06:45.360Z,1506288,2.60425,2.60425,,-0.37867,17.04172,68de4da9-9e6d-46c6-87a7-927973b30abe,WBTC-USDC,0.05%,WBTC-USDC (0.05%)
2023-05-15T23:06:22.823Z,1517937,3.79728,3.79728,,-0.01286,13.03086,68de4da9-9e6d-46c6-87a7-927973b30abe,WBTC-USDC,0.05%,WBTC-USDC (0.05%)
2023-05-16T23:18:29.364Z,1507543,3.08395,3.08395,,-0.04142,13.13466,68de4da9-9e6d-46c6-87a7-927973b30abe,WBTC-USDC,0.05%,WBTC-USDC (0.05%)
2023-05-17T23:18:08.099Z,1543456,10.9425,10.9425,,-0.00954,5.92065,68de4da9-9e6d-46c6-87a7-927973b30abe,WBTC-USDC,0.05%,WBTC-USDC (0.05%)
2023-05-18T23:07:42.245Z,1526801,3.74065,3.74065,,-0.00018,6.62749,68de4da9-9e6d-46c6-87a7-927973b30abe,WBTC-USDC,0.05%,WBTC-USDC (0.05%)
2023-05-19T23:09:29.376Z,1439507,6.16344,6.16344,,-0.00532,5.39284,68de4da9-9e6d-46c6-87a7-927973b30abe,WBTC-USDC,0.05%,WBTC-USDC (0.05%)
2023-05-20T23:06:20.733Z,1309463,1.19566,1.19566,,-0.0031,4.49936,68de4da9-9e6d-46c6-87a7-927973b30abe,WBTC-USDC,0.05%,WBTC-USDC (0.05%)
2023-05-21T23:17:51.946Z,1301259,1.70127,1.70127,,-0.0024,4.35927,68de4da9-9e6d-46c6-87a7-927973b30abe,WBTC-USDC,0.05%,WBTC-USDC (0.05%)
2023-05-22T23:06:31.350Z,1304241,3.02321,3.02321,,-0.01784,4.17851,68de4da9-9e6d-46c6-87a7-927973b30abe,WBTC-USDC,0.05%,WBTC-USDC (0.05%)
2023-05-23T23:06:43.727Z,1314815,3.84831,3.84831,,-0.00487,4.19192,68de4da9-9e6d-46c6-87a7-927973b30abe,WBTC-USDC,0.05%,WBTC-USDC (0.05%)
2023-05-24T23:06:58.703Z,1289071,15.88946,15.88946,,-0.10041,4.80842,68de4da9-9e6d-46c6-87a7-927973b30abe,WBTC-USDC,0.05%,WBTC-USDC (0.05%)
2023-05-25T23:07:06.848Z,1293694,4.27567,4.27567,,-0.01817,4.77774,68de4da9-9e6d-46c6-87a7-927973b30abe,WBTC-USDC,0.05%,WBTC-USDC (0.05%)
2023-05-26T23:06:51.466Z,1300403,5.8552,5.8552,,-0.00276,4.43624,68de4da9-9e6d-46c6-87a7-927973b30abe,WBTC-USDC,0.05%,WBTC-USDC (0.05%)
2023-05-27T23:17:48.676Z,1304161,5.97767,5.97767,,-0.00528,5.02058,68de4da9-9e6d-46c6-87a7-927973b30abe,WBTC-USDC,0.05%,WBTC-USDC (0.05%)
2023-05-28T23:06:55.334Z,1338266,8.88277,8.88277,,-0.18864,3.47944,68de4da9-9e6d-46c6-87a7-927973b30abe,WBTC-USDC,0.05%,WBTC-USDC (0.05%)
2023-05-29T23:21:55.080Z,1329484,14.97492,14.97492,,-0.08752,7.35862,68de4da9-9e6d-46c6-87a7-927973b30abe,WBTC-USDC,0.05%,WBTC-USDC (0.05%)
2023-05-30T22:08:52.994Z,1330273,4.43878,4.43878,,-0.03874,7.37924,68de4da9-9e6d-46c6-87a7-927973b30abe,WBTC-USDC,0.05%,WBTC-USDC (0.05%)
2023-05-31T23:17:39.585Z,1313756,5.6714,5.6714,,-0.07379,6.21754,68de4da9-9e6d-46c6-87a7-927973b30abe,WBTC-USDC,0.05%,WBTC-USDC (0.05%)
2023-06-01T23:07:08.094Z,1307638,7.08062,7.08062,,-0.0191,6.59316,68de4da9-9e6d-46c6-87a7-927973b30abe,WBTC-USDC,0.05%,WBTC-USDC (0.05%)
2023-06-02T23:06:55.106Z,1258995,5.37564,5.37564,,-0.03825,7.66027,68de4da9-9e6d-46c6-87a7-927973b30abe,WBTC-USDC,0.05%,WBTC-USDC (0.05%)
2023-06-03T23:06:37.000Z,1253944,3.14656,3.14656,,-0.01138,7.25317,68de4da9-9e6d-46c6-87a7-927973b30abe,WBTC-USDC,0.05%,WBTC-USDC (0.05%)
2023-06-04T23:17:38.010Z,1259969,8.81682,8.81682,,-0.06693,7.12167,68de4da9-9e6d-46c6-87a7-927973b30abe,WBTC-USDC,0.05%,WBTC-USDC (0.05%)
2023-06-05T23:07:14.785Z,1221498,17.00673,17.00673,,-0.47827,7.36075,68de4da9-9e6d-46c6-87a7-927973b30abe,WBTC-USDC,0.05%,WBTC-USDC (0.05%)
2023-06-06T23:18:31.961Z,1251923,22.78642,22.78642,,-0.03843,9.8841,68de4da9-9e6d-46c6-87a7-927973b30abe,WBTC-USDC,0.05%,WBTC-USDC (0.05%)
2023-06-07T23:18:02.797Z,1235102,12.72978,12.72978,,-0.08851,10.40226,68de4da9-9e6d-46c6-87a7-927973b30abe,WBTC-USDC,0.05%,WBTC-USDC (0.05%)
2023-06-08T23:17:34.350Z,1239381,4.63337,4.63337,,-0.01244,10.74684,68de4da9-9e6d-46c6-87a7-927973b30abe,WBTC-USDC,0.05%,WBTC-USDC (0.05%)
2023-06-09T23:07:06.935Z,1222925,2.99994,2.99994,,-0.0817,10.56909,68de4da9-9e6d-46c6-87a7-927973b30abe,WBTC-USDC,0.05%,WBTC-USDC (0.05%)
2023-06-10T23:06:58.845Z,1208115,20.0987,20.0987,,-0.17654,12.31755,68de4da9-9e6d-46c6-87a7-927973b30abe,WBTC-USDC,0.05%,WBTC-USDC (0.05%)
2023-06-11T23:06:38.389Z,1208605,7.69994,7.69994,,-0.23814,12.11227,68de4da9-9e6d-46c6-87a7-927973b30abe,WBTC-USDC,0.05%,WBTC-USDC (0.05%)
2023-06-12T23:07:28.117Z,1208098,5.9589,5.9589,,-0.00497,10.59532,68de4da9-9e6d-46c6-87a7-927973b30abe,WBTC-USDC,0.05%,WBTC-USDC (0.05%)
2023-06-13T23:07:02.229Z,1200032,7.55664,7.55664,,-0.23106,8.48422,68de4da9-9e6d-46c6-87a7-927973b30abe,WBTC-USDC,0.05%,WBTC-USDC (0.05%)
2023-06-14T23:20:16.947Z,1176308,6.9041,6.9041,,-0.22897,10.04577,68de4da9-9e6d-46c6-87a7-927973b30abe,WBTC-USDC,0.05%,WBTC-USDC (0.05%)
2023-06-15T23:06:55.626Z,1192462,11.23073,11.23073,,-0.13402,8.53979,68de4da9-9e6d-46c6-87a7-927973b30abe,WBTC-USDC,0.05%,WBTC-USDC (0.05%)
2023-06-16T23:07:56.982Z,1214915,16.04755,16.04755,,-0.00339,8.71183,68de4da9-9e6d-46c6-87a7-927973b30abe,WBTC-USDC,0.05%,WBTC-USDC (0.05%)
2023-06-17T23:07:07.671Z,1224584,35.85593,35.85593,,-0.05823,12.95611,68de4da9-9e6d-46c6-87a7-927973b30abe,WBTC-USDC,0.05%,WBTC-USDC (0.05%)
2023-06-18T23:07:52.671Z,1215634,1.90893,1.90893,,-0.03269,12.2788,68de4da9-9e6d-46c6-87a7-927973b30abe,WBTC-USDC,0.05%,WBTC-USDC (0.05%)
2023-06-19T23:08:52.397Z,1224523,14.79014,14.79014,,-0.097,12.86066,68de4da9-9e6d-46c6-87a7-927973b30abe,WBTC-USDC,0.05%,WBTC-USDC (0.05%)
2023-06-20T23:09:58.520Z,1241644,40.90551,40.90551,,-0.69823,9.64715,68de4da9-9e6d-46c6-87a7-927973b30abe,WBTC-USDC,0.05%,WBTC-USDC (0.05%)
2023-06-21T23:07:12.429Z,1194261,151.57183,151.57183,,-2.96386,18.1908,68de4da9-9e6d-46c6-87a7-927973b30abe,WBTC-USDC,0.05%,WBTC-USDC (0.05%)
2023-06-22T23:07:07.765Z,1202856,72.1459,72.1459,,-2.19561,22.02195,68de4da9-9e6d-46c6-87a7-927973b30abe,WBTC-USDC,0.05%,WBTC-USDC (0.05%)
2023-06-23T23:07:01.097Z,1202261,58.56249,58.56249,,-2.01145,24.83859,68de4da9-9e6d-46c6-87a7-927973b30abe,WBTC-USDC,0.05%,WBTC-USDC (0.05%)
2023-06-24T23:10:30.700Z,1227830,33.84235,33.84235,,-1.64238,24.46872,68de4da9-9e6d-46c6-87a7-927973b30abe,WBTC-USDC,0.05%,WBTC-USDC (0.05%)
2023-06-25T23:08:15.158Z,1229167,17.222,17.222,,-1.83188,25.46441,68de4da9-9e6d-46c6-87a7-927973b30abe,WBTC-USDC,0.05%,WBTC-USDC (0.05%)
2023-06-26T23:06:37.554Z,1227343,45.57637,45.57637,,-1.26358,27.63609,68de4da9-9e6d-46c6-87a7-927973b30abe,WBTC-USDC,0.05%,WBTC-USDC (0.05%)
2023-06-27T23:06:55.656Z,1233761,31.01219,31.01219,,-0.56212,24.84295,68de4da9-9e6d-46c6-87a7-927973b30abe,WBTC-USDC,0.05%,WBTC-USDC (0.05%)
2023-06-28T23:08:16.060Z,1228575,39.83113,39.83113,,-0.00042,20.13954,68de4da9-9e6d-46c6-87a7-927973b30abe,WBTC-USDC,0.05%,WBTC-USDC (0.05%)
2023-06-29T23:06:28.208Z,1235268,43.26209,43.26209,,-0.02367,16.57444,68de4da9-9e6d-46c6-87a7-927973b30abe,WBTC-USDC,0.05%,WBTC-USDC (0.05%)
2023-06-30T23:06:15.764Z,1222876,55.6032,55.6032,,-0.00211,16.48356,68de4da9-9e6d-46c6-87a7-927973b30abe,WBTC-USDC,0.05%,WBTC-USDC (0.05%)
2023-07-01T23:05:56.214Z,1225536,38.37315,38.37315,,-0.00219,16.72587,68de4da9-9e6d-46c6-87a7-927973b30abe,WBTC-USDC,0.05%,WBTC-USDC (0.05%)
2023-07-02T23:06:10.720Z,1284512,13.86428,13.86428,,-0.0038,16.45357,68de4da9-9e6d-46c6-87a7-927973b30abe,WBTC-USDC,0.05%,WBTC-USDC (0.05%)
2023-07-03T23:05:53.491Z,1273605,12.54223,12.54223,,-0.08092,18.20152,68de4da9-9e6d-46c6-87a7-927973b30abe,WBTC-USDC,0.05%,WBTC-USDC (0.05%)
2023-07-04T23:06:58.476Z,1270816,16.39103,16.39103,,-0.0039,15.57021,68de4da9-9e6d-46c6-87a7-927973b30abe,WBTC-USDC,0.05%,WBTC-USDC (0.05%)
2023-07-05T23:06:13.434Z,1267915,20.19508,20.19508,,-0.01687,8.83633,68de4da9-9e6d-46c6-87a7-927973b30abe,WBTC-USDC,0.05%,WBTC-USDC (0.05%)
2023-07-06T23:06:15.578Z,1259894,44.64206,44.64206,,-0.00634,8.93509,68de4da9-9e6d-46c6-87a7-927973b30abe,WBTC-USDC,0.05%,WBTC-USDC (0.05%)
2023-07-07T23:06:19.338Z,1262596,48.72772,48.72772,,-0.00134,8.68989,68de4da9-9e6d-46c6-87a7-927973b30abe,WBTC-USDC,0.05%,WBTC-USDC (0.05%)
2023-07-08T23:09:26.847Z,1311511,18.03248,18.03248,,-0.01379,7.71144,68de4da9-9e6d-46c6-87a7-927973b30abe,WBTC-USDC,0.05%,WBTC-USDC (0.05%)
2023-07-09T23:06:02.480Z,1309703,18.11748,18.11748,,-0.02561,7.93517,68de4da9-9e6d-46c6-87a7-927973b30abe,WBTC-USDC,0.05%,WBTC-USDC (0.05%)
2023-07-10T23:05:57.661Z,1264613,43.8102,43.8102,,-0.06613,9.47889,68de4da9-9e6d-46c6-87a7-927973b30abe,WBTC-USDC,0.05%,WBTC-USDC (0.05%)
2023-07-11T23:06:09.608Z,1268802,29.83561,29.83561,,-0.00485,14.21075,68de4da9-9e6d-46c6-87a7-927973b30abe,WBTC-USDC,0.05%,WBTC-USDC (0.05%)
2023-07-12T23:06:30.519Z,1296258,18.53309,18.53309,,-0.00077,9.54785,68de4da9-9e6d-46c6-87a7-927973b30abe,WBTC-USDC,0.05%,WBTC-USDC (0.05%)
2023-07-13T23:06:07.845Z,1897286,51.19783,51.19783,,-0.1247,6.34248,68de4da9-9e6d-46c6-87a7-927973b30abe,WBTC-USDC,0.05%,WBTC-USDC (0.05%)
2023-07-14T23:05:57.272Z,2145893,78.64558,78.64558,,-0.00048,6.49245,68de4da9-9e6d-46c6-87a7-927973b30abe,WBTC-USDC,0.05%,WBTC-USDC (0.05%)
2023-07-15T23:06:07.479Z,2110782,17.09232,17.09232,,-0.00056,7.59428,68de4da9-9e6d-46c6-87a7-927973b30abe,WBTC-USDC,0.05%,WBTC-USDC (0.05%)
2023-07-16T23:17:06.020Z,2111975,42.82754,42.82754,,-0.00222,8.74327,68de4da9-9e6d-46c6-87a7-927973b30abe,WBTC-USDC,0.05%,WBTC-USDC (0.05%)
2023-07-17T23:17:08.241Z,2151022,61.29131,61.29131,,-0.00244,9.71507,68de4da9-9e6d-46c6-87a7-927973b30abe,WBTC-USDC,0.05%,WBTC-USDC (0.05%)
2023-07-18T23:10:07.521Z,2189231,21.17909,21.17909,,-0.05104,16.50968,68de4da9-9e6d-46c6-87a7-927973b30abe,WBTC-USDC,0.05%,WBTC-USDC (0.05%)
2023-07-19T23:06:58.591Z,2147330,19.73361,19.73361,,-0.02363,17.00534,68de4da9-9e6d-46c6-87a7-927973b30abe,WBTC-USDC,0.05%,WBTC-USDC (0.05%)
2023-07-20T23:06:23.489Z,2458029,18.25068,18.25068,,-0.22184,13.04776,68de4da9-9e6d-46c6-87a7-927973b30abe,WBTC-USDC,0.05%,WBTC-USDC (0.05%)
2023-07-21T23:06:07.393Z,2464323,9.42337,9.42337,,-0.00969,9.64114,68de4da9-9e6d-46c6-87a7-927973b30abe,WBTC-USDC,0.05%,WBTC-USDC (0.05%)
2023-07-22T23:09:09.689Z,2960667,5.2807,5.2807,,-0.0226,3.26765,68de4da9-9e6d-46c6-87a7-927973b30abe,WBTC-USDC,0.05%,WBTC-USDC (0.05%)
2023-07-23T23:17:09.188Z,2470737,35.81562,35.81562,,-0.01182,9.10522,68de4da9-9e6d-46c6-87a7-927973b30abe,WBTC-USDC,0.05%,WBTC-USDC (0.05%)
2023-07-24T21:10:52.582Z,2426218,21.36505,21.36505,,-0.07011,8.30916,68de4da9-9e6d-46c6-87a7-927973b30abe,WBTC-USDC,0.05%,WBTC-USDC (0.05%)
2023-07-25T23:06:01.687Z,2432525,14.4332,14.4332,,-0.04097,7.82673,68de4da9-9e6d-46c6-87a7-927973b30abe,WBTC-USDC,0.05%,WBTC-USDC (0.05%)
2023-07-26T23:05:59.744Z,2440418,20.01483,20.01483,,-0.02088,7.96728,68de4da9-9e6d-46c6-87a7-927973b30abe,WBTC-USDC,0.05%,WBTC-USDC (0.05%)
2023-07-27T23:06:36.390Z,2434312,10.43513,10.43513,,-0.04501,7.44645,68de4da9-9e6d-46c6-87a7-927973b30abe,WBTC-USDC,0.05%,WBTC-USDC (0.05%)
2023-07-28T23:06:05.935Z,2444749,8.59917,8.59917,,-0.03368,7.3665,68de4da9-9e6d-46c6-87a7-927973b30abe,WBTC-USDC,0.05%,WBTC-USDC (0.05%)
2023-07-29T23:06:15.603Z,2445245,21.39164,21.39164,,-0.02413,7.54046,68de4da9-9e6d-46c6-87a7-927973b30abe,WBTC-USDC,0.05%,WBTC-USDC (0.05%)
2023-07-30T23:09:31.789Z,2435639,4.56775,4.56775,,-0.05991,5.74701,68de4da9-9e6d-46c6-87a7-927973b30abe,WBTC-USDC,0.05%,WBTC-USDC (0.05%)
2023-07-31T23:05:52.862Z,2439976,28.94616,28.94616,,-0.0002,6.24853,68de4da9-9e6d-46c6-87a7-927973b30abe,WBTC-USDC,0.05%,WBTC-USDC (0.05%)
2023-08-01T23:09:46.626Z,2401738,31.81927,31.81927,,-7e-05,7.21673,68de4da9-9e6d-46c6-87a7-927973b30abe,WBTC-USDC,0.05%,WBTC-USDC (0.05%)
2023-08-02T23:06:19.680Z,2399763,17.38599,17.38599,,-0.00652,7.05544,68de4da9-9e6d-46c6-87a7-927973b30abe,WBTC-USDC,0.05%,WBTC-USDC (0.05%)
2023-08-03T23:18:15.408Z,2559942,46.99932,46.99932,,-0.00019,8.67982,68de4da9-9e6d-46c6-87a7-927973b30abe,WBTC-USDC,0.05%,WBTC-USDC (0.05%)
2023-08-04T23:06:55.647Z,2554626,16.72116,16.72116,,-0.01231,13.91661,68de4da9-9e6d-46c6-87a7-927973b30abe,WBTC-USDC,0.05%,WBTC-USDC (0.05%)
2023-08-05T23:07:03.248Z,2557860,5.59841,5.59841,,-0.0104,8.32495,68de4da9-9e6d-46c6-87a7-927973b30abe,WBTC-USDC,0.05%,WBTC-USDC (0.05%)
2023-08-06T23:08:02.217Z,2560021,4.17961,4.17961,,-0.00095,8.31156,68de4da9-9e6d-46c6-87a7-927973b30abe,WBTC-USDC,0.05%,WBTC-USDC (0.05%)
2023-08-07T23:06:52.766Z,2586931,23.03151,23.03151,,-0.0013,7.70348,68de4da9-9e6d-46c6-87a7-927973b30abe,WBTC-USDC,0.05%,WBTC-USDC (0.05%)
2023-08-08T14:07:13.197Z,2503865,34.47651,34.47651,,-0.02448,7.60812,68de4da9-9e6d-46c6-87a7-927973b30abe,WBTC-USDC,0.05%,WBTC-USDC (0.05%)
2023-08-29T23:06:02.556Z,2341910,16.7154,16.7154,,-0.41237,6.96382,68de4da9-9e6d-46c6-87a7-927973b30abe,WBTC-USDC,0.05%,WBTC-USDC (0.05%)
2023-08-30T23:05:53.521Z,2315313,7.42183,7.42183,,-0.07043,6.7538,68de4da9-9e6d-46c6-87a7-927973b30abe,WBTC-USDC,0.05%,WBTC-USDC (0.05%)
2023-08-31T23:05:49.607Z,2235003,12.51523,12.51523,,-0.00034,8.30186,68de4da9-9e6d-46c6-87a7-927973b30abe,WBTC-USDC,0.05%,WBTC-USDC (0.05%)
2023-09-01T11:06:03.387Z,2232349,16.76672,16.76672,,-0.00082,8.74461,68de4da9-9e6d-46c6-87a7-927973b30abe,WBTC-USDC,0.05%,WBTC-USDC (0.05%)
2023-09-04T23:06:24.066Z,1862471,7.66547,7.66547,,-0.00942,15.52364,68de4da9-9e6d-46c6-87a7-927973b30abe,WBTC-USDC,0.05%,WBTC-USDC (0.05%)
2023-09-05T23:05:45.051Z,1861572,5.06172,5.06172,,-0.41737,12.30324,68de4da9-9e6d-46c6-87a7-927973b30abe,WBTC-USDC,0.05%,WBTC-USDC (0.05%)
2023-09-06T23:06:16.844Z,1817966,14.2151,14.2151,,-0.29546,2.07881,68de4da9-9e6d-46c6-87a7-927973b30abe,WBTC-USDC,0.05%,WBTC-USDC (0.05%)
2023-09-07T23:06:33.326Z,1840594,22.28399,22.28399,,-0.00602,16.08361,68de4da9-9e6d-46c6-87a7-927973b30abe,WBTC-USDC,0.05%,WBTC-USDC (0.05%)
2023-09-08T23:06:17.579Z,1825506,20.96226,20.96226,,-0.00285,2.22674,68de4da9-9e6d-46c6-87a7-927973b30abe,WBTC-USDC,0.05%,WBTC-USDC (0.05%)
2023-09-09T23:05:50.902Z,1825027,4.90776,4.90776,,-6e-05,2.27073,68de4da9-9e6d-46c6-87a7-927973b30abe,WBTC-USDC,0.05%,WBTC-USDC (0.05%)
2023-09-10T23:06:21.031Z,1823981,30.92506,30.92506,,-0.00157,2.94076,68de4da9-9e6d-46c6-87a7-927973b30abe,WBTC-USDC,0.05%,WBTC-USDC (0.05%)
2023-09-11T23:06:17.442Z,1729475,54.45095,54.45095,,-0.0526,37.71135,68de4da9-9e6d-46c6-87a7-927973b30abe,WBTC-USDC,0.05%,WBTC-USDC (0.05%)
2023-09-12T23:06:34.102Z,1772426,73.56671,73.56671,,-0.00806,5.9965,68de4da9-9e6d-46c6-87a7-927973b30abe,WBTC-USDC,0.05%,WBTC-USDC (0.05%)
2023-09-13T23:05:11.071Z,1785576,46.00114,46.00114,,-0.03677,45.43997,68de4da9-9e6d-46c6-87a7-927973b30abe,WBTC-USDC,0.05%,WBTC-USDC (0.05%)
2023-09-14T23:07:38.700Z,1798824,13.23002,13.23002,,-0.01382,51.44674,68de4da9-9e6d-46c6-87a7-927973b30abe,WBTC-USDC,0.05%,WBTC-USDC (0.05%)
2023-09-15T23:06:55.684Z,1802813,3.60682,3.60682,,-0.09511,45.19233,68de4da9-9e6d-46c6-87a7-927973b30abe,WBTC-USDC,0.05%,WBTC-USDC (0.05%)
2023-09-16T23:06:30.683Z,1797081,2.29646,2.29646,,-0.05659,47.1608,68de4da9-9e6d-46c6-87a7-927973b30abe,WBTC-USDC,0.05%,WBTC-USDC (0.05%)
2023-09-17T23:06:16.148Z,1797021,11.26851,11.26851,,-0.04955,3.60168,68de4da9-9e6d-46c6-87a7-927973b30abe,WBTC-USDC,0.05%,WBTC-USDC (0.05%)
2023-09-18T23:06:37.207Z,1689181,29.80763,29.80763,,-0.38514,5.20853,68de4da9-9e6d-46c6-87a7-927973b30abe,WBTC-USDC,0.05%,WBTC-USDC (0.05%)
2023-09-19T23:06:37.016Z,1677242,41.6587,41.6587,,-0.16778,34.30984,68de4da9-9e6d-46c6-87a7-927973b30abe,WBTC-USDC,0.05%,WBTC-USDC (0.05%)
2023-09-20T23:10:14.415Z,1731699,38.10645,38.10645,,-0.08318,3.83712,68de4da9-9e6d-46c6-87a7-927973b30abe,WBTC-USDC,0.05%,WBTC-USDC (0.05%)
2023-09-21T23:05:18.305Z,1821035,81.56055,81.56055,,-0.00163,5.49608,68de4da9-9e6d-46c6-87a7-927973b30abe,WBTC-USDC,0.05%,WBTC-USDC (0.05%)
2023-09-22T23:06:44.053Z,1821835,23.10504,23.10504,,-0.00752,6.03307,68de4da9-9e6d-46c6-87a7-927973b30abe,WBTC-USDC,0.05%,WBTC-USDC (0.05%)
2023-09-23T23:07:11.078Z,1824969,16.24993,16.24993,,-1e-05,6.40997,68de4da9-9e6d-46c6-87a7-927973b30abe,WBTC-USDC,0.05%,WBTC-USDC (0.05%)
2023-09-24T23:06:11.229Z,1605049,17.33468,17.33468,,-2e-05,6.53837,68de4da9-9e6d-46c6-87a7-927973b30abe,WBTC-USDC,0.05%,WBTC-USDC (0.05%)
2023-09-25T23:05:13.317Z,1866266,25.22267,25.22267,,-0.04648,6.40543,68de4da9-9e6d-46c6-87a7-927973b30abe,WBTC-USDC,0.05%,WBTC-USDC (0.05%)
2023-09-26T23:06:41.556Z,1863667,23.30218,23.30218,,-0.12365,6.0203,68de4da9-9e6d-46c6-87a7-927973b30abe,WBTC-USDC,0.05%,WBTC-USDC (0.05%)
2023-09-27T23:06:42.788Z,1889365,38.68601,38.68601,,-0.07981,6.07125,68de4da9-9e6d-46c6-87a7-927973b30abe,WBTC-USDC,0.05%,WBTC-USDC (0.05%)
2023-09-28T23:10:20.584Z,1902165,55.51496,55.51496,,-0.02641,5.49374,68de4da9-9e6d-46c6-87a7-927973b30abe,WBTC-USDC,0.05%,WBTC-USDC (0.05%)
2023-09-29T23:06:49.928Z,2166865,49.21595,49.21595,,-0.01198,3.88605,68de4da9-9e6d-46c6-87a7-927973b30abe,WBTC-USDC,0.05%,WBTC-USDC (0.05%)
2023-09-30T23:10:40.947Z,2171856,21.67053,21.67053,,-0.01494,4.03518,68de4da9-9e6d-46c6-87a7-927973b30abe,WBTC-USDC,0.05%,WBTC-USDC (0.05%)
2023-10-01T23:06:33.315Z,2186250,20.6584,20.6584,,-0.26153,32.477,68de4da9-9e6d-46c6-87a7-927973b30abe,WBTC-USDC,0.05%,WBTC-USDC (0.05%)
2023-10-02T23:06:18.399Z,2166683,106.09006,106.09006,,-0.20546,44.36721,68de4da9-9e6d-46c6-87a7-927973b30abe,WBTC-USDC,0.05%,WBTC-USDC (0.05%)
2023-10-03T23:06:20.953Z,1680993,6.41965,6.41965,,-0.17927,41.67665,68de4da9-9e6d-46c6-87a7-927973b30abe,WBTC-USDC,0.05%,WBTC-USDC (0.05%)
2023-10-04T23:05:52.754Z,1761880,14.53403,14.53403,,-0.26648,35.30564,68de4da9-9e6d-46c6-87a7-927973b30abe,WBTC-USDC,0.05%,WBTC-USDC (0.05%)
2023-10-05T23:10:14.473Z,2181041,36.51116,36.51116,,-0.02953,6.23592,68de4da9-9e6d-46c6-87a7-927973b30abe,WBTC-USDC,0.05%,WBTC-USDC (0.05%)
2023-10-06T23:10:45.306Z,1696138,42.35164,42.35164,,-0.15679,30.23134,68de4da9-9e6d-46c6-87a7-927973b30abe,WBTC-USDC,0.05%,WBTC-USDC (0.05%)
2023-10-07T23:07:06.016Z,1696617,5.13186,5.13186,,-0.13357,27.94731,68de4da9-9e6d-46c6-87a7-927973b30abe,WBTC-USDC,0.05%,WBTC-USDC (0.05%)
2023-10-08T23:10:55.999Z,1775022,7.34941,7.34941,,-2e-05,22.19982,68de4da9-9e6d-46c6-87a7-927973b30abe,WBTC-USDC,0.05%,WBTC-USDC (0.05%)
2023-10-09T23:10:10.154Z,1765782,19.57646,19.57646,,-0.0001,12.35285,68de4da9-9e6d-46c6-87a7-927973b30abe,WBTC-USDC,0.05%,WBTC-USDC (0.05%)
2023-10-10T23:10:25.298Z,1773217,13.38897,13.38897,,-0.00034,8.10324,68de4da9-9e6d-46c6-87a7-927973b30abe,WBTC-USDC,0.05%,WBTC-USDC (0.05%)
2023-10-11T23:08:05.371Z,2379580,25.17929,25.17929,,-0.11738,8.6929,68de4da9-9e6d-46c6-87a7-927973b30abe,WBTC-USDC,0.05%,WBTC-USDC (0.05%)
2023-10-12T23:06:32.712Z,2382162,56.23321,56.23321,,-0.0618,3.97288,68de4da9-9e6d-46c6-87a7-927973b30abe,WBTC-USDC,0.05%,WBTC-USDC (0.05%)
2023-10-13T23:06:05.109Z,2446162,28.53175,28.53175,,-0.15997,3.75374,68de4da9-9e6d-46c6-87a7-927973b30abe,WBTC-USDC,0.05%,WBTC-USDC (0.05%)
2023-10-14T23:06:07.621Z,2448105,20.47457,20.47457,,-0.15612,4.20455,68de4da9-9e6d-46c6-87a7-927973b30abe,WBTC-USDC,0.05%,WBTC-USDC (0.05%)
2023-10-15T23:10:09.293Z,2517038,19.0902,19.0902,,-0.08421,4.46493,68de4da9-9e6d-46c6-87a7-927973b30abe,WBTC-USDC,0.05%,WBTC-USDC (0.05%)
2023-10-16T23:17:19.783Z,2143710,108.41739,108.41739,,-0.10399,26.93964,68de4da9-9e6d-46c6-87a7-927973b30abe,WBTC-USDC,0.05%,WBTC-USDC (0.05%)
2023-10-17T23:04:44.368Z,2276257,45.94424,45.94424,,-0.09696,21.93459,68de4da9-9e6d-46c6-87a7-927973b30abe,WBTC-USDC,0.05%,WBTC-USDC (0.05%)
2023-10-18T23:09:52.584Z,2460393,32.17902,32.17902,,-0.28291,19.44969,68de4da9-9e6d-46c6-87a7-927973b30abe,WBTC-USDC,0.05%,WBTC-USDC (0.05%)
2023-10-19T23:06:31.564Z,2966247,24.68957,24.68957,,-0.42246,18.1416,68de4da9-9e6d-46c6-87a7-927973b30abe,WBTC-USDC,0.05%,WBTC-USDC (0.05%)
2023-10-20T23:06:34.989Z,3007494,43.92068,43.92068,,-0.84255,16.16811,68de4da9-9e6d-46c6-87a7-927973b30abe,WBTC-USDC,0.05%,WBTC-USDC (0.05%)
2023-10-21T23:07:39.187Z,2564576,24.41162,24.41162,,-1.14079,16.4401,68de4da9-9e6d-46c6-87a7-927973b30abe,WBTC-USDC,0.05%,WBTC-USDC (0.05%)
2023-10-22T23:06:30.854Z,2343725,32.68864,32.68864,,-0.84007,17.86025,68de4da9-9e6d-46c6-87a7-927973b30abe,WBTC-USDC,0.05%,WBTC-USDC (0.05%)
2023-10-23T23:10:14.142Z,2141983,135.88039,135.88039,,-1.84982,53.44377,68de4da9-9e6d-46c6-87a7-927973b30abe,WBTC-USDC,0.05%,WBTC-USDC (0.05%)
2023-10-24T23:10:43.142Z,1736261,97.97015,97.97015,,-2.90276,37.25998,68de4da9-9e6d-46c6-87a7-927973b30abe,WBTC-USDC,0.05%,WBTC-USDC (0.05%)
2023-10-25T23:06:11.241Z,2284156,83.35837,83.35837,,-3.54288,7.00756,68de4da9-9e6d-46c6-87a7-927973b30abe,WBTC-USDC,0.05%,WBTC-USDC (0.05%)
2023-10-26T23:05:59.742Z,2295463,109.98651,109.98651,,-2.67841,9.13426,68de4da9-9e6d-46c6-87a7-927973b30abe,WBTC-USDC,0.05%,WBTC-USDC (0.05%)
2023-10-27T23:06:21.339Z,2332457,44.76521,44.76521,,-1.58306,33.70439,68de4da9-9e6d-46c6-87a7-927973b30abe,WBTC-USDC,0.05%,WBTC-USDC (0.05%)
2023-10-28T23:06:05.701Z,2349541,64.06816,64.06816,,-1.3916,7.9839,68de4da9-9e6d-46c6-87a7-927973b30abe,WBTC-USDC,0.05%,WBTC-USDC (0.05%)
2023-10-29T23:05:45.585Z,2301278,70.21897,70.21897,,-1.9745,24.97835,68de4da9-9e6d-46c6-87a7-927973b30abe,WBTC-USDC,0.05%,WBTC-USDC (0.05%)
2023-10-30T23:06:47.651Z,5413981,160.64808,160.64808,,-0.19994,12.31062,68de4da9-9e6d-46c6-87a7-927973b30abe,WBTC-USDC,0.05%,WBTC-USDC (0.05%)
2023-10-31T23:09:29.839Z,5955261,153.1559,153.1559,,-0.0135,16.30596,68de4da9-9e6d-46c6-87a7-927973b30abe,WBTC-USDC,0.05%,WBTC-USDC (0.05%)
2023-11-01T23:06:03.200Z,5813284,143.09748,143.09748,,-0.02121,2.0624,68de4da9-9e6d-46c6-87a7-927973b30abe,WBTC-USDC,0.05%,WBTC-USDC (0.05%)
2023-11-02T23:06:35.298Z,6040026,38.32074,38.32074,,-0.01895,74.55638,68de4da9-9e6d-46c6-87a7-927973b30abe,WBTC-USDC,0.05%,WBTC-USDC (0.05%)
2023-11-03T23:05:52.847Z,6602878,54.85971,54.85971,,-0.04602,24.48145,68de4da9-9e6d-46c6-87a7-927973b30abe,WBTC-USDC,0.05%,WBTC-USDC (0.05%)
2023-11-04T23:10:22.031Z,6352343,30.38867,30.38867,,-0.09461,4.23602,68de4da9-9e6d-46c6-87a7-927973b30abe,WBTC-USDC,0.05%,WBTC-USDC (0.05%)
2023-11-05T23:05:55.674Z,3417881,232.63734,232.63734,,-0.00154,68.22333,68de4da9-9e6d-46c6-87a7-927973b30abe,WBTC-USDC,0.05%,WBTC-USDC (0.05%)
2023-11-06T23:06:54.179Z,5917417,97.82284,97.82284,,-0.01963,4.96508,68de4da9-9e6d-46c6-87a7-927973b30abe,WBTC-USDC,0.05%,WBTC-USDC (0.05%)
2023-11-07T23:06:59.340Z,5798661,126.91247,126.91247,,-0.04005,5.29469,68de4da9-9e6d-46c6-87a7-927973b30abe,WBTC-USDC,0.05%,WBTC-USDC (0.05%)
2023-11-08T23:06:40.169Z,6123723,96.91932,96.91932,,-0.03167,56.95171,68de4da9-9e6d-46c6-87a7-927973b30abe,WBTC-USDC,0.05%,WBTC-USDC (0.05%)
2023-11-09T23:11:11.763Z,5916542,203.36127,203.36127,,-0.18757,81.93827,68de4da9-9e6d-46c6-87a7-927973b30abe,WBTC-USDC,0.05%,WBTC-USDC (0.05%)
2023-11-10T23:08:29.579Z,3707389,60.78494,60.78494,,-0.47753,35.73996,68de4da9-9e6d-46c6-87a7-927973b30abe,WBTC-USDC,0.05%,WBTC-USDC (0.05%)
2023-11-11T23:10:08.782Z,7277660,64.74227,64.74227,,-0.1782,17.29743,68de4da9-9e6d-46c6-87a7-927973b30abe,WBTC-USDC,0.05%,WBTC-USDC (0.05%)
2023-11-12T20:33:16.465Z,2695523,119.48851,119.48851,,-0.25674,29.45138,68de4da9-9e6d-46c6-87a7-927973b30abe,WBTC-USDC,0.05%,WBTC-USDC (0.05%)
2023-11-13T23:07:36.523Z,2678919,127.11277,127.11277,,-0.14587,33.12133,68de4da9-9e6d-46c6-87a7-927973b30abe,WBTC-USDC,0.05%,WBTC-USDC (0.05%)
2023-11-14T23:07:26.878Z,3166544,104.01972,104.01972,,-0.0052,24.44461,68de4da9-9e6d-46c6-87a7-927973b30abe,WBTC-USDC,0.05%,WBTC-USDC (0.05%)
2023-11-15T23:06:44.635Z,5158050,75.3922,75.3922,,-0.22247,3.62861,68de4da9-9e6d-46c6-87a7-927973b30abe,WBTC-USDC,0.05%,WBTC-USDC (0.05%)
2023-11-16T23:05:43.509Z,2779926,136.40755,136.40755,,-0.00587,58.40297,68de4da9-9e6d-46c6-87a7-927973b30abe,WBTC-USDC,0.05%,WBTC-USDC (0.05%)
2023-11-17T23:06:31.042Z,2722477,69.94933,69.94933,,-0.04593,68.30384,68de4da9-9e6d-46c6-87a7-927973b30abe,WBTC-USDC,0.05%,WBTC-USDC (0.05%)
2023-11-18T23:05:55.099Z,2740127,23.65415,23.65415,,-0.00974,19.61597,68de4da9-9e6d-46c6-87a7-927973b30abe,WBTC-USDC,0.05%,WBTC-USDC (0.05%)
2023-11-19T23:05:36.712Z,2687597,25.09187,25.09187,,-0.00717,42.31579,68de4da9-9e6d-46c6-87a7-927973b30abe,WBTC-USDC,0.05%,WBTC-USDC (0.05%)
2023-11-20T23:09:51.157Z,2695544,48.78227,48.78227,,-0.04316,29.0111,68de4da9-9e6d-46c6-87a7-927973b30abe,WBTC-USDC,0.05%,WBTC-USDC (0.05%)
2023-11-21T23:05:29.006Z,2129406,49.26292,49.26292,,-0.04793,47.86425,68de4da9-9e6d-46c6-87a7-927973b30abe,WBTC-USDC,0.05%,WBTC-USDC (0.05%)
2023-11-22T23:10:33.042Z,2530263,30.50472,30.50472,,-0.00516,26.30117,68de4da9-9e6d-46c6-87a7-927973b30abe,WBTC-USDC,0.05%,WBTC-USDC (0.05%)
2023-11-23T23:07:01.765Z,2668059,30.13491,30.13491,,-0.07992,5.23151,68de4da9-9e6d-46c6-87a7-927973b30abe,WBTC-USDC,0.05%,WBTC-USDC (0.05%)
2023-11-24T23:06:46.808Z,2638002,34.99514,34.99514,,-0.10352,18.79601,68de4da9-9e6d-46c6-87a7-927973b30abe,WBTC-USDC,0.05%,WBTC-USDC (0.05%)
2023-11-25T23:06:33.071Z,2132732,55.03136,55.03136,,-0.10386,14.70943,68de4da9-9e6d-46c6-87a7-927973b30abe,WBTC-USDC,0.05%,WBTC-USDC (0.05%)
2023-11-26T23:06:20.242Z,2130708,21.6043,21.6043,,-0.014,13.90755,68de4da9-9e6d-46c6-87a7-927973b30abe,WBTC-USDC,0.05%,WBTC-USDC (0.05%)
2023-11-27T23:07:59.777Z,2788923,36.9135,36.9135,,-0.00654,12.75975,68de4da9-9e6d-46c6-87a7-927973b30abe,WBTC-USDC,0.05%,WBTC-USDC (0.05%)
2023-11-28T23:07:23.723Z,2137865,30.32621,30.32621,,-0.14999,12.71466,68de4da9-9e6d-46c6-87a7-927973b30abe,WBTC-USDC,0.05%,WBTC-USDC (0.05%)
2023-11-29T23:07:16.975Z,2117047,23.23405,23.23405,,-0.00994,15.95824,68de4da9-9e6d-46c6-87a7-927973b30abe,WBTC-USDC,0.05%,WBTC-USDC (0.05%)
2023-11-30T23:17:38.148Z,2026975,11.23635,11.23635,,-0.01082,14.09807,68de4da9-9e6d-46c6-87a7-927973b30abe,WBTC-USDC,0.05%,WBTC-USDC (0.05%)
2023-12-01T23:06:57.389Z,2665015,29.07811,29.07811,,-0.05149,3.06262,68de4da9-9e6d-46c6-87a7-927973b30abe,WBTC-USDC,0.05%,WBTC-USDC (0.05%)
2023-12-02T23:10:36.181Z,2145404,96.43702,96.43702,,-0.164,20.47719,68de4da9-9e6d-46c6-87a7-927973b30abe,WBTC-USDC,0.05%,WBTC-USDC (0.05%)
2023-12-03T23:05:17.943Z,2148596,29.47105,29.47105,,-0.38012,37.72906,68de4da9-9e6d-46c6-87a7-927973b30abe,WBTC-USDC,0.05%,WBTC-USDC (0.05%)
2023-12-04T23:07:30.749Z,2026398,19.81066,19.81066,,-1.28543,67.69167,68de4da9-9e6d-46c6-87a7-927973b30abe,WBTC-USDC,0.05%,WBTC-USDC (0.05%)
2023-12-05T23:07:05.039Z,4024249,55.20957,55.20957,,-2.0328,1.73067,68de4da9-9e6d-46c6-87a7-927973b30abe,WBTC-USDC,0.05%,WBTC-USDC (0.05%)
2023-12-06T19:07:42.630Z,5879016,175.68202,175.68202,,-1.90548,2.97986,68de4da9-9e6d-46c6-87a7-927973b30abe,WBTC-USDC,0.05%,WBTC-USDC (0.05%)
2023-12-07T23:06:50.340Z,3666981,146.7924,146.7924,,-1.65109,21.64787,68de4da9-9e6d-46c6-87a7-927973b30abe,WBTC-USDC,0.05%,WBTC-USDC (0.05%)
2023-12-08T23:07:00.427Z,5883657,44.73853,44.73853,,-1.63951,4.41447,68de4da9-9e6d-46c6-87a7-927973b30abe,WBTC-USDC,0.05%,WBTC-USDC (0.05%)
2023-12-09T23:06:28.100Z,3928159,54.59263,54.59263,,-1.00845,96.41539,68de4da9-9e6d-46c6-87a7-927973b30abe,WBTC-USDC,0.05%,WBTC-USDC (0.05%)
2023-12-10T23:06:18.724Z,1240458,8.66454,8.66454,,-0.68239,96.21059,68de4da9-9e6d-46c6-87a7-927973b30abe,WBTC-USDC,0.05%,WBTC-USDC (0.05%)
2023-12-11T23:20:23.901Z,5145513,45.1694,45.1694,,-0.02171,41.88315,68de4da9-9e6d-46c6-87a7-927973b30abe,WBTC-USDC,0.05%,WBTC-USDC (0.05%)
2023-12-12T23:10:04.067Z,4150064,27.70064,27.70064,,-0.35013,51.27437,68de4da9-9e6d-46c6-87a7-927973b30abe,WBTC-USDC,0.05%,WBTC-USDC (0.05%)
2023-12-13T23:06:27.714Z,4055921,92.83188,92.83188,,-0.02037,2.96955,68de4da9-9e6d-46c6-87a7-927973b30abe,WBTC-USDC,0.05%,WBTC-USDC (0.05%)
2023-12-14T23:06:03.772Z,3988843,178.19244,178.19244,,-0.00109,3.25754,68de4da9-9e6d-46c6-87a7-927973b30abe,WBTC-USDC,0.05%,WBTC-USDC (0.05%)
2023-12-15T23:10:06.021Z,960076,366.24376,366.24376,,-0.2344,288.82778,68de4da9-9e6d-46c6-87a7-927973b30abe,WBTC-USDC,0.05%,WBTC-USDC (0.05%)
2023-12-16T08:10:15.822Z,966630,206.10287,206.10287,,-0.2083,262.06369,68de4da9-9e6d-46c6-87a7-927973b30abe,WBTC-USDC,0.05%,WBTC-USDC (0.05%)
2023-12-17T11:06:53.317Z,953593,2.38798,2.38798,,-0.15876,269.34538,68de4da9-9e6d-46c6-87a7-927973b30abe,WBTC-USDC,0.05%,WBTC-USDC (0.05%)
2023-12-18T23:06:45.207Z,971297,13.33929,13.33929,,-0.06451,222.61415,68de4da9-9e6d-46c6-87a7-927973b30abe,WBTC-USDC,0.05%,WBTC-USDC (0.05%)
2023-12-19T23:06:08.832Z,970042,20.12554,20.12554,,-0.05007,120.11061,68de4da9-9e6d-46c6-87a7-927973b30abe,WBTC-USDC,0.05%,WBTC-USDC (0.05%)
2023-12-20T23:07:31.117Z,3579172,22.94056,22.94056,,-0.016,61.51939,68de4da9-9e6d-46c6-87a7-927973b30abe,WBTC-USDC,0.05%,WBTC-USDC (0.05%)
2023-12-21T23:06:49.065Z,987876,54.69011,54.69011,,-0.0465,25.14281,68de4da9-9e6d-46c6-87a7-927973b30abe,WBTC-USDC,0.05%,WBTC-USDC (0.05%)
2023-12-22T23:06:56.632Z,1084698,223.79198,223.79198,,-0.14838,14.96026,68de4da9-9e6d-46c6-87a7-927973b30abe,WBTC-USDC,0.05%,WBTC-USDC (0.05%)
2023-12-23T23:07:09.104Z,950440,23.05214,23.05214,,-0.12054,17.19949,68de4da9-9e6d-46c6-87a7-927973b30abe,WBTC-USDC,0.05%,WBTC-USDC (0.05%)
2023-12-24T23:10:14.388Z,926028,47.76099,47.76099,,-0.08111,26.20399,68de4da9-9e6d-46c6-87a7-927973b30abe,WBTC-USDC,0.05%,WBTC-USDC (0.05%)
2023-12-25T23:07:06.109Z,927238,31.01651,31.01651,,-0.08025,26.87075,68de4da9-9e6d-46c6-87a7-927973b30abe,WBTC-USDC,0.05%,WBTC-USDC (0.05%)
2023-12-26T23:10:15.232Z,920800,28.69997,28.69997,,-0.0025,45.08966,68de4da9-9e6d-46c6-87a7-927973b30abe,WBTC-USDC,0.05%,WBTC-USDC (0.05%)
2023-12-27T23:06:50.551Z,2242091,21.65524,21.65524,,-0.00074,5.17637,68de4da9-9e6d-46c6-87a7-927973b30abe,WBTC-USDC,0.05%,WBTC-USDC (0.05%)
2023-12-28T23:06:50.446Z,3759774,113.61783,113.61783,,-0.08817,8.50486,68de4da9-9e6d-46c6-87a7-927973b30abe,WBTC-USDC,0.05%,WBTC-USDC (0.05%)
2023-12-29T23:07:12.516Z,1468562,271.24139,271.24139,,-0.18368,27.98443,68de4da9-9e6d-46c6-87a7-927973b30abe,WBTC-USDC,0.05%,WBTC-USDC (0.05%)
2023-12-30T23:07:07.535Z,1496125,76.14748,76.14748,,-0.11359,30.1421,68de4da9-9e6d-46c6-87a7-927973b30abe,WBTC-USDC,0.05%,WBTC-USDC (0.05%)
2023-12-31T23:07:00.868Z,903397,27.66506,27.66506,,-0.02059,93.41176,68de4da9-9e6d-46c6-87a7-927973b30abe,WBTC-USDC,0.05%,WBTC-USDC (0.05%)
2024-01-01T20:09:12.205Z,910266,18.48469,18.48469,,-0.00079,56.52292,68de4da9-9e6d-46c6-87a7-927973b30abe,WBTC-USDC,0.05%,WBTC-USDC (0.05%)
2024-01-02T23:07:13.954Z,968569,49.67646,49.67646,,-0.29993,52.60509,68de4da9-9e6d-46c6-87a7-927973b30abe,WBTC-USDC,0.05%,WBTC-USDC (0.05%)
2024-01-03T23:07:24.956Z,1370836,92.99209,92.99209,,-0.02873,25.10114,68de4da9-9e6d-46c6-87a7-927973b30abe,WBTC-USDC,0.05%,WBTC-USDC (0.05%)
2024-01-04T23:06:33.618Z,983419,79.48524,79.48524,,-0.1338,39.34186,68de4da9-9e6d-46c6-87a7-927973b30abe,WBTC-USDC,0.05%,WBTC-USDC (0.05%)
2024-01-05T23:05:31.423Z,1336024,43.13902,43.13902,,-0.20578,21.6887,68de4da9-9e6d-46c6-87a7-927973b30abe,WBTC-USDC,0.05%,WBTC-USDC (0.05%)
2024-01-06T23:06:19.885Z,1320031,26.09445,26.09445,,-0.1333,18.67899,68de4da9-9e6d-46c6-87a7-927973b30abe,WBTC-USDC,0.05%,WBTC-USDC (0.05%)
2024-01-07T23:06:38.654Z,1324712,83.25742,83.25742,,-0.13594,22.5521,68de4da9-9e6d-46c6-87a7-927973b30abe,WBTC-USDC,0.05%,WBTC-USDC (0.05%)
2024-01-08T23:09:33.169Z,1344432,113.76442,113.76442,,-0.44311,38.8062,68de4da9-9e6d-46c6-87a7-927973b30abe,WBTC-USDC,0.05%,WBTC-USDC (0.05%)
2024-01-09T23:08:59.045Z,4810239,219.18219,219.18219,,-0.06822,6.76258,68de4da9-9e6d-46c6-87a7-927973b30abe,WBTC-USDC,0.05%,WBTC-USDC (0.05%)
2024-01-10T23:09:01.502Z,3836787,188.123,188.123,,-0.75902,11.32861,68de4da9-9e6d-46c6-87a7-927973b30abe,WBTC-USDC,0.05%,WBTC-USDC (0.05%)
2024-01-11T23:07:15.220Z,8744124,190.09882,190.09882,,-0.16772,11.70981,68de4da9-9e6d-46c6-87a7-927973b30abe,WBTC-USDC,0.05%,WBTC-USDC (0.05%)
2024-01-12T23:11:12.945Z,9503132,218.74784,218.74784,,-0.12982,10.98631,68de4da9-9e6d-46c6-87a7-927973b30abe,WBTC-USDC,0.05%,WBTC-USDC (0.05%)
2024-01-13T23:09:05.597Z,6885908,51.38896,51.38896,,-0.02952,44.01067,68de4da9-9e6d-46c6-87a7-927973b30abe,WBTC-USDC,0.05%,WBTC-USDC (0.05%)
2024-01-14T23:07:17.207Z,7365046,113.27376,113.27376,,-0.13375,11.20661,68de4da9-9e6d-46c6-87a7-927973b30abe,WBTC-USDC,0.05%,WBTC-USDC (0.05%)
2024-01-15T23:07:12.962Z,7468519,76.87862,76.87862,,-0.77574,39.29481,68de4da9-9e6d-46c6-87a7-927973b30abe,WBTC-USDC,0.05%,WBTC-USDC (0.05%)
2024-01-16T23:18:59.295Z,5071915,99.16942,99.16942,,-0.3542,70.4403,68de4da9-9e6d-46c6-87a7-927973b30abe,WBTC-USDC,0.05%,WBTC-USDC (0.05%)
2024-01-17T23:07:18.998Z,4616463,45.72291,45.72291,,-0.74026,41.31709,68de4da9-9e6d-46c6-87a7-927973b30abe,WBTC-USDC,0.05%,WBTC-USDC (0.05%)
2024-01-18T23:06:07.871Z,5209302,58.30787,58.30787,,-1.14993,51.07172,68de4da9-9e6d-46c6-87a7-927973b30abe,WBTC-USDC,0.05%,WBTC-USDC (0.05%)
2024-01-19T23:07:00.586Z,5799003,101.7076,101.7076,,-0.03239,25.45328,68de4da9-9e6d-46c6-87a7-927973b30abe,WBTC-USDC,0.05%,WBTC-USDC (0.05%)
2024-01-20T23:10:35.775Z,5818448,14.22299,14.22299,,-0.08245,23.30233,68de4da9-9e6d-46c6-87a7-927973b30abe,WBTC-USDC,0.05%,WBTC-USDC (0.05%)
2024-01-21T23:08:01.297Z,5345211,46.97511,46.97511,,-0.02559,19.0208,68de4da9-9e6d-46c6-87a7-927973b30abe,WBTC-USDC,0.05%,WBTC-USDC (0.05%)
2024-01-22T17:10:54.447Z,5202995,208.05121,208.05121,,-0.23559,11.05807,68de4da9-9e6d-46c6-87a7-927973b30abe,WBTC-USDC,0.05%,WBTC-USDC (0.05%)
2024-01-23T23:07:11.858Z,5423520,108.90365,108.90365,,-0.75983,37.61265,68de4da9-9e6d-46c6-87a7-927973b30abe,WBTC-USDC,0.05%,WBTC-USDC (0.05%)
2024-01-24T23:11:03.590Z,3513172,99.17049,99.17049,,-0.43443,38.79232,68de4da9-9e6d-46c6-87a7-927973b30abe,WBTC-USDC,0.05%,WBTC-USDC (0.05%)
2024-01-25T23:06:34.666Z,3960919,49.81167,49.81167,,-0.10153,28.62607,68de4da9-9e6d-46c6-87a7-927973b30abe,WBTC-USDC,0.05%,WBTC-USDC (0.05%)
2024-01-26T23:04:15.457Z,5173172,64.83227,64.83227,,-0.00259,7.04024,68de4da9-9e6d-46c6-87a7-927973b30abe,WBTC-USDC,0.05%,WBTC-USDC (0.05%)
2024-01-27T23:05:09.470Z,5865629,19.1519,19.1519,,-0.00449,6.57598,68de4da9-9e6d-46c6-87a7-927973b30abe,WBTC-USDC,0.05%,WBTC-USDC (0.05%)
2024-01-28T23:08:29.294Z,3951443,46.35923,46.35923,,-9e-05,25.05444,68de4da9-9e6d-46c6-87a7-927973b30abe,WBTC-USDC,0.05%,WBTC-USDC (0.05%)
2024-01-29T23:05:09.698Z,3646716,77.14106,77.14106,,-0.51175,16.34208,68de4da9-9e6d-46c6-87a7-927973b30abe,WBTC-USDC,0.05%,WBTC-USDC (0.05%)
2024-01-30T23:05:40.727Z,3855407,68.49109,68.49109,,-0.79844,14.44966,68de4da9-9e6d-46c6-87a7-927973b30abe,WBTC-USDC,0.05%,WBTC-USDC (0.05%)
2024-01-31T23:04:52.268Z,3845069,70.48221,70.48221,,-0.41321,17.90231,68de4da9-9e6d-46c6-87a7-927973b30abe,WBTC-USDC,0.05%,WBTC-USDC (0.05%)
2024-02-01T23:06:37.698Z,3864112,39.03338,39.03338,,-0.45874,13.42699,68de4da9-9e6d-46c6-87a7-927973b30abe,WBTC-USDC,0.05%,WBTC-USDC (0.05%)
2024-02-02T23:05:55.942Z,3901550,49.69004,49.69004,,-0.07648,11.53381,68de4da9-9e6d-46c6-87a7-927973b30abe,WBTC-USDC,0.05%,WBTC-USDC (0.05%)
2024-02-03T23:05:14.984Z,3927717,8.11437,8.11437,,-0.04301,10.80468,68de4da9-9e6d-46c6-87a7-927973b30abe,WBTC-USDC,0.05%,WBTC-USDC (0.05%)
2024-02-04T23:06:01.956Z,3878810,14.13919,14.13919,,-0.03621,13.34536,68de4da9-9e6d-46c6-87a7-927973b30abe,WBTC-USDC,0.05%,WBTC-USDC (0.05%)
2024-02-05T23:05:15.428Z,4023377,38.27262,38.27262,,-0.02317,11.9083,68de4da9-9e6d-46c6-87a7-927973b30abe,WBTC-USDC,0.05%,WBTC-USDC (0.05%)
2024-02-06T23:09:35.121Z,4049994,28.02392,28.02392,,-0.00111,7.98583,68de4da9-9e6d-46c6-87a7-927973b30abe,WBTC-USDC,0.05%,WBTC-USDC (0.05%)
2024-02-07T23:06:15.701Z,4040124,39.31753,39.31753,,-0.11403,37.91192,68de4da9-9e6d-46c6-87a7-927973b30abe,WBTC-USDC,0.05%,WBTC-USDC (0.05%)
2024-02-08T23:06:50.845Z,4059399,3.62224,3.62224,,-0.24362,31.51575,68de4da9-9e6d-46c6-87a7-927973b30abe,WBTC-USDC,0.05%,WBTC-USDC (0.05%)
2024-02-09T23:05:37.948Z,6048063,82.54849,82.54849,,-0.73294,57.11426,68de4da9-9e6d-46c6-87a7-927973b30abe,WBTC-USDC,0.05%,WBTC-USDC (0.05%)
2024-02-10T23:05:39.133Z,6030042,51.6935,51.6935,,-0.93641,2.11858,68de4da9-9e6d-46c6-87a7-927973b30abe,WBTC-USDC,0.05%,WBTC-USDC (0.05%)
2024-02-11T23:06:46.984Z,3747781,54.7811,54.7811,,-1.35093,25.32234,68de4da9-9e6d-46c6-87a7-927973b30abe,WBTC-USDC,0.05%,WBTC-USDC (0.05%)
2024-02-12T23:05:02.549Z,5596653,25.17761,25.17761,,-2.3854,4.18688,68de4da9-9e6d-46c6-87a7-927973b30abe,WBTC-USDC,0.05%,WBTC-USDC (0.05%)
2024-02-13T23:06:24.951Z,3561645,80.7942,80.7942,,-1.70029,29.84003,68de4da9-9e6d-46c6-87a7-927973b30abe,WBTC-USDC,0.05%,WBTC-USDC (0.05%)
2024-02-14T23:06:46.992Z,3631959,62.6343,62.6343,,-2.19148,31.93863,68de4da9-9e6d-46c6-87a7-927973b30abe,WBTC-USDC,0.05%,WBTC-USDC (0.05%)
2024-02-15T23:06:44.661Z,6723910,95.98915,95.98915,,-1.59118,7.25078,68de4da9-9e6d-46c6-87a7-927973b30abe,WBTC-USDC,0.05%,WBTC-USDC (0.05%)
2024-02-16T23:06:38.163Z,6770460,83.08628,83.08628,,-0.79834,7.38664,68de4da9-9e6d-46c6-87a7-927973b30abe,WBTC-USDC,0.05%,WBTC-USDC (0.05%)
2024-02-17T23:10:42.416Z,3754621,33.84864,33.84864,,-0.58136,41.66258,68de4da9-9e6d-46c6-87a7-927973b30abe,WBTC-USDC,0.05%,WBTC-USDC (0.05%)
2024-02-18T23:05:50.942Z,6282381,25.29737,25.29737,,-0.57121,94.10692,68de4da9-9e6d-46c6-87a7-927973b30abe,WBTC-USDC,0.05%,WBTC-USDC (0.05%)
2024-02-19T23:07:29.229Z,3730318,17.55258,17.55258,,-0.13696,39.93661,68de4da9-9e6d-46c6-87a7-927973b30abe,WBTC-USDC,0.05%,WBTC-USDC (0.05%)
2024-02-20T23:06:18.023Z,3738947,50.09025,50.09025,,-0.26501,35.91787,68de4da9-9e6d-46c6-87a7-927973b30abe,WBTC-USDC,0.05%,WBTC-USDC (0.05%)
2024-02-21T23:06:18.146Z,3870132,22.73486,22.73486,,-0.00178,31.95776,68de4da9-9e6d-46c6-87a7-927973b30abe,WBTC-USDC,0.05%,WBTC-USDC (0.05%)
2024-02-22T23:06:01.751Z,3849490,18.68462,18.68462,,-0.00279,21.99823,68de4da9-9e6d-46c6-87a7-927973b30abe,WBTC-USDC,0.05%,WBTC-USDC (0.05%)
2024-02-23T23:06:17.859Z,3832494,12.22382,12.22382,,-0.04001,13.09111,68de4da9-9e6d-46c6-87a7-927973b30abe,WBTC-USDC,0.05%,WBTC-USDC (0.05%)
2024-02-24T23:06:49.298Z,3849291,19.88065,19.88065,,-0.00054,13.07109,68de4da9-9e6d-46c6-87a7-927973b30abe,WBTC-USDC,0.05%,WBTC-USDC (0.05%)
2024-02-25T23:07:23.767Z,3851020,15.26135,15.26135,,-0.0054,11.20446,68de4da9-9e6d-46c6-87a7-927973b30abe,WBTC-USDC,0.05%,WBTC-USDC (0.05%)
2024-02-26T23:06:18.232Z,3894209,24.49221,24.49221,,-0.23051,49.32127,68de4da9-9e6d-46c6-87a7-927973b30abe,WBTC-USDC,0.05%,WBTC-USDC (0.05%)
2024-02-27T18:06:58.939Z,5034992,51.82291,51.82291,,-0.89846,13.76326,68de4da9-9e6d-46c6-87a7-927973b30abe,WBTC-USDC,0.05%,WBTC-USDC (0.05%)
2024-02-28T23:06:05.476Z,3597744,71.50955,71.50955,,-2.64431,26.04813,68de4da9-9e6d-46c6-87a7-927973b30abe,WBTC-USDC,0.05%,WBTC-USDC (0.05%)
2024-02-29T23:05:45.229Z,3576731,73.23564,73.23564,,-2.62411,30.73158,68de4da9-9e6d-46c6-87a7-927973b30abe,WBTC-USDC,0.05%,WBTC-USDC (0.05%)
2024-03-01T23:17:37.313Z,3620592,22.94275,22.94275,,-3.9471,32.2853,68de4da9-9e6d-46c6-87a7-927973b30abe,WBTC-USDC,0.05%,WBTC-USDC (0.05%)
2024-03-02T23:06:52.058Z,3606976,13.32403,13.32403,,-2.9732,28.06316,68de4da9-9e6d-46c6-87a7-927973b30abe,WBTC-USDC,0.05%,WBTC-USDC (0.05%)
2024-03-03T23:06:40.614Z,3629371,8.98415,8.98415,,-3.22717,30.4756,68de4da9-9e6d-46c6-87a7-927973b30abe,WBTC-USDC,0.05%,WBTC-USDC (0.05%)
2024-03-04T16:08:19.713Z,3747041,23.06112,23.06112,,-4.39082,34.45812,68de4da9-9e6d-46c6-87a7-927973b30abe,WBTC-USDC,0.05%,WBTC-USDC (0.05%)
2024-03-05T23:09:35.618Z,6836459,234.15283,234.15283,,-1.16734,94.70242,68de4da9-9e6d-46c6-87a7-927973b30abe,WBTC-USDC,0.05%,WBTC-USDC (0.05%)
2024-03-06T23:10:40.939Z,9401708,149.79459,149.79459,,-0.57374,12.42142,68de4da9-9e6d-46c6-87a7-927973b30abe,WBTC-USDC,0.05%,WBTC-USDC (0.05%)
2024-03-07T23:08:37.630Z,7462084,115.18965,115.18965,,-0.83305,14.92424,68de4da9-9e6d-46c6-87a7-927973b30abe,WBTC-USDC,0.05%,WBTC-USDC (0.05%)
2024-03-08T23:10:29.235Z,2646619,58.03403,58.03403,,-0.6921,78.45639,68de4da9-9e6d-46c6-87a7-927973b30abe,WBTC-USDC,0.05%,WBTC-USDC (0.05%)
2024-03-09T23:06:09.015Z,2519566,64.05865,64.05865,,-0.84184,231.34683,68de4da9-9e6d-46c6-87a7-927973b30abe,WBTC-USDC,0.05%,WBTC-USDC (0.05%)
2024-03-10T23:06:40.936Z,3720160,28.06679,28.06679,,-0.65799,219.6406,68de4da9-9e6d-46c6-87a7-927973b30abe,WBTC-USDC,0.05%,WBTC-USDC (0.05%)
2024-03-11T23:06:52.906Z,4604485,209.79342,209.79342,,-0.35285,11.49075,68de4da9-9e6d-46c6-87a7-927973b30abe,WBTC-USDC,0.05%,WBTC-USDC (0.05%)
2024-03-12T23:10:20.950Z,5046068,137.47324,137.47324,,-1.14539,67.00023,68de4da9-9e6d-46c6-87a7-927973b30abe,WBTC-USDC,0.05%,WBTC-USDC (0.05%)
2024-03-13T23:08:48.259Z,2205736,76.44146,76.44146,,-0.75824,53.72931,68de4da9-9e6d-46c6-87a7-927973b30abe,WBTC-USDC,0.05%,WBTC-USDC (0.05%)
2024-03-14T23:06:36.382Z,2095904,130.71321,130.71321,,-0.24711,47.05708,68de4da9-9e6d-46c6-87a7-927973b30abe,WBTC-USDC,0.05%,WBTC-USDC (0.05%)
2024-03-15T23:06:18.153Z,4905175,116.20188,116.20188,,-0.00027,159.18654,68de4da9-9e6d-46c6-87a7-927973b30abe,WBTC-USDC,0.05%,WBTC-USDC (0.05%)
2024-03-16T23:06:22.227Z,2044827,38.31552,38.31552,,-0.08931,155.25176,68de4da9-9e6d-46c6-87a7-927973b30abe,WBTC-USDC,0.05%,WBTC-USDC (0.05%)
2024-03-17T23:07:05.204Z,2087636,44.42247,44.42247,,-0.00022,150.50393,68de4da9-9e6d-46c6-87a7-927973b30abe,WBTC-USDC,0.05%,WBTC-USDC (0.05%)
2024-03-18T23:06:48.795Z,2058701,32.54218,32.54218,,-0.49606,104.43754,68de4da9-9e6d-46c6-87a7-927973b30abe,WBTC-USDC,0.05%,WBTC-USDC (0.05%)
2024-03-19T23:08:07.108Z,1946906,32.58769,32.58769,,-1.41462,132.42336,68de4da9-9e6d-46c6-87a7-927973b30abe,WBTC-USDC,0.05%,WBTC-USDC (0.05%)
2024-03-20T05:06:04.695Z,1925642,32.72468,32.72468,,-2.16461,127.2551,68de4da9-9e6d-46c6-87a7-927973b30abe,WBTC-USDC,0.05%,WBTC-USDC (0.05%)
2024-03-22T23:10:30.941Z,2005382,26.48012,26.48012,,-0.65051,45.65975,68de4da9-9e6d-46c6-87a7-927973b30abe,WBTC-USDC,0.05%,WBTC-USDC (0.05%)
2024-03-23T23:06:25.980Z,2644539,23.87479,23.87479,,-0.04483,24.75054,68de4da9-9e6d-46c6-87a7-927973b30abe,WBTC-USDC,0.05%,WBTC-USDC (0.05%)
2024-03-24T23:06:50.075Z,2903376,18.01754,18.01754,,-0.04,15.58134,68de4da9-9e6d-46c6-87a7-927973b30abe,WBTC-USDC,0.05%,WBTC-USDC (0.05%)
2024-03-25T23:10:43.779Z,2995494,76.42565,76.42565,,-0.16376,9.42475,68de4da9-9e6d-46c6-87a7-927973b30abe,WBTC-USDC,0.05%,WBTC-USDC (0.05%)
2024-03-26T23:07:00.826Z,3001173,67.10968,67.10968,,-1.10032,11.51074,68de4da9-9e6d-46c6-87a7-927973b30abe,WBTC-USDC,0.05%,WBTC-USDC (0.05%)
2024-03-27T23:06:41.128Z,2985366,48.79295,48.79295,,-0.05227,13.21092,68de4da9-9e6d-46c6-87a7-927973b30abe,WBTC-USDC,0.05%,WBTC-USDC (0.05%)
2024-03-28T23:06:58.232Z,3115916,53.30059,53.30059,,-0.52589,13.26026,68de4da9-9e6d-46c6-87a7-927973b30abe,WBTC-USDC,0.05%,WBTC-USDC (0.05%)
2024-03-29T23:07:13.982Z,3023802,48.5934,48.5934,,-0.89953,15.06895,68de4da9-9e6d-46c6-87a7-927973b30abe,WBTC-USDC,0.05%,WBTC-USDC (0.05%)
2024-03-30T23:11:05.293Z,4222230,55.05076,55.05076,,-0.48551,1.16311,68de4da9-9e6d-46c6-87a7-927973b30abe,WBTC-USDC,0.05%,WBTC-USDC (0.05%)
2024-03-31T23:06:56.727Z,2349309,61.04973,61.04973,,-0.32415,21.85553,68de4da9-9e6d-46c6-87a7-927973b30abe,WBTC-USDC,0.05%,WBTC-USDC (0.05%)
2024-04-01T23:07:36.143Z,2346130,70.43452,70.43452,,-0.00914,20.58189,68de4da9-9e6d-46c6-87a7-927973b30abe,WBTC-USDC,0.05%,WBTC-USDC (0.05%)
2024-04-02T23:09:31.240Z,2258080,55.06245,55.06245,,-0.34749,85.90873,68de4da9-9e6d-46c6-87a7-927973b30abe,WBTC-USDC,0.05%,WBTC-USDC (0.05%)
2024-04-03T23:06:32.849Z,2333289,26.04394,26.04394,,-0.18548,49.07214,68de4da9-9e6d-46c6-87a7-927973b30abe,WBTC-USDC,0.05%,WBTC-USDC (0.05%)
2024-04-04T22:07:48.696Z,2422595,23.8832,23.8832,,-0.17145,40.10341,68de4da9-9e6d-46c6-87a7-927973b30abe,WBTC-USDC,0.05%,WBTC-USDC (0.05%)
2024-04-05T23:07:14.093Z,2441374,49.96162,49.96162,,-0.06029,38.93331,68de4da9-9e6d-46c6-87a7-927973b30abe,WBTC-USDC,0.05%,WBTC-USDC (0.05%)
2024-04-06T23:08:06.703Z,2472103,9.01636,9.01636,,-0.01419,29.55818,68de4da9-9e6d-46c6-87a7-927973b30abe,WBTC-USDC,0.05%,WBTC-USDC (0.05%)
2024-04-07T23:06:47.143Z,2478100,45.42648,45.42648,,-0.05127,11.98354,68de4da9-9e6d-46c6-87a7-927973b30abe,WBTC-USDC,0.05%,WBTC-USDC (0.05%)
2024-04-08T23:11:16.179Z,2643756,90.44368,90.44368,,-0.07184,12.12833,68de4da9-9e6d-46c6-87a7-927973b30abe,WBTC-USDC,0.05%,WBTC-USDC (0.05%)
2024-04-09T22:07:01.656Z,2586992,56.38597,56.38597,,-0.25062,13.50815,68de4da9-9e6d-46c6-87a7-927973b30abe,WBTC-USDC,0.05%,WBTC-USDC (0.05%)
2024-04-10T22:08:25.417Z,2436837,35.25079,35.25079,,-0.34048,13.07951,68de4da9-9e6d-46c6-87a7-927973b30abe,WBTC-USDC,0.05%,WBTC-USDC (0.05%)
2024-04-11T19:14:17.156Z,2718502,68.48339,68.48339,,-0.03141,13.51902,68de4da9-9e6d-46c6-87a7-927973b30abe,WBTC-USDC,0.05%,WBTC-USDC (0.05%)
2024-04-12T23:06:22.355Z,2319913,67.67915,67.67915,,-0.01005,47.70506,68de4da9-9e6d-46c6-87a7-927973b30abe,WBTC-USDC,0.05%,WBTC-USDC (0.05%)
2024-04-13T23:06:48.793Z,2289522,93.80803,93.80803,,-0.40992,108.10252,68de4da9-9e6d-46c6-87a7-927973b30abe,WBTC-USDC,0.05%,WBTC-USDC (0.05%)
2024-04-14T23:07:49.586Z,1883450,35.95078,35.95078,,-0.30415,93.36879,68de4da9-9e6d-46c6-87a7-927973b30abe,WBTC-USDC,0.05%,WBTC-USDC (0.05%)
2024-04-15T23:06:38.381Z,1773399,52.11893,52.11893,,-1.30349,90.88188,68de4da9-9e6d-46c6-87a7-927973b30abe,WBTC-USDC,0.05%,WBTC-USDC (0.05%)
2024-04-16T23:07:29.823Z,1909942,25.9551,25.9551,,-0.58306,71.70126,68de4da9-9e6d-46c6-87a7-927973b30abe,WBTC-USDC,0.05%,WBTC-USDC (0.05%)
2024-04-17T23:08:32.352Z,1863575,19.18867,19.18867,,-1.62199,81.81792,68de4da9-9e6d-46c6-87a7-927973b30abe,WBTC-USDC,0.05%,WBTC-USDC (0.05%)
2024-04-18T23:06:39.133Z,1936344,23.04298,23.04298,,-1.05017,66.38686,68de4da9-9e6d-46c6-87a7-927973b30abe,WBTC-USDC,0.05%,WBTC-USDC (0.05%)
2024-04-19T23:07:26.949Z,2067028,40.59236,40.59236,,-0.17012,34.77424,68de4da9-9e6d-46c6-87a7-927973b30abe,WBTC-USDC,0.05%,WBTC-USDC (0.05%)
2024-04-20T23:06:48.269Z,2081396,20.72507,20.72507,,-0.00653,24.4596,68de4da9-9e6d-46c6-87a7-927973b30abe,WBTC-USDC,0.05%,WBTC-USDC (0.05%)
2024-04-21T23:06:49.985Z,2089889,23.14885,23.14885,,-0.00132,23.27113,68de4da9-9e6d-46c6-87a7-927973b30abe,WBTC-USDC,0.05%,WBTC-USDC (0.05%)
2024-04-22T23:06:42.745Z,2129897,11.57092,11.57092,,-0.2666,18.6956,68de4da9-9e6d-46c6-87a7-927973b30abe,WBTC-USDC,0.05%,WBTC-USDC (0.05%)
2024-04-23T23:11:15.236Z,2087872,14.30036,14.30036,,-0.13919,17.99226,68de4da9-9e6d-46c6-87a7-927973b30abe,WBTC-USDC,0.05%,WBTC-USDC (0.05%)
2024-04-24T23:07:21.272Z,1391387,20.32795,20.32795,,-0.1456,19.99464,68de4da9-9e6d-46c6-87a7-927973b30abe,WBTC-USDC,0.05%,WBTC-USDC (0.05%)
2024-04-25T23:08:10.123Z,1399902,23.50778,23.50778,,-0.0592,19.15091,68de4da9-9e6d-46c6-87a7-927973b30abe,WBTC-USDC,0.05%,WBTC-USDC (0.05%)
2024-04-26T13:07:22.191Z,1394679,23.53815,23.53815,,-0.0109,16.14972,68de4da9-9e6d-46c6-87a7-927973b30abe,WBTC-USDC,0.05%,WBTC-USDC (0.05%)
2024-04-29T23:07:09.311Z,1321889,16.0687,16.0687,,-0.23127,14.88304,68de4da9-9e6d-46c6-87a7-927973b30abe,WBTC-USDC,0.05%,WBTC-USDC (0.05%)
2024-04-30T23:06:46.193Z,1270752,34.39764,34.39764,,-0.70928,35.78408,68de4da9-9e6d-46c6-87a7-927973b30abe,WBTC-USDC,0.05%,WBTC-USDC (0.05%)
2024-05-01T23:07:14.374Z,3068532,7.53122,7.53122,,-0.88841,221.98801,68de4da9-9e6d-46c6-87a7-927973b30abe,WBTC-USDC,0.05%,WBTC-USDC (0.05%)
2024-05-02T23:10:20.807Z,3090324,1.53156,1.53156,,-0.63003,190.54188,68de4da9-9e6d-46c6-87a7-927973b30abe,WBTC-USDC,0.05%,WBTC-USDC (0.05%)
2024-05-03T23:06:28.171Z,865491,5.25047,5.25047,,-0.02663,24.9231,68de4da9-9e6d-46c6-87a7-927973b30abe,WBTC-USDC,0.05%,WBTC-USDC (0.05%)
2024-05-04T23:10:17.970Z,7580920,32.19255,32.19255,,-0.00236,1.05074,68de4da9-9e6d-46c6-87a7-927973b30abe,WBTC-USDC,0.05%,WBTC-USDC (0.05%)
2024-05-05T23:10:22.821Z,7593686,39.6772,39.6772,,-0.00467,1.87034,68de4da9-9e6d-46c6-87a7-927973b30abe,WBTC-USDC,0.05%,WBTC-USDC (0.05%)
2024-05-06T23:07:25.137Z,894744,84.06662,84.06662,,-0.00364,72.12222,68de4da9-9e6d-46c6-87a7-927973b30abe,WBTC-USDC,0.05%,WBTC-USDC (0.05%)
2024-05-07T23:07:15.709Z,883034,12.16498,12.16498,,-0.12318,97.66212,68de4da9-9e6d-46c6-87a7-927973b30abe,WBTC-USDC,0.05%,WBTC-USDC (0.05%)
2024-05-08T23:07:05.270Z,861689,12.59702,12.59702,,-0.29378,683.55659,68de4da9-9e6d-46c6-87a7-927973b30abe,WBTC-USDC,0.05%,WBTC-USDC (0.05%)
2024-05-09T23:07:06.424Z,887217,6.15715,6.15715,,-0.34639,72.89282,68de4da9-9e6d-46c6-87a7-927973b30abe,WBTC-USDC,0.05%,WBTC-USDC (0.05%)
2024-05-10T23:07:53.846Z,851477,7.31739,7.31739,,-0.08657,685.73136,68de4da9-9e6d-46c6-87a7-927973b30abe,WBTC-USDC,0.05%,WBTC-USDC (0.05%)
2024-05-11T23:12:13.634Z,853389,0.13284,0.13284,,-0.16618,429.86045,68de4da9-9e6d-46c6-87a7-927973b30abe,WBTC-USDC,0.05%,WBTC-USDC (0.05%)
2024-05-12T23:07:15.883Z,850996,0.22503,0.22503,,-0.12996,113.93524,68de4da9-9e6d-46c6-87a7-927973b30abe,WBTC-USDC,0.05%,WBTC-USDC (0.05%)
2024-05-13T23:07:52.787Z,5755564,1.41576,1.41576,,-0.00661,6.2967,68de4da9-9e6d-46c6-87a7-927973b30abe,WBTC-USDC,0.05%,WBTC-USDC (0.05%)
2024-05-14T23:10:34.296Z,5743082,0.93043,0.93043,,-0.01373,29.30253,68de4da9-9e6d-46c6-87a7-927973b30abe,WBTC-USDC,0.05%,WBTC-USDC (0.05%)
2024-05-15T20:13:05.101Z,5790185,3.20446,3.20446,,-0.28774,6.79276,68de4da9-9e6d-46c6-87a7-927973b30abe,WBTC-USDC,0.05%,WBTC-USDC (0.05%)
2024-05-16T23:10:45.333Z,821221,35.11816,35.11816,,-0.10995,9.18541,68de4da9-9e6d-46c6-87a7-927973b30abe,WBTC-USDC,0.05%,WBTC-USDC (0.05%)
2024-05-17T23:06:59.585Z,834030,10.78616,10.78616,,-0.75412,9.43463,68de4da9-9e6d-46c6-87a7-927973b30abe,WBTC-USDC,0.05%,WBTC-USDC (0.05%)
2024-05-18T23:08:23.111Z,924808,20.7485,20.7485,,-0.78443,8.66712,68de4da9-9e6d-46c6-87a7-927973b30abe,WBTC-USDC,0.05%,WBTC-USDC (0.05%)
2024-05-19T23:11:51.752Z,920140,29.1102,29.1102,,-0.53975,15.38229,68de4da9-9e6d-46c6-87a7-927973b30abe,WBTC-USDC,0.05%,WBTC-USDC (0.05%)
2024-05-20T23:06:46.099Z,952585,119.80924,119.80924,,-0.99429,5.35814,68de4da9-9e6d-46c6-87a7-927973b30abe,WBTC-USDC,0.05%,WBTC-USDC (0.05%)
2024-05-21T23:07:55.327Z,891571,147.67045,147.67045,,-1.50248,9.08834,68de4da9-9e6d-46c6-87a7-927973b30abe,WBTC-USDC,0.05%,WBTC-USDC (0.05%)
2024-05-22T23:08:18.010Z,819636,154.83526,154.83526,,-0.19225,11.53031,68de4da9-9e6d-46c6-87a7-927973b30abe,WBTC-USDC,0.05%,WBTC-USDC (0.05%)
2024-05-23T23:09:05.085Z,2831638,23.51408,23.51408,,-0.11615,75.84506,68de4da9-9e6d-46c6-87a7-927973b30abe,WBTC-USDC,0.05%,WBTC-USDC (0.05%)
2024-05-24T23:07:09.072Z,2895834,4.57731,4.57731,,-0.08771,41.49575,68de4da9-9e6d-46c6-87a7-927973b30abe,WBTC-USDC,0.05%,WBTC-USDC (0.05%)
2024-05-25T19:07:15.805Z,2846343,12.91711,12.91711,,-0.11205,12.45614,68de4da9-9e6d-46c6-87a7-927973b30abe,WBTC-USDC,0.05%,WBTC-USDC (0.05%)
2024-05-26T22:06:48.989Z,3120471,33.86922,33.86922,,-0.10487,8.75869,68de4da9-9e6d-46c6-87a7-927973b30abe,WBTC-USDC,0.05%,WBTC-USDC (0.05%)
2024-05-27T23:07:18.501Z,3164223,53.44563,53.44563,,-0.00166,8.13995,68de4da9-9e6d-46c6-87a7-927973b30abe,WBTC-USDC,0.05%,WBTC-USDC (0.05%)
2024-05-28T23:07:11.848Z,2824672,14.77132,14.77132,,-0.04904,57.78906,68de4da9-9e6d-46c6-87a7-927973b30abe,WBTC-USDC,0.05%,WBTC-USDC (0.05%)
2024-05-29T23:07:23.642Z,2781927,2.34294,2.34294,,-0.05812,90.71195,68de4da9-9e6d-46c6-87a7-927973b30abe,WBTC-USDC,0.05%,WBTC-USDC (0.05%)
2024-05-30T23:07:01.039Z,2811237,4.5764,4.5764,,-0.00341,39.93146,68de4da9-9e6d-46c6-87a7-927973b30abe,WBTC-USDC,0.05%,WBTC-USDC (0.05%)
2024-05-31T23:07:24.247Z,2784517,3.08887,3.08887,,-0.02948,78.63355,68de4da9-9e6d-46c6-87a7-927973b30abe,WBTC-USDC,0.05%,WBTC-USDC (0.05%)
2024-06-01T23:07:14.732Z,2792353,0.65364,0.65364,,-0.03429,71.92091,68de4da9-9e6d-46c6-87a7-927973b30abe,WBTC-USDC,0.05%,WBTC-USDC (0.05%)
2024-06-02T23:07:44.651Z,2796059,0.86732,0.86732,,-0.00962,50.03098,68de4da9-9e6d-46c6-87a7-927973b30abe,WBTC-USDC,0.05%,WBTC-USDC (0.05%)
2024-06-03T23:06:42.409Z,2852471,22.64857,22.64857,,-0.00354,3.34352,68de4da9-9e6d-46c6-87a7-927973b30abe,WBTC-USDC,0.05%,WBTC-USDC (0.05%)
2024-06-04T23:10:41.602Z,2918202,37.39487,37.39487,,-0.07501,4.86988,68de4da9-9e6d-46c6-87a7-927973b30abe,WBTC-USDC,0.05%,WBTC-USDC (0.05%)
2024-06-05T23:05:21.847Z,2975586,53.41923,53.41923,,-0.25371,8.0556,68de4da9-9e6d-46c6-87a7-927973b30abe,WBTC-USDC,0.05%,WBTC-USDC (0.05%)
2024-06-06T23:06:32.130Z,2935666,13.28719,13.28719,,-0.13025,9.06722,68de4da9-9e6d-46c6-87a7-927973b30abe,WBTC-USDC,0.05%,WBTC-USDC (0.05%)
2024-06-07T23:07:10.354Z,1285508,98.94883,98.94883,,-0.06574,10.42511,68de4da9-9e6d-46c6-87a7-927973b30abe,WBTC-USDC,0.05%,WBTC-USDC (0.05%)
2024-06-08T23:06:54.391Z,1192572,46.50405,46.50405,,-0.04759,12.28259,68de4da9-9e6d-46c6-87a7-927973b30abe,WBTC-USDC,0.05%,WBTC-USDC (0.05%)
2024-06-09T23:06:51.794Z,1394409,23.74713,23.74713,,-0.06342,11.3114,68de4da9-9e6d-46c6-87a7-927973b30abe,WBTC-USDC,0.05%,WBTC-USDC (0.05%)
2024-06-10T23:09:24.578Z,1394249,31.0813,31.0813,,-0.00457,10.91127,68de4da9-9e6d-46c6-87a7-927973b30abe,WBTC-USDC,0.05%,WBTC-USDC (0.05%)
2024-06-11T23:06:59.683Z,1373234,59.71998,59.71998,,-0.17883,20.1848,68de4da9-9e6d-46c6-87a7-927973b30abe,WBTC-USDC,0.05%,WBTC-USDC (0.05%)
2024-06-12T23:10:01.430Z,1174575,69.15081,69.15081,,-0.15251,37.6259,68de4da9-9e6d-46c6-87a7-927973b30abe,WBTC-USDC,0.05%,WBTC-USDC (0.05%)
2024-06-13T23:05:40.386Z,2158268,112.66604,112.66604,,-0.31252,43.92939,68de4da9-9e6d-46c6-87a7-927973b30abe,WBTC-USDC,0.05%,WBTC-USDC (0.05%)
2024-06-14T23:04:55.515Z,2144496,86.13434,86.13434,,-0.21893,48.03243,68de4da9-9e6d-46c6-87a7-927973b30abe,WBTC-USDC,0.05%,WBTC-USDC (0.05%)
2024-06-15T23:03:56.553Z,2151960,44.36341,44.36341,,-0.17813,50.51453,68de4da9-9e6d-46c6-87a7-927973b30abe,WBTC-USDC,0.05%,WBTC-USDC (0.05%)
2024-06-16T23:05:13.049Z,2416901,57.5237,57.5237,,-0.15822,51.2204,68de4da9-9e6d-46c6-87a7-927973b30abe,WBTC-USDC,0.05%,WBTC-USDC (0.05%)
2024-06-17T23:05:12.408Z,2792097,92.81517,92.81517,,-0.15007,55.34934,68de4da9-9e6d-46c6-87a7-927973b30abe,WBTC-USDC,0.05%,WBTC-USDC (0.05%)
2024-06-18T23:04:42.537Z,605482,99.82022,99.82022,,-0.08613,250.16042,68de4da9-9e6d-46c6-87a7-927973b30abe,WBTC-USDC,0.05%,WBTC-USDC (0.05%)
2024-06-19T23:09:55.401Z,605441,27.01086,27.01086,,-0.20077,102.38376,68de4da9-9e6d-46c6-87a7-927973b30abe,WBTC-USDC,0.05%,WBTC-USDC (0.05%)
2024-06-20T23:08:55.144Z,605160,22.66154,22.66154,,-0.06622,79.03473,68de4da9-9e6d-46c6-87a7-927973b30abe,WBTC-USDC,0.05%,WBTC-USDC (0.05%)
2024-06-21T23:10:01.151Z,573016,22.29229,22.29229,,-0.0704,67.46325,68de4da9-9e6d-46c6-87a7-927973b30abe,WBTC-USDC,0.05%,WBTC-USDC (0.05%)
2024-06-22T23:09:25.874Z,573985,6.04015,6.04015,,-0.09191,56.98007,68de4da9-9e6d-46c6-87a7-927973b30abe,WBTC-USDC,0.05%,WBTC-USDC (0.05%)
2024-06-23T23:07:58.487Z,565182,8.45154,8.45154,,-0.20717,43.89081,68de4da9-9e6d-46c6-87a7-927973b30abe,WBTC-USDC,0.05%,WBTC-USDC (0.05%)
2024-06-24T23:10:12.153Z,570688,112.064,112.064,,-0.9235,20.67399,68de4da9-9e6d-46c6-87a7-927973b30abe,WBTC-USDC,0.05%,WBTC-USDC (0.05%)
2024-06-25T11:08:17.679Z,578029,47.25199,47.25199,,-0.36212,18.07425,68de4da9-9e6d-46c6-87a7-927973b30abe,WBTC-USDC,0.05%,WBTC-USDC (0.05%)
2024-06-26T23:08:40.285Z,558216,14.22376,14.22376,,-0.36708,14.93332,68de4da9-9e6d-46c6-87a7-927973b30abe,WBTC-USDC,0.05%,WBTC-USDC (0.05%)
2024-06-27T23:09:19.746Z,562644,29.21765,29.21765,,-0.23952,15.20566,68de4da9-9e6d-46c6-87a7-927973b30abe,WBTC-USDC,0.05%,WBTC-USDC (0.05%)
2024-06-28T23:09:24.378Z,553897,15.86129,15.86129,,-0.3301,15.61765,68de4da9-9e6d-46c6-87a7-927973b30abe,WBTC-USDC,0.05%,WBTC-USDC (0.05%)
2024-06-29T23:09:36.636Z,558171,26.59609,26.59609,,-0.23408,16.21836,68de4da9-9e6d-46c6-87a7-927973b30abe,WBTC-USDC,0.05%,WBTC-USDC (0.05%)
2024-06-30T23:10:39.792Z,568894,11.85717,11.85717,,-0.01247,15.03028,68de4da9-9e6d-46c6-87a7-927973b30abe,WBTC-USDC,0.05%,WBTC-USDC (0.05%)
2024-07-01T23:08:38.088Z,569154,14.37246,14.37246,,-0.17884,8.60114,68de4da9-9e6d-46c6-87a7-927973b30abe,WBTC-USDC,0.05%,WBTC-USDC (0.05%)
2024-07-02T23:11:06.168Z,623869,13.96252,13.96252,,-0.00015,7.14196,68de4da9-9e6d-46c6-87a7-927973b30abe,WBTC-USDC,0.05%,WBTC-USDC (0.05%)
2024-07-03T23:10:33.499Z,1259167,117.44664,117.44664,,-0.01327,2.99943,68de4da9-9e6d-46c6-87a7-927973b30abe,WBTC-USDC,0.05%,WBTC-USDC (0.05%)
2024-07-04T23:09:07.203Z,765220,91.13101,91.13101,,-0.3425,29.94301,68de4da9-9e6d-46c6-87a7-927973b30abe,WBTC-USDC,0.05%,WBTC-USDC (0.05%)
2024-07-05T23:09:04.908Z,734653,83.60745,83.60745,,-0.33133,31.01316,68de4da9-9e6d-46c6-87a7-927973b30abe,WBTC-USDC,0.05%,WBTC-USDC (0.05%)
2024-07-06T23:10:16.981Z,748250,33.2392,33.2392,,-0.20271,33.95288,68de4da9-9e6d-46c6-87a7-927973b30abe,WBTC-USDC,0.05%,WBTC-USDC (0.05%)
2024-07-07T23:09:14.896Z,736596,38.24826,38.24826,,-1.01553,32.65919,68de4da9-9e6d-46c6-87a7-927973b30abe,WBTC-USDC,0.05%,WBTC-USDC (0.05%)
2024-07-08T23:10:43.961Z,739828,53.63668,53.63668,,-0.95413,35.50268,68de4da9-9e6d-46c6-87a7-927973b30abe,WBTC-USDC,0.05%,WBTC-USDC (0.05%)
2024-07-09T23:10:58.840Z,1025241,41.76434,41.76434,,-0.39217,25.24817,68de4da9-9e6d-46c6-87a7-927973b30abe,WBTC-USDC,0.05%,WBTC-USDC (0.05%)
2024-07-10T23:10:06.777Z,1023921,27.56422,27.56422,,-0.15299,17.95335,68de4da9-9e6d-46c6-87a7-927973b30abe,WBTC-USDC,0.05%,WBTC-USDC (0.05%)
2024-07-11T23:09:36.316Z,884625,37.90891,37.90891,,-0.00681,18.04004,68de4da9-9e6d-46c6-87a7-927973b30abe,WBTC-USDC,0.05%,WBTC-USDC (0.05%)
2024-07-12T23:11:48.495Z,890082,34.79768,34.79768,,-0.03976,16.68878,68de4da9-9e6d-46c6-87a7-927973b30abe,WBTC-USDC,0.05%,WBTC-USDC (0.05%)
2024-07-13T23:08:37.883Z,905790,19.65632,19.65632,,-0.03408,15.92095,68de4da9-9e6d-46c6-87a7-927973b30abe,WBTC-USDC,0.05%,WBTC-USDC (0.05%)
2024-07-14T23:10:17.497Z,886697,38.53284,38.53284,,-0.50366,15.73456,68de4da9-9e6d-46c6-87a7-927973b30abe,WBTC-USDC,0.05%,WBTC-USDC (0.05%)
2024-07-15T23:12:28.045Z,909520,36.69922,36.69922,,-1.43087,26.43435,68de4da9-9e6d-46c6-87a7-927973b30abe,WBTC-USDC,0.05%,WBTC-USDC (0.05%)
2024-07-16T23:12:01.924Z,616950,31.56451,31.56451,,-1.03826,22.45685,68de4da9-9e6d-46c6-87a7-927973b30abe,WBTC-USDC,0.05%,WBTC-USDC (0.05%)
2024-07-17T23:10:48.959Z,615581,17.67174,17.67174,,-1.01328,20.53209,68de4da9-9e6d-46c6-87a7-927973b30abe,WBTC-USDC,0.05%,WBTC-USDC (0.05%)
2024-07-18T23:10:27.771Z,7939709,8.7319,8.7319,,-1.07182,0.32982,68de4da9-9e6d-46c6-87a7-927973b30abe,WBTC-USDC,0.05%,WBTC-USDC (0.05%)
2024-07-19T23:28:48.339Z,8667671,124.01755,124.01755,,-1.81765,86.17529,68de4da9-9e6d-46c6-87a7-927973b30abe,WBTC-USDC,0.05%,WBTC-USDC (0.05%)
2024-07-20T23:09:45.361Z,8680254,30.01185,30.01185,,-1.36729,132.34053,68de4da9-9e6d-46c6-87a7-927973b30abe,WBTC-USDC,0.05%,WBTC-USDC (0.05%)
2024-07-21T20:12:43.603Z,8690325,20.51706,20.51706,,-1.15341,140.70748,68de4da9-9e6d-46c6-87a7-927973b30abe,WBTC-USDC,0.05%,WBTC-USDC (0.05%)
2024-07-22T22:13:22.945Z,1179317,13.70266,13.70266,,-0.32012,139.25886,68de4da9-9e6d-46c6-87a7-927973b30abe,WBTC-USDC,0.05%,WBTC-USDC (0.05%)
2024-07-23T23:10:04.616Z,652608,26.71396,26.71396,,-0.05552,173.35684,68de4da9-9e6d-46c6-87a7-927973b30abe,WBTC-USDC,0.05%,WBTC-USDC (0.05%)
2024-07-24T23:13:23.622Z,658728,23.91358,23.91358,,-0.02326,168.8386,68de4da9-9e6d-46c6-87a7-927973b30abe,WBTC-USDC,0.05%,WBTC-USDC (0.05%)
2024-07-25T23:09:42.609Z,660850,35.65352,35.65352,,-0.05316,163.52979,68de4da9-9e6d-46c6-87a7-927973b30abe,WBTC-USDC,0.05%,WBTC-USDC (0.05%)
2024-07-26T23:11:09.196Z,670693,30.79298,30.79298,,-0.02209,51.77016,68de4da9-9e6d-46c6-87a7-927973b30abe,WBTC-USDC,0.05%,WBTC-USDC (0.05%)
2024-07-27T23:14:39.013Z,669718,33.15543,33.15543,,-0.03018,28.9171,68de4da9-9e6d-46c6-87a7-927973b30abe,WBTC-USDC,0.05%,WBTC-USDC (0.05%)
2024-07-28T23:11:57.130Z,2682594,35.61911,35.61911,,-0.00074,3.00122,68de4da9-9e6d-46c6-87a7-927973b30abe,WBTC-USDC,0.05%,WBTC-USDC (0.05%)
2024-07-29T23:08:22.680Z,2684060,50.2884,50.2884,,-0.00138,4.71772,68de4da9-9e6d-46c6-87a7-927973b30abe,WBTC-USDC,0.05%,WBTC-USDC (0.05%)
2024-07-30T23:14:59.362Z,2762412,59.61794,59.61794,,-0.00138,6.913,68de4da9-9e6d-46c6-87a7-927973b30abe,WBTC-USDC,0.05%,WBTC-USDC (0.05%)
2024-07-31T23:12:13.929Z,2749180,78.72241,78.72241,,-0.00184,6.8883,68de4da9-9e6d-46c6-87a7-927973b30abe,WBTC-USDC,0.05%,WBTC-USDC (0.05%)
2024-08-01T23:12:07.479Z,2679223,138.91836,138.91836,,-0.00427,14.96034,68de4da9-9e6d-46c6-87a7-927973b30abe,WBTC-USDC,0.05%,WBTC-USDC (0.05%)
2024-08-02T23:12:14.933Z,2631424,203.47176,203.47176,,-0.84946,23.5961,68de4da9-9e6d-46c6-87a7-927973b30abe,WBTC-USDC,0.05%,WBTC-USDC (0.05%)
2024-08-03T23:10:39.989Z,2739696,146.81182,146.81182,,-1.26821,27.53076,68de4da9-9e6d-46c6-87a7-927973b30abe,WBTC-USDC,0.05%,WBTC-USDC (0.05%)
2024-08-04T23:10:50.135Z,2666782,49.44313,49.44313,,-1.85129,142.21361,68de4da9-9e6d-46c6-87a7-927973b30abe,WBTC-USDC,0.05%,WBTC-USDC (0.05%)
2024-08-05T23:10:11.441Z,2406875,40.17573,40.17573,,-3.87101,345.51979,68de4da9-9e6d-46c6-87a7-927973b30abe,WBTC-USDC,0.05%,WBTC-USDC (0.05%)
2024-08-06T23:12:01.113Z,2380934,16.81256,16.81256,,-2.36048,290.21516,68de4da9-9e6d-46c6-87a7-927973b30abe,WBTC-USDC,0.05%,WBTC-USDC (0.05%)
2024-08-07T23:12:22.744Z,2342813,35.86966,35.86966,,-2.23233,297.75306,68de4da9-9e6d-46c6-87a7-927973b30abe,WBTC-USDC,0.05%,WBTC-USDC (0.05%)
2024-08-08T23:11:16.465Z,2623185,70.97325,70.97325,,-0.16348,22.79685,68de4da9-9e6d-46c6-87a7-927973b30abe,WBTC-USDC,0.05%,WBTC-USDC (0.05%)
2024-08-09T23:12:15.306Z,3927276,83.56628,83.56628,,-0.01775,18.43429,68de4da9-9e6d-46c6-87a7-927973b30abe,WBTC-USDC,0.05%,WBTC-USDC (0.05%)
2024-08-10T23:10:50.161Z,2568718,33.69137,33.69137,,-0.00194,14.84456,68de4da9-9e6d-46c6-87a7-927973b30abe,WBTC-USDC,0.05%,WBTC-USDC (0.05%)
2024-08-11T23:11:43.227Z,2546634,78.03078,78.03078,,-0.00134,141.20915,68de4da9-9e6d-46c6-87a7-927973b30abe,WBTC-USDC,0.05%,WBTC-USDC (0.05%)
2024-08-12T23:13:01.168Z,2535094,46.70732,46.70732,,-0.47628,127.11797,68de4da9-9e6d-46c6-87a7-927973b30abe,WBTC-USDC,0.05%,WBTC-USDC (0.05%)
2024-08-13T23:12:34.543Z,2579790,44.16703,44.16703,,-0.46046,17.14116,68de4da9-9e6d-46c6-87a7-927973b30abe,WBTC-USDC,0.05%,WBTC-USDC (0.05%)
2024-08-14T23:11:12.268Z,2496481,42.02384,42.02384,,-0.37214,173.43397,68de4da9-9e6d-46c6-87a7-927973b30abe,WBTC-USDC,0.05%,WBTC-USDC (0.05%)
2024-08-15T23:10:32.467Z,2502167,11.08689,11.08689,,-0.57427,151.41135,68de4da9-9e6d-46c6-87a7-927973b30abe,WBTC-USDC,0.05%,WBTC-USDC (0.05%)
2024-08-16T23:12:13.742Z,2551469,9.44792,9.44792,,-0.07237,83.49804,68de4da9-9e6d-46c6-87a7-927973b30abe,WBTC-USDC,0.05%,WBTC-USDC (0.05%)
2024-08-17T22:09:23.677Z,2563947,1.91081,1.91081,,-0.07819,73.38133,68de4da9-9e6d-46c6-87a7-927973b30abe,WBTC-USDC,0.05%,WBTC-USDC (0.05%)
2024-08-18T23:09:29.270Z,2567179,21.01888,21.01888,,-0.00573,53.58645,68de4da9-9e6d-46c6-87a7-927973b30abe,WBTC-USDC,0.05%,WBTC-USDC (0.05%)
2024-08-19T23:11:38.783Z,2563851,7.5292,7.5292,,-0.00014,41.76237,68de4da9-9e6d-46c6-87a7-927973b30abe,WBTC-USDC,0.05%,WBTC-USDC (0.05%)
2024-08-20T23:11:23.900Z,2692038,42.12692,42.12692,,-0.03614,33.81966,68de4da9-9e6d-46c6-87a7-927973b30abe,WBTC-USDC,0.05%,WBTC-USDC (0.05%)
2024-08-21T23:09:04.425Z,791307,48.02045,48.02045,,-0.11357,25.96978,68de4da9-9e6d-46c6-87a7-927973b30abe,WBTC-USDC,0.05%,WBTC-USDC (0.05%)
2024-08-22T23:10:51.329Z,786319,16.79123,16.79123,,-0.21878,25.6788,68de4da9-9e6d-46c6-87a7-927973b30abe,WBTC-USDC,0.05%,WBTC-USDC (0.05%)
2024-08-23T23:09:45.277Z,844156,49.57113,49.57113,,-0.65127,25.12334,68de4da9-9e6d-46c6-87a7-927973b30abe,WBTC-USDC,0.05%,WBTC-USDC (0.05%)
2024-08-24T23:09:44.102Z,990387,27.56839,27.56839,,-0.50756,24.61813,68de4da9-9e6d-46c6-87a7-927973b30abe,WBTC-USDC,0.05%,WBTC-USDC (0.05%)
2024-08-25T23:09:45.197Z,994965,15.51035,15.51035,,-0.59789,21.6103,68de4da9-9e6d-46c6-87a7-927973b30abe,WBTC-USDC,0.05%,WBTC-USDC (0.05%)
2024-08-26T23:08:26.373Z,965787,35.73689,35.73689,,-0.32452,23.98032,68de4da9-9e6d-46c6-87a7-927973b30abe,WBTC-USDC,0.05%,WBTC-USDC (0.05%)
2024-08-27T23:06:58.769Z,860904,49.54854,49.54854,,-0.00022,20.35865,68de4da9-9e6d-46c6-87a7-927973b30abe,WBTC-USDC,0.05%,WBTC-USDC (0.05%)
2024-08-28T23:08:10.941Z,1032755,62.97888,62.97888,,-0.1039,19.66802,68de4da9-9e6d-46c6-87a7-927973b30abe,WBTC-USDC,0.05%,WBTC-USDC (0.05%)
2024-08-29T23:13:11.952Z,1034589,22.27409,22.27409,,-0.03191,17.88502,68de4da9-9e6d-46c6-87a7-927973b30abe,WBTC-USDC,0.05%,WBTC-USDC (0.05%)
2024-08-30T23:11:16.042Z,1034650,42.86091,42.86091,,-0.5312,18.46447,68de4da9-9e6d-46c6-87a7-927973b30abe,WBTC-USDC,0.05%,WBTC-USDC (0.05%)
2024-08-31T22:10:08.658Z,1032091,7.6371,7.6371,,-0.50755,17.11784,68de4da9-9e6d-46c6-87a7-927973b30abe,WBTC-USDC,0.05%,WBTC-USDC (0.05%)
2024-09-01T23:09:39.248Z,1892978,16.33164,16.33164,,-1.2051,6.51925,68de4da9-9e6d-46c6-87a7-927973b30abe,WBTC-USDC,0.05%,WBTC-USDC (0.05%)
2024-09-02T23:08:55.542Z,1921442,21.7161,21.7161,,-0.31769,20.81048,68de4da9-9e6d-46c6-87a7-927973b30abe,WBTC-USDC,0.05%,WBTC-USDC (0.05%)
2024-09-03T23:06:18.906Z,904422,15.92907,15.92907,,-0.06576,24.71339,68de4da9-9e6d-46c6-87a7-927973b30abe,WBTC-USDC,0.05%,WBTC-USDC (0.05%)
2024-09-04T23:09:49.474Z,907007,37.15189,37.15189,,-0.02844,21.27925,68de4da9-9e6d-46c6-87a7-927973b30abe,WBTC-USDC,0.05%,WBTC-USDC (0.05%)
2024-09-05T23:09:12.015Z,873038,17.7465,17.7465,,-0.27103,23.06233,68de4da9-9e6d-46c6-87a7-927973b30abe,WBTC-USDC,0.05%,WBTC-USDC (0.05%)
2024-09-06T23:10:14.348Z,1229686,104.58281,104.58281,,-0.86239,9.9118,68de4da9-9e6d-46c6-87a7-927973b30abe,WBTC-USDC,0.05%,WBTC-USDC (0.05%)
2024-09-07T23:13:39.415Z,1182920,26.73111,26.73111,,-0.68984,10.74685,68de4da9-9e6d-46c6-87a7-927973b30abe,WBTC-USDC,0.05%,WBTC-USDC (0.05%)
2024-09-08T23:10:52.321Z,1191898,30.28122,30.28122,,-0.1956,10.74281,68de4da9-9e6d-46c6-87a7-927973b30abe,WBTC-USDC,0.05%,WBTC-USDC (0.05%)
2024-09-09T23:10:19.030Z,1217414,53.59788,53.59788,,-0.10914,36.76012,68de4da9-9e6d-46c6-87a7-927973b30abe,WBTC-USDC,0.05%,WBTC-USDC (0.05%)
2024-09-10T23:10:31.486Z,718831,27.20484,27.20484,,-0.00046,36.99497,68de4da9-9e6d-46c6-87a7-927973b30abe,WBTC-USDC,0.05%,WBTC-USDC (0.05%)
2024-09-11T23:09:45.279Z,717540,24.97623,24.97623,,-0.01067,35.42945,68de4da9-9e6d-46c6-87a7-927973b30abe,WBTC-USDC,0.05%,WBTC-USDC (0.05%)
2024-09-12T23:10:19.347Z,724966,25.03957,25.03957,,-0.12586,35.27706,68de4da9-9e6d-46c6-87a7-927973b30abe,WBTC-USDC,0.05%,WBTC-USDC (0.05%)
2024-09-13T23:10:00.380Z,747662,21.99278,21.99278,,-1.29344,21.27053,68de4da9-9e6d-46c6-87a7-927973b30abe,WBTC-USDC,0.05%,WBTC-USDC (0.05%)
2024-09-14T23:08:21.373Z,773324,10.95268,10.95268,,-0.9873,17.78256,68de4da9-9e6d-46c6-87a7-927973b30abe,WBTC-USDC,0.05%,WBTC-USDC (0.05%)
2024-09-15T23:10:15.214Z,768695,23.87648,23.87648,,-0.61554,16.12604,68de4da9-9e6d-46c6-87a7-927973b30abe,WBTC-USDC,0.05%,WBTC-USDC (0.05%)
2024-09-16T23:09:50.746Z,757162,30.10447,30.10447,,-0.01822,12.13258,68de4da9-9e6d-46c6-87a7-927973b30abe,WBTC-USDC,0.05%,WBTC-USDC (0.05%)
2024-09-17T23:09:10.162Z,776067,23.40805,23.40805,,-0.17794,11.73568,68de4da9-9e6d-46c6-87a7-927973b30abe,WBTC-USDC,0.05%,WBTC-USDC (0.05%)
2024-09-18T23:08:51.983Z,716607,25.22454,25.22454,,-0.27103,12.47439,68de4da9-9e6d-46c6-87a7-927973b30abe,WBTC-USDC,0.05%,WBTC-USDC (0.05%)
2024-09-19T23:08:38.662Z,730962,27.71555,27.71555,,-0.53204,12.27723,68de4da9-9e6d-46c6-87a7-927973b30abe,WBTC-USDC,0.05%,WBTC-USDC (0.05%)
2024-09-20T23:08:37.675Z,732517,60.4664,60.4664,,-0.15989,15.0186,68de4da9-9e6d-46c6-87a7-927973b30abe,WBTC-USDC,0.05%,WBTC-USDC (0.05%)
2024-09-21T23:15:13.262Z,732703,4.79818,4.79818,,-0.22192,14.52361,68de4da9-9e6d-46c6-87a7-927973b30abe,WBTC-USDC,0.05%,WBTC-USDC (0.05%)
2024-09-22T23:10:52.789Z,736594,16.09808,16.09808,,-0.51647,13.86455,68de4da9-9e6d-46c6-87a7-927973b30abe,WBTC-USDC,0.05%,WBTC-USDC (0.05%)
2024-09-23T23:10:53.530Z,733695,15.18973,15.18973,,-0.64307,12.70799,68de4da9-9e6d-46c6-87a7-927973b30abe,WBTC-USDC,0.05%,WBTC-USDC (0.05%)
2024-09-24T23:09:33.067Z,740085,22.26776,22.26776,,-0.36306,12.61287,68de4da9-9e6d-46c6-87a7-927973b30abe,WBTC-USDC,0.05%,WBTC-USDC (0.05%)
2024-09-25T23:10:34.242Z,733843,19.4494,19.4494,,-0.12293,12.14517,68de4da9-9e6d-46c6-87a7-927973b30abe,WBTC-USDC,0.05%,WBTC-USDC (0.05%)
2024-09-26T23:09:12.551Z,743444,20.37579,20.37579,,-0.09465,11.9066,68de4da9-9e6d-46c6-87a7-927973b30abe,WBTC-USDC,0.05%,WBTC-USDC (0.05%)
2024-09-27T23:05:57.411Z,743565,8.29577,8.29577,,-0.14564,7.99817,68de4da9-9e6d-46c6-87a7-927973b30abe,WBTC-USDC,0.05%,WBTC-USDC (0.05%)
2024-09-28T23:10:14.596Z,742791,46.0109,46.0109,,-0.12975,11.10689,68de4da9-9e6d-46c6-87a7-927973b30abe,WBTC-USDC,0.05%,WBTC-USDC (0.05%)
2024-09-29T23:09:29.482Z,742871,10.53862,10.53862,,-0.0709,10.70011,68de4da9-9e6d-46c6-87a7-927973b30abe,WBTC-USDC,0.05%,WBTC-USDC (0.05%)
2024-09-30T23:09:29.491Z,733818,26.18751,26.18751,,-0.00124,11.28463,68de4da9-9e6d-46c6-87a7-927973b30abe,WBTC-USDC,0.05%,WBTC-USDC (0.05%)
2024-10-01T23:10:02.447Z,718360,29.8707,29.8707,,-0.29291,11.81729,68de4da9-9e6d-46c6-87a7-927973b30abe,WBTC-USDC,0.05%,WBTC-USDC (0.05%)
2024-10-02T23:08:44.913Z,688609,47.69039,47.69039,,-0.12364,14.59566,68de4da9-9e6d-46c6-87a7-927973b30abe,WBTC-USDC,0.05%,WBTC-USDC (0.05%)
2024-10-03T23:11:57.048Z,689774,46.17027,46.17027,,-0.38926,16.32654,68de4da9-9e6d-46c6-87a7-927973b30abe,WBTC-USDC,0.05%,WBTC-USDC (0.05%)
2024-10-04T23:09:02.229Z,698072,24.0869,24.0869,,-0.2767,17.34131,68de4da9-9e6d-46c6-87a7-927973b30abe,WBTC-USDC,0.05%,WBTC-USDC (0.05%)
2024-10-05T23:09:35.886Z,1243098,9.01363,9.01363,,-0.28694,5.6259,68de4da9-9e6d-46c6-87a7-927973b30abe,WBTC-USDC,0.05%,WBTC-USDC (0.05%)
2024-10-06T23:09:42.885Z,1252400,9.98845,9.98845,,-0.18285,5.77474,68de4da9-9e6d-46c6-87a7-927973b30abe,WBTC-USDC,0.05%,WBTC-USDC (0.05%)
2024-10-07T23:09:36.153Z,1249526,32.62763,32.62763,,-0.02616,6.65187,68de4da9-9e6d-46c6-87a7-927973b30abe,WBTC-USDC,0.05%,WBTC-USDC (0.05%)
2024-10-08T23:09:48.943Z,1248986,61.47268,61.47268,,-0.04426,8.84973,68de4da9-9e6d-46c6-87a7-927973b30abe,WBTC-USDC,0.05%,WBTC-USDC (0.05%)
2024-10-09T23:09:44.212Z,690946,34.35647,34.35647,,-0.00027,22.73206,68de4da9-9e6d-46c6-87a7-927973b30abe,WBTC-USDC,0.05%,WBTC-USDC (0.05%)
2024-10-10T23:09:29.076Z,687372,37.08885,37.08885,,-0.01051,23.12466,68de4da9-9e6d-46c6-87a7-927973b30abe,WBTC-USDC,0.05%,WBTC-USDC (0.05%)
2024-10-11T23:10:18.835Z,701925,11.68642,11.68642,,-0.00172,20.95022,68de4da9-9e6d-46c6-87a7-927973b30abe,WBTC-USDC,0.05%,WBTC-USDC (0.05%)
2024-10-12T23:10:12.941Z,707207,8.95646,8.95646,,-0.03836,20.40123,68de4da9-9e6d-46c6-87a7-927973b30abe,WBTC-USDC,0.05%,WBTC-USDC (0.05%)
2024-10-13T23:42:17.504Z,703768,15.1015,15.1015,,-0.00014,20.21106,68de4da9-9e6d-46c6-87a7-927973b30abe,WBTC-USDC,0.05%,WBTC-USDC (0.05%)
2024-10-14T23:10:56.621Z,722861,30.05038,30.05038,,-0.34076,18.43895,68de4da9-9e6d-46c6-87a7-927973b30abe,WBTC-USDC,0.05%,WBTC-USDC (0.05%)
2024-10-15T23:11:12.837Z,722312,21.59838,21.59838,,-0.46877,11.53278,68de4da9-9e6d-46c6-87a7-927973b30abe,WBTC-USDC,0.05%,WBTC-USDC (0.05%)
2024-10-16T23:11:46.955Z,725730,16.01512,16.01512,,-1.04726,10.21131,68de4da9-9e6d-46c6-87a7-927973b30abe,WBTC-USDC,0.05%,WBTC-USDC (0.05%)
2024-10-17T23:10:38.418Z,724770,9.82042,9.82042,,-1.08247,8.34051,68de4da9-9e6d-46c6-87a7-927973b30abe,WBTC-USDC,0.05%,WBTC-USDC (0.05%)
2024-10-18T23:12:26.953Z,727290,15.29601,15.29601,,-0.68049,8.41774,68de4da9-9e6d-46c6-87a7-927973b30abe,WBTC-USDC,0.05%,WBTC-USDC (0.05%)
2024-10-19T23:11:34.608Z,728033,9.53418,9.53418,,-0.51192,8.47805,68de4da9-9e6d-46c6-87a7-927973b30abe,WBTC-USDC,0.05%,WBTC-USDC (0.05%)
2024-10-20T23:12:29.036Z,729404,14.10977,14.10977,,-0.83416,8.3311,68de4da9-9e6d-46c6-87a7-927973b30abe,WBTC-USDC,0.05%,WBTC-USDC (0.05%)
2024-10-21T23:09:45.782Z,704783,15.9005,15.9005,,-0.03492,7.42691,68de4da9-9e6d-46c6-87a7-927973b30abe,WBTC-USDC,0.05%,WBTC-USDC (0.05%)
2024-10-22T23:12:19.880Z,704812,9.8724,9.8724,,-0.01314,6.54802,68de4da9-9e6d-46c6-87a7-927973b30abe,WBTC-USDC,0.05%,WBTC-USDC (0.05%)
2024-10-23T23:11:21.882Z,700699,22.94943,22.94943,,-0.0334,7.30812,68de4da9-9e6d-46c6-87a7-927973b30abe,WBTC-USDC,0.05%,WBTC-USDC (0.05%)
2024-10-24T23:13:34.649Z,6162188,13.17581,13.17581,,-0.01539,1.65807,68de4da9-9e6d-46c6-87a7-927973b30abe,WBTC-USDC,0.05%,WBTC-USDC (0.05%)
2024-10-25T23:11:37.664Z,6157619,131.93667,131.93667,,-0.05693,0.30118,68de4da9-9e6d-46c6-87a7-927973b30abe,WBTC-USDC,0.05%,WBTC-USDC (0.05%)
2024-10-26T23:11:36.582Z,6199255,117.34339,117.34339,,-0.03421,19.30566,68de4da9-9e6d-46c6-87a7-927973b30abe,WBTC-USDC,0.05%,WBTC-USDC (0.05%)
2024-10-27T23:10:18.799Z,6370884,10.60711,10.60711,,-0.02055,14.18783,68de4da9-9e6d-46c6-87a7-927973b30abe,WBTC-USDC,0.05%,WBTC-USDC (0.05%)
2024-10-28T23:13:36.017Z,6366909,14.98522,14.98522,,-0.0955,219.6133,68de4da9-9e6d-46c6-87a7-927973b30abe,WBTC-USDC,0.05%,WBTC-USDC (0.05%)
2024-10-29T23:12:49.093Z,3856341,50.2198,50.2198,,-0.41578,216.46405,68de4da9-9e6d-46c6-87a7-927973b30abe,WBTC-USDC,0.05%,WBTC-USDC (0.05%)
2024-10-30T23:12:59.462Z,3870820,4.78776,4.78776,,-0.67864,187.08699,68de4da9-9e6d-46c6-87a7-927973b30abe,WBTC-USDC,0.05%,WBTC-USDC (0.05%)
2024-10-31T23:11:06.703Z,802660,41.36012,41.36012,,-0.08325,144.95491,68de4da9-9e6d-46c6-87a7-927973b30abe,WBTC-USDC,0.05%,WBTC-USDC (0.05%)
2024-11-01T23:11:06.054Z,862682,29.56613,29.56613,,-0.16767,95.11229,68de4da9-9e6d-46c6-87a7-927973b30abe,WBTC-USDC,0.05%,WBTC-USDC (0.05%)
2024-11-02T23:11:52.120Z,3928492,6.40171,6.40171,,-0.08753,37.66072,68de4da9-9e6d-46c6-87a7-927973b30abe,WBTC-USDC,0.05%,WBTC-USDC (0.05%)
2024-11-03T23:11:40.015Z,987547,226.59171,226.59171,,-0.00467,34.95222,68de4da9-9e6d-46c6-87a7-927973b30abe,WBTC-USDC,0.05%,WBTC-USDC (0.05%)
2024-11-04T23:11:13.449Z,922228,39.68746,39.68746,,-0.09822,32.58941,68de4da9-9e6d-46c6-87a7-927973b30abe,WBTC-USDC,0.05%,WBTC-USDC (0.05%)
2024-11-05T23:13:11.394Z,883330,74.91623,74.91623,,-0.14698,32.12499,68de4da9-9e6d-46c6-87a7-927973b30abe,WBTC-USDC,0.05%,WBTC-USDC (0.05%)
2024-11-06T23:11:33.951Z,1703670,65.699,65.699,,-0.16995,178.23272,68de4da9-9e6d-46c6-87a7-927973b30abe,WBTC-USDC,0.05%,WBTC-USDC (0.05%)
2024-11-07T23:10:16.202Z,1263567,4.64443,4.64443,,-0.52247,251.16117,68de4da9-9e6d-46c6-87a7-927973b30abe,WBTC-USDC,0.05%,WBTC-USDC (0.05%)
2024-11-08T19:10:33.645Z,1642049,2.67618,2.67618,,-0.9798,48.10396,68de4da9-9e6d-46c6-87a7-927973b30abe,WBTC-USDC,0.05%,WBTC-USDC (0.05%)
2024-11-09T23:09:58.778Z,1215830,24.38886,24.38886,,-0.90949,287.23757,68de4da9-9e6d-46c6-87a7-927973b30abe,WBTC-USDC,0.05%,WBTC-USDC (0.05%)
2024-11-10T23:09:37.738Z,10048269,114.51776,114.51776,,-2.14273,2.55491,68de4da9-9e6d-46c6-87a7-927973b30abe,WBTC-USDC,0.05%,WBTC-USDC (0.05%)
2024-11-11T23:12:04.943Z,819723,314.4087,314.4087,,-6.12158,1612.18566,68de4da9-9e6d-46c6-87a7-927973b30abe,WBTC-USDC,0.05%,WBTC-USDC (0.05%)
2024-11-12T23:26:36.349Z,2901436,45.0613,45.0613,,-4.76863,34.137,68de4da9-9e6d-46c6-87a7-927973b30abe,WBTC-USDC,0.05%,WBTC-USDC (0.05%)
2024-11-13T23:11:07.897Z,10058148,44.19862,44.19862,,-2.45526,36.52741,68de4da9-9e6d-46c6-87a7-927973b30abe,WBTC-USDC,0.05%,WBTC-USDC (0.05%)
2024-11-14T23:10:05.964Z,6827311,72.64805,72.64805,,-1.7783,45.18101,68de4da9-9e6d-46c6-87a7-927973b30abe,WBTC-USDC,0.05%,WBTC-USDC (0.05%)
2024-11-15T23:09:32.811Z,6710310,221.47691,221.47691,,-2.71682,60.57858,68de4da9-9e6d-46c6-87a7-927973b30abe,WBTC-USDC,0.05%,WBTC-USDC (0.05%)
2024-11-16T23:10:55.022Z,3159665,159.38165,159.38165,,-2.46994,63.04709,68de4da9-9e6d-46c6-87a7-927973b30abe,WBTC-USDC,0.05%,WBTC-USDC (0.05%)
2024-11-17T23:09:26.472Z,3113518,47.37829,47.37829,,-1.02422,53.81837,68de4da9-9e6d-46c6-87a7-927973b30abe,WBTC-USDC,0.05%,WBTC-USDC (0.05%)
2024-11-18T23:10:43.156Z,3937785,77.85335,77.85335,,-0.09145,35.514,68de4da9-9e6d-46c6-87a7-927973b30abe,WBTC-USDC,0.05%,WBTC-USDC (0.05%)
2024-11-19T23:10:50.865Z,3966297,167.27862,167.27862,,-0.1387,64.80917,68de4da9-9e6d-46c6-87a7-927973b30abe,WBTC-USDC,0.05%,WBTC-USDC (0.05%)
2024-11-20T23:11:12.718Z,3729924,97.46971,97.46971,,-0.22033,69.08042,68de4da9-9e6d-46c6-87a7-927973b30abe,WBTC-USDC,0.05%,WBTC-USDC (0.05%)
2024-11-21T23:10:00.588Z,700987,182.11263,182.11263,,-1.18936,485.71592,68de4da9-9e6d-46c6-87a7-927973b30abe,WBTC-USDC,0.05%,WBTC-USDC (0.05%)
2024-11-22T23:15:00.661Z,689278,19.84515,19.84515,,-0.50964,295.12022,68de4da9-9e6d-46c6-87a7-927973b30abe,WBTC-USDC,0.05%,WBTC-USDC (0.05%)
2024-11-23T23:12:51.477Z,688682,13.94218,13.94218,,-0.49496,227.36485,68de4da9-9e6d-46c6-87a7-927973b30abe,WBTC-USDC,0.05%,WBTC-USDC (0.05%)
2024-11-24T23:11:33.311Z,705208,12.54405,12.54405,,-0.67892,199.54226,68de4da9-9e6d-46c6-87a7-927973b30abe,WBTC-USDC,0.05%,WBTC-USDC (0.05%)
2024-11-25T01:12:55.153Z,703147,13.11993,13.11993,,-0.5522,198.7001,68de4da9-9e6d-46c6-87a7-927973b30abe,WBTC-USDC,0.05%,WBTC-USDC (0.05%)
2024-11-26T23:11:40.115Z,6033040,215.74382,215.74382,,-6e-05,11.30305,68de4da9-9e6d-46c6-87a7-927973b30abe,WBTC-USDC,0.05%,WBTC-USDC (0.05%)
2024-11-27T23:13:24.655Z,6239115,248.82618,248.82618,,-0.04066,15.47982,68de4da9-9e6d-46c6-87a7-927973b30abe,WBTC-USDC,0.05%,WBTC-USDC (0.05%)
2024-11-28T12:15:09.552Z,6118605,240.70362,240.70362,,-0.07333,16.77093,68de4da9-9e6d-46c6-87a7-927973b30abe,WBTC-USDC,0.05%,WBTC-USDC (0.05%)
2024-11-29T23:27:54.243Z,6329928,69.43031,69.43031,,-0.01884,15.48922,68de4da9-9e6d-46c6-87a7-927973b30abe,WBTC-USDC,0.05%,WBTC-USDC (0.05%)
2024-11-30T23:09:02.143Z,6352505,31.10554,31.10554,,-0.01554,19.55618,68de4da9-9e6d-46c6-87a7-927973b30abe,WBTC-USDC,0.05%,WBTC-USDC (0.05%)
2024-12-01T23:13:02.209Z,6182802,40.12354,40.12354,,-0.00216,20.3077,68de4da9-9e6d-46c6-87a7-927973b30abe,WBTC-USDC,0.05%,WBTC-USDC (0.05%)
2024-12-02T23:12:36.214Z,6210116,100.11698,100.11698,,-0.01512,18.9371,68de4da9-9e6d-46c6-87a7-927973b30abe,WBTC-USDC,0.05%,WBTC-USDC (0.05%)
2024-12-03T23:15:02.200Z,883058,273.57734,273.57734,,-0.15279,290.87951,68de4da9-9e6d-46c6-87a7-927973b30abe,WBTC-USDC,0.05%,WBTC-USDC (0.05%)
2024-12-04T22:11:10.648Z,881298,27.25491,27.25491,,-0.01268,199.84134,68de4da9-9e6d-46c6-87a7-927973b30abe,WBTC-USDC,0.05%,WBTC-USDC (0.05%)
2024-12-05T22:13:49.988Z,10676680,79.50674,79.50674,,-0.13459,21.66986,68de4da9-9e6d-46c6-87a7-927973b30abe,WBTC-USDC,0.05%,WBTC-USDC (0.05%)
2024-12-06T23:11:25.734Z,748818,20.10713,20.10713,,-0.08833,371.82305,68de4da9-9e6d-46c6-87a7-927973b30abe,WBTC-USDC,0.05%,WBTC-USDC (0.05%)
2024-12-07T23:08:24.181Z,542249,14.45947,14.45947,,-0.10923,356.70042,68de4da9-9e6d-46c6-87a7-927973b30abe,WBTC-USDC,0.05%,WBTC-USDC (0.05%)
2024-12-08T23:12:12.636Z,560220,8.30759,8.30759,,-0.05502,337.53056,68de4da9-9e6d-46c6-87a7-927973b30abe,WBTC-USDC,0.05%,WBTC-USDC (0.05%)
2024-12-09T11:11:33.829Z,817947,13.76754,13.76754,,-0.10568,189.2877,68de4da9-9e6d-46c6-87a7-927973b30abe,WBTC-USDC,0.05%,WBTC-USDC (0.05%)
2024-12-10T23:12:23.928Z,856899,24.4328,24.4328,,-0.01035,89.91076,68de4da9-9e6d-46c6-87a7-927973b30abe,WBTC-USDC,0.05%,WBTC-USDC (0.05%)
2024-12-11T23:12:13.844Z,867059,26.06055,26.06055,,-0.07596,115.94568,68de4da9-9e6d-46c6-87a7-927973b30abe,WBTC-USDC,0.05%,WBTC-USDC (0.05%)
2024-12-12T23:13:01.409Z,1350918,48.3319,48.3319,,-0.14396,21.39575,68de4da9-9e6d-46c6-87a7-927973b30abe,WBTC-USDC,0.05%,WBTC-USDC (0.05%)
2024-12-13T23:27:32.511Z,1360939,23.0674,23.0674,,-0.00922,2.32535,68de4da9-9e6d-46c6-87a7-927973b30abe,WBTC-USDC,0.05%,WBTC-USDC (0.05%)
2024-12-14T20:45:09.221Z,1359420,51.16469,51.16469,,-0.00241,3.08934,68de4da9-9e6d-46c6-87a7-927973b30abe,WBTC-USDC,0.05%,WBTC-USDC (0.05%)
2024-12-15T23:14:34.877Z,1372986,79.41877,79.41877,,-0.07984,4.44017,68de4da9-9e6d-46c6-87a7-927973b30abe,WBTC-USDC,0.05%,WBTC-USDC (0.05%)
2024-12-16T23:24:51.450Z,813626,77.67179,77.67179,,-0.61466,47.16178,68de4da9-9e6d-46c6-87a7-927973b30abe,WBTC-USDC,0.05%,WBTC-USDC (0.05%)
2024-12-17T23:28:00.481Z,805020,18.23962,18.23962,,-0.68057,47.78402,68de4da9-9e6d-46c6-87a7-927973b30abe,WBTC-USDC,0.05%,WBTC-USDC (0.05%)
2024-12-18T23:43:29.779Z,837724,16.23298,16.23298,,-0.00381,44.28022,68de4da9-9e6d-46c6-87a7-927973b30abe,WBTC-USDC,0.05%,WBTC-USDC (0.05%)
2024-12-19T23:32:06.183Z,777124,28.64426,28.64426,,-0.06575,40.21502,68de4da9-9e6d-46c6-87a7-927973b30abe,WBTC-USDC,0.05%,WBTC-USDC (0.05%)
2024-12-20T23:14:55.839Z,767656,44.39,44.39,,-0.13929,39.70685,68de4da9-9e6d-46c6-87a7-927973b30abe,WBTC-USDC,0.05%,WBTC-USDC (0.05%)
2024-12-21T23:31:56.623Z,769430,12.34173,12.34173,,-0.13701,32.54527,68de4da9-9e6d-46c6-87a7-927973b30abe,WBTC-USDC,0.05%,WBTC-USDC (0.05%)
2024-12-22T23:48:14.588Z,765006,27.06113,27.06113,,-0.73914,19.38669,68de4da9-9e6d-46c6-87a7-927973b30abe,WBTC-USDC,0.05%,WBTC-USDC (0.05%)
2024-12-23T23:30:28.251Z,1586002,148.1344,148.1344,,-0.95864,3.81267,68de4da9-9e6d-46c6-87a7-927973b30abe,WBTC-USDC,0.05%,WBTC-USDC (0.05%)
2024-12-24T23:16:25.738Z,775757,123.05087,123.05087,,-0.42123,52.33833,68de4da9-9e6d-46c6-87a7-927973b30abe,WBTC-USDC,0.05%,WBTC-USDC (0.05%)
2024-12-25T23:12:22.364Z,771867,15.0547,15.0547,,-0.02808,52.37806,68de4da9-9e6d-46c6-87a7-927973b30abe,WBTC-USDC,0.05%,WBTC-USDC (0.05%)
2024-12-26T23:15:48.158Z,769784,19.41314,19.41314,,-0.05304,46.36547,68de4da9-9e6d-46c6-87a7-927973b30abe,WBTC-USDC,0.05%,WBTC-USDC (0.05%)
2024-12-27T23:13:18.080Z,766374,27.01084,27.01084,,-0.07222,46.80269,68de4da9-9e6d-46c6-87a7-927973b30abe,WBTC-USDC,0.05%,WBTC-USDC (0.05%)
2024-12-28T23:14:29.267Z,769905,6.78469,6.78469,,-0.02149,44.24374,68de4da9-9e6d-46c6-87a7-927973b30abe,WBTC-USDC,0.05%,WBTC-USDC (0.05%)
2024-12-29T23:09:53.087Z,762922,10.90593,10.90593,,-0.04227,50.65428,68de4da9-9e6d-46c6-87a7-927973b30abe,WBTC-USDC,0.05%,WBTC-USDC (0.05%)
2024-12-30T21:27:39.936Z,767893,43.06218,43.06218,,-0.00045,24.21061,68de4da9-9e6d-46c6-87a7-927973b30abe,WBTC-USDC,0.05%,WBTC-USDC (0.05%)
2024-12-31T23:15:27.146Z,757566,30.52222,30.52222,,-0.24246,15.4627,68de4da9-9e6d-46c6-87a7-927973b30abe,WBTC-USDC,0.05%,WBTC-USDC (0.05%)
2025-01-01T23:15:20.872Z,761379,14.54252,14.54252,,-0.16933,15.31543,68de4da9-9e6d-46c6-87a7-927973b30abe,WBTC-USDC,0.05%,WBTC-USDC (0.05%)
2025-01-02T23:26:49.268Z,3069060,20.63601,20.63601,,-0.00868,1.93325,68de4da9-9e6d-46c6-87a7-927973b30abe,WBTC-USDC,0.05%,WBTC-USDC (0.05%)
2025-01-03T23:12:04.253Z,3112283,19.23294,19.23294,,-0.12755,2.37056,68de4da9-9e6d-46c6-87a7-927973b30abe,WBTC-USDC,0.05%,WBTC-USDC (0.05%)
2025-01-04T23:14:42.353Z,3115951,15.66277,15.66277,,-0.08458,2.87205,68de4da9-9e6d-46c6-87a7-927973b30abe,WBTC-USDC,0.05%,WBTC-USDC (0.05%)
2025-01-05T23:29:44.758Z,3118780,14.41235,14.41235,,-0.24939,3.29843,68de4da9-9e6d-46c6-87a7-927973b30abe,WBTC-USDC,0.05%,WBTC-USDC (0.05%)
2025-01-06T23:43:52.915Z,3177646,49.73215,49.73215,,-0.72991,4.79708,68de4da9-9e6d-46c6-87a7-927973b30abe,WBTC-USDC,0.05%,WBTC-USDC (0.05%)
2025-01-07T22:13:38.559Z,3077481,68.73651,68.73651,,-0.10045,74.32943,68de4da9-9e6d-46c6-87a7-927973b30abe,WBTC-USDC,0.05%,WBTC-USDC (0.05%)
2025-01-08T23:11:18.235Z,16319750,10.70072,10.70072,,-0.00374,3.39151,68de4da9-9e6d-46c6-87a7-927973b30abe,WBTC-USDC,0.05%,WBTC-USDC (0.05%)
2025-01-09T23:15:22.519Z,16850300,41.15595,41.15595,,-0.16265,18.44554,68de4da9-9e6d-46c6-87a7-927973b30abe,WBTC-USDC,0.05%,WBTC-USDC (0.05%)
2025-01-10T23:24:40.321Z,17752364,52.87906,52.87906,,-0.10276,6.81555,68de4da9-9e6d-46c6-87a7-927973b30abe,WBTC-USDC,0.05%,WBTC-USDC (0.05%)
2025-01-11T23:11:13.602Z,17728366,11.01721,11.01721,,-0.11906,7.25157,68de4da9-9e6d-46c6-87a7-927973b30abe,WBTC-USDC,0.05%,WBTC-USDC (0.05%)
2025-01-12T23:14:07.953Z,17409530,12.77873,12.77873,,-0.18202,7.80176,68de4da9-9e6d-46c6-87a7-927973b30abe,WBTC-USDC,0.05%,WBTC-USDC (0.05%)
2025-01-13T23:42:13.475Z,17191167,40.20672,40.20672,,-0.42873,9.33401,68de4da9-9e6d-46c6-87a7-927973b30abe,WBTC-USDC,0.05%,WBTC-USDC (0.05%)
2025-01-14T23:29:57.671Z,17511091,38.13787,38.13787,,-0.00223,14.17685,68de4da9-9e6d-46c6-87a7-927973b30abe,WBTC-USDC,0.05%,WBTC-USDC (0.05%)
2025-01-15T23:31:23.289Z,17945393,42.64192,42.64192,,-0.21507,16.23063,68de4da9-9e6d-46c6-87a7-927973b30abe,WBTC-USDC,0.05%,WBTC-USDC (0.05%)
2025-01-16T23:30:13.118Z,17986633,31.13497,31.13497,,-0.51729,13.21124,68de4da9-9e6d-46c6-87a7-927973b30abe,WBTC-USDC,0.05%,WBTC-USDC (0.05%)
2025-01-17T23:15:47.698Z,17610087,49.63293,49.63293,,-0.76871,21.88445,68de4da9-9e6d-46c6-87a7-927973b30abe,WBTC-USDC,0.05%,WBTC-USDC (0.05%)
2025-01-18T23:32:09.875Z,17662930,31.93911,31.93911,,-0.82397,23.88645,68de4da9-9e6d-46c6-87a7-927973b30abe,WBTC-USDC,0.05%,WBTC-USDC (0.05%)
2025-01-19T23:31:34.042Z,17436958,41.8299,41.8299,,-0.46804,18.34405,68de4da9-9e6d-46c6-87a7-927973b30abe,WBTC-USDC,0.05%,WBTC-USDC (0.05%)
2025-01-20T23:10:24.693Z,17633990,134.93094,134.93094,,-0.67528,24.46146,68de4da9-9e6d-46c6-87a7-927973b30abe,WBTC-USDC,0.05%,WBTC-USDC (0.05%)
2025-01-21T23:12:27.754Z,17906450,75.0994,75.0994,,-0.74642,26.89148,68de4da9-9e6d-46c6-87a7-927973b30abe,WBTC-USDC,0.05%,WBTC-USDC (0.05%)
2025-01-22T23:12:42.932Z,17848073,44.83318,44.83318,,-0.16232,27.00186,68de4da9-9e6d-46c6-87a7-927973b30abe,WBTC-USDC,0.05%,WBTC-USDC (0.05%)
2025-01-23T23:12:36.520Z,17912607,126.25073,126.25073,,,33.32948,68de4da9-9e6d-46c6-87a7-927973b30abe,WBTC-USDC,0.05%,WBTC-USDC (0.05%)
2025-01-24T23:10:18.722Z,18024292,29.48716,29.48716,,,31.87064,68de4da9-9e6d-46c6-87a7-927973b30abe,WBTC-USDC,0.05%,WBTC-USDC (0.05%)
2025-01-25T23:09:49.951Z,18028876,11.94278,11.94278,,,30.57639,68de4da9-9e6d-46c6-87a7-927973b30abe,WBTC-USDC,0.05%,WBTC-USDC (0.05%)
2025-01-26T23:09:48.076Z,18137169,9.71331,9.71331,,,27.31849,68de4da9-9e6d-46c6-87a7-927973b30abe,WBTC-USDC,0.05%,WBTC-USDC (0.05%)
2025-01-27T23:28:00.435Z,17908533,79.94338,79.94338,,,28.01349,68de4da9-9e6d-46c6-87a7-927973b30abe,WBTC-USDC,0.05%,WBTC-USDC (0.05%)
2025-01-28T23:10:51.993Z,17831572,39.40966,39.40966,,,25.51047,68de4da9-9e6d-46c6-87a7-927973b30abe,WBTC-USDC,0.05%,WBTC-USDC (0.05%)
2025-01-29T23:09:47.783Z,18096676,30.78747,30.78747,,,24.24153,68de4da9-9e6d-46c6-87a7-927973b30abe,WBTC-USDC,0.05%,WBTC-USDC (0.05%)
2025-01-30T23:10:23.319Z,18270650,35.31784,35.31784,,,17.50938,68de4da9-9e6d-46c6-87a7-927973b30abe,WBTC-USDC,0.05%,WBTC-USDC (0.05%)
2025-01-31T23:09:40.181Z,18875213,33.70885,33.70885,,,15.38565,68de4da9-9e6d-46c6-87a7-927973b30abe,WBTC-USDC,0.05%,WBTC-USDC (0.05%)
2025-02-01T23:10:56.560Z,18661594,19.63976,19.63976,,,16.04907,68de4da9-9e6d-46c6-87a7-927973b30abe,WBTC-USDC,0.05%,WBTC-USDC (0.05%)
2025-02-02T23:10:42.834Z,19013860,95.40855,95.40855,,,11.09932,68de4da9-9e6d-46c6-87a7-927973b30abe,WBTC-USDC,0.05%,WBTC-USDC (0.05%)
2025-02-03T23:10:23.806Z,17897835,180.79034,180.79034,,,32.56271,68de4da9-9e6d-46c6-87a7-927973b30abe,WBTC-USDC,0.05%,WBTC-USDC (0.05%)
2025-02-04T23:12:52.290Z,17530371,64.68209,64.68209,,,36.09224,68de4da9-9e6d-46c6-87a7-927973b30abe,WBTC-USDC,0.05%,WBTC-USDC (0.05%)
2025-02-05T23:09:21.690Z,17333020,35.4237,35.4237,,,36.44643,68de4da9-9e6d-46c6-87a7-927973b30abe,WBTC-USDC,0.05%,WBTC-USDC (0.05%)
2025-02-06T23:12:50.272Z,17314576,32.9112,32.9112,,,36.0288,68de4da9-9e6d-46c6-87a7-927973b30abe,WBTC-USDC,0.05%,WBTC-USDC (0.05%)
2025-02-07T23:10:21.939Z,17205438,65.04362,65.04362,,,38.18476,68de4da9-9e6d-46c6-87a7-927973b30abe,WBTC-USDC,0.05%,WBTC-USDC (0.05%)
2025-02-08T23:23:29.215Z,25801925,11.27379,11.27379,,,25.97583,68de4da9-9e6d-46c6-87a7-927973b30abe,WBTC-USDC,0.05%,WBTC-USDC (0.05%)
2025-02-09T23:08:58.395Z,28639649,14.99382,14.99382,,,17.39723,68de4da9-9e6d-46c6-87a7-927973b30abe,WBTC-USDC,0.05%,WBTC-USDC (0.05%)
2025-02-10T23:07:30.319Z,27859359,34.85906,34.85906,,,14.35936,68de4da9-9e6d-46c6-87a7-927973b30abe,WBTC-USDC,0.05%,WBTC-USDC (0.05%)
2025-02-11T23:12:04.073Z,27364945,19.05899,19.05899,,,10.51182,68de4da9-9e6d-46c6-87a7-927973b30abe,WBTC-USDC,0.05%,WBTC-USDC (0.05%)
2025-02-12T23:11:14.944Z,27974980,72.80207,72.80207,,,16.6938,68de4da9-9e6d-46c6-87a7-927973b30abe,WBTC-USDC,0.05%,WBTC-USDC (0.05%)
2025-02-13T23:12:21.418Z,27821795,57.5678,57.5678,,,19.5317,68de4da9-9e6d-46c6-87a7-927973b30abe,WBTC-USDC,0.05%,WBTC-USDC (0.05%)
2025-02-14T23:12:29.708Z,27992455,27.24292,27.24292,,,18.44861,68de4da9-9e6d-46c6-87a7-927973b30abe,WBTC-USDC,0.05%,WBTC-USDC (0.05%)
2025-02-15T23:12:29.408Z,28073382,4.7198,4.7198,,,17.9613,68de4da9-9e6d-46c6-87a7-927973b30abe,WBTC-USDC,0.05%,WBTC-USDC (0.05%)
2025-02-16T23:09:22.630Z,27929294,6.55172,6.55172,,,17.33662,68de4da9-9e6d-46c6-87a7-927973b30abe,WBTC-USDC,0.05%,WBTC-USDC (0.05%)
2025-02-17T23:13:07.187Z,27998254,17.57237,17.57237,,,9.36398,68de4da9-9e6d-46c6-87a7-927973b30abe,WBTC-USDC,0.05%,WBTC-USDC (0.05%)
2025-02-18T23:12:38.765Z,17044663,41.20717,41.20717,,,24.74636,68de4da9-9e6d-46c6-87a7-927973b30abe,WBTC-USDC,0.05%,WBTC-USDC (0.05%)
2025-02-19T23:13:26.000Z,17263096,15.20971,15.20971,,,17.14615,68de4da9-9e6d-46c6-87a7-927973b30abe,WBTC-USDC,0.05%,WBTC-USDC (0.05%)
2025-02-20T23:14:01.497Z,17509265,14.97342,14.97342,,,3218.39349,68de4da9-9e6d-46c6-87a7-927973b30abe,WBTC-USDC,0.05%,WBTC-USDC (0.05%)
2025-02-21T23:10:08.649Z,17277636,28.26757,28.26757,,,10.64101,68de4da9-9e6d-46c6-87a7-927973b30abe,WBTC-USDC,0.05%,WBTC-USDC (0.05%)
2025-02-22T23:09:30.745Z,17554506,7.7841,7.7841,,,10.53389,68de4da9-9e6d-46c6-87a7-927973b30abe,WBTC-USDC,0.05%,WBTC-USDC (0.05%)
2025-02-23T23:12:03.685Z,17599859,18.65174,18.65174,,,11.16928,68de4da9-9e6d-46c6-87a7-927973b30abe,WBTC-USDC,0.05%,WBTC-USDC (0.05%)
2025-02-24T23:10:00.763Z,16945862,31.45379,31.45379,,,37.90636,68de4da9-9e6d-46c6-87a7-927973b30abe,WBTC-USDC,0.05%,WBTC-USDC (0.05%)
2025-02-25T23:13:12.406Z,26818666,55.15274,55.15274,,,10.08843,68de4da9-9e6d-46c6-87a7-927973b30abe,WBTC-USDC,0.05%,WBTC-USDC (0.05%)
2025-02-26T23:27:39.039Z,25540323,39.95965,39.95965,,,1115.26441,68de4da9-9e6d-46c6-87a7-927973b30abe,WBTC-USDC,0.05%,WBTC-USDC (0.05%)
2025-02-27T23:09:39.473Z,25568189,24.76014,24.76014,,,17.03549,68de4da9-9e6d-46c6-87a7-927973b30abe,WBTC-USDC,0.05%,WBTC-USDC (0.05%)
2025-02-28T23:10:45.044Z,26711572,37.72021,37.72021,,,32.37832,68de4da9-9e6d-46c6-87a7-927973b30abe,WBTC-USDC,0.05%,WBTC-USDC (0.05%)
2025-03-01T23:09:49.136Z,776124,221.56075,221.56075,,,600.35984,68de4da9-9e6d-46c6-87a7-927973b30abe,WBTC-USDC,0.05%,WBTC-USDC (0.05%)
2025-03-02T23:10:49.441Z,23588692,21.02173,21.02173,,,35.63821,68de4da9-9e6d-46c6-87a7-927973b30abe,WBTC-USDC,0.05%,WBTC-USDC (0.05%)
2025-03-03T19:11:10.106Z,21959726,55.0921,55.0921,,,1017.04383,68de4da9-9e6d-46c6-87a7-927973b30abe,WBTC-USDC,0.05%,WBTC-USDC (0.05%)
2025-03-04T23:07:22.569Z,785961,88.59565,88.59565,,,467.07034,68de4da9-9e6d-46c6-87a7-927973b30abe,WBTC-USDC,0.05%,WBTC-USDC (0.05%)
2025-03-05T23:06:26.302Z,796662,78.05707,78.05707,,,345.75593,68de4da9-9e6d-46c6-87a7-927973b30abe,WBTC-USDC,0.05%,WBTC-USDC (0.05%)
2025-03-06T23:06:06.554Z,777306,309.39183,309.39183,,,341.02647,68de4da9-9e6d-46c6-87a7-927973b30abe,WBTC-USDC,0.05%,WBTC-USDC (0.05%)
2025-03-07T23:08:53.306Z,1112222,92.35804,92.35804,,,153.28957,68de4da9-9e6d-46c6-87a7-927973b30abe,WBTC-USDC,0.05%,WBTC-USDC (0.05%)
2025-03-08T23:24:34.298Z,1112842,23.42851,23.42851,,,142.85516,68de4da9-9e6d-46c6-87a7-927973b30abe,WBTC-USDC,0.05%,WBTC-USDC (0.05%)
2025-03-09T23:05:58.825Z,2047917,76.9809,76.9809,,,55.24888,68de4da9-9e6d-46c6-87a7-927973b30abe,WBTC-USDC,0.05%,WBTC-USDC (0.05%)
2025-03-10T23:06:23.514Z,2035492,196.45169,196.45169,,,33.46621,68de4da9-9e6d-46c6-87a7-927973b30abe,WBTC-USDC,0.05%,WBTC-USDC (0.05%)
2025-03-11T23:06:36.731Z,1515366,209.45495,209.45495,,,77.12024,68de4da9-9e6d-46c6-87a7-927973b30abe,WBTC-USDC,0.05%,WBTC-USDC (0.05%)
2025-03-12T23:06:29.623Z,2138322,42.32708,42.32708,,,56.18094,68de4da9-9e6d-46c6-87a7-927973b30abe,WBTC-USDC,0.05%,WBTC-USDC (0.05%)
2025-03-13T23:08:53.671Z,6914054,17.01386,17.01386,,,14.42068,68de4da9-9e6d-46c6-87a7-927973b30abe,WBTC-USDC,0.05%,WBTC-USDC (0.05%)
2025-03-14T23:06:12.560Z,6466827,34.22759,34.22759,,,15.0859,68de4da9-9e6d-46c6-87a7-927973b30abe,WBTC-USDC,0.05%,WBTC-USDC (0.05%)
2025-03-15T23:06:00.632Z,7624465,15.98492,15.98492,,,8.45533,68de4da9-9e6d-46c6-87a7-927973b30abe,WBTC-USDC,0.05%,WBTC-USDC (0.05%)
2025-03-16T23:22:37.990Z,8005379,37.09336,37.09336,,,8.76218,68de4da9-9e6d-46c6-87a7-927973b30abe,WBTC-USDC,0.05%,WBTC-USDC (0.05%)
2025-03-17T23:06:36.029Z,7802481,45.14213,45.14213,,,8.08261,68de4da9-9e6d-46c6-87a7-927973b30abe,WBTC-USDC,0.05%,WBTC-USDC (0.05%)
2025-03-18T23:06:44.104Z,7722145,35.83451,35.83451,,,8.18265,68de4da9-9e6d-46c6-87a7-927973b30abe,WBTC-USDC,0.05%,WBTC-USDC (0.05%)
2025-03-19T23:06:02.787Z,6583586,37.55162,37.55162,,,18.42439,68de4da9-9e6d-46c6-87a7-927973b30abe,WBTC-USDC,0.05%,WBTC-USDC (0.05%)
2025-03-20T23:06:29.862Z,6762313,25.98385,25.98385,,,18.54016,68de4da9-9e6d-46c6-87a7-927973b30abe,WBTC-USDC,0.05%,WBTC-USDC (0.05%)
2025-03-21T23:07:07.583Z,6770981,15.2632,15.2632,,,17.22648,68de4da9-9e6d-46c6-87a7-927973b30abe,WBTC-USDC,0.05%,WBTC-USDC (0.05%)
2025-03-22T22:05:58.488Z,6764184,0.0,0.0,,,15.40246,68de4da9-9e6d-46c6-87a7-927973b30abe,WBTC-USDC,0.05%,WBTC-USDC (0.05%)
2025-03-23T23:05:35.862Z,6815372,7.11709,7.11709,,,13.24099,68de4da9-9e6d-46c6-87a7-927973b30abe,WBTC-USDC,0.05%,WBTC-USDC (0.05%)
2025-03-24T23:07:11.694Z,6824893,33.02887,33.02887,,,11.85042,68de4da9-9e6d-46c6-87a7-927973b30abe,WBTC-USDC,0.05%,WBTC-USDC (0.05%)
2025-03-25T23:07:25.009Z,6832317,38.06709,38.06709,,,1260.61964,68de4da9-9e6d-46c6-87a7-927973b30abe,WBTC-USDC,0.05%,WBTC-USDC (0.05%)
2025-03-26T23:05:34.036Z,6917314,18.23929,18.23929,,,10.04514,68de4da9-9e6d-46c6-87a7-927973b30abe,WBTC-USDC,0.05%,WBTC-USDC (0.05%)
2025-03-27T23:06:07.155Z,7004328,17.75722,17.75722,,,9.3758,68de4da9-9e6d-46c6-87a7-927973b30abe,WBTC-USDC,0.05%,WBTC-USDC (0.05%)
2025-03-28T23:06:37.967Z,6990970,29.28369,29.28369,,,10.53567,68de4da9-9e6d-46c6-87a7-927973b30abe,WBTC-USDC,0.05%,WBTC-USDC (0.05%)
2025-03-29T23:09:08.261Z,2089819,38.40046,38.40046,,,36.65253,68de4da9-9e6d-46c6-87a7-927973b30abe,WBTC-USDC,0.05%,WBTC-USDC (0.05%)
2025-03-30T23:07:46.136Z,2096142,26.94857,26.94857,,,36.64658,68de4da9-9e6d-46c6-87a7-927973b30abe,WBTC-USDC,0.05%,WBTC-USDC (0.05%)
2025-03-31T23:06:48.259Z,1978011,28.45329,28.45329,,,32.12855,68de4da9-9e6d-46c6-87a7-927973b30abe,WBTC-USDC,0.05%,WBTC-USDC (0.05%)
2025-04-01T23:07:19.746Z,1976185,31.99457,31.99457,,,27.66024,68de4da9-9e6d-46c6-87a7-927973b30abe,WBTC-USDC,0.05%,WBTC-USDC (0.05%)
2025-04-02T22:07:28.578Z,1977830,4.23883,4.23883,,,23.18558,68de4da9-9e6d-46c6-87a7-927973b30abe,WBTC-USDC,0.05%,WBTC-USDC (0.05%)
2025-04-03T23:08:58.998Z,2829617,35.15538,35.15538,,,19.42183,68de4da9-9e6d-46c6-87a7-927973b30abe,WBTC-USDC,0.05%,WBTC-USDC (0.05%)
2025-04-04T23:06:16.160Z,2858543,79.32352,79.32352,,,19.51566,68de4da9-9e6d-46c6-87a7-927973b30abe,WBTC-USDC,0.05%,WBTC-USDC (0.05%)
2025-04-05T23:05:52.481Z,3448468,14.48805,14.48805,,,14.21625,68de4da9-9e6d-46c6-87a7-927973b30abe,WBTC-USDC,0.05%,WBTC-USDC (0.05%)
2025-04-06T18:08:25.259Z,3389375,0.0,0.0,,,16.89603,68de4da9-9e6d-46c6-87a7-927973b30abe,WBTC-USDC,0.05%,WBTC-USDC (0.05%)
2025-04-07T23:07:05.738Z,3822437,333.86691,333.86691,,,13.74298,68de4da9-9e6d-46c6-87a7-927973b30abe,WBTC-USDC,0.05%,WBTC-USDC (0.05%)
2025-04-08T23:05:43.739Z,5586090,58.74783,58.74783,,,106.87841,68de4da9-9e6d-46c6-87a7-927973b30abe,WBTC-USDC,0.05%,WBTC-USDC (0.05%)
2025-04-09T23:04:56.785Z,11635690,73.26632,73.26632,,,17.94316,68de4da9-9e6d-46c6-87a7-927973b30abe,WBTC-USDC,0.05%,WBTC-USDC (0.05%)
2025-04-10T23:08:33.897Z,4411460,94.13885,94.13885,,,23.13261,68de4da9-9e6d-46c6-87a7-927973b30abe,WBTC-USDC,0.05%,WBTC-USDC (0.05%)
2025-04-11T23:07:04.121Z,16797310,104.15807,104.15807,,,4.91645,68de4da9-9e6d-46c6-87a7-927973b30abe,WBTC-USDC,0.05%,WBTC-USDC (0.05%)
2025-04-12T23:07:11.144Z,3562787,365.52592,365.52592,,,32.8336,68de4da9-9e6d-46c6-87a7-927973b30abe,WBTC-USDC,0.05%,WBTC-USDC (0.05%)
2025-04-13T23:06:13.384Z,11233649,147.13629,147.13629,,,12.13017,68de4da9-9e6d-46c6-87a7-927973b30abe,WBTC-USDC,0.05%,WBTC-USDC (0.05%)
2025-04-14T23:06:55.882Z,11957374,199.54372,199.54372,,,11.09379,68de4da9-9e6d-46c6-87a7-927973b30abe,WBTC-USDC,0.05%,WBTC-USDC (0.05%)
2025-04-15T23:06:05.762Z,11833140,94.04985,94.04985,,,14.93033,68de4da9-9e6d-46c6-87a7-927973b30abe,WBTC-USDC,0.05%,WBTC-USDC (0.05%)
2025-04-16T23:06:35.788Z,12348222,101.72772,101.72772,,,12.43405,68de4da9-9e6d-46c6-87a7-927973b30abe,WBTC-USDC,0.05%,WBTC-USDC (0.05%)
2025-04-17T23:07:14.935Z,12351962,80.96899,80.96899,,,12.99815,68de4da9-9e6d-46c6-87a7-927973b30abe,WBTC-USDC,0.05%,WBTC-USDC (0.05%)
2025-04-18T23:10:05.529Z,12216878,27.96656,27.96656,,,11.21794,68de4da9-9e6d-46c6-87a7-927973b30abe,WBTC-USDC,0.05%,WBTC-USDC (0.05%)
2025-04-19T23:07:37.259Z,13566417,30.30923,30.30923,,,9.34593,68de4da9-9e6d-46c6-87a7-927973b30abe,WBTC-USDC,0.05%,WBTC-USDC (0.05%)
2025-04-20T23:06:16.729Z,5845084,36.57761,36.57761,,,23.52501,68de4da9-9e6d-46c6-87a7-927973b30abe,WBTC-USDC,0.05%,WBTC-USDC (0.05%)
2025-04-21T23:08:23.989Z,8171605,40.24251,40.24251,,,18.99837,68de4da9-9e6d-46c6-87a7-927973b30abe,WBTC-USDC,0.05%,WBTC-USDC (0.05%)
2025-04-22T23:23:08.902Z,10374151,78.80748,78.80748,,,7.91618,68de4da9-9e6d-46c6-87a7-927973b30abe,WBTC-USDC,0.05%,WBTC-USDC (0.05%)
2025-04-23T23:08:32.891Z,11402334,117.70085,117.70085,,,7.70128,68de4da9-9e6d-46c6-87a7-927973b30abe,WBTC-USDC,0.05%,WBTC-USDC (0.05%)
2025-04-24T23:06:50.792Z,11589730,65.68418,65.68418,,,6.78031,68de4da9-9e6d-46c6-87a7-927973b30abe,WBTC-USDC,0.05%,WBTC-USDC (0.05%)
2025-04-25T23:08:58.109Z,11786891,53.56972,53.56972,,,39.644,68de4da9-9e6d-46c6-87a7-927973b30abe,WBTC-USDC,0.05%,WBTC-USDC (0.05%)
2025-04-26T23:07:34.107Z,14338440,5.06039,5.06039,,,5.67501,68de4da9-9e6d-46c6-87a7-927973b30abe,WBTC-USDC,0.05%,WBTC-USDC (0.05%)
2025-04-27T23:07:16.882Z,13614528,30.70763,30.70763,,,5.93743,68de4da9-9e6d-46c6-87a7-927973b30abe,WBTC-USDC,0.05%,WBTC-USDC (0.05%)
2025-04-28T23:09:45.101Z,13653008,54.23657,54.23657,,,6.48634,68de4da9-9e6d-46c6-87a7-927973b30abe,WBTC-USDC,0.05%,WBTC-USDC (0.05%)
2025-04-29T23:05:53.947Z,13668304,27.43338,27.43338,,,5.83305,68de4da9-9e6d-46c6-87a7-927973b30abe,WBTC-USDC,0.05%,WBTC-USDC (0.05%)
2025-04-30T23:05:51.193Z,13772943,49.92286,49.92286,,,4.99979,68de4da9-9e6d-46c6-87a7-927973b30abe,WBTC-USDC,0.05%,WBTC-USDC (0.05%)
2025-05-01T23:07:09.463Z,13595581,20.11961,20.11961,,,25.72434,68de4da9-9e6d-46c6-87a7-927973b30abe,WBTC-USDC,0.05%,WBTC-USDC (0.05%)
2025-05-02T23:07:27.758Z,7575987,25.7183,25.7183,,,13.40897,68de4da9-9e6d-46c6-87a7-927973b30abe,WBTC-USDC,0.05%,WBTC-USDC (0.05%)
2025-05-03T23:06:24.090Z,7581353,17.84315,17.84315,,,13.10432,68de4da9-9e6d-46c6-87a7-927973b30abe,WBTC-USDC,0.05%,WBTC-USDC (0.05%)
2025-05-04T23:07:45.467Z,7530335,34.23347,34.23347,,,12.20912,68de4da9-9e6d-46c6-87a7-927973b30abe,WBTC-USDC,0.05%,WBTC-USDC (0.05%)
2025-05-05T23:07:36.166Z,7265726,50.14162,50.14162,,,9.75488,68de4da9-9e6d-46c6-87a7-927973b30abe,WBTC-USDC,0.05%,WBTC-USDC (0.05%)
2025-05-06T23:06:26.106Z,7113580,45.14998,45.14998,,,9.62823,68de4da9-9e6d-46c6-87a7-927973b30abe,WBTC-USDC,0.05%,WBTC-USDC (0.05%)
2025-05-07T23:06:00.472Z,6905291,43.56774,43.56774,,,6.9564,68de4da9-9e6d-46c6-87a7-927973b30abe,WBTC-USDC,0.05%,WBTC-USDC (0.05%)
2025-05-08T23:08:18.617Z,5439610,40.13016,40.13016,,,23.07916,68de4da9-9e6d-46c6-87a7-927973b30abe,WBTC-USDC,0.05%,WBTC-USDC (0.05%)
2025-05-09T23:26:15.272Z,9986029,38.42718,38.42718,,,5.83985,68de4da9-9e6d-46c6-87a7-927973b30abe,WBTC-USDC,0.05%,WBTC-USDC (0.05%)
2025-05-10T23:09:33.789Z,10180234,33.17391,33.17391,,,6.4858,68de4da9-9e6d-46c6-87a7-927973b30abe,WBTC-USDC,0.05%,WBTC-USDC (0.05%)
2025-05-11T23:08:46.695Z,10502965,47.88721,47.88721,,,7.74925,68de4da9-9e6d-46c6-87a7-927973b30abe,WBTC-USDC,0.05%,WBTC-USDC (0.05%)
2025-05-12T23:08:23.607Z,9968428,88.42851,88.42851,,,9.66021,68de4da9-9e6d-46c6-87a7-927973b30abe,WBTC-USDC,0.05%,WBTC-USDC (0.05%)
2025-05-13T23:09:15.868Z,10327378,63.99305,63.99305,,,11.80762,68de4da9-9e6d-46c6-87a7-927973b30abe,WBTC-USDC,0.05%,WBTC-USDC (0.05%)
2025-05-14T22:09:41.539Z,10644280,38.41433,38.41433,,,10.57718,68de4da9-9e6d-46c6-87a7-927973b30abe,WBTC-USDC,0.05%,WBTC-USDC (0.05%)
2025-05-15T23:08:23.890Z,11162027,51.50108,51.50108,,,11.03826,68de4da9-9e6d-46c6-87a7-927973b30abe,WBTC-USDC,0.05%,WBTC-USDC (0.05%)
2025-05-16T23:07:40.393Z,11181222,37.04643,37.04643,,,10.84673,68de4da9-9e6d-46c6-87a7-927973b30abe,WBTC-USDC,0.05%,WBTC-USDC (0.05%)
2025-05-17T23:08:39.344Z,11168080,18.29208,18.29208,,,10.4613,68de4da9-9e6d-46c6-87a7-927973b30abe,WBTC-USDC,0.05%,WBTC-USDC (0.05%)
2025-05-18T23:08:14.553Z,10882570,41.77484,41.77484,,,11.26777,68de4da9-9e6d-46c6-87a7-927973b30abe,WBTC-USDC,0.05%,WBTC-USDC (0.05%)
2025-05-19T23:10:27.940Z,10405294,81.36648,81.36648,,,10.98367,68de4da9-9e6d-46c6-87a7-927973b30abe,WBTC-USDC,0.05%,WBTC-USDC (0.05%)
2025-05-20T23:08:15.510Z,10571216,60.07506,60.07506,,,11.05047,68de4da9-9e6d-46c6-87a7-927973b30abe,WBTC-USDC,0.05%,WBTC-USDC (0.05%)
2025-05-21T23:11:03.086Z,10493274,119.68638,119.68638,,,13.35861,68de4da9-9e6d-46c6-87a7-927973b30abe,WBTC-USDC,0.05%,WBTC-USDC (0.05%)
2025-05-22T23:09:12.945Z,14738526,19.26763,19.26763,,,50.97672,68de4da9-9e6d-46c6-87a7-927973b30abe,WBTC-USDC,0.05%,WBTC-USDC (0.05%)
2025-05-23T23:09:41.887Z,14355162,65.26118,65.26118,,,13.70126,68de4da9-9e6d-46c6-87a7-927973b30abe,WBTC-USDC,0.05%,WBTC-USDC (0.05%)
2025-05-24T23:10:43.554Z,15479852,31.03768,31.03768,,,13.43044,68de4da9-9e6d-46c6-87a7-927973b30abe,WBTC-USDC,0.05%,WBTC-USDC (0.05%)
2025-05-25T23:09:05.632Z,15258222,39.81396,39.81396,,,13.39851,68de4da9-9e6d-46c6-87a7-927973b30abe,WBTC-USDC,0.05%,WBTC-USDC (0.05%)
2025-05-26T23:10:33.887Z,14830492,29.43074,29.43074,,,13.14175,68de4da9-9e6d-46c6-87a7-927973b30abe,WBTC-USDC,0.05%,WBTC-USDC (0.05%)
2025-05-27T23:11:09.129Z,14578766,36.61178,36.61178,,,,68de4da9-9e6d-46c6-87a7-927973b30abe,WBTC-USDC,0.05%,WBTC-USDC (0.05%)
2025-05-28T23:11:44.948Z,10831734,37.67381,37.67381,,,,68de4da9-9e6d-46c6-87a7-927973b30abe,WBTC-USDC,0.05%,WBTC-USDC (0.05%)
2025-05-29T23:09:05.378Z,11732650,73.75578,73.75578,,,12.17442,68de4da9-9e6d-46c6-87a7-927973b30abe,WBTC-USDC,0.05%,WBTC-USDC (0.05%)
2025-05-30T23:09:43.929Z,11395762,77.60458,77.60458,,,12.42561,68de4da9-9e6d-46c6-87a7-927973b30abe,WBTC-USDC,0.05%,WBTC-USDC (0.05%)
2025-05-31T23:09:00.514Z,11120086,38.37042,38.37042,,,11.59174,68de4da9-9e6d-46c6-87a7-927973b30abe,WBTC-USDC,0.05%,WBTC-USDC (0.05%)
2025-06-01T23:09:30.036Z,11267405,11.27641,11.27641,,,10.13392,68de4da9-9e6d-46c6-87a7-927973b30abe,WBTC-USDC,0.05%,WBTC-USDC (0.05%)
2025-06-02T23:11:14.103Z,11829208,35.21209,35.21209,,,9.77527,68de4da9-9e6d-46c6-87a7-927973b30abe,WBTC-USDC,0.05%,WBTC-USDC (0.05%)
2025-06-03T23:10:34.208Z,11324080,38.47327,38.47327,,,9.58984,68de4da9-9e6d-46c6-87a7-927973b30abe,WBTC-USDC,0.05%,WBTC-USDC (0.05%)
2025-06-04T23:09:23.991Z,11109246,25.32246,25.32246,,,9.5436,68de4da9-9e6d-46c6-87a7-927973b30abe,WBTC-USDC,0.05%,WBTC-USDC (0.05%)
2025-06-05T23:09:25.390Z,11318997,87.14615,87.14615,,,11.41976,68de4da9-9e6d-46c6-87a7-927973b30abe,WBTC-USDC,0.05%,WBTC-USDC (0.05%)
2025-06-06T23:09:19.324Z,11076778,40.9899,40.9899,,,9.69722,68de4da9-9e6d-46c6-87a7-927973b30abe,WBTC-USDC,0.05%,WBTC-USDC (0.05%)
2025-06-07T23:10:34.534Z,10929573,29.57033,29.57033,,,8.85588,68de4da9-9e6d-46c6-87a7-927973b30abe,WBTC-USDC,0.05%,WBTC-USDC (0.05%)
2025-06-08T23:09:48.796Z,11147105,21.07351,21.07351,,,8.9893,68de4da9-9e6d-46c6-87a7-927973b30abe,WBTC-USDC,0.05%,WBTC-USDC (0.05%)
2025-06-09T23:12:02.204Z,10872833,48.17291,48.17291,,,32.69533,68de4da9-9e6d-46c6-87a7-927973b30abe,WBTC-USDC,0.05%,WBTC-USDC (0.05%)
2025-06-10T23:08:44.558Z,11467479,45.02956,45.02956,,,9.65804,68de4da9-9e6d-46c6-87a7-927973b30abe,WBTC-USDC,0.05%,WBTC-USDC (0.05%)
2025-06-11T23:09:42.994Z,10824215,36.12918,36.12918,,,9.89271,68de4da9-9e6d-46c6-87a7-927973b30abe,WBTC-USDC,0.05%,WBTC-USDC (0.05%)
2025-06-12T23:11:41.242Z,10771813,45.11023,45.11023,,,8.46068,68de4da9-9e6d-46c6-87a7-927973b30abe,WBTC-USDC,0.05%,WBTC-USDC (0.05%)
2025-06-13T22:26:41.965Z,10540456,89.29734,89.29734,,,10.21572,68de4da9-9e6d-46c6-87a7-927973b30abe,WBTC-USDC,0.05%,WBTC-USDC (0.05%)
2025-06-14T23:09:05.695Z,10351150,19.99645,19.99645,,,10.25059,68de4da9-9e6d-46c6-87a7-927973b30abe,WBTC-USDC,0.05%,WBTC-USDC (0.05%)
2025-06-15T23:10:37.705Z,10404304,22.49307,22.49307,,,9.93589,68de4da9-9e6d-46c6-87a7-927973b30abe,WBTC-USDC,0.05%,WBTC-USDC (0.05%)
2025-06-16T23:08:00.020Z,13417928,50.31258,50.31258,,,6.82794,68de4da9-9e6d-46c6-87a7-927973b30abe,WBTC-USDC,0.05%,WBTC-USDC (0.05%)
2025-06-17T23:08:14.120Z,12963086,61.39319,61.39319,,,8.60384,68de4da9-9e6d-46c6-87a7-927973b30abe,WBTC-USDC,0.05%,WBTC-USDC (0.05%)
2025-06-18T23:08:28.911Z,13242888,59.63853,59.63853,,,9.28499,68de4da9-9e6d-46c6-87a7-927973b30abe,WBTC-USDC,0.05%,WBTC-USDC (0.05%)
2025-06-19T23:09:19.481Z,13414227,25.99938,25.99938,,,8.67449,68de4da9-9e6d-46c6-87a7-927973b30abe,WBTC-USDC,0.05%,WBTC-USDC (0.05%)
2025-06-20T23:09:23.218Z,13308004,55.62662,55.62662,,,8.59798,68de4da9-9e6d-46c6-87a7-927973b30abe,WBTC-USDC,0.05%,WBTC-USDC (0.05%)
2025-06-21T23:09:29.456Z,12951742,56.10358,56.10358,,,10.01169,68de4da9-9e6d-46c6-87a7-927973b30abe,WBTC-USDC,0.05%,WBTC-USDC (0.05%)
2025-06-22T23:09:00.747Z,15257042,107.2357,107.2357,,,10.07077,68de4da9-9e6d-46c6-87a7-927973b30abe,WBTC-USDC,0.05%,WBTC-USDC (0.05%)
2025-06-23T23:09:52.343Z,15862274,91.43648,91.43648,,,13.10045,68de4da9-9e6d-46c6-87a7-927973b30abe,WBTC-USDC,0.05%,WBTC-USDC (0.05%)
2025-06-24T23:09:55.817Z,18149144,34.39326,34.39326,,,12.1573,68de4da9-9e6d-46c6-87a7-927973b30abe,WBTC-USDC,0.05%,WBTC-USDC (0.05%)
2025-06-25T23:10:04.945Z,18432242,33.26163,33.26163,,,11.65933,68de4da9-9e6d-46c6-87a7-927973b30abe,WBTC-USDC,0.05%,WBTC-USDC (0.05%)
2025-06-26T23:09:32.221Z,14701810,34.5786,34.5786,,,11.89438,68de4da9-9e6d-46c6-87a7-927973b30abe,WBTC-USDC,0.05%,WBTC-USDC (0.05%)
2025-06-27T23:08:59.096Z,15056159,24.29859,24.29859,,,10.96474,68de4da9-9e6d-46c6-87a7-927973b30abe,WBTC-USDC,0.05%,WBTC-USDC (0.05%)
2025-06-28T23:10:17.900Z,15052879,5.36584,5.36584,,,9.74371,68de4da9-9e6d-46c6-87a7-927973b30abe,WBTC-USDC,0.05%,WBTC-USDC (0.05%)
2025-06-29T23:13:25.363Z,15207732,11.87907,11.87907,,,7.13057,68de4da9-9e6d-46c6-87a7-927973b30abe,WBTC-USDC,0.05%,WBTC-USDC (0.05%)
2025-06-30T23:15:01.927Z,13706492,24.47605,24.47605,,,5.42803,68de4da9-9e6d-46c6-87a7-927973b30abe,WBTC-USDC,0.05%,WBTC-USDC (0.05%)
2025-07-01T23:31:25.728Z,14462322,23.51098,23.51098,,,2857.93278,68de4da9-9e6d-46c6-87a7-927973b30abe,WBTC-USDC,0.05%,WBTC-USDC (0.05%)
2025-07-02T23:13:54.168Z,14998834,29.14315,29.14315,,,4.52228,68de4da9-9e6d-46c6-87a7-927973b30abe,WBTC-USDC,0.05%,WBTC-USDC (0.05%)
2025-07-03T23:11:48.486Z,14997331,26.63627,26.63627,,,4.19713,68de4da9-9e6d-46c6-87a7-927973b30abe,WBTC-USDC,0.05%,WBTC-USDC (0.05%)
2025-07-04T23:30:46.154Z,15458410,22.55019,22.55019,,,4.12285,68de4da9-9e6d-46c6-87a7-927973b30abe,WBTC-USDC,0.05%,WBTC-USDC (0.05%)
2025-07-05T23:13:28.106Z,15368329,8.96172,8.96172,,,4.17261,68de4da9-9e6d-46c6-87a7-927973b30abe,WBTC-USDC,0.05%,WBTC-USDC (0.05%)
2025-07-06T23:14:40.679Z,15370847,14.72101,14.72101,,,4.25191,68de4da9-9e6d-46c6-87a7-927973b30abe,WBTC-USDC,0.05%,WBTC-USDC (0.05%)
2025-07-07T23:12:56.973Z,15341658,22.4355,22.4355,,,4.28821,68de4da9-9e6d-46c6-87a7-927973b30abe,WBTC-USDC,0.05%,WBTC-USDC (0.05%)
2025-07-08T23:14:29.709Z,15493565,20.09783,20.09783,,,4.19935,68de4da9-9e6d-46c6-87a7-927973b30abe,WBTC-USDC,0.05%,WBTC-USDC (0.05%)
2025-07-09T23:13:50.151Z,14966046,19.7347,19.7347,,,18.8711,68de4da9-9e6d-46c6-87a7-927973b30abe,WBTC-USDC,0.05%,WBTC-USDC (0.05%)
2025-07-10T23:13:17.452Z,17584726,16.8071,16.8071,,,,68de4da9-9e6d-46c6-87a7-927973b30abe,WBTC-USDC,0.05%,WBTC-USDC (0.05%)
2025-07-11T23:16:14.071Z,16221115,18.00323,18.00323,,,,68de4da9-9e6d-46c6-87a7-927973b30abe,WBTC-USDC,0.05%,WBTC-USDC (0.05%)
2025-07-12T23:14:35.765Z,15989229,5.54135,5.54135,,,12.66407,68de4da9-9e6d-46c6-87a7-927973b30abe,WBTC-USDC,0.05%,WBTC-USDC (0.05%)
2025-07-13T23:31:44.610Z,15926002,6.7271,6.7271,,,,68de4da9-9e6d-46c6-87a7-927973b30abe,WBTC-USDC,0.05%,WBTC-USDC (0.05%)
2025-07-14T23:11:50.606Z,7824603,45.13388,45.13388,,,14.00109,68de4da9-9e6d-46c6-87a7-927973b30abe,WBTC-USDC,0.05%,WBTC-USDC (0.05%)
2025-07-15T23:14:18.967Z,7618998,43.0047,43.0047,,,14.13246,68de4da9-9e6d-46c6-87a7-927973b30abe,WBTC-USDC,0.05%,WBTC-USDC (0.05%)
2025-07-16T23:14:02.643Z,4974191,37.12207,37.12207,,,21.91512,68de4da9-9e6d-46c6-87a7-927973b30abe,WBTC-USDC,0.05%,WBTC-USDC (0.05%)
2025-07-17T23:15:43.444Z,5879103,30.4714,30.4714,,,,68de4da9-9e6d-46c6-87a7-927973b30abe,WBTC-USDC,0.05%,WBTC-USDC (0.05%)
2025-07-18T23:14:24.953Z,4776851,40.62364,40.62364,,,21.1212,68de4da9-9e6d-46c6-87a7-927973b30abe,WBTC-USDC,0.05%,WBTC-USDC (0.05%)
2025-07-19T23:12:28.535Z,9874203,2.86744,2.86744,,,21.96751,68de4da9-9e6d-46c6-87a7-927973b30abe,WBTC-USDC,0.05%,WBTC-USDC (0.05%)
2025-07-20T23:27:34.920Z,9860539,30.55505,30.55505,,,30.47674,68de4da9-9e6d-46c6-87a7-927973b30abe,WBTC-USDC,0.05%,WBTC-USDC (0.05%)
2025-07-21T23:13:32.431Z,9952939,37.53719,37.53719,,,0.0,68de4da9-9e6d-46c6-87a7-927973b30abe,WBTC-USDC,0.05%,WBTC-USDC (0.05%)
2025-07-22T23:11:22.751Z,4782842,26.66901,26.66901,,,34.06242,68de4da9-9e6d-46c6-87a7-927973b30abe,WBTC-USDC,0.05%,WBTC-USDC (0.05%)
2025-07-23T23:13:24.703Z,4816032,17.94751,17.94751,,,16.02173,68de4da9-9e6d-46c6-87a7-927973b30abe,WBTC-USDC,0.05%,WBTC-USDC (0.05%)
2025-07-24T23:31:43.745Z,4816948,16.16906,16.16906,,,0.0,68de4da9-9e6d-46c6-87a7-927973b30abe,WBTC-USDC,0.05%,WBTC-USDC (0.05%)
2025-07-25T23:13:12.213Z,4691984,28.31979,28.31979,,,13.75664,68de4da9-9e6d-46c6-87a7-927973b30abe,WBTC-USDC,0.05%,WBTC-USDC (0.05%)
2025-07-26T23:14:41.850Z,4695690,5.79298,5.79298,,,13.4619,68de4da9-9e6d-46c6-87a7-927973b30abe,WBTC-USDC,0.05%,WBTC-USDC (0.05%)
2025-07-27T23:14:59.844Z,5089164,9.4135,9.4135,,,17.91887,68de4da9-9e6d-46c6-87a7-927973b30abe,WBTC-USDC,0.05%,WBTC-USDC (0.05%)
2025-07-28T23:14:23.489Z,5034975,16.20405,16.20405,,,6.66266,68de4da9-9e6d-46c6-87a7-927973b30abe,WBTC-USDC,0.05%,WBTC-USDC (0.05%)
2025-07-29T23:15:42.774Z,4941572,14.62066,14.62066,,,6.32081,68de4da9-9e6d-46c6-87a7-927973b30abe,WBTC-USDC,0.05%,WBTC-USDC (0.05%)
2025-07-30T23:16:08.252Z,4674334,15.16586,15.16586,,,0.0,68de4da9-9e6d-46c6-87a7-927973b30abe,WBTC-USDC,0.05%,WBTC-USDC (0.05%)
2025-07-31T23:15:54.973Z,4660538,11.34575,11.34575,,,6.29398,68de4da9-9e6d-46c6-87a7-927973b30abe,WBTC-USDC,0.05%,WBTC-USDC (0.05%)
2025-08-01T23:15:51.688Z,4033997,40.53538,40.53538,,,,68de4da9-9e6d-46c6-87a7-927973b30abe,WBTC-USDC,0.05%,WBTC-USDC (0.05%)
2025-08-02T23:15:46.874Z,3934687,25.22015,25.22015,,,7.8556,68de4da9-9e6d-46c6-87a7-927973b30abe,WBTC-USDC,0.05%,WBTC-USDC (0.05%)
2025-08-03T23:15:11.322Z,4052415,12.31705,12.31705,,,7.57842,68de4da9-9e6d-46c6-87a7-927973b30abe,WBTC-USDC,0.05%,WBTC-USDC (0.05%)
2025-08-04T23:15:32.153Z,3944973,19.59481,19.59481,,,0.0,68de4da9-9e6d-46c6-87a7-927973b30abe,WBTC-USDC,0.05%,WBTC-USDC (0.05%)
2025-08-05T23:13:05.413Z,3932482,25.65203,25.65203,,,,68de4da9-9e6d-46c6-87a7-927973b30abe,WBTC-USDC,0.05%,WBTC-USDC (0.05%)
2025-08-06T23:14:18.196Z,4009469,13.92964,13.92964,,,8.84028,68de4da9-9e6d-46c6-87a7-927973b30abe,WBTC-USDC,0.05%,WBTC-USDC (0.05%)
2025-08-07T23:16:32.431Z,3993020,14.71584,14.71584,,,9.01032,68de4da9-9e6d-46c6-87a7-927973b30abe,WBTC-USDC,0.05%,WBTC-USDC (0.05%)
2025-08-08T23:12:57.228Z,4425107,10.12112,10.12112,,,6.69914,68de4da9-9e6d-46c6-87a7-927973b30abe,WBTC-USDC,0.05%,WBTC-USDC (0.05%)
2025-08-09T23:12:10.729Z,4304764,16.74597,16.74597,,,6.43072,68de4da9-9e6d-46c6-87a7-927973b30abe,WBTC-USDC,0.05%,WBTC-USDC (0.05%)
2025-08-10T23:15:48.220Z,4691373,13.46026,13.46026,,,6.05034,68de4da9-9e6d-46c6-87a7-927973b30abe,WBTC-USDC,0.05%,WBTC-USDC (0.05%)
2025-08-11T23:16:29.643Z,4388465,26.16616,26.16616,,,7.10744,68de4da9-9e6d-46c6-87a7-927973b30abe,WBTC-USDC,0.05%,WBTC-USDC (0.05%)
2025-08-12T23:12:36.786Z,4528324,21.63994,21.63994,,,,68de4da9-9e6d-46c6-87a7-927973b30abe,WBTC-USDC,0.05%,WBTC-USDC (0.05%)
2025-08-13T23:32:12.647Z,4340850,20.42415,20.42415,,,19.65956,68de4da9-9e6d-46c6-87a7-927973b30abe,WBTC-USDC,0.05%,WBTC-USDC (0.05%)
2025-08-14T23:13:12.126Z,4414512,25.52074,25.52074,,,,68de4da9-9e6d-46c6-87a7-927973b30abe,WBTC-USDC,0.05%,WBTC-USDC (0.05%)
2025-08-15T23:32:24.274Z,4478413,20.01768,20.01768,,,9.20529,68de4da9-9e6d-46c6-87a7-927973b30abe,WBTC-USDC,0.05%,WBTC-USDC (0.05%)
2025-08-16T23:28:15.586Z,4280527,7.69032,7.69032,,,8.69711,68de4da9-9e6d-46c6-87a7-927973b30abe,WBTC-USDC,0.05%,WBTC-USDC (0.05%)
2025-08-17T23:13:56.258Z,4283127,5.95811,5.95811,,,,68de4da9-9e6d-46c6-87a7-927973b30abe,WBTC-USDC,0.05%,WBTC-USDC (0.05%)
2025-08-18T21:31:23.589Z,3967349,39.254,39.254,,,,68de4da9-9e6d-46c6-87a7-927973b30abe,WBTC-USDC,0.05%,WBTC-USDC (0.05%)
2025-08-19T23:14:10.181Z,3895149,33.5064,33.5064,,,,68de4da9-9e6d-46c6-87a7-927973b30abe,WBTC-USDC,0.05%,WBTC-USDC (0.05%)
2025-08-20T23:48:32.570Z,3934806,36.65894,36.65894,,,,68de4da9-9e6d-46c6-87a7-927973b30abe,WBTC-USDC,0.05%,WBTC-USDC (0.05%)
2025-08-21T23:14:24.813Z,3941591,22.73514,22.73514,,,9.06605,68de4da9-9e6d-46c6-87a7-927973b30abe,WBTC-USDC,0.05%,WBTC-USDC (0.05%)
2025-08-22T23:15:41.339Z,4645358,43.88114,43.88114,,,,68de4da9-9e6d-46c6-87a7-927973b30abe,WBTC-USDC,0.05%,WBTC-USDC (0.05%)
2025-08-23T23:15:15.686Z,4182505,37.89876,37.89876,,,11.083,68de4da9-9e6d-46c6-87a7-927973b30abe,WBTC-USDC,0.05%,WBTC-USDC (0.05%)
2025-08-24T23:16:06.972Z,3935882,32.30214,32.30214,,,,68de4da9-9e6d-46c6-87a7-927973b30abe,WBTC-USDC,0.05%,WBTC-USDC (0.05%)
2025-08-25T23:14:25.850Z,3937719,52.15806,52.15806,,,,68de4da9-9e6d-46c6-87a7-927973b30abe,WBTC-USDC,0.05%,WBTC-USDC (0.05%)
2025-08-26T23:13:18.463Z,3500590,35.10249,35.10249,,,14.79592,68de4da9-9e6d-46c6-87a7-927973b30abe,WBTC-USDC,0.05%,WBTC-USDC (0.05%)
2025-08-27T23:13:53.916Z,4015356,23.68536,23.68536,,,12.98137,68de4da9-9e6d-46c6-87a7-927973b30abe,WBTC-USDC,0.05%,WBTC-USDC (0.05%)
2025-08-28T23:13:28.859Z,4064254,17.80909,17.80909,,,12.47862,68de4da9-9e6d-46c6-87a7-927973b30abe,WBTC-USDC,0.05%,WBTC-USDC (0.05%)
2025-08-29T23:13:29.035Z,3230733,35.71933,35.71933,,,25.00812,68de4da9-9e6d-46c6-87a7-927973b30abe,WBTC-USDC,0.05%,WBTC-USDC (0.05%)
2025-08-30T23:14:15.503Z,3190561,5.73593,5.73593,,,23.84115,68de4da9-9e6d-46c6-87a7-927973b30abe,WBTC-USDC,0.05%,WBTC-USDC (0.05%)
2025-08-31T23:14:23.996Z,3189298,5.57028,5.57028,,,19.94528,68de4da9-9e6d-46c6-87a7-927973b30abe,WBTC-USDC,0.05%,WBTC-USDC (0.05%)
2025-09-01T23:12:11.116Z,3160547,14.76956,14.76956,,,15.51609,68de4da9-9e6d-46c6-87a7-927973b30abe,WBTC-USDC,0.05%,WBTC-USDC (0.05%)
2025-09-02T23:14:56.456Z,3247295,23.41524,23.41524,,,12.73029,68de4da9-9e6d-46c6-87a7-927973b30abe,WBTC-USDC,0.05%,WBTC-USDC (0.05%)
2025-09-03T23:12:50.223Z,3214165,12.40281,12.40281,,,11.20615,68de4da9-9e6d-46c6-87a7-927973b30abe,WBTC-USDC,0.05%,WBTC-USDC (0.05%)
2025-09-04T23:09:36.293Z,3205798,15.41889,15.41889,,,8.84236,68de4da9-9e6d-46c6-87a7-927973b30abe,WBTC-USDC,0.05%,WBTC-USDC (0.05%)
2025-09-05T23:13:16.636Z,3204419,17.67352,17.67352,,,0.0,68de4da9-9e6d-46c6-87a7-927973b30abe,WBTC-USDC,0.05%,WBTC-USDC (0.05%)
2025-09-06T23:13:35.468Z,3237167,5.10124,5.10124,,,3.08147,68de4da9-9e6d-46c6-87a7-927973b30abe,WBTC-USDC,0.05%,WBTC-USDC (0.05%)
2025-09-07T23:13:00.529Z,3263760,3.86068,3.86068,,,7.22683,68de4da9-9e6d-46c6-87a7-927973b30abe,WBTC-USDC,0.05%,WBTC-USDC (0.05%)
2025-09-08T23:15:32.557Z,3235626,8.88582,8.88582,,,8.07011,68de4da9-9e6d-46c6-87a7-927973b30abe,WBTC-USDC,0.05%,WBTC-USDC (0.05%)
2025-09-09T23:13:20.093Z,3230624,9.00791,9.00791,,,,68de4da9-9e6d-46c6-87a7-927973b30abe,WBTC-USDC,0.05%,WBTC-USDC (0.05%)
2025-09-10T23:13:16.846Z,3274184,8.86238,8.86238,,,,68de4da9-9e6d-46c6-87a7-927973b30abe,WBTC-USDC,0.05%,WBTC-USDC (0.05%)
2025-09-11T23:15:03.959Z,3303250,9.08622,9.08622,,,,68de4da9-9e6d-46c6-87a7-927973b30abe,WBTC-USDC,0.05%,WBTC-USDC (0.05%)
2025-09-12T23:13:41.160Z,3262406,13.41556,13.41556,,,,68de4da9-9e6d-46c6-87a7-927973b30abe,WBTC-USDC,0.05%,WBTC-USDC (0.05%)
2025-09-13T23:11:22.981Z,3303405,4.05728,4.05728,,,,68de4da9-9e6d-46c6-87a7-927973b30abe,WBTC-USDC,0.05%,WBTC-USDC (0.05%)
2025-09-14T23:11:54.381Z,3385916,3.8499,3.8499,,,,68de4da9-9e6d-46c6-87a7-927973b30abe,WBTC-USDC,0.05%,WBTC-USDC (0.05%)
2025-09-15T23:14:41.047Z,3573141,9.71137,9.71137,,,,68de4da9-9e6d-46c6-87a7-927973b30abe,WBTC-USDC,0.05%,WBTC-USDC (0.05%)
2025-09-16T23:12:16.808Z,3393997,8.27533,8.27533,,,,68de4da9-9e6d-46c6-87a7-927973b30abe,WBTC-USDC,0.05%,WBTC-USDC (0.05%)
2025-09-17T23:15:24.728Z,3280185,11.87508,11.87508,,,,68de4da9-9e6d-46c6-87a7-927973b30abe,WBTC-USDC,0.05%,WBTC-USDC (0.05%)
2025-09-18T23:13:49.293Z,3232479,7.53521,7.53521,,,,68de4da9-9e6d-46c6-87a7-927973b30abe,WBTC-USDC,0.05%,WBTC-USDC (0.05%)
2025-09-19T23:12:59.049Z,3264657,4.97854,4.97854,,,,68de4da9-9e6d-46c6-87a7-927973b30abe,WBTC-USDC,0.05%,WBTC-USDC (0.05%)
2025-09-20T23:14:12.345Z,3267355,1.95084,1.95084,,,,68de4da9-9e6d-46c6-87a7-927973b30abe,WBTC-USDC,0.05%,WBTC-USDC (0.05%)
2025-09-21T23:13:09.032Z,2790603,2.6831,2.6831,,,,68de4da9-9e6d-46c6-87a7-927973b30abe,WBTC-USDC,0.05%,WBTC-USDC (0.05%)
2025-09-22T23:14:51.486Z,2810577,19.19349,19.19349,,,,68de4da9-9e6d-46c6-87a7-927973b30abe,WBTC-USDC,0.05%,WBTC-USDC (0.05%)
2025-09-23T23:14:24.346Z,2804873,12.63046,12.63046,,,,68de4da9-9e6d-46c6-87a7-927973b30abe,WBTC-USDC,0.05%,WBTC-USDC (0.05%)
2025-09-24T23:16:19.733Z,2832766,14.19373,14.19373,,,,68de4da9-9e6d-46c6-87a7-927973b30abe,WBTC-USDC,0.05%,WBTC-USDC (0.05%)
2025-09-25T23:11:47.390Z,2747310,36.21756,36.21756,,,,68de4da9-9e6d-46c6-87a7-927973b30abe,WBTC-USDC,0.05%,WBTC-USDC (0.05%)
2025-09-26T23:13:45.454Z,2749317,30.82131,30.82131,,,,68de4da9-9e6d-46c6-87a7-927973b30abe,WBTC-USDC,0.05%,WBTC-USDC (0.05%)
2025-09-27T23:13:25.631Z,2705717,7.43005,7.43005,,,11.59924,68de4da9-9e6d-46c6-87a7-927973b30abe,WBTC-USDC,0.05%,WBTC-USDC (0.05%)
2025-09-28T23:10:30.073Z,2818301,9.13644,9.13644,,,9.6864,68de4da9-9e6d-46c6-87a7-927973b30abe,WBTC-USDC,0.05%,WBTC-USDC (0.05%)
2025-09-29T23:09:03.261Z,2940563,10.90039,10.90039,,,9.06409,68de4da9-9e6d-46c6-87a7-927973b30abe,WBTC-USDC,0.05%,WBTC-USDC (0.05%)
2025-09-30T23:11:03.656Z,2836161,12.68809,12.68809,,,10.6281,68de4da9-9e6d-46c6-87a7-927973b30abe,WBTC-USDC,0.05%,WBTC-USDC (0.05%)
2025-10-01T23:10:15.228Z,2867241,13.15074,13.15074,,,10.38826,68de4da9-9e6d-46c6-87a7-927973b30abe,WBTC-USDC,0.05%,WBTC-USDC (0.05%)
2025-10-02T23:07:55.785Z,2821738,13.54337,13.54337,,,10.45609,68de4da9-9e6d-46c6-87a7-927973b30abe,WBTC-USDC,0.05%,WBTC-USDC (0.05%)
2025-10-03T23:07:29.007Z,3699175,31.07806,31.07806,,,6.02147,68de4da9-9e6d-46c6-87a7-927973b30abe,WBTC-USDC,0.05%,WBTC-USDC (0.05%)
2025-10-04T23:07:58.392Z,3262586,10.17861,10.17861,,,7.43231,68de4da9-9e6d-46c6-87a7-927973b30abe,WBTC-USDC,0.05%,WBTC-USDC (0.05%)
2025-10-05T23:07:41.435Z,2776171,23.02109,23.02109,,,15.79162,68de4da9-9e6d-46c6-87a7-927973b30abe,WBTC-USDC,0.05%,WBTC-USDC (0.05%)
2025-10-06T23:12:03.230Z,3749823,11.78758,11.78758,,,9.40859,68de4da9-9e6d-46c6-87a7-927973b30abe,WBTC-USDC,0.05%,WBTC-USDC (0.05%)
2025-10-07T23:12:33.051Z,2707703,38.18251,38.18251,,,,68de4da9-9e6d-46c6-87a7-927973b30abe,WBTC-USDC,0.05%,WBTC-USDC (0.05%)
2025-10-08T23:10:36.810Z,2716209,14.05506,14.05506,,,,68de4da9-9e6d-46c6-87a7-927973b30abe,WBTC-USDC,0.05%,WBTC-USDC (0.05%)
2025-10-09T23:10:34.989Z,2714231,16.67934,16.67934,,,14.07217,68de4da9-9e6d-46c6-87a7-927973b30abe,WBTC-USDC,0.05%,WBTC-USDC (0.05%)
2025-10-10T21:10:11.385Z,2746042,42.16878,42.16878,,,14.57103,68de4da9-9e6d-46c6-87a7-927973b30abe,WBTC-USDC,0.05%,WBTC-USDC (0.05%)
2025-10-11T23:11:34.529Z,2799246,65.88985,65.88985,,,26.64425,68de4da9-9e6d-46c6-87a7-927973b30abe,WBTC-USDC,0.05%,WBTC-USDC (0.05%)
2025-10-12T23:11:53.824Z,3655213,83.50967,83.50967,,,18.66506,68de4da9-9e6d-46c6-87a7-927973b30abe,WBTC-USDC,0.05%,WBTC-USDC (0.05%)
2025-10-13T23:08:04.016Z,2925853,34.87483,34.87483,,,0.0,68de4da9-9e6d-46c6-87a7-927973b30abe,WBTC-USDC,0.05%,WBTC-USDC (0.05%)
2025-10-14T23:06:59.023Z,2914828,49.76596,49.76596,,,35.45898,68de4da9-9e6d-46c6-87a7-927973b30abe,WBTC-USDC,0.05%,WBTC-USDC (0.05%)
2025-10-15T23:09:35.558Z,2874062,29.84315,29.84315,,,37.77683,68de4da9-9e6d-46c6-87a7-927973b30abe,WBTC-USDC,0.05%,WBTC-USDC (0.05%)
2025-10-16T23:09:21.599Z,2869360,54.66443,54.66443,,,42.34119,68de4da9-9e6d-46c6-87a7-927973b30abe,WBTC-USDC,0.05%,WBTC-USDC (0.05%)
2025-10-17T23:07:46.454Z,3205477,42.74825,42.74825,,,34.59055,68de4da9-9e6d-46c6-87a7-927973b30abe,WBTC-USDC,0.05%,WBTC-USDC (0.05%)
2025-10-18T23:09:16.634Z,3218631,8.62335,8.62335,,,29.77691,68de4da9-9e6d-46c6-87a7-927973b30abe,WBTC-USDC,0.05%,WBTC-USDC (0.05%)
2025-10-19T23:08:42.824Z,4738256,72.96882,72.96882,,,27.46318,68de4da9-9e6d-46c6-87a7-927973b30abe,WBTC-USDC,0.05%,WBTC-USDC (0.05%)
2025-10-20T23:10:16.949Z,4759724,17.8932,17.8932,,,26.66016,68de4da9-9e6d-46c6-87a7-927973b30abe,WBTC-USDC,0.05%,WBTC-USDC (0.05%)
2025-10-21T23:10:53.176Z,4772003,46.34311,46.34311,,,28.82822,68de4da9-9e6d-46c6-87a7-927973b30abe,WBTC-USDC,0.05%,WBTC-USDC (0.05%)
2025-10-22T23:11:03.814Z,4737582,25.51915,25.51915,,,30.22428,68de4da9-9e6d-46c6-87a7-927973b30abe,WBTC-USDC,0.05%,WBTC-USDC (0.05%)
2025-10-23T23:10:37.464Z,4777804,25.32553,25.32553,,,27.62191,68de4da9-9e6d-46c6-87a7-927973b30abe,WBTC-USDC,0.05%,WBTC-USDC (0.05%)
2025-10-24T23:10:51.286Z,4793134,21.35028,21.35028,,,26.56253,68de4da9-9e6d-46c6-87a7-927973b30abe,WBTC-USDC,0.05%,WBTC-USDC (0.05%)
2025-10-25T23:47:05.883Z,4791347,3.25039,3.25039,,,26.19977,68de4da9-9e6d-46c6-87a7-927973b30abe,WBTC-USDC,0.05%,WBTC-USDC (0.05%)
2025-10-26T21:14:42.573Z,3400900,15.42913,15.42913,,,18.44507,68de4da9-9e6d-46c6-87a7-927973b30abe,WBTC-USDC,0.05%,WBTC-USDC (0.05%)
2025-10-27T23:29:32.479Z,3320274,16.15582,16.15582,,,19.60253,68de4da9-9e6d-46c6-87a7-927973b30abe,WBTC-USDC,0.05%,WBTC-USDC (0.05%)
2025-10-28T23:30:46.181Z,3311031,19.07285,19.07285,,,15.25027,68de4da9-9e6d-46c6-87a7-927973b30abe,WBTC-USDC,0.05%,WBTC-USDC (0.05%)
2025-10-29T20:30:57.740Z,3287684,30.76094,30.76094,,,0.0,68de4da9-9e6d-46c6-87a7-927973b30abe,WBTC-USDC,0.05%,WBTC-USDC (0.05%)
2025-10-30T23:47:01.808Z,3055630,49.59796,49.59796,,,16.89645,68de4da9-9e6d-46c6-87a7-927973b30abe,WBTC-USDC,0.05%,WBTC-USDC (0.05%)
2025-10-31T20:11:55.948Z,3088489,33.7786,33.7786,,,15.71994,68de4da9-9e6d-46c6-87a7-927973b30abe,WBTC-USDC,0.05%,WBTC-USDC (0.05%)
2025-11-01T22:15:39.619Z,3080242,7.37654,7.37654,,,15.72675,68de4da9-9e6d-46c6-87a7-927973b30abe,WBTC-USDC,0.05%,WBTC-USDC (0.05%)
2025-11-02T19:46:49.569Z,3108711,8.18282,8.18282,,,14.7251,68de4da9-9e6d-46c6-87a7-927973b30abe,WBTC-USDC,0.05%,WBTC-USDC (0.05%)
2025-11-03T23:32:38.622Z,3042442,34.4548,34.4548,,,0.0,68de4da9-9e6d-46c6-87a7-927973b30abe,WBTC-USDC,0.05%,WBTC-USDC (0.05%)
2025-11-04T23:28:10.207Z,2936665,83.58056,83.58056,,,24.92044,68de4da9-9e6d-46c6-87a7-927973b30abe,WBTC-USDC,0.05%,WBTC-USDC (0.05%)
2025-11-05T23:30:25.271Z,2974105,58.95079,58.95079,,,31.15957,68de4da9-9e6d-46c6-87a7-927973b30abe,WBTC-USDC,0.05%,WBTC-USDC (0.05%)
2025-11-06T22:15:48.109Z,2925830,34.28911,34.28911,,,25.15357,68de4da9-9e6d-46c6-87a7-927973b30abe,WBTC-USDC,0.05%,WBTC-USDC (0.05%)
2025-11-07T23:28:57.686Z,2970987,45.07293,45.07293,,,26.17314,68de4da9-9e6d-46c6-87a7-927973b30abe,WBTC-USDC,0.05%,WBTC-USDC (0.05%)
2025-11-08T23:31:48.447Z,2956198,13.08549,13.08549,,,26.51897,68de4da9-9e6d-46c6-87a7-927973b30abe,WBTC-USDC,0.05%,WBTC-USDC (0.05%)
2025-11-09T23:32:36.951Z,2994852,28.44612,28.44612,,,0.0,68de4da9-9e6d-46c6-87a7-927973b30abe,WBTC-USDC,0.05%,WBTC-USDC (0.05%)
2025-11-10T22:30:28.659Z,3007869,33.00924,33.00924,,,30.52796,68de4da9-9e6d-46c6-87a7-927973b30abe,WBTC-USDC,0.05%,WBTC-USDC (0.05%)
2025-11-11T23:28:00.943Z,2916386,29.87565,29.87565,,,21.59546,68de4da9-9e6d-46c6-87a7-927973b30abe,WBTC-USDC,0.05%,WBTC-USDC (0.05%)
2025-11-12T23:12:55.297Z,2960544,35.49975,35.49975,,,19.10244,68de4da9-9e6d-46c6-87a7-927973b30abe,WBTC-USDC,0.05%,WBTC-USDC (0.05%)
2025-11-13T23:16:01.275Z,2955211,68.20183,68.20183,,,0.0,68de4da9-9e6d-46c6-87a7-927973b30abe,WBTC-USDC,0.05%,WBTC-USDC (0.05%)
2025-11-14T23:11:28.380Z,2768906,92.32767,92.32767,,,33.80971,68de4da9-9e6d-46c6-87a7-927973b30abe,WBTC-USDC,0.05%,WBTC-USDC (0.05%)
2025-11-15T22:32:06.786Z,2764163,23.78372,23.78372,,,30.94641,68de4da9-9e6d-46c6-87a7-927973b30abe,WBTC-USDC,0.05%,WBTC-USDC (0.05%)
2025-11-16T23:16:06.749Z,2632470,45.44564,45.44564,,,34.16874,68de4da9-9e6d-46c6-87a7-927973b30abe,WBTC-USDC,0.05%,WBTC-USDC (0.05%)
2025-11-17T23:08:40.525Z,2796777,71.93877,71.93877,,,39.35673,68de4da9-9e6d-46c6-87a7-927973b30abe,WBTC-USDC,0.05%,WBTC-USDC (0.05%)
2025-11-18T23:15:10.389Z,3340450,53.84987,53.84987,,,32.44233,68de4da9-9e6d-46c6-87a7-927973b30abe,WBTC-USDC,0.05%,WBTC-USDC (0.05%)
2025-11-19T23:13:02.763Z,3223475,46.57068,46.57068,,,35.77641,68de4da9-9e6d-46c6-87a7-927973b30abe,WBTC-USDC,0.05%,WBTC-USDC (0.05%)
2025-11-20T23:11:51.334Z,3230295,76.10943,76.10943,,,40.88075,68de4da9-9e6d-46c6-87a7-927973b30abe,WBTC-USDC,0.05%,WBTC-USDC (0.05%)
2025-11-21T23:13:47.660Z,2410110,89.74756,89.74756,,,101.03909,68de4da9-9e6d-46c6-87a7-927973b30abe,WBTC-USDC,0.05%,WBTC-USDC (0.05%)
2025-11-22T23:11:16.949Z,2472911,25.92909,25.92909,,,87.16149,68de4da9-9e6d-46c6-87a7-927973b30abe,WBTC-USDC,0.05%,WBTC-USDC (0.05%)
2025-11-23T23:11:31.212Z,2537287,27.9017,27.9017,,,58.35969,68de4da9-9e6d-46c6-87a7-927973b30abe,WBTC-USDC,0.05%,WBTC-USDC (0.05%)
2025-11-24T23:12:19.265Z,2473069,35.40246,35.40246,,,53.51242,68de4da9-9e6d-46c6-87a7-927973b30abe,WBTC-USDC,0.05%,WBTC-USDC (0.05%)
2025-11-25T23:07:51.121Z,2438605,20.51383,20.51383,,,46.53801,68de4da9-9e6d-46c6-87a7-927973b30abe,WBTC-USDC,0.05%,WBTC-USDC (0.05%)
2025-11-26T23:08:59.252Z,2492127,25.83239,25.83239,,,39.27501,68de4da9-9e6d-46c6-87a7-927973b30abe,WBTC-USDC,0.05%,WBTC-USDC (0.05%)
2025-11-27T23:10:24.903Z,2537872,19.35797,19.35797,,,28.29138,68de4da9-9e6d-46c6-87a7-927973b30abe,WBTC-USDC,0.05%,WBTC-USDC (0.05%)
2025-11-28T23:13:04.382Z,3075259,15.90646,15.90646,,,15.81855,68de4da9-9e6d-46c6-87a7-927973b30abe,WBTC-USDC,0.05%,WBTC-USDC (0.05%)
2025-11-29T23:08:29.419Z,2590896,7.47937,7.47937,,,16.57114,68de4da9-9e6d-46c6-87a7-927973b30abe,WBTC-USDC,0.05%,WBTC-USDC (0.05%)
2025-11-30T21:07:31.013Z,2598402,0.0,0.0,,,10.07038,68de4da9-9e6d-46c6-87a7-927973b30abe,WBTC-USDC,0.05%,WBTC-USDC (0.05%)
2025-12-01T23:08:05.548Z,2513992,56.04466,56.04466,,,17.58505,68de4da9-9e6d-46c6-87a7-927973b30abe,WBTC-USDC,0.05%,WBTC-USDC (0.05%)
2025-12-02T22:09:26.484Z,2503285,58.63984,58.63984,,,21.07648,68de4da9-9e6d-46c6-87a7-927973b30abe,WBTC-USDC,0.05%,WBTC-USDC (0.05%)
2025-12-03T22:10:16.718Z,2580952,26.73283,26.73283,,,26.94214,68de4da9-9e6d-46c6-87a7-927973b30abe,WBTC-USDC,0.05%,WBTC-USDC (0.05%)
2025-12-04T23:09:51.168Z,2564132,24.13414,24.13414,,,21.68275,68de4da9-9e6d-46c6-87a7-927973b30abe,WBTC-USDC,0.05%,WBTC-USDC (0.05%)
2025-12-05T23:09:40.312Z,2543817,25.51355,25.51355,,,23.43652,68de4da9-9e6d-46c6-87a7-927973b30abe,WBTC-USDC,0.05%,WBTC-USDC (0.05%)
2025-12-06T23:11:06.241Z,2543253,8.09098,8.09098,,,28.41853,68de4da9-9e6d-46c6-87a7-927973b30abe,WBTC-USDC,0.05%,WBTC-USDC (0.05%)
2025-12-07T23:09:52.105Z,2547719,17.11258,17.11258,,,29.42263,68de4da9-9e6d-46c6-87a7-927973b30abe,WBTC-USDC,0.05%,WBTC-USDC (0.05%)
2025-12-08T23:10:22.430Z,2574641,18.545,18.545,,,19.32153,68de4da9-9e6d-46c6-87a7-927973b30abe,WBTC-USDC,0.05%,WBTC-USDC (0.05%)
2025-12-09T20:09:51.828Z,2611778,0.0,0.0,,,14.15785,68de4da9-9e6d-46c6-87a7-927973b30abe,WBTC-USDC,0.05%,WBTC-USDC (0.05%)
2025-12-10T23:09:56.985Z,2608180,24.19769,24.19769,,,15.20643,68de4da9-9e6d-46c6-87a7-927973b30abe,WBTC-USDC,0.05%,WBTC-USDC (0.05%)
2025-12-11T23:06:52.929Z,2606111,29.08895,29.08895,,,16.16133,68de4da9-9e6d-46c6-87a7-927973b30abe,WBTC-USDC,0.05%,WBTC-USDC (0.05%)
2025-12-12T23:09:01.469Z,2709742,18.7224,18.7224,,,14.93281,68de4da9-9e6d-46c6-87a7-927973b30abe,WBTC-USDC,0.05%,WBTC-USDC (0.05%)
2025-12-13T23:08:42.856Z,2703682,3.47754,3.47754,,,15.10585,68de4da9-9e6d-46c6-87a7-927973b30abe,WBTC-USDC,0.05%,WBTC-USDC (0.05%)
2025-12-14T23:08:50.780Z,2702488,9.08604,9.08604,,,0.0,68de4da9-9e6d-46c6-87a7-927973b30abe,WBTC-USDC,0.05%,WBTC-USDC (0.05%)
2025-12-15T23:10:14.265Z,2722130,36.88556,36.88556,,,0.0,68de4da9-9e6d-46c6-87a7-927973b30abe,WBTC-USDC,0.05%,WBTC-USDC (0.05%)
2025-12-16T23:07:19.003Z,2775831,24.07164,24.07164,,,16.49209,68de4da9-9e6d-46c6-87a7-927973b30abe,WBTC-USDC,0.05%,WBTC-USDC (0.05%)
2025-12-17T23:07:02.971Z,2987528,42.63713,42.63713,,,17.84622,68de4da9-9e6d-46c6-87a7-927973b30abe,WBTC-USDC,0.05%,WBTC-USDC (0.05%)
2025-12-18T23:08:04.252Z,3354588,36.90925,36.90925,,,17.72695,68de4da9-9e6d-46c6-87a7-927973b30abe,WBTC-USDC,0.05%,WBTC-USDC (0.05%)
2025-12-19T23:06:51.940Z,3434555,34.75506,34.75506,,,18.66494,68de4da9-9e6d-46c6-87a7-927973b30abe,WBTC-USDC,0.05%,WBTC-USDC (0.05%)
2025-12-20T23:07:27.889Z,3418602,7.00461,7.00461,,,19.27976,68de4da9-9e6d-46c6-87a7-927973b30abe,WBTC-USDC,0.05%,WBTC-USDC (0.05%)
2025-12-21T23:05:26.996Z,3418681,14.2521,14.2521,,,20.05737,68de4da9-9e6d-46c6-87a7-927973b30abe,WBTC-USDC,0.05%,WBTC-USDC (0.05%)
2025-12-22T23:07:52.113Z,3347340,24.89613,24.89613,,,19.63866,68de4da9-9e6d-46c6-87a7-927973b30abe,WBTC-USDC,0.05%,WBTC-USDC (0.05%)
2025-12-23T23:09:13.038Z,3354556,22.68714,22.68714,,,18.39976,68de4da9-9e6d-46c6-87a7-927973b30abe,WBTC-USDC,0.05%,WBTC-USDC (0.05%)
2025-12-24T23:07:02.612Z,3298669,9.93971,9.93971,,,15.34711,68de4da9-9e6d-46c6-87a7-927973b30abe,WBTC-USDC,0.05%,WBTC-USDC (0.05%)
2025-12-25T23:07:09.973Z,3293509,7.03262,7.03262,,,12.32484,68de4da9-9e6d-46c6-87a7-927973b30abe,WBTC-USDC,0.05%,WBTC-USDC (0.05%)
2025-12-26T23:07:48.139Z,3302146,18.20912,18.20912,,,10.53093,68de4da9-9e6d-46c6-87a7-927973b30abe,WBTC-USDC,0.05%,WBTC-USDC (0.05%)
2025-12-27T23:06:34.785Z,3310974,2.83717,2.83717,,,10.07467,68de4da9-9e6d-46c6-87a7-927973b30abe,WBTC-USDC,0.05%,WBTC-USDC (0.05%)
2025-12-28T23:08:35.430Z,3317673,3.22297,3.22297,,,8.89825,68de4da9-9e6d-46c6-87a7-927973b30abe,WBTC-USDC,0.05%,WBTC-USDC (0.05%)
2025-12-29T23:07:47.695Z,3259208,55.87822,55.87822,,,8.62673,68de4da9-9e6d-46c6-87a7-927973b30abe,WBTC-USDC,0.05%,WBTC-USDC (0.05%)
2025-12-30T23:07:10.729Z,3312207,14.09441,14.09441,,,7.61697,68de4da9-9e6d-46c6-87a7-927973b30abe,WBTC-USDC,0.05%,WBTC-USDC (0.05%)
2025-12-31T23:07:36.058Z,3508335,8.81494,8.81494,,,7.384,68de4da9-9e6d-46c6-87a7-927973b30abe,WBTC-USDC,0.05%,WBTC-USDC (0.05%)
2026-01-01T23:06:24.561Z,3519511,3.40439,3.40439,,,7.06944,68de4da9-9e6d-46c6-87a7-927973b30abe,WBTC-USDC,0.05%,WBTC-USDC (0.05%)
2026-01-02T23:07:28.926Z,3543233,16.67379,16.67379,,,6.97396,68de4da9-9e6d-46c6-87a7-927973b30abe,WBTC-USDC,0.05%,WBTC-USDC (0.05%)
2026-01-03T23:07:41.298Z,3328239,5.43044,5.43044,,,7.21393,68de4da9-9e6d-46c6-87a7-927973b30abe,WBTC-USDC,0.05%,WBTC-USDC (0.05%)
2026-01-04T23:08:00.155Z,3705947,13.03914,13.03914,,,2.17763,68de4da9-9e6d-46c6-87a7-927973b30abe,WBTC-USDC,0.05%,WBTC-USDC (0.05%)
2026-01-05T21:07:10.827Z,3899296,23.01395,23.01395,,,9.36416,68de4da9-9e6d-46c6-87a7-927973b30abe,WBTC-USDC,0.05%,WBTC-USDC (0.05%)
2026-01-06T23:23:54.534Z,3861863,59.31041,59.31041,,,12.49375,68de4da9-9e6d-46c6-87a7-927973b30abe,WBTC-USDC,0.05%,WBTC-USDC (0.05%)
2026-01-07T23:07:48.845Z,3715376,23.34674,23.34674,,,12.72754,68de4da9-9e6d-46c6-87a7-927973b30abe,WBTC-USDC,0.05%,WBTC-USDC (0.05%)
2026-01-08T23:07:14.726Z,3633977,14.17696,14.17696,,,13.41325,68de4da9-9e6d-46c6-87a7-927973b30abe,WBTC-USDC,0.05%,WBTC-USDC (0.05%)
2026-01-09T23:07:57.409Z,3596891,15.65995,15.65995,,,11.43466,68de4da9-9e6d-46c6-87a7-927973b30abe,WBTC-USDC,0.05%,WBTC-USDC (0.05%)
2026-01-10T23:07:00.157Z,3560795,1.88474,1.88474,,,11.36406,68de4da9-9e6d-46c6-87a7-927973b30abe,WBTC-USDC,0.05%,WBTC-USDC (0.05%)
2026-01-11T23:09:19.846Z,3565274,6.91718,6.91718,,,10.48946,68de4da9-9e6d-46c6-87a7-927973b30abe,WBTC-USDC,0.05%,WBTC-USDC (0.05%)
2026-01-12T23:07:01.717Z,4029234,28.82712,28.82712,,,11.5432,68de4da9-9e6d-46c6-87a7-927973b30abe,WBTC-USDC,0.05%,WBTC-USDC (0.05%)
2026-01-13T23:07:21.178Z,3245128,37.75157,37.75157,,,16.11196,68de4da9-9e6d-46c6-87a7-927973b30abe,WBTC-USDC,0.05%,WBTC-USDC (0.05%)
2026-01-14T23:07:18.244Z,3041425,24.59428,24.59428,,,15.65847,68de4da9-9e6d-46c6-87a7-927973b30abe,WBTC-USDC,0.05%,WBTC-USDC (0.05%)
2026-01-15T23:07:40.465Z,2992383,14.95889,14.95889,,,15.55252,68de4da9-9e6d-46c6-87a7-927973b30abe,WBTC-USDC,0.05%,WBTC-USDC (0.05%)
2026-01-16T23:08:01.390Z,3209412,43.91697,43.91697,,,13.00286,68de4da9-9e6d-46c6-87a7-927973b30abe,WBTC-USDC,0.05%,WBTC-USDC (0.05%)
2026-01-17T23:07:10.724Z,3233542,2.5993,2.5993,,,14.22333,68de4da9-9e6d-46c6-87a7-927973b30abe,WBTC-USDC,0.05%,WBTC-USDC (0.05%)
2026-01-18T23:06:27.629Z,3375277,1.96359,1.96359,,,12.96427,68de4da9-9e6d-46c6-87a7-927973b30abe,WBTC-USDC,0.05%,WBTC-USDC (0.05%)
2026-01-19T23:07:26.257Z,3076854,17.08168,17.08168,,,11.65608,68de4da9-9e6d-46c6-87a7-927973b30abe,WBTC-USDC,0.05%,WBTC-USDC (0.05%)
2026-01-20T23:09:10.874Z,3287178,20.56492,20.56492,,,0.0,68de4da9-9e6d-46c6-87a7-927973b30abe,WBTC-USDC,0.05%,WBTC-USDC (0.05%)
2026-01-21T23:07:56.599Z,3350433,23.722,23.722,,,186.26665,68de4da9-9e6d-46c6-87a7-927973b30abe,WBTC-USDC,0.05%,WBTC-USDC (0.05%)
2026-01-22T23:07:12.179Z,3324059,13.81607,13.81607,,,10.91994,68de4da9-9e6d-46c6-87a7-927973b30abe,WBTC-USDC,0.05%,WBTC-USDC (0.05%)
2026-01-23T23:08:44.204Z,3328557,13.1222,13.1222,,,10.64821,68de4da9-9e6d-46c6-87a7-927973b30abe,WBTC-USDC,0.05%,WBTC-USDC (0.05%)
2026-01-24T23:06:44.040Z,3325809,1.97786,1.97786,,,10.57584,68de4da9-9e6d-46c6-87a7-927973b30abe,WBTC-USDC,0.05%,WBTC-USDC (0.05%)
2026-01-25T23:06:46.339Z,3157824,17.06012,17.06012,,,13.80113,68de4da9-9e6d-46c6-87a7-927973b30abe,WBTC-USDC,0.05%,WBTC-USDC (0.05%)
2026-01-26T23:09:14.936Z,3088684,15.30497,15.30497,,,13.50563,68de4da9-9e6d-46c6-87a7-927973b30abe,WBTC-USDC,0.05%,WBTC-USDC (0.05%)
2026-01-27T23:09:15.196Z,4038922,24.61606,24.61606,,,14.98989,68de4da9-9e6d-46c6-87a7-927973b30abe,WBTC-USDC,0.05%,WBTC-USDC (0.05%)
2026-01-28T17:09:06.271Z,4045590,24.20248,24.20248,,,14.19448,68de4da9-9e6d-46c6-87a7-927973b30abe,WBTC-USDC,0.05%,WBTC-USDC (0.05%)
2026-01-29T23:09:57.593Z,2957779,96.61969,96.61969,,,34.30004,68de4da9-9e6d-46c6-87a7-927973b30abe,WBTC-USDC,0.05%,WBTC-USDC (0.05%)
2026-01-30T23:09:06.105Z,2401510,27.37488,27.37488,,,644.25946,68de4da9-9e6d-46c6-87a7-927973b30abe,WBTC-USDC,0.05%,WBTC-USDC (0.05%)
2026-01-31T23:11:28.547Z,2637432,84.23126,84.23126,,,69.62377,68de4da9-9e6d-46c6-87a7-927973b30abe,WBTC-USDC,0.05%,WBTC-USDC (0.05%)
2026-02-01T23:10:36.758Z,2266438,35.60729,35.60729,,,74.40643,68de4da9-9e6d-46c6-87a7-927973b30abe,WBTC-USDC,0.05%,WBTC-USDC (0.05%)
2026-02-02T23:09:07.820Z,2241245,51.26995,51.26995,,,80.80971,68de4da9-9e6d-46c6-87a7-927973b30abe,WBTC-USDC,0.05%,WBTC-USDC (0.05%)
2026-02-03T22:09:52.072Z,2171413,0.0,0.0,,,60.16632,68de4da9-9e6d-46c6-87a7-927973b30abe,WBTC-USDC,0.05%,WBTC-USDC (0.05%)
2026-02-04T23:08:24.340Z,2076656,32.21936,32.21936,,,90.78187,68de4da9-9e6d-46c6-87a7-927973b30abe,WBTC-USDC,0.05%,WBTC-USDC (0.05%)
2026-02-05T23:06:38.438Z,738891,107.40259,107.40259,,,202.03956,68de4da9-9e6d-46c6-87a7-927973b30abe,WBTC-USDC,0.05%,WBTC-USDC (0.05%)
2026-02-06T23:09:02.455Z,736106,213.00636,213.00636,,,147.21507,68de4da9-9e6d-46c6-87a7-927973b30abe,WBTC-USDC,0.05%,WBTC-USDC (0.05%)
2026-02-07T21:08:24.468Z,799608,28.2819,28.2819,,,84.93789,68de4da9-9e6d-46c6-87a7-927973b30abe,WBTC-USDC,0.05%,WBTC-USDC (0.05%)
2026-02-08T22:09:43.865Z,581906,24.11591,24.11591,,,104.04296,68de4da9-9e6d-46c6-87a7-927973b30abe,WBTC-USDC,0.05%,WBTC-USDC (0.05%)
2026-02-09T23:08:41.493Z,705762,25.49741,25.49741,,,93.45835,68de4da9-9e6d-46c6-87a7-927973b30abe,WBTC-USDC,0.05%,WBTC-USDC (0.05%)
2026-02-10T21:09:32.113Z,784537,14.61736,14.61736,,,57.705,68de4da9-9e6d-46c6-87a7-927973b30abe,WBTC-USDC,0.05%,WBTC-USDC (0.05%)
2026-02-11T23:09:40.561Z,554554,269.7757,269.7757,,,86.78545,68de4da9-9e6d-46c6-87a7-927973b30abe,WBTC-USDC,0.05%,WBTC-USDC (0.05%)
2026-02-12T23:09:39.261Z,700592,18.05561,18.05561,,,64.30295,68de4da9-9e6d-46c6-87a7-927973b30abe,WBTC-USDC,0.05%,WBTC-USDC (0.05%)
2026-02-13T23:09:40.893Z,706900,12.89431,12.89431,,,52.52803,68de4da9-9e6d-46c6-87a7-927973b30abe,WBTC-USDC,0.05%,WBTC-USDC (0.05%)
2026-02-14T23:09:01.462Z,710692,7.48436,7.48436,,,24.40701,68de4da9-9e6d-46c6-87a7-927973b30abe,WBTC-USDC,0.05%,WBTC-USDC (0.05%)
2026-02-15T23:14:15.548Z,700550,10.82336,10.82336,,,,68de4da9-9e6d-46c6-87a7-927973b30abe,WBTC-USDC,0.05%,WBTC-USDC (0.05%)
2026-02-16T23:08:46.871Z,699207,12.06784,12.06784,,,20.57482,68de4da9-9e6d-46c6-87a7-927973b30abe,WBTC-USDC,0.05%,WBTC-USDC (0.05%)
2026-02-17T23:10:16.941Z,655454,179.34582,179.34582,,,49.19781,68de4da9-9e6d-46c6-87a7-927973b30abe,WBTC-USDC,0.05%,WBTC-USDC (0.05%)
2026-02-18T22:09:42.857Z,642060,10.94068,10.94068,,,14.71969,68de4da9-9e6d-46c6-87a7-927973b30abe,WBTC-USDC,0.05%,WBTC-USDC (0.05%)
2026-02-19T20:11:25.084Z,647185,10.46878,10.46878,,,13.18958,68de4da9-9e6d-46c6-87a7-927973b30abe,WBTC-USDC,0.05%,WBTC-USDC (0.05%)
2026-02-20T22:09:08.422Z,623509,12.74906,12.74906,,,40.46878,68de4da9-9e6d-46c6-87a7-927973b30abe,WBTC-USDC,0.05%,WBTC-USDC (0.05%)
2026-02-21T23:08:15.516Z,625403,3.73126,3.73126,,,12.05492,68de4da9-9e6d-46c6-87a7-927973b30abe,WBTC-USDC,0.05%,WBTC-USDC (0.05%)
2026-02-22T23:09:27.832Z,623988,3.44963,3.44963,,,10.0712,68de4da9-9e6d-46c6-87a7-927973b30abe,WBTC-USDC,0.05%,WBTC-USDC (0.05%)
2026-02-23T23:08:46.348Z,599860,17.21691,17.21691,,,13.99529,68de4da9-9e6d-46c6-87a7-927973b30abe,WBTC-USDC,0.05%,WBTC-USDC (0.05%)
2026-02-24T22:09:01.804Z,562833,13.65482,13.65482,,,14.48481,68de4da9-9e6d-46c6-87a7-927973b30abe,WBTC-USDC,0.05%,WBTC-USDC (0.05%)
2026-02-25T22:08:52.312Z,435157,21.71338,21.71338,,,12.44666,68de4da9-9e6d-46c6-87a7-927973b30abe,WBTC-USDC,0.05%,WBTC-USDC (0.05%)
2026-02-26T23:09:03.946Z,481087,16.71365,16.71365,,,13.57774,68de4da9-9e6d-46c6-87a7-927973b30abe,WBTC-USDC,0.05%,WBTC-USDC (0.05%)
2026-02-27T23:09:05.077Z,592636,13.40034,13.40034,,,8.35606,68de4da9-9e6d-46c6-87a7-927973b30abe,WBTC-USDC,0.05%,WBTC-USDC (0.05%)
2026-02-28T23:08:58.902Z,731885,223.75128,223.75128,,,51.34047,68de4da9-9e6d-46c6-87a7-927973b30abe,WBTC-USDC,0.05%,WBTC-USDC (0.05%)
2026-03-01T23:09:07.502Z,706812,72.41695,72.41695,,,6.65208,68de4da9-9e6d-46c6-87a7-927973b30abe,WBTC-USDC,0.05%,WBTC-USDC (0.05%)
2026-03-02T23:10:12.988Z,578455,151.01313,151.01313,,,51.44903,68de4da9-9e6d-46c6-87a7-927973b30abe,WBTC-USDC,0.05%,WBTC-USDC (0.05%)
2026-03-03T23:13:07.337Z,615250,294.86566,294.86566,,,17.31621,68de4da9-9e6d-46c6-87a7-927973b30abe,WBTC-USDC,0.05%,WBTC-USDC (0.05%)
2026-03-04T23:11:06.998Z,634358,236.54573,236.54573,,,15.11173,68de4da9-9e6d-46c6-87a7-927973b30abe,WBTC-USDC,0.05%,WBTC-USDC (0.05%)
2026-03-05T23:13:19.901Z,738118,97.17764,97.17764,,,50.05569,68de4da9-9e6d-46c6-87a7-927973b30abe,WBTC-USDC,0.05%,WBTC-USDC (0.05%)
2026-03-06T23:11:29.173Z,720930,23.31413,23.31413,,,70.16676,68de4da9-9e6d-46c6-87a7-927973b30abe,WBTC-USDC,0.05%,WBTC-USDC (0.05%)
2026-03-07T20:08:36.009Z,934044,0.0,0.0,,,52.26738,68de4da9-9e6d-46c6-87a7-927973b30abe,WBTC-USDC,0.05%,WBTC-USDC (0.05%)
2026-03-08T20:08:38.897Z,814818,9.16936,9.16936,,,51.55752,68de4da9-9e6d-46c6-87a7-927973b30abe,WBTC-USDC,0.05%,WBTC-USDC (0.05%)
2026-03-09T18:08:56.164Z,829250,0.0,0.0,,,18.9544,68de4da9-9e6d-46c6-87a7-927973b30abe,WBTC-USDC,0.05%,WBTC-USDC (0.05%)
2026-03-10T23:11:43.908Z,979539,149.92198,149.92198,,,40.4621,68de4da9-9e6d-46c6-87a7-927973b30abe,WBTC-USDC,0.05%,WBTC-USDC (0.05%)
2026-03-11T22:10:44.069Z,987475,23.9024,23.9024,,,21.5786,68de4da9-9e6d-46c6-87a7-927973b30abe,WBTC-USDC,0.05%,WBTC-USDC (0.05%)
2026-03-12T21:08:42.584Z,984410,20.33642,20.33642,,,15.5587,68de4da9-9e6d-46c6-87a7-927973b30abe,WBTC-USDC,0.05%,WBTC-USDC (0.05%)
2026-03-13T23:10:11.939Z,954404,185.74127,185.74127,,,14.33691,68de4da9-9e6d-46c6-87a7-927973b30abe,WBTC-USDC,0.05%,WBTC-USDC (0.05%)
2026-03-14T23:10:49.727Z,995255,119.68807,119.68807,,,14.04209,68de4da9-9e6d-46c6-87a7-927973b30abe,WBTC-USDC,0.05%,WBTC-USDC (0.05%)
2026-03-15T23:11:31.158Z,858931,27.02364,27.02364,,,11.05408,68de4da9-9e6d-46c6-87a7-927973b30abe,WBTC-USDC,0.05%,WBTC-USDC (0.05%)
2026-03-16T23:09:40.810Z,868473,159.7379,159.7379,,,51.23827,68de4da9-9e6d-46c6-87a7-927973b30abe,WBTC-USDC,0.05%,WBTC-USDC (0.05%)
2026-03-17T23:10:10.496Z,955373,17.3831,17.3831,,,4.58449,68de4da9-9e6d-46c6-87a7-927973b30abe,WBTC-USDC,0.05%,WBTC-USDC (0.05%)
2026-03-18T22:12:13.584Z,1115242,38.23531,38.23531,,,19.32598,68de4da9-9e6d-46c6-87a7-927973b30abe,WBTC-USDC,0.05%,WBTC-USDC (0.05%)
2026-03-19T20:09:15.592Z,1060281,23.2731,23.2731,,,20.82774,68de4da9-9e6d-46c6-87a7-927973b30abe,WBTC-USDC,0.05%,WBTC-USDC (0.05%)
2026-03-20T20:09:41.579Z,1042200,0.0,0.0,,,5.53842,68de4da9-9e6d-46c6-87a7-927973b30abe,WBTC-USDC,0.05%,WBTC-USDC (0.05%)
2026-03-21T21:10:04.625Z,1043557,5.08234,5.08234,,,26.74909,68de4da9-9e6d-46c6-87a7-927973b30abe,WBTC-USDC,0.05%,WBTC-USDC (0.05%)
2026-03-22T19:10:33.810Z,1060392,0.0,0.0,,,5.46024,68de4da9-9e6d-46c6-87a7-927973b30abe,WBTC-USDC,0.05%,WBTC-USDC (0.05%)
2026-03-23T23:10:20.633Z,1077113,23.66276,23.66276,,,18.21507,68de4da9-9e6d-46c6-87a7-927973b30abe,WBTC-USDC,0.05%,WBTC-USDC (0.05%)
2026-03-24T22:11:13.166Z,1073678,12.8161,12.8161,,,18.2513,68de4da9-9e6d-46c6-87a7-927973b30abe,WBTC-USDC,0.05%,WBTC-USDC (0.05%)
2026-03-25T16:07:06.550Z,1079593,13.04603,13.04603,,,1.31023,68de4da9-9e6d-46c6-87a7-927973b30abe,WBTC-USDC,0.05%,WBTC-USDC (0.05%)
