timestamp,tvlUsd,apy,apyBase,apyReward,il7d,apyBase7d,pool_id,symbol,feeTier,label
2023-07-20T23:06:23.489Z,902452,1792.74795,1792.74795,,,0.0,88387790-5f54-400f-bc53-931ddeb9eb22,USDC-WETH,1%,USDC-WETH (1%)
2023-07-21T23:06:07.393Z,466056,1193.856,1193.856,,,0.0,88387790-5f54-400f-bc53-931ddeb9eb22,USDC-WETH,1%,USDC-WETH (1%)
2023-07-22T23:09:09.689Z,467034,405.61287,405.61287,,,0.0,88387790-5f54-400f-bc53-931ddeb9eb22,USDC-WETH,1%,USDC-WETH (1%)
2023-07-23T23:17:09.188Z,592095,497.58962,497.58962,,,0.0,88387790-5f54-400f-bc53-931ddeb9eb22,USDC-WETH,1%,USDC-WETH (1%)
2023-07-24T21:10:52.582Z,395356,220.43406,220.43406,,,0.0,88387790-5f54-400f-bc53-931ddeb9eb22,USDC-WETH,1%,USDC-WETH (1%)
2023-07-25T23:06:01.687Z,359783,267.69568,267.69568,,,0.0,88387790-5f54-400f-bc53-931ddeb9eb22,USDC-WETH,1%,USDC-WETH (1%)
2023-07-26T23:05:59.744Z,296451,256.25403,256.25403,,,0.0,88387790-5f54-400f-bc53-931ddeb9eb22,USDC-WETH,1%,USDC-WETH (1%)
2023-07-27T23:06:36.390Z,232653,134.31853,134.31853,,,0.0,88387790-5f54-400f-bc53-931ddeb9eb22,USDC-WETH,1%,USDC-WETH (1%)
2023-07-28T23:06:05.935Z,189337,101.86979,101.86979,,,0.0,88387790-5f54-400f-bc53-931ddeb9eb22,USDC-WETH,1%,USDC-WETH (1%)
2023-07-29T23:06:15.603Z,171182,20.39745,20.39745,,,0.0,88387790-5f54-400f-bc53-931ddeb9eb22,USDC-WETH,1%,USDC-WETH (1%)
2023-07-30T23:09:31.789Z,188014,37.25263,37.25263,,,0.0,88387790-5f54-400f-bc53-931ddeb9eb22,USDC-WETH,1%,USDC-WETH (1%)
2023-07-31T23:05:52.862Z,173886,19.93725,19.93725,,,0.0,88387790-5f54-400f-bc53-931ddeb9eb22,USDC-WETH,1%,USDC-WETH (1%)
2023-08-01T23:09:46.626Z,140386,52.39072,52.39072,,,0.0,88387790-5f54-400f-bc53-931ddeb9eb22,USDC-WETH,1%,USDC-WETH (1%)
2023-08-02T23:06:19.680Z,125577,21.29169,21.29169,,,0.0,88387790-5f54-400f-bc53-931ddeb9eb22,USDC-WETH,1%,USDC-WETH (1%)
2023-08-03T23:18:15.408Z,125403,6.41455,6.41455,,,0.0,88387790-5f54-400f-bc53-931ddeb9eb22,USDC-WETH,1%,USDC-WETH (1%)
2023-08-04T23:06:55.647Z,124963,0.48277,0.48277,,,0.0,88387790-5f54-400f-bc53-931ddeb9eb22,USDC-WETH,1%,USDC-WETH (1%)
2023-08-05T23:07:03.248Z,124736,0.92682,0.92682,,,0.0,88387790-5f54-400f-bc53-931ddeb9eb22,USDC-WETH,1%,USDC-WETH (1%)
2023-08-06T23:08:02.217Z,124011,0.97977,0.97977,,,0.0,88387790-5f54-400f-bc53-931ddeb9eb22,USDC-WETH,1%,USDC-WETH (1%)
2023-08-07T23:06:52.766Z,116663,14.48458,14.48458,,,0.0,88387790-5f54-400f-bc53-931ddeb9eb22,USDC-WETH,1%,USDC-WETH (1%)
2023-08-08T23:05:55.193Z,116102,4.12337,4.12337,,,0.0,88387790-5f54-400f-bc53-931ddeb9eb22,USDC-WETH,1%,USDC-WETH (1%)
2023-08-09T23:09:53.523Z,115317,0.94004,0.94004,,,0.0,88387790-5f54-400f-bc53-931ddeb9eb22,USDC-WETH,1%,USDC-WETH (1%)
2023-08-10T23:10:40.461Z,112943,3.58148,3.58148,,,0.0,88387790-5f54-400f-bc53-931ddeb9eb22,USDC-WETH,1%,USDC-WETH (1%)
2023-08-11T23:17:34.225Z,112553,0.0,0.0,,,0.0,88387790-5f54-400f-bc53-931ddeb9eb22,USDC-WETH,1%,USDC-WETH (1%)
2023-08-12T23:30:15.788Z,110548,3.71155,3.71155,,,0.0,88387790-5f54-400f-bc53-931ddeb9eb22,USDC-WETH,1%,USDC-WETH (1%)
2023-08-13T23:10:05.114Z,126342,212.92477,212.92477,,,0.0,88387790-5f54-400f-bc53-931ddeb9eb22,USDC-WETH,1%,USDC-WETH (1%)
2023-08-14T10:06:03.860Z,130191,212.62339,212.62339,,,0.0,88387790-5f54-400f-bc53-931ddeb9eb22,USDC-WETH,1%,USDC-WETH (1%)
2023-08-15T23:07:06.075Z,144911,150.12499,150.12499,,,0.0,88387790-5f54-400f-bc53-931ddeb9eb22,USDC-WETH,1%,USDC-WETH (1%)
2023-08-16T23:06:04.682Z,130586,103.9248,103.9248,,,0.0,88387790-5f54-400f-bc53-931ddeb9eb22,USDC-WETH,1%,USDC-WETH (1%)
2023-08-17T23:06:54.198Z,115313,13.68067,13.68067,,,0.0,88387790-5f54-400f-bc53-931ddeb9eb22,USDC-WETH,1%,USDC-WETH (1%)
2023-08-18T23:05:39.018Z,118366,11.16822,11.16822,,,0.0,88387790-5f54-400f-bc53-931ddeb9eb22,USDC-WETH,1%,USDC-WETH (1%)
2023-08-19T23:05:51.287Z,115569,24.32073,24.32073,,,0.0,88387790-5f54-400f-bc53-931ddeb9eb22,USDC-WETH,1%,USDC-WETH (1%)
2023-08-20T23:05:42.850Z,107353,6.52318,6.52318,,,0.0,88387790-5f54-400f-bc53-931ddeb9eb22,USDC-WETH,1%,USDC-WETH (1%)
2023-08-21T23:05:16.663Z,105865,0.9096,0.9096,,,0.0,88387790-5f54-400f-bc53-931ddeb9eb22,USDC-WETH,1%,USDC-WETH (1%)
2023-08-22T23:08:53.499Z,102696,0.0,0.0,,,0.0,88387790-5f54-400f-bc53-931ddeb9eb22,USDC-WETH,1%,USDC-WETH (1%)
2023-08-23T23:06:47.507Z,106061,0.27401,0.27401,,,0.0,88387790-5f54-400f-bc53-931ddeb9eb22,USDC-WETH,1%,USDC-WETH (1%)
2023-08-24T23:09:07.715Z,98591,11.5086,11.5086,,,0.0,88387790-5f54-400f-bc53-931ddeb9eb22,USDC-WETH,1%,USDC-WETH (1%)
2023-08-25T23:04:34.931Z,97860,1.26016,1.26016,,,0.0,88387790-5f54-400f-bc53-931ddeb9eb22,USDC-WETH,1%,USDC-WETH (1%)
2023-08-26T23:08:49.077Z,97549,0.0,0.0,,,0.0,88387790-5f54-400f-bc53-931ddeb9eb22,USDC-WETH,1%,USDC-WETH (1%)
2023-08-27T23:05:14.966Z,98170,0.0,0.0,,,0.0,88387790-5f54-400f-bc53-931ddeb9eb22,USDC-WETH,1%,USDC-WETH (1%)
2023-08-28T23:06:23.665Z,97639,0.42527,0.42527,,,0.0,88387790-5f54-400f-bc53-931ddeb9eb22,USDC-WETH,1%,USDC-WETH (1%)
2023-08-29T23:06:02.556Z,100654,2.83948,2.83948,,,0.0,88387790-5f54-400f-bc53-931ddeb9eb22,USDC-WETH,1%,USDC-WETH (1%)
2023-08-30T23:05:53.521Z,98959,0.0,0.0,,,0.0,88387790-5f54-400f-bc53-931ddeb9eb22,USDC-WETH,1%,USDC-WETH (1%)
2023-08-31T23:05:49.607Z,96021,0.0,0.0,,,0.0,88387790-5f54-400f-bc53-931ddeb9eb22,USDC-WETH,1%,USDC-WETH (1%)
2023-09-01T11:06:03.387Z,95585,0.0,0.0,,,0.0,88387790-5f54-400f-bc53-931ddeb9eb22,USDC-WETH,1%,USDC-WETH (1%)
2023-09-04T23:06:24.066Z,94014,0.0,0.0,,,0.0,88387790-5f54-400f-bc53-931ddeb9eb22,USDC-WETH,1%,USDC-WETH (1%)
2023-09-05T23:05:45.051Z,94159,0.92774,0.92774,,,0.0,88387790-5f54-400f-bc53-931ddeb9eb22,USDC-WETH,1%,USDC-WETH (1%)
2023-09-06T23:06:16.844Z,93965,0.0,0.0,,,0.0,88387790-5f54-400f-bc53-931ddeb9eb22,USDC-WETH,1%,USDC-WETH (1%)
2023-09-07T23:06:33.326Z,88686,13.41901,13.41901,,,0.0,88387790-5f54-400f-bc53-931ddeb9eb22,USDC-WETH,1%,USDC-WETH (1%)
2023-09-08T23:06:17.579Z,79892,17.82151,17.82151,,,0.0,88387790-5f54-400f-bc53-931ddeb9eb22,USDC-WETH,1%,USDC-WETH (1%)
2023-09-09T23:05:50.902Z,80115,0.0,0.0,,,0.0,88387790-5f54-400f-bc53-931ddeb9eb22,USDC-WETH,1%,USDC-WETH (1%)
2023-09-10T23:06:21.031Z,79234,0.01415,0.01415,,,0.0,88387790-5f54-400f-bc53-931ddeb9eb22,USDC-WETH,1%,USDC-WETH (1%)
2023-09-11T23:06:17.442Z,75729,0.0,0.0,,,0.0,88387790-5f54-400f-bc53-931ddeb9eb22,USDC-WETH,1%,USDC-WETH (1%)
2023-09-12T23:06:34.102Z,77961,0.0,0.0,,,0.0,88387790-5f54-400f-bc53-931ddeb9eb22,USDC-WETH,1%,USDC-WETH (1%)
2023-09-13T23:05:11.071Z,78547,0.0,0.0,,,0.0,88387790-5f54-400f-bc53-931ddeb9eb22,USDC-WETH,1%,USDC-WETH (1%)
2023-09-14T23:07:38.700Z,79674,0.0,0.0,,,0.0,88387790-5f54-400f-bc53-931ddeb9eb22,USDC-WETH,1%,USDC-WETH (1%)
2023-09-15T23:06:55.684Z,76573,9.31274,9.31274,,,0.0,88387790-5f54-400f-bc53-931ddeb9eb22,USDC-WETH,1%,USDC-WETH (1%)
2023-09-16T23:06:30.683Z,75607,1.05839,1.05839,,,0.0,88387790-5f54-400f-bc53-931ddeb9eb22,USDC-WETH,1%,USDC-WETH (1%)
2023-09-17T23:06:16.148Z,74839,2.36322,2.36322,,,0.0,88387790-5f54-400f-bc53-931ddeb9eb22,USDC-WETH,1%,USDC-WETH (1%)
2023-09-18T23:06:37.207Z,75900,0.0,0.0,,,0.0,88387790-5f54-400f-bc53-931ddeb9eb22,USDC-WETH,1%,USDC-WETH (1%)
2023-09-19T23:06:37.016Z,75885,0.0,0.0,,,0.0,88387790-5f54-400f-bc53-931ddeb9eb22,USDC-WETH,1%,USDC-WETH (1%)
2023-09-20T23:10:14.415Z,75006,0.0,0.0,,,0.0,88387790-5f54-400f-bc53-931ddeb9eb22,USDC-WETH,1%,USDC-WETH (1%)
2023-09-21T23:05:18.305Z,73295,0.0,0.0,,,0.0,88387790-5f54-400f-bc53-931ddeb9eb22,USDC-WETH,1%,USDC-WETH (1%)
2023-09-22T23:06:44.053Z,73474,0.36811,0.36811,,,0.0,88387790-5f54-400f-bc53-931ddeb9eb22,USDC-WETH,1%,USDC-WETH (1%)
2023-09-23T23:07:11.078Z,73348,0.22496,0.22496,,,0.0,88387790-5f54-400f-bc53-931ddeb9eb22,USDC-WETH,1%,USDC-WETH (1%)
2023-09-24T23:06:11.229Z,73174,0.0,0.0,,,0.0,88387790-5f54-400f-bc53-931ddeb9eb22,USDC-WETH,1%,USDC-WETH (1%)
2023-09-25T23:05:13.317Z,70930,22.09368,22.09368,,,0.0,88387790-5f54-400f-bc53-931ddeb9eb22,USDC-WETH,1%,USDC-WETH (1%)
2023-09-26T23:06:41.556Z,67839,8.61102,8.61102,,,0.0,88387790-5f54-400f-bc53-931ddeb9eb22,USDC-WETH,1%,USDC-WETH (1%)
2023-09-27T23:06:42.788Z,68173,0.0,0.0,,,0.0,88387790-5f54-400f-bc53-931ddeb9eb22,USDC-WETH,1%,USDC-WETH (1%)
2023-09-28T23:10:20.584Z,70138,0.81869,0.81869,,,0.0,88387790-5f54-400f-bc53-931ddeb9eb22,USDC-WETH,1%,USDC-WETH (1%)
2023-09-29T23:06:49.928Z,70838,0.0,0.0,,,0.0,88387790-5f54-400f-bc53-931ddeb9eb22,USDC-WETH,1%,USDC-WETH (1%)
2023-09-30T23:10:40.947Z,71209,0.0,0.0,,,0.0,88387790-5f54-400f-bc53-931ddeb9eb22,USDC-WETH,1%,USDC-WETH (1%)
2023-10-01T23:06:33.315Z,73612,0.0,0.0,,,0.0,88387790-5f54-400f-bc53-931ddeb9eb22,USDC-WETH,1%,USDC-WETH (1%)
2023-10-02T21:05:22.440Z,70912,0.0,0.0,,,0.0,88387790-5f54-400f-bc53-931ddeb9eb22,USDC-WETH,1%,USDC-WETH (1%)
2023-10-03T23:06:20.953Z,70207,0.06077,0.06077,,,0.0,88387790-5f54-400f-bc53-931ddeb9eb22,USDC-WETH,1%,USDC-WETH (1%)
2023-10-04T23:05:52.754Z,65317,13.05542,13.05542,,,0.0,88387790-5f54-400f-bc53-931ddeb9eb22,USDC-WETH,1%,USDC-WETH (1%)
2023-10-05T23:10:14.473Z,64113,0.0,0.0,,,0.0,88387790-5f54-400f-bc53-931ddeb9eb22,USDC-WETH,1%,USDC-WETH (1%)
2023-10-06T23:10:45.306Z,65230,0.0,0.0,,,0.0,88387790-5f54-400f-bc53-931ddeb9eb22,USDC-WETH,1%,USDC-WETH (1%)
2023-10-07T23:07:06.016Z,64850,0.25882,0.25882,,,0.0,88387790-5f54-400f-bc53-931ddeb9eb22,USDC-WETH,1%,USDC-WETH (1%)
2023-10-08T23:10:55.999Z,64046,1.85482,1.85482,,,0.0,88387790-5f54-400f-bc53-931ddeb9eb22,USDC-WETH,1%,USDC-WETH (1%)
2023-10-09T23:10:10.154Z,61883,0.18372,0.18372,,,0.0,88387790-5f54-400f-bc53-931ddeb9eb22,USDC-WETH,1%,USDC-WETH (1%)
2023-10-10T23:10:25.298Z,61466,0.0,0.0,,,0.0,88387790-5f54-400f-bc53-931ddeb9eb22,USDC-WETH,1%,USDC-WETH (1%)
2023-10-11T23:08:05.371Z,61436,0.0,0.0,,,0.0,88387790-5f54-400f-bc53-931ddeb9eb22,USDC-WETH,1%,USDC-WETH (1%)
2023-10-12T23:06:32.712Z,59969,0.93475,0.93475,,,0.0,88387790-5f54-400f-bc53-931ddeb9eb22,USDC-WETH,1%,USDC-WETH (1%)
2023-10-13T19:06:45.234Z,60129,0.0,0.0,,,0.0,88387790-5f54-400f-bc53-931ddeb9eb22,USDC-WETH,1%,USDC-WETH (1%)
2023-10-14T23:06:07.621Z,60643,0.0,0.0,,,0.0,88387790-5f54-400f-bc53-931ddeb9eb22,USDC-WETH,1%,USDC-WETH (1%)
2023-10-15T23:10:09.293Z,60639,0.0,0.0,,,0.0,88387790-5f54-400f-bc53-931ddeb9eb22,USDC-WETH,1%,USDC-WETH (1%)
2023-10-16T23:17:19.783Z,62071,0.06412,0.06412,,,0.0,88387790-5f54-400f-bc53-931ddeb9eb22,USDC-WETH,1%,USDC-WETH (1%)
2023-10-17T23:04:44.368Z,60624,0.73222,0.73222,,,0.0,88387790-5f54-400f-bc53-931ddeb9eb22,USDC-WETH,1%,USDC-WETH (1%)
2023-10-18T23:09:52.584Z,60660,0.10366,0.10366,,,0.0,88387790-5f54-400f-bc53-931ddeb9eb22,USDC-WETH,1%,USDC-WETH (1%)
2023-10-19T23:06:31.564Z,60648,0.0,0.0,,,0.0,88387790-5f54-400f-bc53-931ddeb9eb22,USDC-WETH,1%,USDC-WETH (1%)
2023-10-20T23:06:34.989Z,62302,0.22434,0.22434,,,0.0,88387790-5f54-400f-bc53-931ddeb9eb22,USDC-WETH,1%,USDC-WETH (1%)
2023-10-21T23:07:39.187Z,63168,0.0,0.0,,,0.0,88387790-5f54-400f-bc53-931ddeb9eb22,USDC-WETH,1%,USDC-WETH (1%)
2023-10-22T23:06:30.854Z,63687,1.18844,1.18844,,,0.0,88387790-5f54-400f-bc53-931ddeb9eb22,USDC-WETH,1%,USDC-WETH (1%)
2023-10-23T23:10:14.142Z,67732,0.0,0.0,,,0.0,88387790-5f54-400f-bc53-931ddeb9eb22,USDC-WETH,1%,USDC-WETH (1%)
2023-10-24T23:10:43.142Z,68673,0.47011,0.47011,,,0.0,88387790-5f54-400f-bc53-931ddeb9eb22,USDC-WETH,1%,USDC-WETH (1%)
2023-10-25T23:06:11.241Z,68836,0.11332,0.11332,,,0.0,88387790-5f54-400f-bc53-931ddeb9eb22,USDC-WETH,1%,USDC-WETH (1%)
2023-10-26T22:06:46.803Z,69044,0.0,0.0,,,0.0,88387790-5f54-400f-bc53-931ddeb9eb22,USDC-WETH,1%,USDC-WETH (1%)
2023-10-27T23:06:21.339Z,67603,0.0,0.0,,,0.0,88387790-5f54-400f-bc53-931ddeb9eb22,USDC-WETH,1%,USDC-WETH (1%)
2023-10-28T23:06:05.701Z,67649,0.09992,0.09992,,,0.0,88387790-5f54-400f-bc53-931ddeb9eb22,USDC-WETH,1%,USDC-WETH (1%)
2023-10-29T23:05:45.585Z,68718,0.0,0.0,,,0.0,88387790-5f54-400f-bc53-931ddeb9eb22,USDC-WETH,1%,USDC-WETH (1%)
2023-10-30T23:06:47.651Z,68835,0.0,0.0,,,0.0,88387790-5f54-400f-bc53-931ddeb9eb22,USDC-WETH,1%,USDC-WETH (1%)
2023-10-31T23:09:29.839Z,68794,0.0,0.0,,,0.0,88387790-5f54-400f-bc53-931ddeb9eb22,USDC-WETH,1%,USDC-WETH (1%)
2023-11-01T23:06:03.200Z,70056,0.0,0.0,,,0.0,88387790-5f54-400f-bc53-931ddeb9eb22,USDC-WETH,1%,USDC-WETH (1%)
2023-11-02T23:06:35.298Z,68602,0.0,0.0,,,0.0,88387790-5f54-400f-bc53-931ddeb9eb22,USDC-WETH,1%,USDC-WETH (1%)
2023-11-03T23:05:52.847Z,69577,0.0,0.0,,,0.0,88387790-5f54-400f-bc53-931ddeb9eb22,USDC-WETH,1%,USDC-WETH (1%)
2023-11-04T23:10:22.031Z,70551,0.0,0.0,,,0.0,88387790-5f54-400f-bc53-931ddeb9eb22,USDC-WETH,1%,USDC-WETH (1%)
2023-11-05T23:05:55.674Z,71631,0.0,0.0,,,0.0,88387790-5f54-400f-bc53-931ddeb9eb22,USDC-WETH,1%,USDC-WETH (1%)
2023-11-06T20:07:59.360Z,72177,0.08376,0.08376,,,0.0,88387790-5f54-400f-bc53-931ddeb9eb22,USDC-WETH,1%,USDC-WETH (1%)
2023-11-07T23:06:59.340Z,70700,0.0,0.0,,,0.0,88387790-5f54-400f-bc53-931ddeb9eb22,USDC-WETH,1%,USDC-WETH (1%)
2023-11-08T23:06:40.169Z,71212,0.0,0.0,,,0.0,88387790-5f54-400f-bc53-931ddeb9eb22,USDC-WETH,1%,USDC-WETH (1%)
2023-11-09T23:11:11.763Z,78793,0.0,0.0,,,0.0,88387790-5f54-400f-bc53-931ddeb9eb22,USDC-WETH,1%,USDC-WETH (1%)
2023-11-10T23:08:29.579Z,78361,0.0,0.0,,,0.0,88387790-5f54-400f-bc53-931ddeb9eb22,USDC-WETH,1%,USDC-WETH (1%)
2023-11-11T23:10:08.782Z,76874,0.0,0.0,,,0.0,88387790-5f54-400f-bc53-931ddeb9eb22,USDC-WETH,1%,USDC-WETH (1%)
2023-11-12T20:33:16.465Z,77102,0.08438,0.08438,,,0.0,88387790-5f54-400f-bc53-931ddeb9eb22,USDC-WETH,1%,USDC-WETH (1%)
2023-11-13T23:07:36.523Z,77430,0.0,0.0,,,0.0,88387790-5f54-400f-bc53-931ddeb9eb22,USDC-WETH,1%,USDC-WETH (1%)
2023-11-14T21:06:39.890Z,74412,0.0,0.0,,,0.0,88387790-5f54-400f-bc53-931ddeb9eb22,USDC-WETH,1%,USDC-WETH (1%)
2023-11-15T23:06:44.635Z,75563,0.0,0.0,,,0.0,88387790-5f54-400f-bc53-931ddeb9eb22,USDC-WETH,1%,USDC-WETH (1%)
2023-11-16T23:05:43.509Z,72426,0.0,0.0,,,0.0,88387790-5f54-400f-bc53-931ddeb9eb22,USDC-WETH,1%,USDC-WETH (1%)
2023-11-17T23:06:31.042Z,71903,0.0,0.0,,,0.0,88387790-5f54-400f-bc53-931ddeb9eb22,USDC-WETH,1%,USDC-WETH (1%)
2023-11-18T23:05:55.099Z,71397,1.60684,1.60684,,,0.0,88387790-5f54-400f-bc53-931ddeb9eb22,USDC-WETH,1%,USDC-WETH (1%)
2023-11-19T21:05:39.963Z,72335,0.04892,0.04892,,,0.0,88387790-5f54-400f-bc53-931ddeb9eb22,USDC-WETH,1%,USDC-WETH (1%)
2023-11-20T23:09:51.157Z,72756,0.0,0.0,,,0.0,88387790-5f54-400f-bc53-931ddeb9eb22,USDC-WETH,1%,USDC-WETH (1%)
2023-11-21T23:05:29.006Z,70060,0.0,0.0,,,0.0,88387790-5f54-400f-bc53-931ddeb9eb22,USDC-WETH,1%,USDC-WETH (1%)
2023-11-22T23:10:33.042Z,74561,0.0,0.0,,,0.0,88387790-5f54-400f-bc53-931ddeb9eb22,USDC-WETH,1%,USDC-WETH (1%)
2023-11-23T23:07:01.765Z,74467,2.49486,2.49486,,,0.0,88387790-5f54-400f-bc53-931ddeb9eb22,USDC-WETH,1%,USDC-WETH (1%)
2023-11-24T23:06:46.808Z,69480,14.09854,14.09854,,,0.0,88387790-5f54-400f-bc53-931ddeb9eb22,USDC-WETH,1%,USDC-WETH (1%)
2023-11-25T23:06:33.071Z,69714,0.0,0.0,,,0.0,88387790-5f54-400f-bc53-931ddeb9eb22,USDC-WETH,1%,USDC-WETH (1%)
2023-11-26T23:06:20.242Z,69475,0.0,0.0,,,0.0,88387790-5f54-400f-bc53-931ddeb9eb22,USDC-WETH,1%,USDC-WETH (1%)
2023-11-27T23:07:59.777Z,67550,0.0,0.0,,,0.0,88387790-5f54-400f-bc53-931ddeb9eb22,USDC-WETH,1%,USDC-WETH (1%)
2023-11-28T18:09:35.257Z,69164,0.0,0.0,,,0.0,88387790-5f54-400f-bc53-931ddeb9eb22,USDC-WETH,1%,USDC-WETH (1%)
2023-11-29T23:07:16.975Z,68237,10.62871,10.62871,,,0.0,88387790-5f54-400f-bc53-931ddeb9eb22,USDC-WETH,1%,USDC-WETH (1%)
2023-11-30T23:17:38.148Z,68660,0.0,0.0,,,0.0,88387790-5f54-400f-bc53-931ddeb9eb22,USDC-WETH,1%,USDC-WETH (1%)
2023-12-01T23:06:57.389Z,70575,12.75642,12.75642,,,0.0,88387790-5f54-400f-bc53-931ddeb9eb22,USDC-WETH,1%,USDC-WETH (1%)
2023-12-02T23:10:36.181Z,73048,0.0,0.0,,,0.0,88387790-5f54-400f-bc53-931ddeb9eb22,USDC-WETH,1%,USDC-WETH (1%)
2023-12-03T23:05:17.943Z,74598,0.0,0.0,,,0.0,88387790-5f54-400f-bc53-931ddeb9eb22,USDC-WETH,1%,USDC-WETH (1%)
2023-12-04T23:07:30.749Z,75368,0.0,0.0,,,0.0,88387790-5f54-400f-bc53-931ddeb9eb22,USDC-WETH,1%,USDC-WETH (1%)
2023-12-05T23:07:05.039Z,76535,1.02703,1.02703,,,0.0,88387790-5f54-400f-bc53-931ddeb9eb22,USDC-WETH,1%,USDC-WETH (1%)
2023-12-06T19:07:42.630Z,76429,0.0,0.0,,,0.0,88387790-5f54-400f-bc53-931ddeb9eb22,USDC-WETH,1%,USDC-WETH (1%)
2023-12-07T23:06:50.340Z,79617,0.0,0.0,,,0.0,88387790-5f54-400f-bc53-931ddeb9eb22,USDC-WETH,1%,USDC-WETH (1%)
2023-12-08T23:07:00.427Z,77900,3.46728,3.46728,,,0.0,88387790-5f54-400f-bc53-931ddeb9eb22,USDC-WETH,1%,USDC-WETH (1%)
2023-12-09T23:06:28.100Z,77861,0.0,0.0,,,0.0,88387790-5f54-400f-bc53-931ddeb9eb22,USDC-WETH,1%,USDC-WETH (1%)
2023-12-10T23:06:18.724Z,77991,0.0,0.0,,,0.0,88387790-5f54-400f-bc53-931ddeb9eb22,USDC-WETH,1%,USDC-WETH (1%)
2023-12-11T23:20:23.901Z,73595,0.0,0.0,,,0.0,88387790-5f54-400f-bc53-931ddeb9eb22,USDC-WETH,1%,USDC-WETH (1%)
2023-12-12T23:10:04.067Z,72035,0.0,0.0,,,0.0,88387790-5f54-400f-bc53-931ddeb9eb22,USDC-WETH,1%,USDC-WETH (1%)
2023-12-13T23:06:27.714Z,74425,0.0,0.0,,,0.0,88387790-5f54-400f-bc53-931ddeb9eb22,USDC-WETH,1%,USDC-WETH (1%)
2023-12-14T23:06:03.772Z,75623,0.0,0.0,,,0.0,88387790-5f54-400f-bc53-931ddeb9eb22,USDC-WETH,1%,USDC-WETH (1%)
2023-12-15T23:10:06.021Z,74033,0.0,0.0,,,0.0,88387790-5f54-400f-bc53-931ddeb9eb22,USDC-WETH,1%,USDC-WETH (1%)
2023-12-16T08:10:15.822Z,74061,0.0,0.0,,,0.0,88387790-5f54-400f-bc53-931ddeb9eb22,USDC-WETH,1%,USDC-WETH (1%)
2023-12-17T11:06:53.317Z,73000,0.0,0.0,,,0.0,88387790-5f54-400f-bc53-931ddeb9eb22,USDC-WETH,1%,USDC-WETH (1%)
2023-12-18T23:06:45.207Z,73149,0.0,0.0,,,0.0,88387790-5f54-400f-bc53-931ddeb9eb22,USDC-WETH,1%,USDC-WETH (1%)
2023-12-19T23:06:08.832Z,72133,0.0,0.0,,,0.0,88387790-5f54-400f-bc53-931ddeb9eb22,USDC-WETH,1%,USDC-WETH (1%)
2023-12-20T23:07:31.117Z,71988,0.0,0.0,,,0.0,88387790-5f54-400f-bc53-931ddeb9eb22,USDC-WETH,1%,USDC-WETH (1%)
2023-12-21T23:06:49.065Z,73541,0.0,0.0,,,0.0,88387790-5f54-400f-bc53-931ddeb9eb22,USDC-WETH,1%,USDC-WETH (1%)
2023-12-22T23:06:56.632Z,76235,0.0,0.0,,,0.0,88387790-5f54-400f-bc53-931ddeb9eb22,USDC-WETH,1%,USDC-WETH (1%)
2023-12-23T23:07:09.104Z,75575,0.0,0.0,,,0.0,88387790-5f54-400f-bc53-931ddeb9eb22,USDC-WETH,1%,USDC-WETH (1%)
2023-12-24T23:10:14.388Z,74737,0.0,0.0,,,0.0,88387790-5f54-400f-bc53-931ddeb9eb22,USDC-WETH,1%,USDC-WETH (1%)
2023-12-25T23:07:06.109Z,74871,0.0,0.0,,,0.0,88387790-5f54-400f-bc53-931ddeb9eb22,USDC-WETH,1%,USDC-WETH (1%)
2023-12-26T23:10:15.232Z,73292,0.0,0.0,,,0.0,88387790-5f54-400f-bc53-931ddeb9eb22,USDC-WETH,1%,USDC-WETH (1%)
2023-12-27T23:06:50.551Z,77568,0.0,0.0,,,0.0,88387790-5f54-400f-bc53-931ddeb9eb22,USDC-WETH,1%,USDC-WETH (1%)
2023-12-28T23:06:50.446Z,77434,0.0,0.0,,,0.0,88387790-5f54-400f-bc53-931ddeb9eb22,USDC-WETH,1%,USDC-WETH (1%)
2023-12-29T23:07:12.516Z,74837,0.0,0.0,,,0.0,88387790-5f54-400f-bc53-931ddeb9eb22,USDC-WETH,1%,USDC-WETH (1%)
2023-12-30T23:07:07.535Z,75360,0.0,0.0,,,0.0,88387790-5f54-400f-bc53-931ddeb9eb22,USDC-WETH,1%,USDC-WETH (1%)
2023-12-31T23:07:00.868Z,74562,0.18418,0.18418,,,0.0,88387790-5f54-400f-bc53-931ddeb9eb22,USDC-WETH,1%,USDC-WETH (1%)
2024-01-01T20:09:12.205Z,76873,0.0,0.0,,,0.0,88387790-5f54-400f-bc53-931ddeb9eb22,USDC-WETH,1%,USDC-WETH (1%)
2024-01-02T23:07:13.954Z,77314,0.0,0.0,,,0.0,88387790-5f54-400f-bc53-931ddeb9eb22,USDC-WETH,1%,USDC-WETH (1%)
2024-01-03T23:07:24.956Z,72700,0.10506,0.10506,,,0.0,88387790-5f54-400f-bc53-931ddeb9eb22,USDC-WETH,1%,USDC-WETH (1%)
2024-01-04T23:06:33.618Z,74939,0.0,0.0,,,0.0,88387790-5f54-400f-bc53-931ddeb9eb22,USDC-WETH,1%,USDC-WETH (1%)
2024-01-05T23:05:31.423Z,73806,0.0,0.0,,,0.0,88387790-5f54-400f-bc53-931ddeb9eb22,USDC-WETH,1%,USDC-WETH (1%)
2024-01-06T23:06:19.885Z,73629,0.0,0.0,,,0.0,88387790-5f54-400f-bc53-931ddeb9eb22,USDC-WETH,1%,USDC-WETH (1%)
2024-01-07T23:06:38.654Z,72973,0.0,0.0,,,0.0,88387790-5f54-400f-bc53-931ddeb9eb22,USDC-WETH,1%,USDC-WETH (1%)
2024-01-08T23:09:33.169Z,76633,0.0,0.0,,,0.0,88387790-5f54-400f-bc53-931ddeb9eb22,USDC-WETH,1%,USDC-WETH (1%)
2024-01-09T23:08:59.045Z,77121,0.0,0.0,,,0.0,88387790-5f54-400f-bc53-931ddeb9eb22,USDC-WETH,1%,USDC-WETH (1%)
2024-01-10T23:09:01.502Z,83691,0.0,0.0,,,0.0,88387790-5f54-400f-bc53-931ddeb9eb22,USDC-WETH,1%,USDC-WETH (1%)
2024-01-11T23:07:15.220Z,85462,0.0,0.0,,,0.0,88387790-5f54-400f-bc53-931ddeb9eb22,USDC-WETH,1%,USDC-WETH (1%)
2024-01-12T23:11:12.945Z,82268,0.0,0.0,,,0.0,88387790-5f54-400f-bc53-931ddeb9eb22,USDC-WETH,1%,USDC-WETH (1%)
2024-01-13T23:09:05.597Z,84524,0.0,0.0,,,0.0,88387790-5f54-400f-bc53-931ddeb9eb22,USDC-WETH,1%,USDC-WETH (1%)
2024-01-14T23:07:17.207Z,82755,0.0,0.0,,,0.0,88387790-5f54-400f-bc53-931ddeb9eb22,USDC-WETH,1%,USDC-WETH (1%)
2024-01-15T19:19:04.128Z,83270,0.0,0.0,,,0.0,88387790-5f54-400f-bc53-931ddeb9eb22,USDC-WETH,1%,USDC-WETH (1%)
2024-01-16T23:18:59.295Z,85455,0.0,0.0,,,0.0,88387790-5f54-400f-bc53-931ddeb9eb22,USDC-WETH,1%,USDC-WETH (1%)
2024-01-17T23:07:18.998Z,82776,0.0,0.0,,,0.0,88387790-5f54-400f-bc53-931ddeb9eb22,USDC-WETH,1%,USDC-WETH (1%)
2024-01-18T23:06:07.871Z,80577,0.0,0.0,,,0.0,88387790-5f54-400f-bc53-931ddeb9eb22,USDC-WETH,1%,USDC-WETH (1%)
2024-01-19T23:07:00.586Z,81694,0.0,0.0,,,0.0,88387790-5f54-400f-bc53-931ddeb9eb22,USDC-WETH,1%,USDC-WETH (1%)
2024-01-20T23:10:35.775Z,81130,0.0,0.0,,,0.0,88387790-5f54-400f-bc53-931ddeb9eb22,USDC-WETH,1%,USDC-WETH (1%)
2024-01-21T23:08:01.297Z,81361,0.0,0.0,,,0.0,88387790-5f54-400f-bc53-931ddeb9eb22,USDC-WETH,1%,USDC-WETH (1%)
2024-01-22T17:10:54.447Z,78028,0.0,0.0,,,0.0,88387790-5f54-400f-bc53-931ddeb9eb22,USDC-WETH,1%,USDC-WETH (1%)
2024-01-23T23:07:11.858Z,73006,0.0,0.0,,,0.0,88387790-5f54-400f-bc53-931ddeb9eb22,USDC-WETH,1%,USDC-WETH (1%)
2024-01-24T23:11:03.590Z,72858,0.0,0.0,,,0.0,88387790-5f54-400f-bc53-931ddeb9eb22,USDC-WETH,1%,USDC-WETH (1%)
2024-01-25T23:06:34.666Z,71145,4.08125,4.08125,,,0.0,88387790-5f54-400f-bc53-931ddeb9eb22,USDC-WETH,1%,USDC-WETH (1%)
2024-01-26T23:04:15.457Z,72708,0.0,0.0,,,0.0,88387790-5f54-400f-bc53-931ddeb9eb22,USDC-WETH,1%,USDC-WETH (1%)
2024-01-27T23:05:09.470Z,72938,0.0,0.0,,,0.0,88387790-5f54-400f-bc53-931ddeb9eb22,USDC-WETH,1%,USDC-WETH (1%)
2024-01-28T23:08:29.294Z,72024,0.0,0.0,,,0.0,88387790-5f54-400f-bc53-931ddeb9eb22,USDC-WETH,1%,USDC-WETH (1%)
2024-01-29T23:05:09.698Z,73521,2.01155,2.01155,,,0.0,88387790-5f54-400f-bc53-931ddeb9eb22,USDC-WETH,1%,USDC-WETH (1%)
2024-01-30T23:05:40.727Z,75514,0.0,0.0,,,0.0,88387790-5f54-400f-bc53-931ddeb9eb22,USDC-WETH,1%,USDC-WETH (1%)
2024-01-31T23:04:52.268Z,72201,0.0,0.0,,,0.0,88387790-5f54-400f-bc53-931ddeb9eb22,USDC-WETH,1%,USDC-WETH (1%)
2024-02-01T23:06:37.698Z,73051,0.0,0.0,,,0.0,88387790-5f54-400f-bc53-931ddeb9eb22,USDC-WETH,1%,USDC-WETH (1%)
2024-02-02T23:05:55.942Z,73280,0.0,0.0,,,0.0,88387790-5f54-400f-bc53-931ddeb9eb22,USDC-WETH,1%,USDC-WETH (1%)
2024-02-03T23:05:14.984Z,73044,0.0,0.0,,,0.0,88387790-5f54-400f-bc53-931ddeb9eb22,USDC-WETH,1%,USDC-WETH (1%)
2024-02-04T23:06:01.956Z,72521,0.0,0.0,,,0.0,88387790-5f54-400f-bc53-931ddeb9eb22,USDC-WETH,1%,USDC-WETH (1%)
2024-02-05T23:05:15.428Z,72925,0.0,0.0,,,0.0,88387790-5f54-400f-bc53-931ddeb9eb22,USDC-WETH,1%,USDC-WETH (1%)
2024-02-06T23:09:35.121Z,75678,0.0,0.0,,,0.0,88387790-5f54-400f-bc53-931ddeb9eb22,USDC-WETH,1%,USDC-WETH (1%)
2024-02-07T23:06:15.701Z,77008,0.0,0.0,,,0.0,88387790-5f54-400f-bc53-931ddeb9eb22,USDC-WETH,1%,USDC-WETH (1%)
2024-02-08T23:06:50.845Z,77194,0.0,0.0,,,0.0,88387790-5f54-400f-bc53-931ddeb9eb22,USDC-WETH,1%,USDC-WETH (1%)
2024-02-09T23:05:37.948Z,79386,0.0,0.0,,,0.0,88387790-5f54-400f-bc53-931ddeb9eb22,USDC-WETH,1%,USDC-WETH (1%)
2024-02-10T23:05:39.133Z,79675,0.0,0.0,,,0.0,88387790-5f54-400f-bc53-931ddeb9eb22,USDC-WETH,1%,USDC-WETH (1%)
2024-02-11T23:06:46.984Z,79274,0.0,0.0,,,0.0,88387790-5f54-400f-bc53-931ddeb9eb22,USDC-WETH,1%,USDC-WETH (1%)
2024-02-12T23:05:02.549Z,84400,0.0,0.0,,,0.0,88387790-5f54-400f-bc53-931ddeb9eb22,USDC-WETH,1%,USDC-WETH (1%)
2024-02-13T23:06:24.951Z,83749,0.0,0.0,,,0.0,88387790-5f54-400f-bc53-931ddeb9eb22,USDC-WETH,1%,USDC-WETH (1%)
2024-02-14T23:06:46.992Z,87917,0.0,0.0,,,0.0,88387790-5f54-400f-bc53-931ddeb9eb22,USDC-WETH,1%,USDC-WETH (1%)
2024-02-15T23:06:44.661Z,89429,0.0,0.0,,,0.0,88387790-5f54-400f-bc53-931ddeb9eb22,USDC-WETH,1%,USDC-WETH (1%)
2024-02-16T23:06:38.163Z,88496,0.0,0.0,,,0.0,88387790-5f54-400f-bc53-931ddeb9eb22,USDC-WETH,1%,USDC-WETH (1%)
2024-02-17T23:10:42.416Z,88731,0.0,0.0,,,0.0,88387790-5f54-400f-bc53-931ddeb9eb22,USDC-WETH,1%,USDC-WETH (1%)
2024-02-18T23:05:50.942Z,91508,0.0,0.0,,,0.0,88387790-5f54-400f-bc53-931ddeb9eb22,USDC-WETH,1%,USDC-WETH (1%)
2024-02-19T23:07:29.229Z,94445,0.0,0.0,,,0.0,88387790-5f54-400f-bc53-931ddeb9eb22,USDC-WETH,1%,USDC-WETH (1%)
2024-02-20T23:06:18.023Z,95316,0.0,0.0,,,0.0,88387790-5f54-400f-bc53-931ddeb9eb22,USDC-WETH,1%,USDC-WETH (1%)
2024-02-21T23:06:18.146Z,92615,0.0,0.0,,,0.0,88387790-5f54-400f-bc53-931ddeb9eb22,USDC-WETH,1%,USDC-WETH (1%)
2024-02-22T23:06:01.751Z,94891,0.0,0.0,,,0.0,88387790-5f54-400f-bc53-931ddeb9eb22,USDC-WETH,1%,USDC-WETH (1%)
2024-02-23T23:06:17.859Z,93584,4.51309,4.51309,,,0.0,88387790-5f54-400f-bc53-931ddeb9eb22,USDC-WETH,1%,USDC-WETH (1%)
2024-02-24T23:06:49.298Z,95209,0.0,0.0,,,0.0,88387790-5f54-400f-bc53-931ddeb9eb22,USDC-WETH,1%,USDC-WETH (1%)
2024-02-25T23:07:23.767Z,98708,0.0,0.0,,,0.0,88387790-5f54-400f-bc53-931ddeb9eb22,USDC-WETH,1%,USDC-WETH (1%)
2024-02-26T23:06:18.232Z,101068,0.0,0.0,,,0.0,88387790-5f54-400f-bc53-931ddeb9eb22,USDC-WETH,1%,USDC-WETH (1%)
2024-02-27T18:06:58.939Z,102613,0.0,0.0,,,0.0,88387790-5f54-400f-bc53-931ddeb9eb22,USDC-WETH,1%,USDC-WETH (1%)
2024-02-28T23:06:05.476Z,106136,0.0,0.0,,,0.0,88387790-5f54-400f-bc53-931ddeb9eb22,USDC-WETH,1%,USDC-WETH (1%)
2024-02-29T23:05:45.229Z,106664,0.0,0.0,,,0.0,88387790-5f54-400f-bc53-931ddeb9eb22,USDC-WETH,1%,USDC-WETH (1%)
2024-03-01T23:17:37.313Z,108909,0.0,0.0,,,0.0,88387790-5f54-400f-bc53-931ddeb9eb22,USDC-WETH,1%,USDC-WETH (1%)
2024-03-02T23:06:52.058Z,108205,0.0,0.0,,,0.0,88387790-5f54-400f-bc53-931ddeb9eb22,USDC-WETH,1%,USDC-WETH (1%)
2024-03-03T23:06:40.614Z,110437,0.0,0.0,,,0.0,88387790-5f54-400f-bc53-931ddeb9eb22,USDC-WETH,1%,USDC-WETH (1%)
2024-03-04T16:08:19.713Z,114040,0.0,0.0,,,0.0,88387790-5f54-400f-bc53-931ddeb9eb22,USDC-WETH,1%,USDC-WETH (1%)
2024-03-05T23:09:35.618Z,110916,0.0,0.0,,,0.0,88387790-5f54-400f-bc53-931ddeb9eb22,USDC-WETH,1%,USDC-WETH (1%)
2024-03-06T23:10:40.939Z,122460,0.0,0.0,,,0.0,88387790-5f54-400f-bc53-931ddeb9eb22,USDC-WETH,1%,USDC-WETH (1%)
2024-03-07T23:08:37.630Z,124005,0.0,0.0,,,0.0,88387790-5f54-400f-bc53-931ddeb9eb22,USDC-WETH,1%,USDC-WETH (1%)
2024-03-08T23:10:29.235Z,123904,0.0,0.0,,,0.0,88387790-5f54-400f-bc53-931ddeb9eb22,USDC-WETH,1%,USDC-WETH (1%)
2024-03-09T23:06:09.015Z,124354,0.0,0.0,,,0.0,88387790-5f54-400f-bc53-931ddeb9eb22,USDC-WETH,1%,USDC-WETH (1%)
2024-03-10T23:06:40.936Z,121395,0.0,0.0,,,0.0,88387790-5f54-400f-bc53-931ddeb9eb22,USDC-WETH,1%,USDC-WETH (1%)
2024-03-11T23:06:52.906Z,129173,0.0,0.0,,,0.0,88387790-5f54-400f-bc53-931ddeb9eb22,USDC-WETH,1%,USDC-WETH (1%)
2024-03-12T23:10:20.950Z,125666,0.0,0.0,,,0.0,88387790-5f54-400f-bc53-931ddeb9eb22,USDC-WETH,1%,USDC-WETH (1%)
2024-03-13T23:08:48.259Z,126896,0.0,0.0,,,0.0,88387790-5f54-400f-bc53-931ddeb9eb22,USDC-WETH,1%,USDC-WETH (1%)
2024-03-14T23:06:36.382Z,123197,2.36528,2.36528,,,0.0,88387790-5f54-400f-bc53-931ddeb9eb22,USDC-WETH,1%,USDC-WETH (1%)
2024-03-15T23:06:18.153Z,118560,0.0,0.0,,,0.0,88387790-5f54-400f-bc53-931ddeb9eb22,USDC-WETH,1%,USDC-WETH (1%)
2024-03-16T23:06:22.227Z,113066,0.0,0.0,,,0.0,88387790-5f54-400f-bc53-931ddeb9eb22,USDC-WETH,1%,USDC-WETH (1%)
2024-03-17T23:07:05.204Z,115922,0.0,0.0,,,0.0,88387790-5f54-400f-bc53-931ddeb9eb22,USDC-WETH,1%,USDC-WETH (1%)
2024-03-18T23:06:48.795Z,112045,0.0,0.0,,,0.0,88387790-5f54-400f-bc53-931ddeb9eb22,USDC-WETH,1%,USDC-WETH (1%)
2024-03-19T23:08:07.108Z,101942,0.0,0.0,,,0.0,88387790-5f54-400f-bc53-931ddeb9eb22,USDC-WETH,1%,USDC-WETH (1%)
2024-03-20T05:06:04.695Z,99647,0.0,0.0,,,0.0,88387790-5f54-400f-bc53-931ddeb9eb22,USDC-WETH,1%,USDC-WETH (1%)
2024-03-22T23:10:30.941Z,102613,3.62228,3.62228,,,0.0,88387790-5f54-400f-bc53-931ddeb9eb22,USDC-WETH,1%,USDC-WETH (1%)
2024-03-23T23:06:25.980Z,105635,0.0,0.0,,,0.0,88387790-5f54-400f-bc53-931ddeb9eb22,USDC-WETH,1%,USDC-WETH (1%)
2024-03-24T23:06:50.075Z,107436,0.0,0.0,,,0.0,88387790-5f54-400f-bc53-931ddeb9eb22,USDC-WETH,1%,USDC-WETH (1%)
2024-03-25T23:10:43.779Z,112685,0.0,0.0,,,0.0,88387790-5f54-400f-bc53-931ddeb9eb22,USDC-WETH,1%,USDC-WETH (1%)
2024-03-26T23:07:00.826Z,112317,0.0,0.0,,,0.0,88387790-5f54-400f-bc53-931ddeb9eb22,USDC-WETH,1%,USDC-WETH (1%)
2024-03-27T23:06:41.128Z,109692,0.0,0.0,,,0.0,88387790-5f54-400f-bc53-931ddeb9eb22,USDC-WETH,1%,USDC-WETH (1%)
2024-03-28T23:06:58.232Z,111276,0.0,0.0,,,0.0,88387790-5f54-400f-bc53-931ddeb9eb22,USDC-WETH,1%,USDC-WETH (1%)
2024-03-29T23:07:13.982Z,109809,0.0,0.0,,,0.0,88387790-5f54-400f-bc53-931ddeb9eb22,USDC-WETH,1%,USDC-WETH (1%)
2024-03-30T23:11:05.293Z,109430,0.0,0.0,,,0.0,88387790-5f54-400f-bc53-931ddeb9eb22,USDC-WETH,1%,USDC-WETH (1%)
2024-03-31T23:06:56.727Z,113354,0.0,0.0,,,0.0,88387790-5f54-400f-bc53-931ddeb9eb22,USDC-WETH,1%,USDC-WETH (1%)
2024-04-01T23:07:36.143Z,109415,0.0,0.0,,,0.0,88387790-5f54-400f-bc53-931ddeb9eb22,USDC-WETH,1%,USDC-WETH (1%)
2024-04-02T23:09:31.240Z,102820,0.0,0.0,,,0.0,88387790-5f54-400f-bc53-931ddeb9eb22,USDC-WETH,1%,USDC-WETH (1%)
2024-04-03T23:06:32.849Z,103517,0.0,0.0,,,0.0,88387790-5f54-400f-bc53-931ddeb9eb22,USDC-WETH,1%,USDC-WETH (1%)
2024-04-04T22:07:48.696Z,103720,0.0,0.0,,,0.0,88387790-5f54-400f-bc53-931ddeb9eb22,USDC-WETH,1%,USDC-WETH (1%)
2024-04-05T23:07:14.093Z,103514,0.0,0.0,,,0.0,88387790-5f54-400f-bc53-931ddeb9eb22,USDC-WETH,1%,USDC-WETH (1%)
2024-04-06T23:08:06.703Z,105408,0.0,0.0,,,0.0,88387790-5f54-400f-bc53-931ddeb9eb22,USDC-WETH,1%,USDC-WETH (1%)
2024-04-07T23:06:47.143Z,105324,2.42566,2.42566,,,0.0,88387790-5f54-400f-bc53-931ddeb9eb22,USDC-WETH,1%,USDC-WETH (1%)
2024-04-08T23:11:16.179Z,114292,0.0,0.0,,,0.0,88387790-5f54-400f-bc53-931ddeb9eb22,USDC-WETH,1%,USDC-WETH (1%)
2024-04-09T22:07:01.656Z,107998,0.0,0.0,,,0.0,88387790-5f54-400f-bc53-931ddeb9eb22,USDC-WETH,1%,USDC-WETH (1%)
2024-04-10T22:08:25.417Z,107985,0.0,0.0,,,0.0,88387790-5f54-400f-bc53-931ddeb9eb22,USDC-WETH,1%,USDC-WETH (1%)
2024-04-11T19:14:17.156Z,107959,0.0,0.0,,,0.0,88387790-5f54-400f-bc53-931ddeb9eb22,USDC-WETH,1%,USDC-WETH (1%)
2024-04-12T23:06:22.355Z,99156,0.0,0.0,,,0.0,88387790-5f54-400f-bc53-931ddeb9eb22,USDC-WETH,1%,USDC-WETH (1%)
2024-04-13T23:06:48.793Z,92808,0.0,0.0,,,0.0,88387790-5f54-400f-bc53-931ddeb9eb22,USDC-WETH,1%,USDC-WETH (1%)
2024-04-14T23:07:49.586Z,97426,0.21727,0.21727,,,0.0,88387790-5f54-400f-bc53-931ddeb9eb22,USDC-WETH,1%,USDC-WETH (1%)
2024-04-15T23:06:38.381Z,95960,0.0,0.0,,,0.0,88387790-5f54-400f-bc53-931ddeb9eb22,USDC-WETH,1%,USDC-WETH (1%)
2024-04-16T23:07:29.823Z,95222,0.0,0.0,,,0.0,88387790-5f54-400f-bc53-931ddeb9eb22,USDC-WETH,1%,USDC-WETH (1%)
2024-04-17T23:08:32.352Z,92519,0.0,0.0,,,0.0,88387790-5f54-400f-bc53-931ddeb9eb22,USDC-WETH,1%,USDC-WETH (1%)
2024-04-18T23:06:39.133Z,94503,0.0,0.0,,,0.0,88387790-5f54-400f-bc53-931ddeb9eb22,USDC-WETH,1%,USDC-WETH (1%)
2024-04-19T23:07:26.949Z,94737,0.0,0.0,,,0.0,88387790-5f54-400f-bc53-931ddeb9eb22,USDC-WETH,1%,USDC-WETH (1%)
2024-04-20T23:06:48.269Z,96920,0.0,0.0,,,0.0,88387790-5f54-400f-bc53-931ddeb9eb22,USDC-WETH,1%,USDC-WETH (1%)
2024-04-21T23:06:49.985Z,97187,0.0,0.0,,,0.0,88387790-5f54-400f-bc53-931ddeb9eb22,USDC-WETH,1%,USDC-WETH (1%)
2024-04-22T23:06:42.745Z,98804,0.0,0.0,,,0.0,88387790-5f54-400f-bc53-931ddeb9eb22,USDC-WETH,1%,USDC-WETH (1%)
2024-04-23T23:11:15.236Z,98922,0.0,0.0,,,0.0,88387790-5f54-400f-bc53-931ddeb9eb22,USDC-WETH,1%,USDC-WETH (1%)
2024-04-24T23:07:21.272Z,96355,0.0,0.0,,,0.0,88387790-5f54-400f-bc53-931ddeb9eb22,USDC-WETH,1%,USDC-WETH (1%)
2024-04-25T23:08:10.123Z,97254,0.0,0.0,,,0.0,88387790-5f54-400f-bc53-931ddeb9eb22,USDC-WETH,1%,USDC-WETH (1%)
2024-04-26T13:07:22.191Z,96247,0.0,0.0,,,0.0,88387790-5f54-400f-bc53-931ddeb9eb22,USDC-WETH,1%,USDC-WETH (1%)
2024-04-29T23:07:09.311Z,98855,0.0,0.0,,,0.0,88387790-5f54-400f-bc53-931ddeb9eb22,USDC-WETH,1%,USDC-WETH (1%)
2024-04-30T23:06:46.193Z,92458,0.0,0.0,,,0.0,88387790-5f54-400f-bc53-931ddeb9eb22,USDC-WETH,1%,USDC-WETH (1%)
2024-05-01T23:07:14.374Z,91126,0.0,0.0,,,0.0,88387790-5f54-400f-bc53-931ddeb9eb22,USDC-WETH,1%,USDC-WETH (1%)
2024-05-02T23:10:20.807Z,92175,0.0,0.0,,,0.0,88387790-5f54-400f-bc53-931ddeb9eb22,USDC-WETH,1%,USDC-WETH (1%)
2024-05-03T23:06:28.171Z,95620,0.0,0.0,,,0.0,88387790-5f54-400f-bc53-931ddeb9eb22,USDC-WETH,1%,USDC-WETH (1%)
2024-05-04T23:10:17.970Z,95681,0.0,0.0,,,0.0,88387790-5f54-400f-bc53-931ddeb9eb22,USDC-WETH,1%,USDC-WETH (1%)
2024-05-05T23:10:22.821Z,96323,0.0,0.0,,,0.0,88387790-5f54-400f-bc53-931ddeb9eb22,USDC-WETH,1%,USDC-WETH (1%)
2024-05-06T23:07:25.137Z,94792,0.0,0.0,,,0.0,88387790-5f54-400f-bc53-931ddeb9eb22,USDC-WETH,1%,USDC-WETH (1%)
2024-05-07T23:07:15.709Z,93616,0.0,0.0,,,0.0,88387790-5f54-400f-bc53-931ddeb9eb22,USDC-WETH,1%,USDC-WETH (1%)
2024-05-08T23:07:05.270Z,91103,0.0,0.0,,,0.0,88387790-5f54-400f-bc53-931ddeb9eb22,USDC-WETH,1%,USDC-WETH (1%)
2024-05-09T23:07:06.424Z,93907,0.0,0.0,,,0.0,88387790-5f54-400f-bc53-931ddeb9eb22,USDC-WETH,1%,USDC-WETH (1%)
2024-05-10T23:07:53.846Z,89312,0.0,0.0,,,0.0,88387790-5f54-400f-bc53-931ddeb9eb22,USDC-WETH,1%,USDC-WETH (1%)
2024-05-11T23:12:13.634Z,89692,0.0,0.0,,,0.0,88387790-5f54-400f-bc53-931ddeb9eb22,USDC-WETH,1%,USDC-WETH (1%)
2024-05-12T23:07:15.883Z,90156,0.0,0.0,,,0.0,88387790-5f54-400f-bc53-931ddeb9eb22,USDC-WETH,1%,USDC-WETH (1%)
2024-05-13T23:07:52.787Z,90506,0.0,0.0,,,0.0,88387790-5f54-400f-bc53-931ddeb9eb22,USDC-WETH,1%,USDC-WETH (1%)
2024-05-14T23:10:34.296Z,88848,0.0,0.0,,,0.0,88387790-5f54-400f-bc53-931ddeb9eb22,USDC-WETH,1%,USDC-WETH (1%)
2024-05-15T23:10:30.284Z,92842,0.0,0.0,,,0.0,88387790-5f54-400f-bc53-931ddeb9eb22,USDC-WETH,1%,USDC-WETH (1%)
2024-05-16T23:10:45.333Z,90368,0.0,0.0,,,0.0,88387790-5f54-400f-bc53-931ddeb9eb22,USDC-WETH,1%,USDC-WETH (1%)
2024-05-17T23:06:59.585Z,95114,0.0,0.0,,,0.0,88387790-5f54-400f-bc53-931ddeb9eb22,USDC-WETH,1%,USDC-WETH (1%)
2024-05-18T23:08:23.111Z,95993,0.0,0.0,,,0.0,88387790-5f54-400f-bc53-931ddeb9eb22,USDC-WETH,1%,USDC-WETH (1%)
2024-05-19T23:11:51.752Z,94664,0.0,0.0,,,0.0,88387790-5f54-400f-bc53-931ddeb9eb22,USDC-WETH,1%,USDC-WETH (1%)
2024-05-20T23:06:46.099Z,111822,0.0,0.0,,,0.0,88387790-5f54-400f-bc53-931ddeb9eb22,USDC-WETH,1%,USDC-WETH (1%)
2024-05-21T23:07:55.327Z,116949,0.0,0.0,,,0.0,88387790-5f54-400f-bc53-931ddeb9eb22,USDC-WETH,1%,USDC-WETH (1%)
2024-05-22T23:08:18.010Z,115178,0.0,0.0,,,0.0,88387790-5f54-400f-bc53-931ddeb9eb22,USDC-WETH,1%,USDC-WETH (1%)
2024-05-23T23:09:05.085Z,117165,0.0,0.0,,,0.0,88387790-5f54-400f-bc53-931ddeb9eb22,USDC-WETH,1%,USDC-WETH (1%)
2024-05-24T20:09:03.959Z,115105,0.0,0.0,,,0.0,88387790-5f54-400f-bc53-931ddeb9eb22,USDC-WETH,1%,USDC-WETH (1%)
2024-05-25T19:07:15.805Z,115418,0.12872,0.12872,,,0.0,88387790-5f54-400f-bc53-931ddeb9eb22,USDC-WETH,1%,USDC-WETH (1%)
2024-05-26T22:06:48.989Z,118168,0.0,0.0,,,0.0,88387790-5f54-400f-bc53-931ddeb9eb22,USDC-WETH,1%,USDC-WETH (1%)
2024-05-27T23:07:18.501Z,119345,0.0,0.0,,,0.0,88387790-5f54-400f-bc53-931ddeb9eb22,USDC-WETH,1%,USDC-WETH (1%)
2024-05-28T23:07:11.848Z,118617,0.0,0.0,,,0.0,88387790-5f54-400f-bc53-931ddeb9eb22,USDC-WETH,1%,USDC-WETH (1%)
2024-05-29T23:07:23.642Z,116104,0.0,0.0,,,0.0,88387790-5f54-400f-bc53-931ddeb9eb22,USDC-WETH,1%,USDC-WETH (1%)
2024-05-30T23:07:01.039Z,115183,0.0,0.0,,,0.0,88387790-5f54-400f-bc53-931ddeb9eb22,USDC-WETH,1%,USDC-WETH (1%)
2024-05-31T23:07:24.247Z,115980,0.0,0.0,,,0.0,88387790-5f54-400f-bc53-931ddeb9eb22,USDC-WETH,1%,USDC-WETH (1%)
2024-06-01T23:07:14.732Z,117419,0.0,0.0,,,0.0,88387790-5f54-400f-bc53-931ddeb9eb22,USDC-WETH,1%,USDC-WETH (1%)
2024-06-02T23:07:44.651Z,116212,0.0,0.0,,,0.0,88387790-5f54-400f-bc53-931ddeb9eb22,USDC-WETH,1%,USDC-WETH (1%)
2024-06-03T23:06:42.409Z,115815,0.23542,0.23542,,,0.0,88387790-5f54-400f-bc53-931ddeb9eb22,USDC-WETH,1%,USDC-WETH (1%)
2024-06-04T22:07:05.255Z,117129,0.0,0.0,,,0.0,88387790-5f54-400f-bc53-931ddeb9eb22,USDC-WETH,1%,USDC-WETH (1%)
2024-06-05T23:05:21.847Z,118085,0.0,0.0,,,0.0,88387790-5f54-400f-bc53-931ddeb9eb22,USDC-WETH,1%,USDC-WETH (1%)
2024-06-06T21:08:18.225Z,116540,0.0,0.0,,,0.0,88387790-5f54-400f-bc53-931ddeb9eb22,USDC-WETH,1%,USDC-WETH (1%)
2024-06-07T23:07:10.354Z,114087,45.83092,45.83092,,,0.0,88387790-5f54-400f-bc53-931ddeb9eb22,USDC-WETH,1%,USDC-WETH (1%)
2024-06-08T23:06:54.391Z,113674,0.00216,0.00216,,,0.0,88387790-5f54-400f-bc53-931ddeb9eb22,USDC-WETH,1%,USDC-WETH (1%)
2024-06-09T23:06:51.794Z,114512,0.0,0.0,,,0.0,88387790-5f54-400f-bc53-931ddeb9eb22,USDC-WETH,1%,USDC-WETH (1%)
2024-06-10T23:09:24.578Z,113482,0.0,0.0,,,0.0,88387790-5f54-400f-bc53-931ddeb9eb22,USDC-WETH,1%,USDC-WETH (1%)
2024-06-11T23:06:59.683Z,108243,0.0,0.0,,,0.0,88387790-5f54-400f-bc53-931ddeb9eb22,USDC-WETH,1%,USDC-WETH (1%)
2024-06-12T23:10:01.430Z,110236,0.0,0.0,,,0.0,88387790-5f54-400f-bc53-931ddeb9eb22,USDC-WETH,1%,USDC-WETH (1%)
2024-06-13T19:05:28.790Z,107348,0.0,0.0,,,28.52578,88387790-5f54-400f-bc53-931ddeb9eb22,USDC-WETH,1%,USDC-WETH (1%)
2024-06-14T23:04:55.515Z,114680,0.0,0.0,,,1.65475,88387790-5f54-400f-bc53-931ddeb9eb22,USDC-WETH,1%,USDC-WETH (1%)
2024-06-15T23:03:56.553Z,117754,0.0,0.0,,,1.61124,88387790-5f54-400f-bc53-931ddeb9eb22,USDC-WETH,1%,USDC-WETH (1%)
2024-06-16T23:05:13.049Z,119729,0.0,0.0,,,1.58467,88387790-5f54-400f-bc53-931ddeb9eb22,USDC-WETH,1%,USDC-WETH (1%)
2024-06-17T23:05:12.408Z,116310,0.0,0.0,,,1.63125,88387790-5f54-400f-bc53-931ddeb9eb22,USDC-WETH,1%,USDC-WETH (1%)
2024-06-18T23:04:42.537Z,114680,0.16828,0.16828,,,1.67842,88387790-5f54-400f-bc53-931ddeb9eb22,USDC-WETH,1%,USDC-WETH (1%)
2024-06-19T23:09:55.401Z,117553,0.0,0.0,,,0.0,88387790-5f54-400f-bc53-931ddeb9eb22,USDC-WETH,1%,USDC-WETH (1%)
2024-06-20T23:08:55.144Z,115896,0.0,0.0,,,0.0,88387790-5f54-400f-bc53-931ddeb9eb22,USDC-WETH,1%,USDC-WETH (1%)
2024-06-21T23:10:01.151Z,116093,0.0,0.0,,,0.0,88387790-5f54-400f-bc53-931ddeb9eb22,USDC-WETH,1%,USDC-WETH (1%)
2024-06-22T23:09:25.874Z,115471,0.0,0.0,,,0.0,88387790-5f54-400f-bc53-931ddeb9eb22,USDC-WETH,1%,USDC-WETH (1%)
2024-06-23T23:07:58.487Z,112826,0.0,0.0,,,0.0,88387790-5f54-400f-bc53-931ddeb9eb22,USDC-WETH,1%,USDC-WETH (1%)
2024-06-24T23:10:12.153Z,110085,0.0,0.0,,,0.0,88387790-5f54-400f-bc53-931ddeb9eb22,USDC-WETH,1%,USDC-WETH (1%)
2024-06-25T11:08:17.679Z,111324,0.0,0.0,,,0.0,88387790-5f54-400f-bc53-931ddeb9eb22,USDC-WETH,1%,USDC-WETH (1%)
2024-06-26T23:08:40.285Z,111725,0.0,0.0,,,0.0,88387790-5f54-400f-bc53-931ddeb9eb22,USDC-WETH,1%,USDC-WETH (1%)
2024-06-27T23:09:19.746Z,113639,0.0,0.0,,,0.0,88387790-5f54-400f-bc53-931ddeb9eb22,USDC-WETH,1%,USDC-WETH (1%)
2024-06-28T23:09:24.378Z,111231,22.24418,22.24418,,,0.0,88387790-5f54-400f-bc53-931ddeb9eb22,USDC-WETH,1%,USDC-WETH (1%)
2024-06-29T23:09:36.636Z,111302,0.0,0.0,,,0.0,88387790-5f54-400f-bc53-931ddeb9eb22,USDC-WETH,1%,USDC-WETH (1%)
2024-06-30T23:10:39.792Z,113716,0.16268,0.16268,,,0.0,88387790-5f54-400f-bc53-931ddeb9eb22,USDC-WETH,1%,USDC-WETH (1%)
2024-07-01T23:08:38.088Z,113322,0.0,0.0,,,0.0,88387790-5f54-400f-bc53-931ddeb9eb22,USDC-WETH,1%,USDC-WETH (1%)
2024-07-02T23:11:06.168Z,112846,0.0,0.0,,,0.0,88387790-5f54-400f-bc53-931ddeb9eb22,USDC-WETH,1%,USDC-WETH (1%)
2024-07-03T23:10:33.499Z,108824,0.01845,0.01845,,,0.0,88387790-5f54-400f-bc53-931ddeb9eb22,USDC-WETH,1%,USDC-WETH (1%)
2024-07-04T23:09:07.203Z,103163,0.0,0.0,,,0.0,88387790-5f54-400f-bc53-931ddeb9eb22,USDC-WETH,1%,USDC-WETH (1%)
2024-07-05T19:09:40.915Z,98601,0.0,0.0,,,0.0,88387790-5f54-400f-bc53-931ddeb9eb22,USDC-WETH,1%,USDC-WETH (1%)
2024-07-06T23:10:16.981Z,101152,0.0,0.0,,,0.0,88387790-5f54-400f-bc53-931ddeb9eb22,USDC-WETH,1%,USDC-WETH (1%)
2024-07-07T23:09:14.896Z,97031,0.0,0.0,,,0.0,88387790-5f54-400f-bc53-931ddeb9eb22,USDC-WETH,1%,USDC-WETH (1%)
2024-07-08T23:10:43.961Z,99741,0.0,0.0,,,0.0,88387790-5f54-400f-bc53-931ddeb9eb22,USDC-WETH,1%,USDC-WETH (1%)
2024-07-09T23:10:58.840Z,100901,0.0,0.0,,,0.0,88387790-5f54-400f-bc53-931ddeb9eb22,USDC-WETH,1%,USDC-WETH (1%)
2024-07-10T23:10:06.777Z,102247,0.0,0.0,,,0.0,88387790-5f54-400f-bc53-931ddeb9eb22,USDC-WETH,1%,USDC-WETH (1%)
2024-07-11T23:09:36.316Z,102329,0.0,0.0,,,0.0,88387790-5f54-400f-bc53-931ddeb9eb22,USDC-WETH,1%,USDC-WETH (1%)
2024-07-12T23:11:48.495Z,103149,0.0,0.0,,,0.0,88387790-5f54-400f-bc53-931ddeb9eb22,USDC-WETH,1%,USDC-WETH (1%)
2024-07-13T23:08:37.883Z,105444,0.0,0.0,,,0.0,88387790-5f54-400f-bc53-931ddeb9eb22,USDC-WETH,1%,USDC-WETH (1%)
2024-07-14T23:10:17.497Z,107060,0.0,0.0,,,0.0,88387790-5f54-400f-bc53-931ddeb9eb22,USDC-WETH,1%,USDC-WETH (1%)
2024-07-15T23:12:28.045Z,114578,0.06492,0.06492,,,0.0,88387790-5f54-400f-bc53-931ddeb9eb22,USDC-WETH,1%,USDC-WETH (1%)
2024-07-16T23:12:01.924Z,113123,0.0,0.0,,,0.0,88387790-5f54-400f-bc53-931ddeb9eb22,USDC-WETH,1%,USDC-WETH (1%)
2024-07-17T23:10:48.959Z,111896,0.0,0.0,,,0.0,88387790-5f54-400f-bc53-931ddeb9eb22,USDC-WETH,1%,USDC-WETH (1%)
2024-07-18T23:10:27.771Z,113078,0.0,0.0,,,0.0,88387790-5f54-400f-bc53-931ddeb9eb22,USDC-WETH,1%,USDC-WETH (1%)
2024-07-19T23:28:48.339Z,115640,0.29659,0.29659,,,0.0,88387790-5f54-400f-bc53-931ddeb9eb22,USDC-WETH,1%,USDC-WETH (1%)
2024-07-20T23:09:45.361Z,115775,0.0,0.0,,,0.0,88387790-5f54-400f-bc53-931ddeb9eb22,USDC-WETH,1%,USDC-WETH (1%)
2024-07-21T23:11:38.538Z,116243,0.0,0.0,,,0.0,88387790-5f54-400f-bc53-931ddeb9eb22,USDC-WETH,1%,USDC-WETH (1%)
2024-07-22T22:13:22.945Z,113881,0.0,0.0,,,0.0,88387790-5f54-400f-bc53-931ddeb9eb22,USDC-WETH,1%,USDC-WETH (1%)
2024-07-23T23:10:04.616Z,114327,0.0,0.0,,,0.0,88387790-5f54-400f-bc53-931ddeb9eb22,USDC-WETH,1%,USDC-WETH (1%)
2024-07-24T23:13:23.622Z,108983,0.93617,0.93617,,,0.0,88387790-5f54-400f-bc53-931ddeb9eb22,USDC-WETH,1%,USDC-WETH (1%)
2024-07-25T23:09:42.609Z,103643,0.10661,0.10661,,,0.0,88387790-5f54-400f-bc53-931ddeb9eb22,USDC-WETH,1%,USDC-WETH (1%)
2024-07-26T23:11:09.196Z,107305,0.0,0.0,,,0.0,88387790-5f54-400f-bc53-931ddeb9eb22,USDC-WETH,1%,USDC-WETH (1%)
2024-07-27T23:14:39.013Z,107245,0.0,0.0,,,0.0,88387790-5f54-400f-bc53-931ddeb9eb22,USDC-WETH,1%,USDC-WETH (1%)
2024-07-28T23:11:57.130Z,106579,0.0,0.0,,,0.0,88387790-5f54-400f-bc53-931ddeb9eb22,USDC-WETH,1%,USDC-WETH (1%)
2024-07-29T23:08:22.680Z,109075,0.0,0.0,,,0.0,88387790-5f54-400f-bc53-931ddeb9eb22,USDC-WETH,1%,USDC-WETH (1%)
2024-07-30T23:14:59.362Z,107288,0.0,0.0,,,0.0,88387790-5f54-400f-bc53-931ddeb9eb22,USDC-WETH,1%,USDC-WETH (1%)
2024-07-31T23:12:13.929Z,105937,0.33371,0.33371,,,0.0,88387790-5f54-400f-bc53-931ddeb9eb22,USDC-WETH,1%,USDC-WETH (1%)
2024-08-01T23:12:07.479Z,104649,0.0,0.0,,,0.0,88387790-5f54-400f-bc53-931ddeb9eb22,USDC-WETH,1%,USDC-WETH (1%)
2024-08-02T23:12:14.933Z,97161,0.0,0.0,,,0.0,88387790-5f54-400f-bc53-931ddeb9eb22,USDC-WETH,1%,USDC-WETH (1%)
2024-08-03T23:10:39.989Z,95050,0.0,0.0,,,0.0,88387790-5f54-400f-bc53-931ddeb9eb22,USDC-WETH,1%,USDC-WETH (1%)
2024-08-04T23:10:50.135Z,88958,0.0,0.0,,,0.0,88387790-5f54-400f-bc53-931ddeb9eb22,USDC-WETH,1%,USDC-WETH (1%)
2024-08-05T23:10:11.441Z,80021,0.0,0.0,,,0.0,88387790-5f54-400f-bc53-931ddeb9eb22,USDC-WETH,1%,USDC-WETH (1%)
2024-08-06T23:12:01.113Z,81286,0.0,0.0,,,0.0,88387790-5f54-400f-bc53-931ddeb9eb22,USDC-WETH,1%,USDC-WETH (1%)
2024-08-07T23:12:22.744Z,76510,0.0,0.0,,,0.0,88387790-5f54-400f-bc53-931ddeb9eb22,USDC-WETH,1%,USDC-WETH (1%)
2024-08-08T23:11:16.465Z,84125,0.0,0.0,,,0.0,88387790-5f54-400f-bc53-931ddeb9eb22,USDC-WETH,1%,USDC-WETH (1%)
2024-08-09T23:12:15.306Z,84853,0.0,0.0,,,0.0,88387790-5f54-400f-bc53-931ddeb9eb22,USDC-WETH,1%,USDC-WETH (1%)
2024-08-10T23:10:50.161Z,85101,0.0,0.0,,,0.0,88387790-5f54-400f-bc53-931ddeb9eb22,USDC-WETH,1%,USDC-WETH (1%)
2024-08-11T23:11:43.227Z,83584,0.0,0.0,,,0.0,88387790-5f54-400f-bc53-931ddeb9eb22,USDC-WETH,1%,USDC-WETH (1%)
2024-08-12T23:13:01.168Z,88081,0.0,0.0,,,0.0,88387790-5f54-400f-bc53-931ddeb9eb22,USDC-WETH,1%,USDC-WETH (1%)
2024-08-13T23:12:34.543Z,88718,0.0,0.0,,,0.0,88387790-5f54-400f-bc53-931ddeb9eb22,USDC-WETH,1%,USDC-WETH (1%)
2024-08-14T23:11:12.268Z,87240,0.0,0.0,,,0.0,88387790-5f54-400f-bc53-931ddeb9eb22,USDC-WETH,1%,USDC-WETH (1%)
2024-08-15T23:10:32.467Z,84284,0.0,0.0,,,0.0,88387790-5f54-400f-bc53-931ddeb9eb22,USDC-WETH,1%,USDC-WETH (1%)
2024-08-16T23:12:13.742Z,84797,0.0,0.0,,,0.0,88387790-5f54-400f-bc53-931ddeb9eb22,USDC-WETH,1%,USDC-WETH (1%)
2024-08-17T22:09:23.677Z,85187,0.0,0.0,,,0.0,88387790-5f54-400f-bc53-931ddeb9eb22,USDC-WETH,1%,USDC-WETH (1%)
2024-08-18T23:09:29.270Z,86427,0.04839,0.04839,,,0.0,88387790-5f54-400f-bc53-931ddeb9eb22,USDC-WETH,1%,USDC-WETH (1%)
2024-08-19T23:11:38.783Z,85717,0.0,0.0,,,0.0,88387790-5f54-400f-bc53-931ddeb9eb22,USDC-WETH,1%,USDC-WETH (1%)
2024-08-20T23:11:23.900Z,84435,0.0,0.0,,,0.0,88387790-5f54-400f-bc53-931ddeb9eb22,USDC-WETH,1%,USDC-WETH (1%)
2024-08-21T23:09:04.425Z,85922,0.0,0.0,,,0.0,88387790-5f54-400f-bc53-931ddeb9eb22,USDC-WETH,1%,USDC-WETH (1%)
2024-08-22T23:10:51.329Z,85675,0.0,0.0,,,0.0,88387790-5f54-400f-bc53-931ddeb9eb22,USDC-WETH,1%,USDC-WETH (1%)
2024-08-23T23:09:45.277Z,90251,0.0,0.0,,,0.0,88387790-5f54-400f-bc53-931ddeb9eb22,USDC-WETH,1%,USDC-WETH (1%)
2024-08-24T23:09:44.102Z,89931,0.0,0.0,,,0.0,88387790-5f54-400f-bc53-931ddeb9eb22,USDC-WETH,1%,USDC-WETH (1%)
2024-08-25T23:09:45.197Z,90534,0.0,0.0,,,0.0,88387790-5f54-400f-bc53-931ddeb9eb22,USDC-WETH,1%,USDC-WETH (1%)
2024-08-26T23:08:26.373Z,87788,0.0,0.0,,,0.0,88387790-5f54-400f-bc53-931ddeb9eb22,USDC-WETH,1%,USDC-WETH (1%)
2024-08-27T23:06:58.769Z,80387,0.0,0.0,,,0.0,88387790-5f54-400f-bc53-931ddeb9eb22,USDC-WETH,1%,USDC-WETH (1%)
2024-08-28T23:08:10.941Z,82680,0.0,0.0,,,0.0,88387790-5f54-400f-bc53-931ddeb9eb22,USDC-WETH,1%,USDC-WETH (1%)
2024-08-29T23:13:11.952Z,82439,0.0,0.0,,,0.0,88387790-5f54-400f-bc53-931ddeb9eb22,USDC-WETH,1%,USDC-WETH (1%)
2024-08-30T23:11:16.042Z,82506,0.0,0.0,,,0.0,88387790-5f54-400f-bc53-931ddeb9eb22,USDC-WETH,1%,USDC-WETH (1%)
2024-08-31T22:10:08.658Z,82333,0.05971,0.05971,,,0.0,88387790-5f54-400f-bc53-931ddeb9eb22,USDC-WETH,1%,USDC-WETH (1%)
2024-09-01T23:09:39.248Z,78923,0.0,0.0,,,0.0,88387790-5f54-400f-bc53-931ddeb9eb22,USDC-WETH,1%,USDC-WETH (1%)
2024-09-02T23:08:55.542Z,83106,0.0,0.0,,,0.0,88387790-5f54-400f-bc53-931ddeb9eb22,USDC-WETH,1%,USDC-WETH (1%)
2024-09-03T23:06:18.906Z,80141,0.0,0.0,,,0.0,88387790-5f54-400f-bc53-931ddeb9eb22,USDC-WETH,1%,USDC-WETH (1%)
2024-09-04T23:09:49.474Z,80408,0.0,0.0,,,0.0,88387790-5f54-400f-bc53-931ddeb9eb22,USDC-WETH,1%,USDC-WETH (1%)
2024-09-05T23:09:12.015Z,77366,0.0,0.0,,,0.0,88387790-5f54-400f-bc53-931ddeb9eb22,USDC-WETH,1%,USDC-WETH (1%)
2024-09-06T23:10:14.348Z,72158,0.0,0.0,,,0.0,88387790-5f54-400f-bc53-931ddeb9eb22,USDC-WETH,1%,USDC-WETH (1%)
2024-09-07T23:13:39.415Z,73939,0.0,0.0,,,0.0,88387790-5f54-400f-bc53-931ddeb9eb22,USDC-WETH,1%,USDC-WETH (1%)
2024-09-08T23:10:52.321Z,74910,0.0,0.0,,,0.0,88387790-5f54-400f-bc53-931ddeb9eb22,USDC-WETH,1%,USDC-WETH (1%)
2024-09-09T23:10:19.030Z,76935,0.0,0.0,,,0.0,88387790-5f54-400f-bc53-931ddeb9eb22,USDC-WETH,1%,USDC-WETH (1%)
2024-09-10T23:10:31.486Z,77948,0.0,0.0,,,0.0,88387790-5f54-400f-bc53-931ddeb9eb22,USDC-WETH,1%,USDC-WETH (1%)
2024-09-11T23:09:45.279Z,76590,0.0,0.0,,,0.0,88387790-5f54-400f-bc53-931ddeb9eb22,USDC-WETH,1%,USDC-WETH (1%)
2024-09-12T23:10:19.347Z,77334,0.0,0.0,,,0.0,88387790-5f54-400f-bc53-931ddeb9eb22,USDC-WETH,1%,USDC-WETH (1%)
2024-09-13T23:10:00.380Z,79934,0.0,0.0,,,0.0,88387790-5f54-400f-bc53-931ddeb9eb22,USDC-WETH,1%,USDC-WETH (1%)
2024-09-14T23:08:21.373Z,78942,0.0,0.0,,,0.0,88387790-5f54-400f-bc53-931ddeb9eb22,USDC-WETH,1%,USDC-WETH (1%)
2024-09-15T23:10:15.214Z,76550,0.0,0.0,,,0.0,88387790-5f54-400f-bc53-931ddeb9eb22,USDC-WETH,1%,USDC-WETH (1%)
2024-09-16T23:09:50.746Z,74576,0.0,0.0,,,0.0,88387790-5f54-400f-bc53-931ddeb9eb22,USDC-WETH,1%,USDC-WETH (1%)
2024-09-17T23:09:10.162Z,76571,0.0,0.0,,,0.0,88387790-5f54-400f-bc53-931ddeb9eb22,USDC-WETH,1%,USDC-WETH (1%)
2024-09-18T23:08:51.983Z,76452,0.0,0.0,,,0.0,88387790-5f54-400f-bc53-931ddeb9eb22,USDC-WETH,1%,USDC-WETH (1%)
2024-09-19T23:08:38.662Z,80705,0.0,0.0,,,0.0,88387790-5f54-400f-bc53-931ddeb9eb22,USDC-WETH,1%,USDC-WETH (1%)
2024-09-20T23:08:37.675Z,83306,0.0,0.0,,,0.0,88387790-5f54-400f-bc53-931ddeb9eb22,USDC-WETH,1%,USDC-WETH (1%)
2024-09-21T23:15:13.262Z,84131,0.0,0.0,,,0.0,88387790-5f54-400f-bc53-931ddeb9eb22,USDC-WETH,1%,USDC-WETH (1%)
2024-09-22T23:10:52.789Z,84441,0.0,0.0,,,0.0,88387790-5f54-400f-bc53-931ddeb9eb22,USDC-WETH,1%,USDC-WETH (1%)
2024-09-23T23:10:53.530Z,86409,0.0,0.0,,,0.0,88387790-5f54-400f-bc53-931ddeb9eb22,USDC-WETH,1%,USDC-WETH (1%)
2024-09-24T23:09:33.067Z,86995,0.0,0.0,,,0.0,88387790-5f54-400f-bc53-931ddeb9eb22,USDC-WETH,1%,USDC-WETH (1%)
2024-09-25T23:10:34.242Z,83953,0.0,0.0,,,0.0,88387790-5f54-400f-bc53-931ddeb9eb22,USDC-WETH,1%,USDC-WETH (1%)
2024-09-26T23:09:12.551Z,86068,0.0,0.0,,,0.0,88387790-5f54-400f-bc53-931ddeb9eb22,USDC-WETH,1%,USDC-WETH (1%)
2024-09-27T23:05:57.411Z,88339,0.0,0.0,,,0.0,88387790-5f54-400f-bc53-931ddeb9eb22,USDC-WETH,1%,USDC-WETH (1%)
2024-09-28T23:10:14.596Z,87374,0.0,0.0,,,0.0,88387790-5f54-400f-bc53-931ddeb9eb22,USDC-WETH,1%,USDC-WETH (1%)
2024-09-29T23:09:29.482Z,86771,0.0,0.0,,,0.0,88387790-5f54-400f-bc53-931ddeb9eb22,USDC-WETH,1%,USDC-WETH (1%)
2024-09-30T23:09:29.491Z,85022,0.0,0.0,,,0.0,88387790-5f54-400f-bc53-931ddeb9eb22,USDC-WETH,1%,USDC-WETH (1%)
2024-10-01T23:10:02.447Z,80096,0.0,0.0,,,0.0,88387790-5f54-400f-bc53-931ddeb9eb22,USDC-WETH,1%,USDC-WETH (1%)
2024-10-02T23:08:44.913Z,77663,0.0,0.0,,,0.0,88387790-5f54-400f-bc53-931ddeb9eb22,USDC-WETH,1%,USDC-WETH (1%)
2024-10-03T23:11:57.048Z,76766,0.0,0.0,,,0.0,88387790-5f54-400f-bc53-931ddeb9eb22,USDC-WETH,1%,USDC-WETH (1%)
2024-10-04T23:09:02.229Z,79012,0.0,0.0,,,0.0,88387790-5f54-400f-bc53-931ddeb9eb22,USDC-WETH,1%,USDC-WETH (1%)
2024-10-05T23:09:35.886Z,78848,0.0,0.0,,,0.0,88387790-5f54-400f-bc53-931ddeb9eb22,USDC-WETH,1%,USDC-WETH (1%)
2024-10-06T23:09:42.885Z,79293,0.20305,0.20305,,,0.0,88387790-5f54-400f-bc53-931ddeb9eb22,USDC-WETH,1%,USDC-WETH (1%)
2024-10-07T23:09:36.153Z,79008,0.0,0.0,,,0.0,88387790-5f54-400f-bc53-931ddeb9eb22,USDC-WETH,1%,USDC-WETH (1%)
2024-10-08T19:11:12.138Z,79432,0.0,0.0,,,0.0,88387790-5f54-400f-bc53-931ddeb9eb22,USDC-WETH,1%,USDC-WETH (1%)
2024-10-09T23:09:44.212Z,92374,11.42625,11.42625,,,0.0,88387790-5f54-400f-bc53-931ddeb9eb22,USDC-WETH,1%,USDC-WETH (1%)
2024-10-10T23:09:29.076Z,92456,0.0,0.0,,,0.0,88387790-5f54-400f-bc53-931ddeb9eb22,USDC-WETH,1%,USDC-WETH (1%)
2024-10-11T23:10:18.835Z,90626,8.72245,8.72245,,,0.0,88387790-5f54-400f-bc53-931ddeb9eb22,USDC-WETH,1%,USDC-WETH (1%)
2024-10-12T23:10:12.941Z,92409,0.0,0.0,,,0.0,88387790-5f54-400f-bc53-931ddeb9eb22,USDC-WETH,1%,USDC-WETH (1%)
2024-10-13T23:42:17.504Z,92696,49.71531,49.71531,,,0.0,88387790-5f54-400f-bc53-931ddeb9eb22,USDC-WETH,1%,USDC-WETH (1%)
2024-10-14T23:10:56.621Z,99696,0.0,0.0,,,0.0,88387790-5f54-400f-bc53-931ddeb9eb22,USDC-WETH,1%,USDC-WETH (1%)
2024-10-15T23:11:12.837Z,97555,0.0,0.0,,,0.0,88387790-5f54-400f-bc53-931ddeb9eb22,USDC-WETH,1%,USDC-WETH (1%)
2024-10-16T23:11:46.955Z,98609,0.0,0.0,,,0.0,88387790-5f54-400f-bc53-931ddeb9eb22,USDC-WETH,1%,USDC-WETH (1%)
2024-10-17T23:10:38.418Z,98286,0.0,0.0,,,0.0,88387790-5f54-400f-bc53-931ddeb9eb22,USDC-WETH,1%,USDC-WETH (1%)
2024-10-18T23:12:26.953Z,98585,1.15018,1.15018,,,0.0,88387790-5f54-400f-bc53-931ddeb9eb22,USDC-WETH,1%,USDC-WETH (1%)
2024-10-19T23:11:34.608Z,99021,0.0,0.0,,,0.0,88387790-5f54-400f-bc53-931ddeb9eb22,USDC-WETH,1%,USDC-WETH (1%)
2024-10-20T23:12:29.036Z,102641,0.0,0.0,,,0.0,88387790-5f54-400f-bc53-931ddeb9eb22,USDC-WETH,1%,USDC-WETH (1%)
2024-10-21T23:09:45.782Z,100128,0.0,0.0,,,0.0,88387790-5f54-400f-bc53-931ddeb9eb22,USDC-WETH,1%,USDC-WETH (1%)
2024-10-22T23:12:19.880Z,98689,0.0,0.0,,,0.0,88387790-5f54-400f-bc53-931ddeb9eb22,USDC-WETH,1%,USDC-WETH (1%)
2024-10-23T23:11:21.882Z,93803,0.0,0.0,,,0.0,88387790-5f54-400f-bc53-931ddeb9eb22,USDC-WETH,1%,USDC-WETH (1%)
2024-10-24T23:13:34.649Z,94629,0.0,0.0,,,0.0,88387790-5f54-400f-bc53-931ddeb9eb22,USDC-WETH,1%,USDC-WETH (1%)
2024-10-25T23:11:37.664Z,91581,0.90976,0.90976,,,0.0,88387790-5f54-400f-bc53-931ddeb9eb22,USDC-WETH,1%,USDC-WETH (1%)
2024-10-26T23:11:36.582Z,92383,0.0,0.0,,,0.0,88387790-5f54-400f-bc53-931ddeb9eb22,USDC-WETH,1%,USDC-WETH (1%)
2024-10-27T23:10:18.799Z,93511,0.0,0.0,,,0.0,88387790-5f54-400f-bc53-931ddeb9eb22,USDC-WETH,1%,USDC-WETH (1%)
2024-10-28T23:13:36.017Z,95636,0.0,0.0,,,0.0,88387790-5f54-400f-bc53-931ddeb9eb22,USDC-WETH,1%,USDC-WETH (1%)
2024-10-29T20:11:33.046Z,97490,0.0,0.0,,,0.0,88387790-5f54-400f-bc53-931ddeb9eb22,USDC-WETH,1%,USDC-WETH (1%)
2024-10-30T23:12:59.462Z,98954,0.0,0.0,,,0.0,88387790-5f54-400f-bc53-931ddeb9eb22,USDC-WETH,1%,USDC-WETH (1%)
2024-10-31T23:11:06.703Z,93686,0.0,0.0,,,0.0,88387790-5f54-400f-bc53-931ddeb9eb22,USDC-WETH,1%,USDC-WETH (1%)
2024-11-01T23:11:06.054Z,93430,0.0,0.0,,,0.0,88387790-5f54-400f-bc53-931ddeb9eb22,USDC-WETH,1%,USDC-WETH (1%)
2024-11-02T23:11:52.120Z,92663,0.0,0.0,,,0.0,88387790-5f54-400f-bc53-931ddeb9eb22,USDC-WETH,1%,USDC-WETH (1%)
2024-11-03T23:11:40.015Z,91544,0.0,0.0,,,0.0,88387790-5f54-400f-bc53-931ddeb9eb22,USDC-WETH,1%,USDC-WETH (1%)
2024-11-04T23:11:13.449Z,89498,0.0,0.0,,,0.0,88387790-5f54-400f-bc53-931ddeb9eb22,USDC-WETH,1%,USDC-WETH (1%)
2024-11-05T23:13:11.394Z,90581,0.0,0.0,,,0.0,88387790-5f54-400f-bc53-931ddeb9eb22,USDC-WETH,1%,USDC-WETH (1%)
2024-11-06T23:11:33.951Z,101684,0.0,0.0,,,0.0,88387790-5f54-400f-bc53-931ddeb9eb22,USDC-WETH,1%,USDC-WETH (1%)
2024-11-07T23:10:16.202Z,107282,0.0,0.0,,,0.0,88387790-5f54-400f-bc53-931ddeb9eb22,USDC-WETH,1%,USDC-WETH (1%)
2024-11-08T23:11:07.877Z,110148,0.0,0.0,,,0.0,88387790-5f54-400f-bc53-931ddeb9eb22,USDC-WETH,1%,USDC-WETH (1%)
2024-11-09T23:09:58.778Z,116585,0.0,0.0,,,0.0,88387790-5f54-400f-bc53-931ddeb9eb22,USDC-WETH,1%,USDC-WETH (1%)
2024-11-10T23:09:37.738Z,118402,0.0,0.0,,,0.0,88387790-5f54-400f-bc53-931ddeb9eb22,USDC-WETH,1%,USDC-WETH (1%)
2024-11-11T23:12:04.943Z,124904,0.0,0.0,,,0.0,88387790-5f54-400f-bc53-931ddeb9eb22,USDC-WETH,1%,USDC-WETH (1%)
2024-11-12T23:26:36.349Z,121854,0.0,0.0,,,0.0,88387790-5f54-400f-bc53-931ddeb9eb22,USDC-WETH,1%,USDC-WETH (1%)
2024-11-13T23:11:07.897Z,117060,1.96378,1.96378,,,0.0,88387790-5f54-400f-bc53-931ddeb9eb22,USDC-WETH,1%,USDC-WETH (1%)
2024-11-14T23:10:05.964Z,113919,0.0,0.0,,,0.0,88387790-5f54-400f-bc53-931ddeb9eb22,USDC-WETH,1%,USDC-WETH (1%)
2024-11-15T23:09:32.811Z,113973,0.0,0.0,,,0.0,88387790-5f54-400f-bc53-931ddeb9eb22,USDC-WETH,1%,USDC-WETH (1%)
2024-11-16T23:10:55.022Z,115784,0.0,0.0,,,0.0,88387790-5f54-400f-bc53-931ddeb9eb22,USDC-WETH,1%,USDC-WETH (1%)
2024-11-17T23:09:26.472Z,112988,0.0,0.0,,,0.0,88387790-5f54-400f-bc53-931ddeb9eb22,USDC-WETH,1%,USDC-WETH (1%)
2024-11-18T23:10:43.156Z,116057,0.0,0.0,,,0.0,88387790-5f54-400f-bc53-931ddeb9eb22,USDC-WETH,1%,USDC-WETH (1%)
2024-11-19T23:10:50.865Z,113908,0.0,0.0,,,0.0,88387790-5f54-400f-bc53-931ddeb9eb22,USDC-WETH,1%,USDC-WETH (1%)
2024-11-20T23:11:12.718Z,113155,0.0,0.0,,,0.0,88387790-5f54-400f-bc53-931ddeb9eb22,USDC-WETH,1%,USDC-WETH (1%)
2024-11-21T23:10:00.588Z,124210,0.06106,0.06106,,,0.0,88387790-5f54-400f-bc53-931ddeb9eb22,USDC-WETH,1%,USDC-WETH (1%)
2024-11-22T23:15:00.661Z,121870,0.0,0.0,,,0.0,88387790-5f54-400f-bc53-931ddeb9eb22,USDC-WETH,1%,USDC-WETH (1%)
2024-11-23T23:12:51.477Z,125462,0.0,0.0,,,0.0,88387790-5f54-400f-bc53-931ddeb9eb22,USDC-WETH,1%,USDC-WETH (1%)
2024-11-24T23:11:33.311Z,123623,0.0,0.0,,,0.0,88387790-5f54-400f-bc53-931ddeb9eb22,USDC-WETH,1%,USDC-WETH (1%)
2024-11-25T01:12:55.153Z,123273,0.0,0.0,,,0.0,88387790-5f54-400f-bc53-931ddeb9eb22,USDC-WETH,1%,USDC-WETH (1%)
2024-11-26T23:11:40.115Z,121903,0.0,0.0,,,0.0,88387790-5f54-400f-bc53-931ddeb9eb22,USDC-WETH,1%,USDC-WETH (1%)
2024-11-27T23:13:24.655Z,134627,0.0,0.0,,,0.0,88387790-5f54-400f-bc53-931ddeb9eb22,USDC-WETH,1%,USDC-WETH (1%)
2024-11-28T12:15:09.552Z,132448,0.39271,0.39271,,,0.0,88387790-5f54-400f-bc53-931ddeb9eb22,USDC-WETH,1%,USDC-WETH (1%)
2024-11-29T23:27:54.243Z,131712,0.0,0.0,,,0.0,88387790-5f54-400f-bc53-931ddeb9eb22,USDC-WETH,1%,USDC-WETH (1%)
2024-11-30T23:09:02.143Z,135894,0.0,0.0,,,0.0,88387790-5f54-400f-bc53-931ddeb9eb22,USDC-WETH,1%,USDC-WETH (1%)
2024-12-01T23:13:02.209Z,136486,0.00099,0.00099,,,0.0,88387790-5f54-400f-bc53-931ddeb9eb22,USDC-WETH,1%,USDC-WETH (1%)
2024-12-02T23:12:36.214Z,132624,0.0,0.0,,,0.0,88387790-5f54-400f-bc53-931ddeb9eb22,USDC-WETH,1%,USDC-WETH (1%)
2024-12-03T23:15:02.200Z,132867,0.0,0.0,,,0.0,88387790-5f54-400f-bc53-931ddeb9eb22,USDC-WETH,1%,USDC-WETH (1%)
2024-12-04T23:11:57.868Z,140809,0.0,0.0,,,0.0,88387790-5f54-400f-bc53-931ddeb9eb22,USDC-WETH,1%,USDC-WETH (1%)
2024-12-05T23:11:31.893Z,139376,0.12115,0.12115,,,0.0,88387790-5f54-400f-bc53-931ddeb9eb22,USDC-WETH,1%,USDC-WETH (1%)
2024-12-06T23:11:25.734Z,147558,0.0,0.0,,,0.0,88387790-5f54-400f-bc53-931ddeb9eb22,USDC-WETH,1%,USDC-WETH (1%)
2024-12-07T23:08:24.181Z,146384,0.0,0.0,,,0.0,88387790-5f54-400f-bc53-931ddeb9eb22,USDC-WETH,1%,USDC-WETH (1%)
2024-12-08T23:12:12.636Z,146626,0.0,0.0,,,0.0,88387790-5f54-400f-bc53-931ddeb9eb22,USDC-WETH,1%,USDC-WETH (1%)
2024-12-09T11:11:33.829Z,141976,0.24518,0.24518,,,0.0,88387790-5f54-400f-bc53-931ddeb9eb22,USDC-WETH,1%,USDC-WETH (1%)
2024-12-10T23:12:23.928Z,133297,0.0,0.0,,,0.0,88387790-5f54-400f-bc53-931ddeb9eb22,USDC-WETH,1%,USDC-WETH (1%)
2024-12-11T23:12:13.844Z,140276,0.0,0.0,,,0.0,88387790-5f54-400f-bc53-931ddeb9eb22,USDC-WETH,1%,USDC-WETH (1%)
2024-12-12T23:13:01.409Z,142003,0.0,0.0,,,0.0,88387790-5f54-400f-bc53-931ddeb9eb22,USDC-WETH,1%,USDC-WETH (1%)
2024-12-13T23:27:32.511Z,142598,0.13827,0.13827,,,0.0,88387790-5f54-400f-bc53-931ddeb9eb22,USDC-WETH,1%,USDC-WETH (1%)
2024-12-14T20:45:09.221Z,140504,0.0,0.0,,,0.0,88387790-5f54-400f-bc53-931ddeb9eb22,USDC-WETH,1%,USDC-WETH (1%)
2024-12-15T23:14:34.877Z,142110,0.06807,0.06807,,,0.0,88387790-5f54-400f-bc53-931ddeb9eb22,USDC-WETH,1%,USDC-WETH (1%)
2024-12-16T23:24:51.450Z,147054,0.0,0.0,,,0.0,88387790-5f54-400f-bc53-931ddeb9eb22,USDC-WETH,1%,USDC-WETH (1%)
2024-12-17T23:28:00.481Z,141170,0.0,0.0,,,0.0,88387790-5f54-400f-bc53-931ddeb9eb22,USDC-WETH,1%,USDC-WETH (1%)
2024-12-18T23:43:29.779Z,133873,0.0,0.0,,,0.0,88387790-5f54-400f-bc53-931ddeb9eb22,USDC-WETH,1%,USDC-WETH (1%)
2024-12-19T23:32:06.183Z,125467,0.0,0.0,,,0.0,88387790-5f54-400f-bc53-931ddeb9eb22,USDC-WETH,1%,USDC-WETH (1%)
2024-12-20T23:14:55.839Z,126806,0.0,0.0,,,0.0,88387790-5f54-400f-bc53-931ddeb9eb22,USDC-WETH,1%,USDC-WETH (1%)
2024-12-21T23:31:56.623Z,121079,0.0,0.0,,,0.0,88387790-5f54-400f-bc53-931ddeb9eb22,USDC-WETH,1%,USDC-WETH (1%)
2024-12-22T23:48:14.588Z,119947,0.0,0.0,,,0.0,88387790-5f54-400f-bc53-931ddeb9eb22,USDC-WETH,1%,USDC-WETH (1%)
2024-12-23T23:30:28.251Z,125642,0.0,0.0,,,0.0,88387790-5f54-400f-bc53-931ddeb9eb22,USDC-WETH,1%,USDC-WETH (1%)
2024-12-24T23:16:25.738Z,127524,0.0,0.0,,,0.0,88387790-5f54-400f-bc53-931ddeb9eb22,USDC-WETH,1%,USDC-WETH (1%)
2024-12-25T23:12:22.364Z,126830,0.0,0.0,,,0.0,88387790-5f54-400f-bc53-931ddeb9eb22,USDC-WETH,1%,USDC-WETH (1%)
2024-12-26T23:15:48.158Z,121985,0.0,0.0,,,0.0,88387790-5f54-400f-bc53-931ddeb9eb22,USDC-WETH,1%,USDC-WETH (1%)
2024-12-27T23:13:18.080Z,121216,0.0,0.0,,,0.0,88387790-5f54-400f-bc53-931ddeb9eb22,USDC-WETH,1%,USDC-WETH (1%)
2024-12-28T23:14:29.267Z,124386,0.0,0.0,,,0.0,88387790-5f54-400f-bc53-931ddeb9eb22,USDC-WETH,1%,USDC-WETH (1%)
2024-12-29T23:09:53.087Z,121766,0.0,0.0,,,0.0,88387790-5f54-400f-bc53-931ddeb9eb22,USDC-WETH,1%,USDC-WETH (1%)
2024-12-30T21:27:39.936Z,123884,0.0,0.0,,,0.0,88387790-5f54-400f-bc53-931ddeb9eb22,USDC-WETH,1%,USDC-WETH (1%)
2024-12-31T23:15:27.146Z,121701,0.0,0.0,,,0.0,88387790-5f54-400f-bc53-931ddeb9eb22,USDC-WETH,1%,USDC-WETH (1%)
2025-01-01T23:15:20.872Z,122607,0.0,0.0,,,0.0,88387790-5f54-400f-bc53-931ddeb9eb22,USDC-WETH,1%,USDC-WETH (1%)
2025-01-02T23:26:49.268Z,125557,0.0,0.0,,,0.0,88387790-5f54-400f-bc53-931ddeb9eb22,USDC-WETH,1%,USDC-WETH (1%)
2025-01-03T23:12:04.253Z,132059,0.0,0.0,,,0.0,88387790-5f54-400f-bc53-931ddeb9eb22,USDC-WETH,1%,USDC-WETH (1%)
2025-01-04T23:14:42.353Z,133587,0.0,0.0,,,0.0,88387790-5f54-400f-bc53-931ddeb9eb22,USDC-WETH,1%,USDC-WETH (1%)
2025-01-05T23:29:44.758Z,133080,0.0,0.0,,,0.0,88387790-5f54-400f-bc53-931ddeb9eb22,USDC-WETH,1%,USDC-WETH (1%)
2025-01-06T23:43:52.915Z,134250,0.0,0.0,,,0.0,88387790-5f54-400f-bc53-931ddeb9eb22,USDC-WETH,1%,USDC-WETH (1%)
2025-01-07T22:13:38.559Z,123036,0.0,0.0,,,0.0,88387790-5f54-400f-bc53-931ddeb9eb22,USDC-WETH,1%,USDC-WETH (1%)
2025-01-08T23:11:18.235Z,121559,0.0,0.0,,,0.0,88387790-5f54-400f-bc53-931ddeb9eb22,USDC-WETH,1%,USDC-WETH (1%)
2025-01-09T23:15:22.519Z,117989,0.0,0.0,,,0.0,88387790-5f54-400f-bc53-931ddeb9eb22,USDC-WETH,1%,USDC-WETH (1%)
2025-01-10T23:24:40.321Z,119030,0.94669,0.94669,,,0.0,88387790-5f54-400f-bc53-931ddeb9eb22,USDC-WETH,1%,USDC-WETH (1%)
2025-01-11T23:11:13.602Z,119483,0.0,0.0,,,0.0,88387790-5f54-400f-bc53-931ddeb9eb22,USDC-WETH,1%,USDC-WETH (1%)
2025-01-12T23:14:07.953Z,117885,0.0,0.0,,,0.0,88387790-5f54-400f-bc53-931ddeb9eb22,USDC-WETH,1%,USDC-WETH (1%)
2025-01-13T23:42:13.475Z,113726,0.0,0.0,,,0.0,88387790-5f54-400f-bc53-931ddeb9eb22,USDC-WETH,1%,USDC-WETH (1%)
2025-01-14T23:29:57.671Z,117368,0.0,0.0,,,0.0,88387790-5f54-400f-bc53-931ddeb9eb22,USDC-WETH,1%,USDC-WETH (1%)
2025-01-15T23:31:23.289Z,124498,0.0,0.0,,,0.0,88387790-5f54-400f-bc53-931ddeb9eb22,USDC-WETH,1%,USDC-WETH (1%)
2025-01-16T23:30:13.118Z,119964,0.0,0.0,,,0.0,88387790-5f54-400f-bc53-931ddeb9eb22,USDC-WETH,1%,USDC-WETH (1%)
2025-01-17T23:15:47.698Z,126241,0.0,0.0,,,0.0,88387790-5f54-400f-bc53-931ddeb9eb22,USDC-WETH,1%,USDC-WETH (1%)
2025-01-18T23:32:09.875Z,119317,0.0,0.0,,,0.0,88387790-5f54-400f-bc53-931ddeb9eb22,USDC-WETH,1%,USDC-WETH (1%)
2025-01-19T23:31:34.042Z,116656,0.0,0.0,,,0.0,88387790-5f54-400f-bc53-931ddeb9eb22,USDC-WETH,1%,USDC-WETH (1%)
2025-01-20T23:10:24.693Z,120467,0.0,0.0,,,0.0,88387790-5f54-400f-bc53-931ddeb9eb22,USDC-WETH,1%,USDC-WETH (1%)
2025-01-21T23:12:27.754Z,121168,0.0,0.0,,,0.0,88387790-5f54-400f-bc53-931ddeb9eb22,USDC-WETH,1%,USDC-WETH (1%)
2025-01-22T23:12:42.932Z,117795,0.09488,0.09488,,,0.0,88387790-5f54-400f-bc53-931ddeb9eb22,USDC-WETH,1%,USDC-WETH (1%)
2025-01-23T23:12:36.520Z,120479,0.0,0.0,,,0.0,88387790-5f54-400f-bc53-931ddeb9eb22,USDC-WETH,1%,USDC-WETH (1%)
2025-01-24T23:10:18.722Z,120814,0.0,0.0,,,0.0,88387790-5f54-400f-bc53-931ddeb9eb22,USDC-WETH,1%,USDC-WETH (1%)
2025-01-25T23:09:49.951Z,121069,0.0,0.0,,,0.0,88387790-5f54-400f-bc53-931ddeb9eb22,USDC-WETH,1%,USDC-WETH (1%)
2025-01-26T23:09:48.076Z,119607,0.01012,0.01012,,,0.0,88387790-5f54-400f-bc53-931ddeb9eb22,USDC-WETH,1%,USDC-WETH (1%)
2025-01-27T23:28:00.435Z,115203,0.0,0.0,,,0.0,88387790-5f54-400f-bc53-931ddeb9eb22,USDC-WETH,1%,USDC-WETH (1%)
2025-01-28T23:10:51.993Z,111969,0.0,0.0,,,0.0,88387790-5f54-400f-bc53-931ddeb9eb22,USDC-WETH,1%,USDC-WETH (1%)
2025-01-29T23:09:47.783Z,114292,0.0,0.0,,,0.0,88387790-5f54-400f-bc53-931ddeb9eb22,USDC-WETH,1%,USDC-WETH (1%)
2025-01-30T23:10:23.319Z,118443,0.0,0.0,,,0.0,88387790-5f54-400f-bc53-931ddeb9eb22,USDC-WETH,1%,USDC-WETH (1%)
2025-01-31T23:09:40.181Z,119766,0.0,0.0,,,0.0,88387790-5f54-400f-bc53-931ddeb9eb22,USDC-WETH,1%,USDC-WETH (1%)
2025-02-01T23:10:56.560Z,113876,0.0,0.0,,,0.0,88387790-5f54-400f-bc53-931ddeb9eb22,USDC-WETH,1%,USDC-WETH (1%)
2025-02-02T23:10:42.834Z,103977,0.0,0.0,,,0.0,88387790-5f54-400f-bc53-931ddeb9eb22,USDC-WETH,1%,USDC-WETH (1%)
2025-02-03T23:10:23.806Z,104665,0.0,0.0,,,0.0,88387790-5f54-400f-bc53-931ddeb9eb22,USDC-WETH,1%,USDC-WETH (1%)
2025-02-04T23:12:52.290Z,97419,0.0,0.0,,,0.0,88387790-5f54-400f-bc53-931ddeb9eb22,USDC-WETH,1%,USDC-WETH (1%)
2025-02-05T23:09:21.690Z,100102,0.0,0.0,,,0.0,88387790-5f54-400f-bc53-931ddeb9eb22,USDC-WETH,1%,USDC-WETH (1%)
2025-02-06T23:12:50.272Z,97959,0.0,0.0,,,0.0,88387790-5f54-400f-bc53-931ddeb9eb22,USDC-WETH,1%,USDC-WETH (1%)
2025-02-07T23:10:21.939Z,93751,0.0,0.0,,,0.0,88387790-5f54-400f-bc53-931ddeb9eb22,USDC-WETH,1%,USDC-WETH (1%)
2025-02-08T23:23:29.215Z,95636,0.0,0.0,,,0.0,88387790-5f54-400f-bc53-931ddeb9eb22,USDC-WETH,1%,USDC-WETH (1%)
2025-02-09T23:08:58.395Z,95080,0.0,0.0,,,0.0,88387790-5f54-400f-bc53-931ddeb9eb22,USDC-WETH,1%,USDC-WETH (1%)
2025-02-10T23:07:30.319Z,96462,0.0,0.0,,,0.0,88387790-5f54-400f-bc53-931ddeb9eb22,USDC-WETH,1%,USDC-WETH (1%)
2025-02-11T23:12:04.073Z,94342,0.0,0.0,,,0.0,88387790-5f54-400f-bc53-931ddeb9eb22,USDC-WETH,1%,USDC-WETH (1%)
2025-02-12T23:11:14.944Z,99756,0.0,0.0,,,0.0,88387790-5f54-400f-bc53-931ddeb9eb22,USDC-WETH,1%,USDC-WETH (1%)
2025-02-13T23:12:21.418Z,96886,0.0,0.0,,,0.0,88387790-5f54-400f-bc53-931ddeb9eb22,USDC-WETH,1%,USDC-WETH (1%)
2025-02-14T23:12:29.708Z,98720,0.0,0.0,,,0.0,88387790-5f54-400f-bc53-931ddeb9eb22,USDC-WETH,1%,USDC-WETH (1%)
2025-02-15T23:12:29.408Z,97880,0.0,0.0,,,0.0,88387790-5f54-400f-bc53-931ddeb9eb22,USDC-WETH,1%,USDC-WETH (1%)
2025-02-16T23:09:22.630Z,97244,0.0,0.0,,,0.0,88387790-5f54-400f-bc53-931ddeb9eb22,USDC-WETH,1%,USDC-WETH (1%)
2025-02-17T23:13:07.187Z,99531,0.0,0.0,,,0.0,88387790-5f54-400f-bc53-931ddeb9eb22,USDC-WETH,1%,USDC-WETH (1%)
2025-02-18T23:12:38.765Z,96436,0.0,0.0,,,0.0,88387790-5f54-400f-bc53-931ddeb9eb22,USDC-WETH,1%,USDC-WETH (1%)
2025-02-19T23:13:26.000Z,98949,0.0,0.0,,,0.0,88387790-5f54-400f-bc53-931ddeb9eb22,USDC-WETH,1%,USDC-WETH (1%)
2025-02-20T23:14:01.497Z,99226,0.0,0.0,,,0.0,88387790-5f54-400f-bc53-931ddeb9eb22,USDC-WETH,1%,USDC-WETH (1%)
2025-02-21T23:10:08.649Z,96095,0.01317,0.01317,,,0.0,88387790-5f54-400f-bc53-931ddeb9eb22,USDC-WETH,1%,USDC-WETH (1%)
2025-02-22T23:09:30.745Z,100550,0.01462,0.01462,,,0.0,88387790-5f54-400f-bc53-931ddeb9eb22,USDC-WETH,1%,USDC-WETH (1%)
2025-02-23T23:12:03.685Z,101909,0.0,0.0,,,0.0,88387790-5f54-400f-bc53-931ddeb9eb22,USDC-WETH,1%,USDC-WETH (1%)
2025-02-24T23:10:00.763Z,92437,0.0,0.0,,,0.0,88387790-5f54-400f-bc53-931ddeb9eb22,USDC-WETH,1%,USDC-WETH (1%)
2025-02-25T23:13:12.406Z,91085,0.0,0.0,,,0.0,88387790-5f54-400f-bc53-931ddeb9eb22,USDC-WETH,1%,USDC-WETH (1%)
2025-02-26T23:27:39.039Z,84990,0.0,0.0,,,0.0,88387790-5f54-400f-bc53-931ddeb9eb22,USDC-WETH,1%,USDC-WETH (1%)
2025-02-27T23:09:39.473Z,83086,0.0,0.0,,,0.0,88387790-5f54-400f-bc53-931ddeb9eb22,USDC-WETH,1%,USDC-WETH (1%)
2025-02-28T23:10:45.044Z,80342,0.0,0.0,,,0.0,88387790-5f54-400f-bc53-931ddeb9eb22,USDC-WETH,1%,USDC-WETH (1%)
2025-03-01T21:10:49.042Z,80694,0.0,0.0,,,0.0,88387790-5f54-400f-bc53-931ddeb9eb22,USDC-WETH,1%,USDC-WETH (1%)
2025-03-02T23:10:49.441Z,92259,0.0,0.0,,,0.0,88387790-5f54-400f-bc53-931ddeb9eb22,USDC-WETH,1%,USDC-WETH (1%)
2025-03-03T23:07:00.897Z,78563,0.0,0.0,,,0.0,88387790-5f54-400f-bc53-931ddeb9eb22,USDC-WETH,1%,USDC-WETH (1%)
2025-03-04T23:07:22.569Z,79016,0.0,0.0,,,0.0,88387790-5f54-400f-bc53-931ddeb9eb22,USDC-WETH,1%,USDC-WETH (1%)
2025-03-05T23:06:26.302Z,81361,0.0,0.0,,,0.0,88387790-5f54-400f-bc53-931ddeb9eb22,USDC-WETH,1%,USDC-WETH (1%)
2025-03-06T23:06:06.554Z,80439,0.0,0.0,,,0.0,88387790-5f54-400f-bc53-931ddeb9eb22,USDC-WETH,1%,USDC-WETH (1%)
2025-03-07T23:08:53.306Z,77905,0.0,0.0,,,0.0,88387790-5f54-400f-bc53-931ddeb9eb22,USDC-WETH,1%,USDC-WETH (1%)
2025-03-08T23:24:34.298Z,80054,0.0,0.0,,,0.0,88387790-5f54-400f-bc53-931ddeb9eb22,USDC-WETH,1%,USDC-WETH (1%)
2025-03-09T23:05:58.825Z,73038,0.0,0.0,,,0.0,88387790-5f54-400f-bc53-931ddeb9eb22,USDC-WETH,1%,USDC-WETH (1%)
2025-03-10T23:06:23.514Z,68267,0.0,0.0,,,0.0,88387790-5f54-400f-bc53-931ddeb9eb22,USDC-WETH,1%,USDC-WETH (1%)
2025-03-11T23:06:36.731Z,70624,0.0,0.0,,,0.0,88387790-5f54-400f-bc53-931ddeb9eb22,USDC-WETH,1%,USDC-WETH (1%)
2025-03-12T23:06:29.623Z,69394,0.0,0.0,,,0.0,88387790-5f54-400f-bc53-931ddeb9eb22,USDC-WETH,1%,USDC-WETH (1%)
2025-03-13T23:08:53.671Z,68273,0.0,0.0,,,0.0,88387790-5f54-400f-bc53-931ddeb9eb22,USDC-WETH,1%,USDC-WETH (1%)
2025-03-14T23:06:12.560Z,69999,0.0,0.0,,,0.0,88387790-5f54-400f-bc53-931ddeb9eb22,USDC-WETH,1%,USDC-WETH (1%)
2025-03-15T23:06:00.632Z,70577,0.0,0.0,,,0.0,88387790-5f54-400f-bc53-931ddeb9eb22,USDC-WETH,1%,USDC-WETH (1%)
2025-03-16T23:22:37.990Z,68180,0.00789,0.00789,,,0.0,88387790-5f54-400f-bc53-931ddeb9eb22,USDC-WETH,1%,USDC-WETH (1%)
2025-03-17T23:06:36.029Z,70186,0.0,0.0,,,0.0,88387790-5f54-400f-bc53-931ddeb9eb22,USDC-WETH,1%,USDC-WETH (1%)
2025-03-18T23:06:44.104Z,69617,0.0,0.0,,,0.0,88387790-5f54-400f-bc53-931ddeb9eb22,USDC-WETH,1%,USDC-WETH (1%)
2025-03-19T23:06:02.787Z,74364,0.0,0.0,,,0.0,88387790-5f54-400f-bc53-931ddeb9eb22,USDC-WETH,1%,USDC-WETH (1%)
2025-03-20T23:06:29.862Z,71685,0.0,0.0,,,0.0,88387790-5f54-400f-bc53-931ddeb9eb22,USDC-WETH,1%,USDC-WETH (1%)
2025-03-21T23:07:07.583Z,71384,0.0,0.0,,,0.0,88387790-5f54-400f-bc53-931ddeb9eb22,USDC-WETH,1%,USDC-WETH (1%)
2025-03-22T23:05:08.282Z,72067,0.0,0.0,,,0.0,88387790-5f54-400f-bc53-931ddeb9eb22,USDC-WETH,1%,USDC-WETH (1%)
2025-03-23T23:05:35.862Z,72159,0.05988,0.05988,,,0.0,88387790-5f54-400f-bc53-931ddeb9eb22,USDC-WETH,1%,USDC-WETH (1%)
2025-03-24T23:07:11.694Z,75368,0.0,0.0,,,0.0,88387790-5f54-400f-bc53-931ddeb9eb22,USDC-WETH,1%,USDC-WETH (1%)
2025-03-25T23:07:25.009Z,74913,0.0,0.0,,,0.0,88387790-5f54-400f-bc53-931ddeb9eb22,USDC-WETH,1%,USDC-WETH (1%)
2025-03-26T23:05:34.036Z,72608,0.0,0.0,,,0.0,88387790-5f54-400f-bc53-931ddeb9eb22,USDC-WETH,1%,USDC-WETH (1%)
2025-03-27T23:06:07.155Z,72910,0.0,0.0,,,0.0,88387790-5f54-400f-bc53-931ddeb9eb22,USDC-WETH,1%,USDC-WETH (1%)
2025-03-28T23:06:37.967Z,68957,0.0,0.0,,,0.0,88387790-5f54-400f-bc53-931ddeb9eb22,USDC-WETH,1%,USDC-WETH (1%)
2025-03-29T23:09:08.261Z,65882,0.0,0.0,,,0.0,88387790-5f54-400f-bc53-931ddeb9eb22,USDC-WETH,1%,USDC-WETH (1%)
2025-03-30T23:07:46.136Z,65502,0.0,0.0,,,0.0,88387790-5f54-400f-bc53-931ddeb9eb22,USDC-WETH,1%,USDC-WETH (1%)
2025-03-31T23:06:48.259Z,66242,0.0,0.0,,,0.0,88387790-5f54-400f-bc53-931ddeb9eb22,USDC-WETH,1%,USDC-WETH (1%)
2025-04-01T23:07:19.746Z,69361,0.0,0.0,,,0.0,88387790-5f54-400f-bc53-931ddeb9eb22,USDC-WETH,1%,USDC-WETH (1%)
2025-04-02T23:08:41.404Z,65240,0.0,0.0,,,0.0,88387790-5f54-400f-bc53-931ddeb9eb22,USDC-WETH,1%,USDC-WETH (1%)
2025-04-03T23:08:58.998Z,65731,0.0,0.0,,,0.0,88387790-5f54-400f-bc53-931ddeb9eb22,USDC-WETH,1%,USDC-WETH (1%)
2025-04-04T23:06:16.160Z,66077,0.0,0.0,,,0.0,88387790-5f54-400f-bc53-931ddeb9eb22,USDC-WETH,1%,USDC-WETH (1%)
2025-04-05T23:05:52.481Z,65201,0.0,0.0,,,0.0,88387790-5f54-400f-bc53-931ddeb9eb22,USDC-WETH,1%,USDC-WETH (1%)
2025-04-06T23:05:58.266Z,57188,0.0,0.0,,,0.0,88387790-5f54-400f-bc53-931ddeb9eb22,USDC-WETH,1%,USDC-WETH (1%)
2025-04-07T23:07:05.738Z,57322,0.0,0.0,,,0.0,88387790-5f54-400f-bc53-931ddeb9eb22,USDC-WETH,1%,USDC-WETH (1%)
2025-04-08T23:05:43.739Z,52730,0.0,0.0,,,0.0,88387790-5f54-400f-bc53-931ddeb9eb22,USDC-WETH,1%,USDC-WETH (1%)
2025-04-09T23:04:56.785Z,60648,0.0,0.0,,,0.0,88387790-5f54-400f-bc53-931ddeb9eb22,USDC-WETH,1%,USDC-WETH (1%)
2025-04-10T23:08:33.897Z,55499,0.0,0.0,,,0.0,88387790-5f54-400f-bc53-931ddeb9eb22,USDC-WETH,1%,USDC-WETH (1%)
2025-04-11T23:07:04.121Z,56983,0.0,0.0,,,0.0,88387790-5f54-400f-bc53-931ddeb9eb22,USDC-WETH,1%,USDC-WETH (1%)
2025-04-12T23:07:11.144Z,59897,0.0,0.0,,,0.0,88387790-5f54-400f-bc53-931ddeb9eb22,USDC-WETH,1%,USDC-WETH (1%)
2025-04-13T23:06:13.384Z,57695,0.0,0.0,,,0.0,88387790-5f54-400f-bc53-931ddeb9eb22,USDC-WETH,1%,USDC-WETH (1%)
2025-04-14T23:06:55.882Z,58774,0.0,0.0,,,0.0,88387790-5f54-400f-bc53-931ddeb9eb22,USDC-WETH,1%,USDC-WETH (1%)
2025-04-15T23:06:05.762Z,57851,0.0,0.0,,,0.0,88387790-5f54-400f-bc53-931ddeb9eb22,USDC-WETH,1%,USDC-WETH (1%)
2025-04-16T23:06:35.788Z,57626,0.0,0.0,,,0.0,88387790-5f54-400f-bc53-931ddeb9eb22,USDC-WETH,1%,USDC-WETH (1%)
2025-04-17T23:07:14.935Z,57506,0.0,0.0,,,0.0,88387790-5f54-400f-bc53-931ddeb9eb22,USDC-WETH,1%,USDC-WETH (1%)
2025-04-18T23:10:05.529Z,57847,0.0,0.0,,,0.0,88387790-5f54-400f-bc53-931ddeb9eb22,USDC-WETH,1%,USDC-WETH (1%)
2025-04-19T23:07:37.259Z,58747,0.0,0.0,,,0.0,88387790-5f54-400f-bc53-931ddeb9eb22,USDC-WETH,1%,USDC-WETH (1%)
2025-04-20T23:06:16.729Z,57394,0.0,0.0,,,0.0,88387790-5f54-400f-bc53-931ddeb9eb22,USDC-WETH,1%,USDC-WETH (1%)
2025-04-21T23:08:23.989Z,57225,0.0,0.0,,,0.0,88387790-5f54-400f-bc53-931ddeb9eb22,USDC-WETH,1%,USDC-WETH (1%)
2025-04-22T23:23:08.902Z,63398,0.173,0.173,,,0.0,88387790-5f54-400f-bc53-931ddeb9eb22,USDC-WETH,1%,USDC-WETH (1%)
2025-04-23T23:08:32.891Z,65281,0.0,0.0,,,0.0,88387790-5f54-400f-bc53-931ddeb9eb22,USDC-WETH,1%,USDC-WETH (1%)
2025-04-24T23:06:50.792Z,63761,0.0,0.0,,,0.0,88387790-5f54-400f-bc53-931ddeb9eb22,USDC-WETH,1%,USDC-WETH (1%)
2025-04-25T23:08:58.109Z,65254,0.0,0.0,,,0.0,88387790-5f54-400f-bc53-931ddeb9eb22,USDC-WETH,1%,USDC-WETH (1%)
2025-04-26T23:07:34.107Z,66138,0.0,0.0,,,0.0,88387790-5f54-400f-bc53-931ddeb9eb22,USDC-WETH,1%,USDC-WETH (1%)
2025-04-27T23:07:16.882Z,65053,0.0,0.0,,,0.0,88387790-5f54-400f-bc53-931ddeb9eb22,USDC-WETH,1%,USDC-WETH (1%)
2025-04-28T23:09:45.101Z,65038,0.0,0.0,,,0.0,88387790-5f54-400f-bc53-931ddeb9eb22,USDC-WETH,1%,USDC-WETH (1%)
2025-04-29T23:05:53.947Z,65165,0.0,0.0,,,0.0,88387790-5f54-400f-bc53-931ddeb9eb22,USDC-WETH,1%,USDC-WETH (1%)
2025-04-30T23:05:51.193Z,65069,0.0,0.0,,,0.0,88387790-5f54-400f-bc53-931ddeb9eb22,USDC-WETH,1%,USDC-WETH (1%)
2025-05-01T23:07:09.463Z,66715,0.0,0.0,,,0.0,88387790-5f54-400f-bc53-931ddeb9eb22,USDC-WETH,1%,USDC-WETH (1%)
2025-05-02T23:07:27.758Z,66642,0.0,0.0,,,0.0,88387790-5f54-400f-bc53-931ddeb9eb22,USDC-WETH,1%,USDC-WETH (1%)
2025-05-03T23:06:24.090Z,66858,0.00693,0.00693,,,0.0,88387790-5f54-400f-bc53-931ddeb9eb22,USDC-WETH,1%,USDC-WETH (1%)
2025-05-04T23:07:45.467Z,65965,0.0,0.0,,,0.0,88387790-5f54-400f-bc53-931ddeb9eb22,USDC-WETH,1%,USDC-WETH (1%)
2025-05-05T23:07:36.166Z,66189,0.0,0.0,,,0.0,88387790-5f54-400f-bc53-931ddeb9eb22,USDC-WETH,1%,USDC-WETH (1%)
2025-05-06T23:06:26.106Z,65624,0.0,0.0,,,0.0,88387790-5f54-400f-bc53-931ddeb9eb22,USDC-WETH,1%,USDC-WETH (1%)
2025-05-07T23:06:00.472Z,65929,0.0,0.0,,,0.0,88387790-5f54-400f-bc53-931ddeb9eb22,USDC-WETH,1%,USDC-WETH (1%)
2025-05-08T23:08:18.617Z,79080,0.0,0.0,,,0.0,88387790-5f54-400f-bc53-931ddeb9eb22,USDC-WETH,1%,USDC-WETH (1%)
2025-05-09T23:26:15.272Z,84652,0.06382,0.06382,,,0.0,88387790-5f54-400f-bc53-931ddeb9eb22,USDC-WETH,1%,USDC-WETH (1%)
2025-05-10T23:09:33.789Z,93203,0.0,0.0,,,0.0,88387790-5f54-400f-bc53-931ddeb9eb22,USDC-WETH,1%,USDC-WETH (1%)
2025-05-11T23:08:46.695Z,90638,0.0,0.0,,,0.0,88387790-5f54-400f-bc53-931ddeb9eb22,USDC-WETH,1%,USDC-WETH (1%)
2025-05-12T23:08:23.607Z,90202,0.0,0.0,,,0.0,88387790-5f54-400f-bc53-931ddeb9eb22,USDC-WETH,1%,USDC-WETH (1%)
2025-05-13T23:09:15.868Z,97864,0.0,0.0,,,0.0,88387790-5f54-400f-bc53-931ddeb9eb22,USDC-WETH,1%,USDC-WETH (1%)
2025-05-14T22:09:41.539Z,94371,0.0,0.0,,,0.0,88387790-5f54-400f-bc53-931ddeb9eb22,USDC-WETH,1%,USDC-WETH (1%)
2025-05-15T23:08:23.890Z,92294,0.0,0.0,,,0.0,88387790-5f54-400f-bc53-931ddeb9eb22,USDC-WETH,1%,USDC-WETH (1%)
2025-05-16T23:07:40.393Z,92626,0.0,0.0,,,0.0,88387790-5f54-400f-bc53-931ddeb9eb22,USDC-WETH,1%,USDC-WETH (1%)
2025-05-17T23:08:39.344Z,89348,0.0,0.0,,,0.0,88387790-5f54-400f-bc53-931ddeb9eb22,USDC-WETH,1%,USDC-WETH (1%)
2025-05-18T23:08:14.553Z,88212,0.0,0.0,,,0.0,88387790-5f54-400f-bc53-931ddeb9eb22,USDC-WETH,1%,USDC-WETH (1%)
2025-05-19T23:10:27.940Z,91486,0.0,0.0,,,0.0,88387790-5f54-400f-bc53-931ddeb9eb22,USDC-WETH,1%,USDC-WETH (1%)
2025-05-20T23:08:15.510Z,91183,0.0,0.0,,,0.0,88387790-5f54-400f-bc53-931ddeb9eb22,USDC-WETH,1%,USDC-WETH (1%)
2025-05-21T23:11:03.086Z,91368,0.0,0.0,,,0.0,88387790-5f54-400f-bc53-931ddeb9eb22,USDC-WETH,1%,USDC-WETH (1%)
2025-05-22T23:09:12.945Z,95788,0.0,0.0,,,0.0,88387790-5f54-400f-bc53-931ddeb9eb22,USDC-WETH,1%,USDC-WETH (1%)
2025-05-23T23:09:41.887Z,92093,0.0,0.0,,,0.0,88387790-5f54-400f-bc53-931ddeb9eb22,USDC-WETH,1%,USDC-WETH (1%)
2025-05-24T19:26:20.756Z,92950,0.0,0.0,,,0.0,88387790-5f54-400f-bc53-931ddeb9eb22,USDC-WETH,1%,USDC-WETH (1%)
2025-05-25T23:09:05.632Z,92741,0.00141,0.00141,,,0.0,88387790-5f54-400f-bc53-931ddeb9eb22,USDC-WETH,1%,USDC-WETH (1%)
2025-05-26T23:10:33.887Z,92828,0.0,0.0,,,0.0,88387790-5f54-400f-bc53-931ddeb9eb22,USDC-WETH,1%,USDC-WETH (1%)
2025-05-27T23:11:09.129Z,96490,0.0,0.0,,,0.0,88387790-5f54-400f-bc53-931ddeb9eb22,USDC-WETH,1%,USDC-WETH (1%)
2025-05-28T23:11:44.948Z,96064,0.0,0.0,,,0.0,88387790-5f54-400f-bc53-931ddeb9eb22,USDC-WETH,1%,USDC-WETH (1%)
2025-05-29T23:09:05.378Z,95966,0.0,0.0,,,0.0,88387790-5f54-400f-bc53-931ddeb9eb22,USDC-WETH,1%,USDC-WETH (1%)
2025-05-30T23:09:43.929Z,92035,0.0,0.0,,,0.0,88387790-5f54-400f-bc53-931ddeb9eb22,USDC-WETH,1%,USDC-WETH (1%)
2025-05-31T23:09:00.514Z,91976,0.0,0.0,,,0.0,88387790-5f54-400f-bc53-931ddeb9eb22,USDC-WETH,1%,USDC-WETH (1%)
2025-06-01T23:09:30.036Z,91875,0.0,0.0,,,0.0,88387790-5f54-400f-bc53-931ddeb9eb22,USDC-WETH,1%,USDC-WETH (1%)
2025-06-02T23:11:14.103Z,93620,0.0,0.0,,,0.0,88387790-5f54-400f-bc53-931ddeb9eb22,USDC-WETH,1%,USDC-WETH (1%)
2025-06-03T23:10:34.208Z,94439,0.0,0.0,,,0.0,88387790-5f54-400f-bc53-931ddeb9eb22,USDC-WETH,1%,USDC-WETH (1%)
2025-06-04T23:09:23.991Z,94661,0.0,0.0,,,0.0,88387790-5f54-400f-bc53-931ddeb9eb22,USDC-WETH,1%,USDC-WETH (1%)
2025-06-05T23:09:25.390Z,87928,0.0,0.0,,,0.0,88387790-5f54-400f-bc53-931ddeb9eb22,USDC-WETH,1%,USDC-WETH (1%)
2025-06-06T23:09:19.324Z,90045,0.0,0.0,,,0.0,88387790-5f54-400f-bc53-931ddeb9eb22,USDC-WETH,1%,USDC-WETH (1%)
2025-06-07T23:10:34.534Z,91983,0.0,0.0,,,0.0,88387790-5f54-400f-bc53-931ddeb9eb22,USDC-WETH,1%,USDC-WETH (1%)
2025-06-08T23:09:48.796Z,91274,0.0,0.0,,,0.0,88387790-5f54-400f-bc53-931ddeb9eb22,USDC-WETH,1%,USDC-WETH (1%)
2025-06-09T23:12:02.204Z,96458,0.0,0.0,,,0.0,88387790-5f54-400f-bc53-931ddeb9eb22,USDC-WETH,1%,USDC-WETH (1%)
2025-06-10T23:08:44.558Z,101637,0.0,0.0,,,0.0,88387790-5f54-400f-bc53-931ddeb9eb22,USDC-WETH,1%,USDC-WETH (1%)
2025-06-11T23:09:42.994Z,100057,0.0,0.0,,,0.0,88387790-5f54-400f-bc53-931ddeb9eb22,USDC-WETH,1%,USDC-WETH (1%)
2025-06-12T23:11:41.242Z,95622,0.0,0.0,,,0.0,88387790-5f54-400f-bc53-931ddeb9eb22,USDC-WETH,1%,USDC-WETH (1%)
2025-06-13T22:26:41.965Z,92903,0.0,0.0,,,0.0,88387790-5f54-400f-bc53-931ddeb9eb22,USDC-WETH,1%,USDC-WETH (1%)
2025-06-14T23:09:05.695Z,91589,0.0,0.0,,,0.0,88387790-5f54-400f-bc53-931ddeb9eb22,USDC-WETH,1%,USDC-WETH (1%)
2025-06-15T23:10:37.705Z,92239,0.0,0.0,,,0.0,88387790-5f54-400f-bc53-931ddeb9eb22,USDC-WETH,1%,USDC-WETH (1%)
2025-06-16T23:08:00.020Z,93212,0.0,0.0,,,0.0,88387790-5f54-400f-bc53-931ddeb9eb22,USDC-WETH,1%,USDC-WETH (1%)
2025-06-17T23:08:14.120Z,90596,0.0,0.0,,,0.0,88387790-5f54-400f-bc53-931ddeb9eb22,USDC-WETH,1%,USDC-WETH (1%)
2025-06-18T23:08:28.911Z,91591,0.0,0.0,,,0.0,88387790-5f54-400f-bc53-931ddeb9eb22,USDC-WETH,1%,USDC-WETH (1%)
2025-06-19T23:09:19.481Z,91638,0.0,0.0,,,0.0,88387790-5f54-400f-bc53-931ddeb9eb22,USDC-WETH,1%,USDC-WETH (1%)
2025-06-20T20:09:15.825Z,87751,0.0,0.0,,,0.0,88387790-5f54-400f-bc53-931ddeb9eb22,USDC-WETH,1%,USDC-WETH (1%)
2025-06-21T23:09:29.456Z,82924,0.0,0.0,,,0.0,88387790-5f54-400f-bc53-931ddeb9eb22,USDC-WETH,1%,USDC-WETH (1%)
2025-06-22T23:09:00.747Z,80743,0.0,0.0,,,0.0,88387790-5f54-400f-bc53-931ddeb9eb22,USDC-WETH,1%,USDC-WETH (1%)
2025-06-23T23:09:52.343Z,87381,0.0,0.0,,,0.0,88387790-5f54-400f-bc53-931ddeb9eb22,USDC-WETH,1%,USDC-WETH (1%)
2025-06-24T23:09:55.817Z,88450,0.0,0.0,,,0.0,88387790-5f54-400f-bc53-931ddeb9eb22,USDC-WETH,1%,USDC-WETH (1%)
2025-06-25T23:10:04.945Z,87525,0.0,0.0,,,0.0,88387790-5f54-400f-bc53-931ddeb9eb22,USDC-WETH,1%,USDC-WETH (1%)
2025-06-26T23:09:32.221Z,87435,0.0,0.0,,,0.0,88387790-5f54-400f-bc53-931ddeb9eb22,USDC-WETH,1%,USDC-WETH (1%)
2025-06-27T23:08:59.096Z,87807,0.0,0.0,,,0.0,88387790-5f54-400f-bc53-931ddeb9eb22,USDC-WETH,1%,USDC-WETH (1%)
2025-06-28T23:10:17.900Z,88448,0.0,0.0,,,0.0,88387790-5f54-400f-bc53-931ddeb9eb22,USDC-WETH,1%,USDC-WETH (1%)
2025-06-29T23:13:25.363Z,90570,0.0,0.0,,,0.0,88387790-5f54-400f-bc53-931ddeb9eb22,USDC-WETH,1%,USDC-WETH (1%)
2025-06-30T23:15:01.927Z,90267,0.0,0.0,,,0.0,88387790-5f54-400f-bc53-931ddeb9eb22,USDC-WETH,1%,USDC-WETH (1%)
2025-07-01T23:31:25.728Z,86772,0.0,0.0,,,0.0,88387790-5f54-400f-bc53-931ddeb9eb22,USDC-WETH,1%,USDC-WETH (1%)
2025-07-02T23:13:54.168Z,94017,0.0,0.0,,,0.0,88387790-5f54-400f-bc53-931ddeb9eb22,USDC-WETH,1%,USDC-WETH (1%)
2025-07-03T23:11:48.486Z,93841,0.27407,0.27407,,,0.0,88387790-5f54-400f-bc53-931ddeb9eb22,USDC-WETH,1%,USDC-WETH (1%)
2025-07-04T23:30:46.154Z,91052,0.0,0.0,,,0.0,88387790-5f54-400f-bc53-931ddeb9eb22,USDC-WETH,1%,USDC-WETH (1%)
2025-07-05T23:13:28.106Z,91081,0.08057,0.08057,,,0.0,88387790-5f54-400f-bc53-931ddeb9eb22,USDC-WETH,1%,USDC-WETH (1%)
2025-07-06T23:14:40.679Z,93390,0.0,0.0,,,0.0,88387790-5f54-400f-bc53-931ddeb9eb22,USDC-WETH,1%,USDC-WETH (1%)
2025-07-07T23:12:56.973Z,91739,0.0,0.0,,,0.0,88387790-5f54-400f-bc53-931ddeb9eb22,USDC-WETH,1%,USDC-WETH (1%)
2025-07-08T23:14:29.709Z,94439,0.0,0.0,,,0.0,88387790-5f54-400f-bc53-931ddeb9eb22,USDC-WETH,1%,USDC-WETH (1%)
2025-07-09T23:13:50.151Z,100108,0.0,0.0,,,0.0,88387790-5f54-400f-bc53-931ddeb9eb22,USDC-WETH,1%,USDC-WETH (1%)
2025-07-10T23:13:17.452Z,107614,0.0,0.0,,,0.0,88387790-5f54-400f-bc53-931ddeb9eb22,USDC-WETH,1%,USDC-WETH (1%)
2025-07-11T21:14:56.401Z,107722,0.0,0.0,,,0.0,88387790-5f54-400f-bc53-931ddeb9eb22,USDC-WETH,1%,USDC-WETH (1%)
2025-07-12T23:14:35.765Z,106243,0.0,0.0,,,0.0,88387790-5f54-400f-bc53-931ddeb9eb22,USDC-WETH,1%,USDC-WETH (1%)
2025-07-13T23:31:44.610Z,106990,0.0,0.0,,,0.0,88387790-5f54-400f-bc53-931ddeb9eb22,USDC-WETH,1%,USDC-WETH (1%)
2025-07-14T23:11:50.606Z,109047,0.00497,0.00497,,,0.0,88387790-5f54-400f-bc53-931ddeb9eb22,USDC-WETH,1%,USDC-WETH (1%)
2025-07-15T23:14:18.967Z,111776,0.0,0.0,,,0.0,88387790-5f54-400f-bc53-931ddeb9eb22,USDC-WETH,1%,USDC-WETH (1%)
2025-07-16T23:14:02.643Z,121586,0.0,0.0,,,0.0,88387790-5f54-400f-bc53-931ddeb9eb22,USDC-WETH,1%,USDC-WETH (1%)
2025-07-17T23:15:43.444Z,125401,0.0,0.0,,,0.0,88387790-5f54-400f-bc53-931ddeb9eb22,USDC-WETH,1%,USDC-WETH (1%)
2025-07-18T23:14:24.953Z,128137,0.0,0.0,,,0.0,88387790-5f54-400f-bc53-931ddeb9eb22,USDC-WETH,1%,USDC-WETH (1%)
2025-07-19T23:12:28.535Z,129504,0.0,0.0,,,0.0,88387790-5f54-400f-bc53-931ddeb9eb22,USDC-WETH,1%,USDC-WETH (1%)
2025-07-20T22:15:57.283Z,136172,0.0,0.0,,,0.0,88387790-5f54-400f-bc53-931ddeb9eb22,USDC-WETH,1%,USDC-WETH (1%)
2025-07-21T23:13:32.431Z,135731,0.0,0.0,,,0.0,88387790-5f54-400f-bc53-931ddeb9eb22,USDC-WETH,1%,USDC-WETH (1%)
2025-07-22T23:11:22.751Z,134159,0.0,0.0,,,0.0,88387790-5f54-400f-bc53-931ddeb9eb22,USDC-WETH,1%,USDC-WETH (1%)
2025-07-23T23:13:24.703Z,130102,0.0,0.0,,,0.0,88387790-5f54-400f-bc53-931ddeb9eb22,USDC-WETH,1%,USDC-WETH (1%)
2025-07-24T23:31:43.745Z,133927,0.0,0.0,,,0.0,88387790-5f54-400f-bc53-931ddeb9eb22,USDC-WETH,1%,USDC-WETH (1%)
2025-07-25T23:13:12.213Z,134211,0.0,0.0,,,0.0,88387790-5f54-400f-bc53-931ddeb9eb22,USDC-WETH,1%,USDC-WETH (1%)
2025-07-26T23:14:41.850Z,135775,0.0,0.0,,,0.0,88387790-5f54-400f-bc53-931ddeb9eb22,USDC-WETH,1%,USDC-WETH (1%)
2025-07-27T23:14:59.844Z,139261,0.0,0.0,,,0.0,88387790-5f54-400f-bc53-931ddeb9eb22,USDC-WETH,1%,USDC-WETH (1%)
2025-07-28T23:14:23.489Z,136429,0.0,0.0,,,0.0,88387790-5f54-400f-bc53-931ddeb9eb22,USDC-WETH,1%,USDC-WETH (1%)
2025-07-29T23:15:42.774Z,136692,0.0,0.0,,,0.0,88387790-5f54-400f-bc53-931ddeb9eb22,USDC-WETH,1%,USDC-WETH (1%)
2025-07-30T23:16:08.252Z,135624,0.0,0.0,,,0.0,88387790-5f54-400f-bc53-931ddeb9eb22,USDC-WETH,1%,USDC-WETH (1%)
2025-07-31T23:15:54.973Z,133845,0.0,0.0,,,0.0,88387790-5f54-400f-bc53-931ddeb9eb22,USDC-WETH,1%,USDC-WETH (1%)
2025-08-01T23:15:51.688Z,124817,0.0,0.0,,,0.0,88387790-5f54-400f-bc53-931ddeb9eb22,USDC-WETH,1%,USDC-WETH (1%)
2025-08-02T23:15:46.874Z,122981,0.0,0.0,,,0.0,88387790-5f54-400f-bc53-931ddeb9eb22,USDC-WETH,1%,USDC-WETH (1%)
2025-08-03T23:15:11.322Z,126269,0.00055,0.00055,,,0.0,88387790-5f54-400f-bc53-931ddeb9eb22,USDC-WETH,1%,USDC-WETH (1%)
2025-08-04T23:15:32.153Z,134475,0.0,0.0,,,0.0,88387790-5f54-400f-bc53-931ddeb9eb22,USDC-WETH,1%,USDC-WETH (1%)
2025-08-05T23:13:05.413Z,129661,0.0,0.0,,,0.0,88387790-5f54-400f-bc53-931ddeb9eb22,USDC-WETH,1%,USDC-WETH (1%)
2025-08-06T23:14:18.196Z,132792,7.01912,7.01912,,,0.0,88387790-5f54-400f-bc53-931ddeb9eb22,USDC-WETH,1%,USDC-WETH (1%)
2025-08-07T23:16:32.431Z,125999,21.70618,21.70618,,,0.0,88387790-5f54-400f-bc53-931ddeb9eb22,USDC-WETH,1%,USDC-WETH (1%)
2025-08-08T23:12:57.228Z,129455,0.0,0.0,,,0.0,88387790-5f54-400f-bc53-931ddeb9eb22,USDC-WETH,1%,USDC-WETH (1%)
2025-08-09T23:12:10.729Z,137150,0.0,0.0,,,0.0,88387790-5f54-400f-bc53-931ddeb9eb22,USDC-WETH,1%,USDC-WETH (1%)
2025-08-10T23:15:48.220Z,136140,0.0,0.0,,,0.0,88387790-5f54-400f-bc53-931ddeb9eb22,USDC-WETH,1%,USDC-WETH (1%)
2025-08-11T23:16:29.643Z,135676,0.0,0.0,,,0.0,88387790-5f54-400f-bc53-931ddeb9eb22,USDC-WETH,1%,USDC-WETH (1%)
2025-08-12T23:12:36.786Z,147084,0.0,0.0,,,0.0,88387790-5f54-400f-bc53-931ddeb9eb22,USDC-WETH,1%,USDC-WETH (1%)
2025-08-13T23:32:12.647Z,152531,0.0,0.0,,,0.0,88387790-5f54-400f-bc53-931ddeb9eb22,USDC-WETH,1%,USDC-WETH (1%)
2025-08-14T23:13:12.126Z,145724,0.0,0.0,,,0.0,88387790-5f54-400f-bc53-931ddeb9eb22,USDC-WETH,1%,USDC-WETH (1%)
2025-08-15T23:32:24.274Z,142946,0.0,0.0,,,0.0,88387790-5f54-400f-bc53-931ddeb9eb22,USDC-WETH,1%,USDC-WETH (1%)
2025-08-16T23:28:15.586Z,142412,0.0,0.0,,,0.0,88387790-5f54-400f-bc53-931ddeb9eb22,USDC-WETH,1%,USDC-WETH (1%)
2025-08-17T23:13:56.258Z,145655,0.0,0.0,,,0.0,88387790-5f54-400f-bc53-931ddeb9eb22,USDC-WETH,1%,USDC-WETH (1%)
2025-08-18T21:31:23.589Z,139632,0.0,0.0,,,0.0,88387790-5f54-400f-bc53-931ddeb9eb22,USDC-WETH,1%,USDC-WETH (1%)
2025-08-19T23:14:10.181Z,132953,0.0,0.0,,,0.0,88387790-5f54-400f-bc53-931ddeb9eb22,USDC-WETH,1%,USDC-WETH (1%)
2025-08-20T23:48:32.570Z,139441,0.0,0.0,,,0.0,88387790-5f54-400f-bc53-931ddeb9eb22,USDC-WETH,1%,USDC-WETH (1%)
2025-08-21T23:14:24.813Z,136705,0.0,0.0,,,0.0,88387790-5f54-400f-bc53-931ddeb9eb22,USDC-WETH,1%,USDC-WETH (1%)
2025-08-22T23:15:41.339Z,154743,0.0,0.0,,,0.0,88387790-5f54-400f-bc53-931ddeb9eb22,USDC-WETH,1%,USDC-WETH (1%)
2025-08-23T23:15:15.686Z,153319,0.0,0.0,,,0.0,88387790-5f54-400f-bc53-931ddeb9eb22,USDC-WETH,1%,USDC-WETH (1%)
2025-08-24T23:16:06.972Z,153630,0.0,0.0,,,0.0,88387790-5f54-400f-bc53-931ddeb9eb22,USDC-WETH,1%,USDC-WETH (1%)
2025-08-25T23:14:25.850Z,141088,0.0,0.0,,,0.0,88387790-5f54-400f-bc53-931ddeb9eb22,USDC-WETH,1%,USDC-WETH (1%)
2025-08-26T23:13:18.463Z,147626,0.0,0.0,,,0.0,88387790-5f54-400f-bc53-931ddeb9eb22,USDC-WETH,1%,USDC-WETH (1%)
2025-08-27T23:13:53.916Z,145444,0.0,0.0,,,0.0,88387790-5f54-400f-bc53-931ddeb9eb22,USDC-WETH,1%,USDC-WETH (1%)
2025-08-28T23:13:28.859Z,144907,0.0,0.0,,,0.0,88387790-5f54-400f-bc53-931ddeb9eb22,USDC-WETH,1%,USDC-WETH (1%)
2025-08-29T23:13:29.035Z,140295,0.0,0.0,,,0.0,88387790-5f54-400f-bc53-931ddeb9eb22,USDC-WETH,1%,USDC-WETH (1%)
2025-08-30T23:14:15.503Z,140125,0.0,0.0,,,0.0,88387790-5f54-400f-bc53-931ddeb9eb22,USDC-WETH,1%,USDC-WETH (1%)
2025-08-31T23:14:23.996Z,142675,0.0,0.0,,,0.0,88387790-5f54-400f-bc53-931ddeb9eb22,USDC-WETH,1%,USDC-WETH (1%)
2025-09-01T23:12:11.116Z,137795,0.0,0.0,,,0.0,88387790-5f54-400f-bc53-931ddeb9eb22,USDC-WETH,1%,USDC-WETH (1%)
2025-09-02T23:14:56.456Z,139159,0.0,0.0,,,0.0,88387790-5f54-400f-bc53-931ddeb9eb22,USDC-WETH,1%,USDC-WETH (1%)
2025-09-03T23:12:50.223Z,143782,0.0,0.0,,,0.0,88387790-5f54-400f-bc53-931ddeb9eb22,USDC-WETH,1%,USDC-WETH (1%)
2025-09-04T23:09:36.293Z,139755,0.0,0.0,,,0.0,88387790-5f54-400f-bc53-931ddeb9eb22,USDC-WETH,1%,USDC-WETH (1%)
2025-09-05T23:13:16.636Z,138638,0.05642,0.05642,,,0.0,88387790-5f54-400f-bc53-931ddeb9eb22,USDC-WETH,1%,USDC-WETH (1%)
2025-09-06T23:13:35.468Z,137546,0.0,0.0,,,0.0,88387790-5f54-400f-bc53-931ddeb9eb22,USDC-WETH,1%,USDC-WETH (1%)
2025-09-07T23:13:00.529Z,138678,0.0,0.0,,,0.0,88387790-5f54-400f-bc53-931ddeb9eb22,USDC-WETH,1%,USDC-WETH (1%)
2025-09-08T23:15:32.557Z,138518,0.0,0.0,,,0.0,88387790-5f54-400f-bc53-931ddeb9eb22,USDC-WETH,1%,USDC-WETH (1%)
2025-09-09T23:13:20.093Z,138604,0.0,0.0,,,0.0,88387790-5f54-400f-bc53-931ddeb9eb22,USDC-WETH,1%,USDC-WETH (1%)
2025-09-10T23:13:16.846Z,139768,0.0,0.0,,,0.0,88387790-5f54-400f-bc53-931ddeb9eb22,USDC-WETH,1%,USDC-WETH (1%)
2025-09-11T23:15:03.959Z,143246,0.0,0.0,,,0.0,88387790-5f54-400f-bc53-931ddeb9eb22,USDC-WETH,1%,USDC-WETH (1%)
2025-09-12T23:13:41.160Z,151008,0.0,0.0,,,0.0,88387790-5f54-400f-bc53-931ddeb9eb22,USDC-WETH,1%,USDC-WETH (1%)
2025-09-13T23:11:22.981Z,149803,0.0,0.0,,,0.0,88387790-5f54-400f-bc53-931ddeb9eb22,USDC-WETH,1%,USDC-WETH (1%)
2025-09-14T23:11:54.381Z,148944,0.0,0.0,,,0.0,88387790-5f54-400f-bc53-931ddeb9eb22,USDC-WETH,1%,USDC-WETH (1%)
2025-09-15T23:14:41.047Z,145191,0.0,0.0,,,0.0,88387790-5f54-400f-bc53-931ddeb9eb22,USDC-WETH,1%,USDC-WETH (1%)
2025-09-16T23:12:16.808Z,145336,0.0,0.0,,,0.0,88387790-5f54-400f-bc53-931ddeb9eb22,USDC-WETH,1%,USDC-WETH (1%)
2025-09-17T23:15:24.728Z,147808,0.0,0.0,,,0.0,88387790-5f54-400f-bc53-931ddeb9eb22,USDC-WETH,1%,USDC-WETH (1%)
2025-09-18T23:13:49.293Z,147694,0.0,0.0,,,0.0,88387790-5f54-400f-bc53-931ddeb9eb22,USDC-WETH,1%,USDC-WETH (1%)
2025-09-19T23:12:59.049Z,143738,0.0,0.0,,,0.0,88387790-5f54-400f-bc53-931ddeb9eb22,USDC-WETH,1%,USDC-WETH (1%)
2025-09-20T23:14:12.345Z,144509,0.0,0.0,,,0.0,88387790-5f54-400f-bc53-931ddeb9eb22,USDC-WETH,1%,USDC-WETH (1%)
2025-09-21T23:13:09.032Z,143716,0.0,0.0,,,0.0,88387790-5f54-400f-bc53-931ddeb9eb22,USDC-WETH,1%,USDC-WETH (1%)
2025-09-22T23:14:51.486Z,134776,0.0,0.0,,,0.0,88387790-5f54-400f-bc53-931ddeb9eb22,USDC-WETH,1%,USDC-WETH (1%)
2025-09-23T22:15:00.926Z,134534,0.0,0.0,,,0.0,88387790-5f54-400f-bc53-931ddeb9eb22,USDC-WETH,1%,USDC-WETH (1%)
2025-09-24T23:16:19.733Z,133537,0.0,0.0,,,0.0,88387790-5f54-400f-bc53-931ddeb9eb22,USDC-WETH,1%,USDC-WETH (1%)
2025-09-25T23:11:47.390Z,125261,0.0,0.0,,,0.0,88387790-5f54-400f-bc53-931ddeb9eb22,USDC-WETH,1%,USDC-WETH (1%)
2025-09-26T23:13:45.454Z,129547,0.0,0.0,,,0.0,88387790-5f54-400f-bc53-931ddeb9eb22,USDC-WETH,1%,USDC-WETH (1%)
2025-09-27T23:13:25.631Z,129283,0.0,0.0,,,0.0,88387790-5f54-400f-bc53-931ddeb9eb22,USDC-WETH,1%,USDC-WETH (1%)
2025-09-28T23:10:30.073Z,132781,0.0,0.0,,,0.0,88387790-5f54-400f-bc53-931ddeb9eb22,USDC-WETH,1%,USDC-WETH (1%)
2025-09-29T23:09:03.261Z,136019,0.0,0.0,,,0.0,88387790-5f54-400f-bc53-931ddeb9eb22,USDC-WETH,1%,USDC-WETH (1%)
2025-09-30T23:11:03.656Z,132841,0.0,0.0,,,0.0,88387790-5f54-400f-bc53-931ddeb9eb22,USDC-WETH,1%,USDC-WETH (1%)
2025-10-01T23:10:15.228Z,138630,0.0,0.0,,,0.0,88387790-5f54-400f-bc53-931ddeb9eb22,USDC-WETH,1%,USDC-WETH (1%)
2025-10-02T23:07:55.785Z,143494,0.0,0.0,,,0.0,88387790-5f54-400f-bc53-931ddeb9eb22,USDC-WETH,1%,USDC-WETH (1%)
2025-10-03T23:07:29.007Z,145592,0.0,0.0,,,0.0,88387790-5f54-400f-bc53-931ddeb9eb22,USDC-WETH,1%,USDC-WETH (1%)
2025-10-04T23:07:58.392Z,144347,0.0,0.0,,,0.0,88387790-5f54-400f-bc53-931ddeb9eb22,USDC-WETH,1%,USDC-WETH (1%)
2025-10-05T23:07:41.435Z,145064,0.0,0.0,,,0.0,88387790-5f54-400f-bc53-931ddeb9eb22,USDC-WETH,1%,USDC-WETH (1%)
2025-10-06T23:12:03.230Z,151055,0.0,0.0,,,0.0,88387790-5f54-400f-bc53-931ddeb9eb22,USDC-WETH,1%,USDC-WETH (1%)
2025-10-07T23:12:33.051Z,144594,0.0,0.0,,,0.0,88387790-5f54-400f-bc53-931ddeb9eb22,USDC-WETH,1%,USDC-WETH (1%)
2025-10-08T23:10:36.810Z,145457,0.0,0.0,,,0.0,88387790-5f54-400f-bc53-931ddeb9eb22,USDC-WETH,1%,USDC-WETH (1%)
2025-10-09T23:10:34.989Z,140742,0.08946,0.08946,,,0.0,88387790-5f54-400f-bc53-931ddeb9eb22,USDC-WETH,1%,USDC-WETH (1%)
2025-10-10T21:10:11.385Z,125147,0.0,0.0,,,0.0,88387790-5f54-400f-bc53-931ddeb9eb22,USDC-WETH,1%,USDC-WETH (1%)
2025-10-11T23:11:34.529Z,120392,0.0,0.0,,,0.0,88387790-5f54-400f-bc53-931ddeb9eb22,USDC-WETH,1%,USDC-WETH (1%)
2025-10-12T23:11:53.824Z,133115,0.0,0.0,,,0.0,88387790-5f54-400f-bc53-931ddeb9eb22,USDC-WETH,1%,USDC-WETH (1%)
2025-10-13T23:08:04.016Z,137302,0.0,0.0,,,0.0,88387790-5f54-400f-bc53-931ddeb9eb22,USDC-WETH,1%,USDC-WETH (1%)
2025-10-14T23:06:59.023Z,132401,0.0,0.0,,,0.0,88387790-5f54-400f-bc53-931ddeb9eb22,USDC-WETH,1%,USDC-WETH (1%)
2025-10-15T23:09:35.558Z,127319,0.0,0.0,,,0.0,88387790-5f54-400f-bc53-931ddeb9eb22,USDC-WETH,1%,USDC-WETH (1%)
2025-10-16T23:09:21.599Z,124207,0.0,0.0,,,0.0,88387790-5f54-400f-bc53-931ddeb9eb22,USDC-WETH,1%,USDC-WETH (1%)
2025-10-17T23:07:46.454Z,123847,0.0,0.0,,,0.0,88387790-5f54-400f-bc53-931ddeb9eb22,USDC-WETH,1%,USDC-WETH (1%)
2025-10-18T23:09:16.634Z,124894,0.0,0.0,,,0.0,88387790-5f54-400f-bc53-931ddeb9eb22,USDC-WETH,1%,USDC-WETH (1%)
2025-10-19T23:08:42.824Z,129246,0.0,0.0,,,0.0,88387790-5f54-400f-bc53-931ddeb9eb22,USDC-WETH,1%,USDC-WETH (1%)
2025-10-20T21:10:10.706Z,128428,0.0,0.0,,,0.0,88387790-5f54-400f-bc53-931ddeb9eb22,USDC-WETH,1%,USDC-WETH (1%)
2025-10-21T23:10:53.176Z,125133,0.0,0.0,,,0.0,88387790-5f54-400f-bc53-931ddeb9eb22,USDC-WETH,1%,USDC-WETH (1%)
2025-10-22T23:11:03.814Z,120352,0.0,0.0,,,0.0,88387790-5f54-400f-bc53-931ddeb9eb22,USDC-WETH,1%,USDC-WETH (1%)
2025-10-23T23:10:37.464Z,123503,0.0,0.0,,,0.0,88387790-5f54-400f-bc53-931ddeb9eb22,USDC-WETH,1%,USDC-WETH (1%)
2025-10-24T23:10:51.286Z,126220,0.0,0.0,,,0.0,88387790-5f54-400f-bc53-931ddeb9eb22,USDC-WETH,1%,USDC-WETH (1%)
2025-10-25T23:47:05.883Z,126797,0.0,0.0,,,0.0,88387790-5f54-400f-bc53-931ddeb9eb22,USDC-WETH,1%,USDC-WETH (1%)
2025-10-26T21:14:42.573Z,130291,0.0,0.0,,,0.0,88387790-5f54-400f-bc53-931ddeb9eb22,USDC-WETH,1%,USDC-WETH (1%)
2025-10-27T23:29:32.479Z,131970,0.0,0.0,,,0.0,88387790-5f54-400f-bc53-931ddeb9eb22,USDC-WETH,1%,USDC-WETH (1%)
2025-10-28T23:30:46.181Z,127760,0.0,0.0,,,0.0,88387790-5f54-400f-bc53-931ddeb9eb22,USDC-WETH,1%,USDC-WETH (1%)
2025-10-29T20:30:57.740Z,124961,0.0,0.0,,,0.0,88387790-5f54-400f-bc53-931ddeb9eb22,USDC-WETH,1%,USDC-WETH (1%)
2025-10-30T23:47:01.808Z,121289,0.0,0.0,,,0.0,88387790-5f54-400f-bc53-931ddeb9eb22,USDC-WETH,1%,USDC-WETH (1%)
2025-10-31T20:11:55.948Z,124661,0.0,0.0,,,0.0,88387790-5f54-400f-bc53-931ddeb9eb22,USDC-WETH,1%,USDC-WETH (1%)
2025-11-01T22:15:39.619Z,123900,0.19838,0.19838,,,0.0,88387790-5f54-400f-bc53-931ddeb9eb22,USDC-WETH,1%,USDC-WETH (1%)
2025-11-02T19:46:49.569Z,123307,0.0,0.0,,,0.0,88387790-5f54-400f-bc53-931ddeb9eb22,USDC-WETH,1%,USDC-WETH (1%)
2025-11-03T23:32:38.622Z,114540,0.0,0.0,,,0.0,88387790-5f54-400f-bc53-931ddeb9eb22,USDC-WETH,1%,USDC-WETH (1%)
2025-11-04T23:28:10.207Z,104688,0.0,0.0,,,0.0,88387790-5f54-400f-bc53-931ddeb9eb22,USDC-WETH,1%,USDC-WETH (1%)
2025-11-05T23:30:25.271Z,110752,0.0,0.0,,,0.0,88387790-5f54-400f-bc53-931ddeb9eb22,USDC-WETH,1%,USDC-WETH (1%)
2025-11-06T22:15:48.109Z,106448,0.0,0.0,,,0.0,88387790-5f54-400f-bc53-931ddeb9eb22,USDC-WETH,1%,USDC-WETH (1%)
2025-11-07T23:28:57.686Z,110264,0.0,0.0,,,0.0,88387790-5f54-400f-bc53-931ddeb9eb22,USDC-WETH,1%,USDC-WETH (1%)
2025-11-08T23:31:48.447Z,109059,0.0,0.0,,,0.0,88387790-5f54-400f-bc53-931ddeb9eb22,USDC-WETH,1%,USDC-WETH (1%)
2025-11-09T23:32:36.951Z,115007,0.0,0.0,,,0.0,88387790-5f54-400f-bc53-931ddeb9eb22,USDC-WETH,1%,USDC-WETH (1%)
2025-11-10T22:30:28.659Z,113094,0.0,0.0,,,0.0,88387790-5f54-400f-bc53-931ddeb9eb22,USDC-WETH,1%,USDC-WETH (1%)
2025-11-11T23:28:00.943Z,109559,0.0,0.0,,,0.0,88387790-5f54-400f-bc53-931ddeb9eb22,USDC-WETH,1%,USDC-WETH (1%)
2025-11-12T23:12:55.297Z,109488,0.0,0.0,,,0.0,88387790-5f54-400f-bc53-931ddeb9eb22,USDC-WETH,1%,USDC-WETH (1%)
2025-11-13T23:16:01.275Z,103288,0.0,0.0,,,0.0,88387790-5f54-400f-bc53-931ddeb9eb22,USDC-WETH,1%,USDC-WETH (1%)
2025-11-14T23:11:28.380Z,98248,5.13731,5.13731,,,0.0,88387790-5f54-400f-bc53-931ddeb9eb22,USDC-WETH,1%,USDC-WETH (1%)
2025-11-15T22:32:06.786Z,98649,0.0,0.0,,,0.0,88387790-5f54-400f-bc53-931ddeb9eb22,USDC-WETH,1%,USDC-WETH (1%)
2025-11-16T23:16:06.749Z,95835,0.0,0.0,,,0.0,88387790-5f54-400f-bc53-931ddeb9eb22,USDC-WETH,1%,USDC-WETH (1%)
2025-11-17T23:08:40.525Z,94069,0.0,0.0,,,0.0,88387790-5f54-400f-bc53-931ddeb9eb22,USDC-WETH,1%,USDC-WETH (1%)
2025-11-18T23:15:10.389Z,97159,0.0,0.0,,,0.0,88387790-5f54-400f-bc53-931ddeb9eb22,USDC-WETH,1%,USDC-WETH (1%)
2025-11-19T23:13:02.763Z,92801,0.0,0.0,,,0.0,88387790-5f54-400f-bc53-931ddeb9eb22,USDC-WETH,1%,USDC-WETH (1%)
2025-11-20T23:11:51.334Z,89892,0.0,0.0,,,0.0,88387790-5f54-400f-bc53-931ddeb9eb22,USDC-WETH,1%,USDC-WETH (1%)
2025-11-21T23:13:47.660Z,84828,0.0,0.0,,,0.0,88387790-5f54-400f-bc53-931ddeb9eb22,USDC-WETH,1%,USDC-WETH (1%)
2025-11-22T23:11:16.949Z,86961,0.0,0.0,,,0.0,88387790-5f54-400f-bc53-931ddeb9eb22,USDC-WETH,1%,USDC-WETH (1%)
2025-11-23T23:11:31.212Z,88290,0.0,0.0,,,0.0,88387790-5f54-400f-bc53-931ddeb9eb22,USDC-WETH,1%,USDC-WETH (1%)
2025-11-24T23:12:19.265Z,92170,0.0,0.0,,,0.0,88387790-5f54-400f-bc53-931ddeb9eb22,USDC-WETH,1%,USDC-WETH (1%)
2025-11-25T23:07:51.121Z,92366,0.0,0.0,,,0.0,88387790-5f54-400f-bc53-931ddeb9eb22,USDC-WETH,1%,USDC-WETH (1%)
2025-11-26T23:08:59.252Z,94347,0.0,0.0,,,0.0,88387790-5f54-400f-bc53-931ddeb9eb22,USDC-WETH,1%,USDC-WETH (1%)
2025-11-27T23:10:24.903Z,93746,0.0,0.0,,,0.0,88387790-5f54-400f-bc53-931ddeb9eb22,USDC-WETH,1%,USDC-WETH (1%)
2025-11-28T23:13:04.382Z,94680,0.0,0.0,,,0.0,88387790-5f54-400f-bc53-931ddeb9eb22,USDC-WETH,1%,USDC-WETH (1%)
2025-11-29T23:08:29.419Z,93090,0.0,0.0,,,0.0,88387790-5f54-400f-bc53-931ddeb9eb22,USDC-WETH,1%,USDC-WETH (1%)
2025-11-30T23:08:16.927Z,94378,0.0,0.0,,,0.0,88387790-5f54-400f-bc53-931ddeb9eb22,USDC-WETH,1%,USDC-WETH (1%)
2025-12-01T23:08:05.548Z,87183,0.0,0.0,,,0.0,88387790-5f54-400f-bc53-931ddeb9eb22,USDC-WETH,1%,USDC-WETH (1%)
2025-12-02T22:09:26.484Z,93349,0.0,0.0,,,0.0,88387790-5f54-400f-bc53-931ddeb9eb22,USDC-WETH,1%,USDC-WETH (1%)
2025-12-03T22:10:16.718Z,98628,0.0,0.0,,,0.0,88387790-5f54-400f-bc53-931ddeb9eb22,USDC-WETH,1%,USDC-WETH (1%)
2025-12-04T23:09:51.168Z,97928,0.0,0.0,,,0.0,88387790-5f54-400f-bc53-931ddeb9eb22,USDC-WETH,1%,USDC-WETH (1%)
2025-12-05T23:09:40.312Z,94303,0.0,0.0,,,0.0,88387790-5f54-400f-bc53-931ddeb9eb22,USDC-WETH,1%,USDC-WETH (1%)
2025-12-06T23:11:06.241Z,94747,0.0,0.0,,,0.0,88387790-5f54-400f-bc53-931ddeb9eb22,USDC-WETH,1%,USDC-WETH (1%)
2025-12-07T23:09:52.105Z,94468,0.0,0.0,,,0.0,88387790-5f54-400f-bc53-931ddeb9eb22,USDC-WETH,1%,USDC-WETH (1%)
2025-12-08T23:10:22.430Z,97522,0.0,0.0,,,0.0,88387790-5f54-400f-bc53-931ddeb9eb22,USDC-WETH,1%,USDC-WETH (1%)
2025-12-09T23:04:59.404Z,103784,0.0,0.0,,,0.0,88387790-5f54-400f-bc53-931ddeb9eb22,USDC-WETH,1%,USDC-WETH (1%)
2025-12-10T23:09:56.985Z,104356,0.0,0.0,,,0.0,88387790-5f54-400f-bc53-931ddeb9eb22,USDC-WETH,1%,USDC-WETH (1%)
2025-12-11T23:06:52.929Z,100969,0.0,0.0,,,0.0,88387790-5f54-400f-bc53-931ddeb9eb22,USDC-WETH,1%,USDC-WETH (1%)
2025-12-12T23:09:01.469Z,96302,0.0,0.0,,,0.0,88387790-5f54-400f-bc53-931ddeb9eb22,USDC-WETH,1%,USDC-WETH (1%)
2025-12-13T23:08:42.856Z,96938,0.0,0.0,,,0.0,88387790-5f54-400f-bc53-931ddeb9eb22,USDC-WETH,1%,USDC-WETH (1%)
2025-12-14T23:08:50.780Z,95498,0.0,0.0,,,0.0,88387790-5f54-400f-bc53-931ddeb9eb22,USDC-WETH,1%,USDC-WETH (1%)
2025-12-15T23:10:14.265Z,91810,0.06235,0.06235,,,0.0,88387790-5f54-400f-bc53-931ddeb9eb22,USDC-WETH,1%,USDC-WETH (1%)
2025-12-16T23:07:19.003Z,91954,0.0,0.0,,,0.0,88387790-5f54-400f-bc53-931ddeb9eb22,USDC-WETH,1%,USDC-WETH (1%)
2025-12-17T23:07:02.971Z,88278,0.0,0.0,,,0.0,88387790-5f54-400f-bc53-931ddeb9eb22,USDC-WETH,1%,USDC-WETH (1%)
2025-12-18T23:08:04.252Z,88082,0.02349,0.02349,,,0.0,88387790-5f54-400f-bc53-931ddeb9eb22,USDC-WETH,1%,USDC-WETH (1%)
2025-12-19T23:06:51.940Z,92986,0.0,0.0,,,0.0,88387790-5f54-400f-bc53-931ddeb9eb22,USDC-WETH,1%,USDC-WETH (1%)
2025-12-20T23:07:27.889Z,92480,0.47738,0.47738,,,0.0,88387790-5f54-400f-bc53-931ddeb9eb22,USDC-WETH,1%,USDC-WETH (1%)
2025-12-21T23:05:26.996Z,92946,0.0,0.0,,,0.0,88387790-5f54-400f-bc53-931ddeb9eb22,USDC-WETH,1%,USDC-WETH (1%)
2025-12-22T23:07:52.113Z,93449,0.0,0.0,,,0.0,88387790-5f54-400f-bc53-931ddeb9eb22,USDC-WETH,1%,USDC-WETH (1%)
2025-12-23T23:09:13.038Z,91795,0.0,0.0,,,0.0,88387790-5f54-400f-bc53-931ddeb9eb22,USDC-WETH,1%,USDC-WETH (1%)
2025-12-24T23:07:02.612Z,91816,0.0,0.0,,,0.0,88387790-5f54-400f-bc53-931ddeb9eb22,USDC-WETH,1%,USDC-WETH (1%)
2025-12-25T23:07:09.973Z,90595,0.0,0.0,,,0.0,88387790-5f54-400f-bc53-931ddeb9eb22,USDC-WETH,1%,USDC-WETH (1%)
2025-12-26T23:07:48.139Z,90897,0.0,0.0,,,0.0,88387790-5f54-400f-bc53-931ddeb9eb22,USDC-WETH,1%,USDC-WETH (1%)
2025-12-27T23:06:34.785Z,91047,0.0,0.0,,,0.0,88387790-5f54-400f-bc53-931ddeb9eb22,USDC-WETH,1%,USDC-WETH (1%)
2025-12-28T23:08:35.430Z,91601,0.0,0.0,,,0.0,88387790-5f54-400f-bc53-931ddeb9eb22,USDC-WETH,1%,USDC-WETH (1%)
2025-12-29T23:07:47.695Z,91130,0.0,0.0,,,0.0,88387790-5f54-400f-bc53-931ddeb9eb22,USDC-WETH,1%,USDC-WETH (1%)
2025-12-30T23:07:10.729Z,92054,0.0,0.0,,,0.0,88387790-5f54-400f-bc53-931ddeb9eb22,USDC-WETH,1%,USDC-WETH (1%)
2025-12-31T23:07:36.058Z,92326,0.0,0.0,,,0.0,88387790-5f54-400f-bc53-931ddeb9eb22,USDC-WETH,1%,USDC-WETH (1%)
2026-01-01T23:06:24.561Z,92980,0.0,0.0,,,0.0,88387790-5f54-400f-bc53-931ddeb9eb22,USDC-WETH,1%,USDC-WETH (1%)
2026-01-02T23:07:28.926Z,97258,0.0,0.0,,,0.0,88387790-5f54-400f-bc53-931ddeb9eb22,USDC-WETH,1%,USDC-WETH (1%)
2026-01-03T23:07:41.298Z,96882,0.0,0.0,,,0.0,88387790-5f54-400f-bc53-931ddeb9eb22,USDC-WETH,1%,USDC-WETH (1%)
2026-01-04T23:08:00.155Z,97404,0.0,0.0,,,0.0,88387790-5f54-400f-bc53-931ddeb9eb22,USDC-WETH,1%,USDC-WETH (1%)
2026-01-05T21:07:10.827Z,100512,0.0,0.0,,,0.0,88387790-5f54-400f-bc53-931ddeb9eb22,USDC-WETH,1%,USDC-WETH (1%)
2026-01-06T23:23:54.534Z,102077,0.0,0.0,,,0.0,88387790-5f54-400f-bc53-931ddeb9eb22,USDC-WETH,1%,USDC-WETH (1%)
2026-01-07T23:07:48.845Z,97777,0.0,0.0,,,0.0,88387790-5f54-400f-bc53-931ddeb9eb22,USDC-WETH,1%,USDC-WETH (1%)
2026-01-08T23:07:14.726Z,96748,0.0,0.0,,,0.0,88387790-5f54-400f-bc53-931ddeb9eb22,USDC-WETH,1%,USDC-WETH (1%)
2026-01-09T23:07:57.409Z,95694,0.0,0.0,,,0.0,88387790-5f54-400f-bc53-931ddeb9eb22,USDC-WETH,1%,USDC-WETH (1%)
2026-01-10T23:07:00.157Z,95583,0.0,0.0,,,0.0,88387790-5f54-400f-bc53-931ddeb9eb22,USDC-WETH,1%,USDC-WETH (1%)
2026-01-11T23:09:19.846Z,96546,0.0,0.0,,,0.0,88387790-5f54-400f-bc53-931ddeb9eb22,USDC-WETH,1%,USDC-WETH (1%)
2026-01-12T23:07:01.717Z,96057,0.09386,0.09386,,,0.0,88387790-5f54-400f-bc53-931ddeb9eb22,USDC-WETH,1%,USDC-WETH (1%)
2026-01-13T23:07:21.178Z,103291,0.0,0.0,,,0.0,88387790-5f54-400f-bc53-931ddeb9eb22,USDC-WETH,1%,USDC-WETH (1%)
2026-01-14T23:07:18.244Z,104027,0.0,0.0,,,0.0,88387790-5f54-400f-bc53-931ddeb9eb22,USDC-WETH,1%,USDC-WETH (1%)
2026-01-15T23:07:40.465Z,102501,0.08752,0.08752,,,0.0,88387790-5f54-400f-bc53-931ddeb9eb22,USDC-WETH,1%,USDC-WETH (1%)
2026-01-16T23:08:01.390Z,102056,0.16765,0.16765,,,0.0,88387790-5f54-400f-bc53-931ddeb9eb22,USDC-WETH,1%,USDC-WETH (1%)
2026-01-17T23:07:10.724Z,95619,12.94112,12.94112,,,0.0,88387790-5f54-400f-bc53-931ddeb9eb22,USDC-WETH,1%,USDC-WETH (1%)
2026-01-18T20:07:18.665Z,96879,0.0,0.0,,,0.0,88387790-5f54-400f-bc53-931ddeb9eb22,USDC-WETH,1%,USDC-WETH (1%)
2026-01-19T23:07:26.257Z,92486,0.0,0.0,,,0.0,88387790-5f54-400f-bc53-931ddeb9eb22,USDC-WETH,1%,USDC-WETH (1%)
2026-01-20T23:09:10.874Z,85193,0.0,0.0,,,0.0,88387790-5f54-400f-bc53-931ddeb9eb22,USDC-WETH,1%,USDC-WETH (1%)
2026-01-21T23:07:56.599Z,87103,0.0,0.0,,,0.0,88387790-5f54-400f-bc53-931ddeb9eb22,USDC-WETH,1%,USDC-WETH (1%)
2026-01-22T23:07:12.179Z,85295,0.0,0.0,,,0.0,88387790-5f54-400f-bc53-931ddeb9eb22,USDC-WETH,1%,USDC-WETH (1%)
2026-01-23T23:08:44.204Z,85512,0.0,0.0,,,0.0,88387790-5f54-400f-bc53-931ddeb9eb22,USDC-WETH,1%,USDC-WETH (1%)
2026-01-24T23:06:44.040Z,85321,0.4634,0.4634,,,0.0,88387790-5f54-400f-bc53-931ddeb9eb22,USDC-WETH,1%,USDC-WETH (1%)
2026-01-25T23:06:46.339Z,80823,0.0,0.0,,,0.0,88387790-5f54-400f-bc53-931ddeb9eb22,USDC-WETH,1%,USDC-WETH (1%)
2026-01-26T23:09:14.936Z,84364,0.0,0.0,,,0.0,88387790-5f54-400f-bc53-931ddeb9eb22,USDC-WETH,1%,USDC-WETH (1%)
2026-01-27T23:09:15.196Z,87040,0.0,0.0,,,0.0,88387790-5f54-400f-bc53-931ddeb9eb22,USDC-WETH,1%,USDC-WETH (1%)
2026-01-28T17:09:06.271Z,86569,0.0,0.0,,,0.0,88387790-5f54-400f-bc53-931ddeb9eb22,USDC-WETH,1%,USDC-WETH (1%)
2026-01-29T23:09:57.593Z,81269,0.0,0.0,,,0.0,88387790-5f54-400f-bc53-931ddeb9eb22,USDC-WETH,1%,USDC-WETH (1%)
2026-01-30T23:09:06.105Z,77958,0.0,0.0,,,0.0,88387790-5f54-400f-bc53-931ddeb9eb22,USDC-WETH,1%,USDC-WETH (1%)
2026-01-31T23:11:28.547Z,69791,0.02639,0.02639,,,0.0,88387790-5f54-400f-bc53-931ddeb9eb22,USDC-WETH,1%,USDC-WETH (1%)
2026-02-01T23:10:36.758Z,66823,0.0,0.0,,,0.0,88387790-5f54-400f-bc53-931ddeb9eb22,USDC-WETH,1%,USDC-WETH (1%)
2026-02-02T23:09:07.820Z,67699,0.0,0.0,,,0.0,88387790-5f54-400f-bc53-931ddeb9eb22,USDC-WETH,1%,USDC-WETH (1%)
2026-02-03T23:09:58.326Z,64383,0.0,0.0,,,0.0,88387790-5f54-400f-bc53-931ddeb9eb22,USDC-WETH,1%,USDC-WETH (1%)
2026-02-04T23:08:24.340Z,61024,0.0,0.0,,,0.0,88387790-5f54-400f-bc53-931ddeb9eb22,USDC-WETH,1%,USDC-WETH (1%)
2026-02-05T23:06:38.438Z,53944,0.0,0.0,,,0.0,88387790-5f54-400f-bc53-931ddeb9eb22,USDC-WETH,1%,USDC-WETH (1%)
2026-02-06T23:09:02.455Z,59815,0.0,0.0,,,0.0,88387790-5f54-400f-bc53-931ddeb9eb22,USDC-WETH,1%,USDC-WETH (1%)
2026-02-07T23:05:12.819Z,60288,0.0,0.0,,,0.0,88387790-5f54-400f-bc53-931ddeb9eb22,USDC-WETH,1%,USDC-WETH (1%)
2026-02-08T22:09:43.865Z,60456,0.0,0.0,,,0.0,88387790-5f54-400f-bc53-931ddeb9eb22,USDC-WETH,1%,USDC-WETH (1%)
2026-02-09T23:08:41.493Z,60912,0.0,0.0,,,0.0,88387790-5f54-400f-bc53-931ddeb9eb22,USDC-WETH,1%,USDC-WETH (1%)
2026-02-10T23:09:46.717Z,58142,0.0,0.0,,,0.0,88387790-5f54-400f-bc53-931ddeb9eb22,USDC-WETH,1%,USDC-WETH (1%)
2026-02-11T23:09:40.561Z,56324,0.0,0.0,,,0.0,88387790-5f54-400f-bc53-931ddeb9eb22,USDC-WETH,1%,USDC-WETH (1%)
2026-02-12T23:09:39.261Z,56038,0.0,0.0,,,0.0,88387790-5f54-400f-bc53-931ddeb9eb22,USDC-WETH,1%,USDC-WETH (1%)
2026-02-13T23:09:40.893Z,59158,0.0,0.0,,,0.0,88387790-5f54-400f-bc53-931ddeb9eb22,USDC-WETH,1%,USDC-WETH (1%)
2026-02-14T23:09:01.462Z,60309,0.0,0.0,,,0.0,88387790-5f54-400f-bc53-931ddeb9eb22,USDC-WETH,1%,USDC-WETH (1%)
2026-02-15T23:14:15.548Z,56783,0.0,0.0,,,0.0,88387790-5f54-400f-bc53-931ddeb9eb22,USDC-WETH,1%,USDC-WETH (1%)
2026-02-16T23:08:46.871Z,57434,0.0,0.0,,,0.0,88387790-5f54-400f-bc53-931ddeb9eb22,USDC-WETH,1%,USDC-WETH (1%)
2026-02-17T23:10:16.941Z,57476,0.0,0.0,,,0.0,88387790-5f54-400f-bc53-931ddeb9eb22,USDC-WETH,1%,USDC-WETH (1%)
2026-02-18T23:08:42.741Z,56160,0.0,0.0,,,0.0,88387790-5f54-400f-bc53-931ddeb9eb22,USDC-WETH,1%,USDC-WETH (1%)
2026-02-19T23:09:15.073Z,56073,0.0,0.0,,,0.0,88387790-5f54-400f-bc53-931ddeb9eb22,USDC-WETH,1%,USDC-WETH (1%)
2026-02-20T23:08:11.441Z,56847,0.0,0.0,,,0.0,88387790-5f54-400f-bc53-931ddeb9eb22,USDC-WETH,1%,USDC-WETH (1%)
2026-02-21T23:08:15.516Z,56977,0.0,0.0,,,0.0,88387790-5f54-400f-bc53-931ddeb9eb22,USDC-WETH,1%,USDC-WETH (1%)
2026-02-22T23:09:27.832Z,56533,0.0,0.0,,,0.0,88387790-5f54-400f-bc53-931ddeb9eb22,USDC-WETH,1%,USDC-WETH (1%)
2026-02-23T23:08:46.348Z,53691,0.0,0.0,,,0.0,88387790-5f54-400f-bc53-931ddeb9eb22,USDC-WETH,1%,USDC-WETH (1%)
2026-02-24T23:10:26.440Z,53669,0.0,0.0,,,0.0,88387790-5f54-400f-bc53-931ddeb9eb22,USDC-WETH,1%,USDC-WETH (1%)
2026-02-25T23:09:34.517Z,60018,0.0,0.0,,,0.0,88387790-5f54-400f-bc53-931ddeb9eb22,USDC-WETH,1%,USDC-WETH (1%)
2026-02-26T23:09:03.946Z,58650,0.0,0.0,,,0.0,88387790-5f54-400f-bc53-931ddeb9eb22,USDC-WETH,1%,USDC-WETH (1%)
2026-02-27T23:09:05.077Z,55366,0.0,0.0,,,0.0,88387790-5f54-400f-bc53-931ddeb9eb22,USDC-WETH,1%,USDC-WETH (1%)
2026-02-28T23:08:58.902Z,56834,0.0,0.0,,,0.0,88387790-5f54-400f-bc53-931ddeb9eb22,USDC-WETH,1%,USDC-WETH (1%)
2026-03-01T23:09:07.502Z,55559,0.0,0.0,,,0.0,88387790-5f54-400f-bc53-931ddeb9eb22,USDC-WETH,1%,USDC-WETH (1%)
2026-03-02T23:10:12.988Z,59199,0.0,0.0,,,0.0,88387790-5f54-400f-bc53-931ddeb9eb22,USDC-WETH,1%,USDC-WETH (1%)
2026-03-03T23:13:07.337Z,57196,0.0,0.0,,,0.0,88387790-5f54-400f-bc53-931ddeb9eb22,USDC-WETH,1%,USDC-WETH (1%)
2026-03-04T23:11:06.998Z,61518,0.0,0.0,,,0.0,88387790-5f54-400f-bc53-931ddeb9eb22,USDC-WETH,1%,USDC-WETH (1%)
2026-03-05T23:13:19.901Z,60099,0.0,0.0,,,0.0,88387790-5f54-400f-bc53-931ddeb9eb22,USDC-WETH,1%,USDC-WETH (1%)
2026-03-06T23:11:29.173Z,57382,0.0,0.0,,,0.0,88387790-5f54-400f-bc53-931ddeb9eb22,USDC-WETH,1%,USDC-WETH (1%)
2026-03-07T23:08:10.500Z,56719,0.0,0.0,,,0.0,88387790-5f54-400f-bc53-931ddeb9eb22,USDC-WETH,1%,USDC-WETH (1%)
2026-03-08T23:09:42.471Z,56035,0.0,0.0,,,0.0,88387790-5f54-400f-bc53-931ddeb9eb22,USDC-WETH,1%,USDC-WETH (1%)
2026-03-09T23:06:43.677Z,57755,0.0,0.0,,,0.0,88387790-5f54-400f-bc53-931ddeb9eb22,USDC-WETH,1%,USDC-WETH (1%)
2026-03-10T23:11:43.908Z,58463,0.0,0.0,,,0.0,88387790-5f54-400f-bc53-931ddeb9eb22,USDC-WETH,1%,USDC-WETH (1%)
2026-03-11T23:08:55.891Z,59440,0.0,0.0,,,0.0,88387790-5f54-400f-bc53-931ddeb9eb22,USDC-WETH,1%,USDC-WETH (1%)
2026-03-12T23:12:38.468Z,59501,0.0,0.0,,,0.0,88387790-5f54-400f-bc53-931ddeb9eb22,USDC-WETH,1%,USDC-WETH (1%)
2026-03-13T23:10:11.939Z,60293,0.0,0.0,,,0.0,88387790-5f54-400f-bc53-931ddeb9eb22,USDC-WETH,1%,USDC-WETH (1%)
2026-03-14T23:10:49.727Z,60116,0.0,0.0,,,0.0,88387790-5f54-400f-bc53-931ddeb9eb22,USDC-WETH,1%,USDC-WETH (1%)
2026-03-15T23:11:31.158Z,62923,0.0,0.0,,,0.0,88387790-5f54-400f-bc53-931ddeb9eb22,USDC-WETH,1%,USDC-WETH (1%)
2026-03-16T23:09:40.810Z,68055,0.0,0.0,,,0.0,88387790-5f54-400f-bc53-931ddeb9eb22,USDC-WETH,1%,USDC-WETH (1%)
2026-03-17T23:10:10.496Z,67163,0.0,0.0,,,0.0,88387790-5f54-400f-bc53-931ddeb9eb22,USDC-WETH,1%,USDC-WETH (1%)
2026-03-18T22:12:13.584Z,63654,0.0,0.0,,,0.0,88387790-5f54-400f-bc53-931ddeb9eb22,USDC-WETH,1%,USDC-WETH (1%)
2026-03-19T23:11:28.320Z,61701,0.0,0.0,,,0.0,88387790-5f54-400f-bc53-931ddeb9eb22,USDC-WETH,1%,USDC-WETH (1%)
2026-03-20T23:09:46.553Z,62203,0.0,0.0,,,0.0,88387790-5f54-400f-bc53-931ddeb9eb22,USDC-WETH,1%,USDC-WETH (1%)
2026-03-21T23:09:52.348Z,62013,0.0,0.0,,,0.0,88387790-5f54-400f-bc53-931ddeb9eb22,USDC-WETH,1%,USDC-WETH (1%)
2026-03-22T23:09:24.921Z,59466,0.0,0.0,,,0.0,88387790-5f54-400f-bc53-931ddeb9eb22,USDC-WETH,1%,USDC-WETH (1%)
2026-03-23T23:10:20.633Z,62095,0.0,0.0,,,0.0,88387790-5f54-400f-bc53-931ddeb9eb22,USDC-WETH,1%,USDC-WETH (1%)
2026-03-24T23:13:00.579Z,61888,0.0,0.0,,,0.0,88387790-5f54-400f-bc53-931ddeb9eb22,USDC-WETH,1%,USDC-WETH (1%)
2026-03-25T19:12:59.485Z,62331,0.0,0.0,,,0.0,88387790-5f54-400f-bc53-931ddeb9eb22,USDC-WETH,1%,USDC-WETH (1%)
