timestamp,tvlUsd,apy,apyBase,apyReward,il7d,apyBase7d,pool_id,symbol,feeTier,label
2022-03-27T00:00:00.000Z,420580148,15.19791,15.19791,,,,49717ee2-9808-4288-b76d-e658195b7979,USDC-WETH,0.3%,USDC-WETH (0.3%)
2022-03-28T00:00:00.000Z,416536052,18.09464,18.09464,,,,49717ee2-9808-4288-b76d-e658195b7979,USDC-WETH,0.3%,USDC-WETH (0.3%)
2022-03-29T00:00:00.000Z,417865639,23.77737,23.77737,,,,49717ee2-9808-4288-b76d-e658195b7979,USDC-WETH,0.3%,USDC-WETH (0.3%)
2022-03-30T00:00:00.000Z,415593539,20.93108,20.93108,,,,49717ee2-9808-4288-b76d-e658195b7979,USDC-WETH,0.3%,USDC-WETH (0.3%)
2022-03-31T00:00:00.000Z,407781993,19.35846,19.35846,,,,49717ee2-9808-4288-b76d-e658195b7979,USDC-WETH,0.3%,USDC-WETH (0.3%)
2022-04-01T00:00:00.000Z,418037350,23.94857,23.94857,,,,49717ee2-9808-4288-b76d-e658195b7979,USDC-WETH,0.3%,USDC-WETH (0.3%)
2022-04-02T00:00:00.000Z,420653349,20.37382,20.37382,,,,49717ee2-9808-4288-b76d-e658195b7979,USDC-WETH,0.3%,USDC-WETH (0.3%)
2022-04-03T00:00:00.000Z,422629208,15.55462,15.55462,,,,49717ee2-9808-4288-b76d-e658195b7979,USDC-WETH,0.3%,USDC-WETH (0.3%)
2022-04-04T00:00:00.000Z,425410819,20.71913,20.71913,,,,49717ee2-9808-4288-b76d-e658195b7979,USDC-WETH,0.3%,USDC-WETH (0.3%)
2022-04-05T00:00:00.000Z,422914117,18.97605,18.97605,,,,49717ee2-9808-4288-b76d-e658195b7979,USDC-WETH,0.3%,USDC-WETH (0.3%)
2022-04-06T00:00:00.000Z,409021959,47.20166,47.20166,,,,49717ee2-9808-4288-b76d-e658195b7979,USDC-WETH,0.3%,USDC-WETH (0.3%)
2022-04-07T00:00:00.000Z,409211263,25.48439,25.48439,,,,49717ee2-9808-4288-b76d-e658195b7979,USDC-WETH,0.3%,USDC-WETH (0.3%)
2022-04-08T00:00:00.000Z,409057028,26.39745,26.39745,,,,49717ee2-9808-4288-b76d-e658195b7979,USDC-WETH,0.3%,USDC-WETH (0.3%)
2022-04-09T00:00:00.000Z,419039595,9.95237,9.95237,,,,49717ee2-9808-4288-b76d-e658195b7979,USDC-WETH,0.3%,USDC-WETH (0.3%)
2022-04-10T00:00:00.000Z,414180886,10.72533,10.72533,,,,49717ee2-9808-4288-b76d-e658195b7979,USDC-WETH,0.3%,USDC-WETH (0.3%)
2022-04-11T00:00:00.000Z,395873316,34.33158,34.33158,,,,49717ee2-9808-4288-b76d-e658195b7979,USDC-WETH,0.3%,USDC-WETH (0.3%)
2022-04-12T00:00:00.000Z,397247636,22.86116,22.86116,,,,49717ee2-9808-4288-b76d-e658195b7979,USDC-WETH,0.3%,USDC-WETH (0.3%)
2022-04-13T00:00:00.000Z,410732891,21.8475,21.8475,,,,49717ee2-9808-4288-b76d-e658195b7979,USDC-WETH,0.3%,USDC-WETH (0.3%)
2022-04-14T00:00:00.000Z,402160742,12.78832,12.78832,,,,49717ee2-9808-4288-b76d-e658195b7979,USDC-WETH,0.3%,USDC-WETH (0.3%)
2022-04-15T00:00:00.000Z,404809706,10.03176,10.03176,,,,49717ee2-9808-4288-b76d-e658195b7979,USDC-WETH,0.3%,USDC-WETH (0.3%)
2022-04-16T00:00:00.000Z,405748176,6.23924,6.23924,,,,49717ee2-9808-4288-b76d-e658195b7979,USDC-WETH,0.3%,USDC-WETH (0.3%)
2022-04-17T00:00:00.000Z,405973477,19.67717,19.67717,,,,49717ee2-9808-4288-b76d-e658195b7979,USDC-WETH,0.3%,USDC-WETH (0.3%)
2022-04-18T00:00:00.000Z,402407218,18.34507,18.34507,,,,49717ee2-9808-4288-b76d-e658195b7979,USDC-WETH,0.3%,USDC-WETH (0.3%)
2022-04-19T00:00:00.000Z,406648764,11.44648,11.44648,,,,49717ee2-9808-4288-b76d-e658195b7979,USDC-WETH,0.3%,USDC-WETH (0.3%)
2022-04-20T00:00:00.000Z,404998135,16.19056,16.19056,,,,49717ee2-9808-4288-b76d-e658195b7979,USDC-WETH,0.3%,USDC-WETH (0.3%)
2022-04-21T00:00:00.000Z,397743486,23.12804,23.12804,,,,49717ee2-9808-4288-b76d-e658195b7979,USDC-WETH,0.3%,USDC-WETH (0.3%)
2022-04-22T00:00:00.000Z,395700822,15.38254,15.38254,,,,49717ee2-9808-4288-b76d-e658195b7979,USDC-WETH,0.3%,USDC-WETH (0.3%)
2022-04-23T00:00:00.000Z,398365106,4.25236,4.25236,,,,49717ee2-9808-4288-b76d-e658195b7979,USDC-WETH,0.3%,USDC-WETH (0.3%)
2022-04-24T00:00:00.000Z,396469201,6.88732,6.88732,,,,49717ee2-9808-4288-b76d-e658195b7979,USDC-WETH,0.3%,USDC-WETH (0.3%)
2022-04-25T00:00:00.000Z,403276729,19.89039,19.89039,,,,49717ee2-9808-4288-b76d-e658195b7979,USDC-WETH,0.3%,USDC-WETH (0.3%)
2022-04-26T00:00:00.000Z,393007004,18.37937,18.37937,,,,49717ee2-9808-4288-b76d-e658195b7979,USDC-WETH,0.3%,USDC-WETH (0.3%)
2022-04-27T00:00:00.000Z,383967590,17.18108,17.18108,,,,49717ee2-9808-4288-b76d-e658195b7979,USDC-WETH,0.3%,USDC-WETH (0.3%)
2022-04-28T00:00:00.000Z,389442085,15.58011,15.58011,,,,49717ee2-9808-4288-b76d-e658195b7979,USDC-WETH,0.3%,USDC-WETH (0.3%)
2022-04-29T00:00:00.000Z,384108358,13.37747,13.37747,,,,49717ee2-9808-4288-b76d-e658195b7979,USDC-WETH,0.3%,USDC-WETH (0.3%)
2022-04-30T00:00:00.000Z,392222900,10.54091,10.54091,,,,49717ee2-9808-4288-b76d-e658195b7979,USDC-WETH,0.3%,USDC-WETH (0.3%)
2022-05-01T00:00:00.000Z,394360378,12.63094,12.63094,,,,49717ee2-9808-4288-b76d-e658195b7979,USDC-WETH,0.3%,USDC-WETH (0.3%)
2022-05-02T00:00:00.000Z,399662028,14.51966,14.51966,,,,49717ee2-9808-4288-b76d-e658195b7979,USDC-WETH,0.3%,USDC-WETH (0.3%)
2022-05-03T00:00:00.000Z,393514260,7.90121,7.90121,,,,49717ee2-9808-4288-b76d-e658195b7979,USDC-WETH,0.3%,USDC-WETH (0.3%)
2022-05-04T00:00:00.000Z,406412486,15.48122,15.48122,,,,49717ee2-9808-4288-b76d-e658195b7979,USDC-WETH,0.3%,USDC-WETH (0.3%)
2022-05-05T00:00:00.000Z,389290174,16.79818,16.79818,,,,49717ee2-9808-4288-b76d-e658195b7979,USDC-WETH,0.3%,USDC-WETH (0.3%)
2022-05-06T00:00:00.000Z,407534575,36.90357,36.90357,,,,49717ee2-9808-4288-b76d-e658195b7979,USDC-WETH,0.3%,USDC-WETH (0.3%)
2022-05-07T00:00:00.000Z,408848232,10.79144,10.79144,,,,49717ee2-9808-4288-b76d-e658195b7979,USDC-WETH,0.3%,USDC-WETH (0.3%)
2022-05-08T00:00:00.000Z,398471171,28.89199,28.89199,,,,49717ee2-9808-4288-b76d-e658195b7979,USDC-WETH,0.3%,USDC-WETH (0.3%)
2022-05-09T00:00:00.000Z,348438121,81.1365,81.1365,,,,49717ee2-9808-4288-b76d-e658195b7979,USDC-WETH,0.3%,USDC-WETH (0.3%)
2022-05-10T00:00:00.000Z,346749534,76.68565,76.68565,,,,49717ee2-9808-4288-b76d-e658195b7979,USDC-WETH,0.3%,USDC-WETH (0.3%)
2022-05-11T00:00:00.000Z,330083652,164.02599,164.02599,,,,49717ee2-9808-4288-b76d-e658195b7979,USDC-WETH,0.3%,USDC-WETH (0.3%)
2022-05-12T00:00:00.000Z,317945738,156.38366,156.38366,,,,49717ee2-9808-4288-b76d-e658195b7979,USDC-WETH,0.3%,USDC-WETH (0.3%)
2022-05-13T00:00:00.000Z,331730387,67.83335,67.83335,,,,49717ee2-9808-4288-b76d-e658195b7979,USDC-WETH,0.3%,USDC-WETH (0.3%)
2022-05-14T00:00:00.000Z,331457803,36.81223,36.81223,,,,49717ee2-9808-4288-b76d-e658195b7979,USDC-WETH,0.3%,USDC-WETH (0.3%)
2022-05-15T00:00:00.000Z,343649851,23.74874,23.74874,,,,49717ee2-9808-4288-b76d-e658195b7979,USDC-WETH,0.3%,USDC-WETH (0.3%)
2022-05-16T00:00:00.000Z,339040015,50.43166,50.43166,,,,49717ee2-9808-4288-b76d-e658195b7979,USDC-WETH,0.3%,USDC-WETH (0.3%)
2022-05-17T00:00:00.000Z,355995640,26.60354,26.60354,,,,49717ee2-9808-4288-b76d-e658195b7979,USDC-WETH,0.3%,USDC-WETH (0.3%)
2022-05-18T00:00:00.000Z,343652320,27.93862,27.93862,,,,49717ee2-9808-4288-b76d-e658195b7979,USDC-WETH,0.3%,USDC-WETH (0.3%)
2022-05-19T00:00:00.000Z,348363654,36.10781,36.10781,,,,49717ee2-9808-4288-b76d-e658195b7979,USDC-WETH,0.3%,USDC-WETH (0.3%)
2022-05-20T00:00:00.000Z,347415980,27.7415,27.7415,,,,49717ee2-9808-4288-b76d-e658195b7979,USDC-WETH,0.3%,USDC-WETH (0.3%)
2022-05-21T00:00:00.000Z,350187575,11.05337,11.05337,,,,49717ee2-9808-4288-b76d-e658195b7979,USDC-WETH,0.3%,USDC-WETH (0.3%)
2022-05-22T00:00:00.000Z,357659912,13.55197,13.55197,,,,49717ee2-9808-4288-b76d-e658195b7979,USDC-WETH,0.3%,USDC-WETH (0.3%)
2022-05-23T00:00:00.000Z,349774795,29.37564,29.37564,,,,49717ee2-9808-4288-b76d-e658195b7979,USDC-WETH,0.3%,USDC-WETH (0.3%)
2022-05-24T00:00:00.000Z,347709203,19.72555,19.72555,,,,49717ee2-9808-4288-b76d-e658195b7979,USDC-WETH,0.3%,USDC-WETH (0.3%)
2022-05-25T00:00:00.000Z,350673111,21.25587,21.25587,,,,49717ee2-9808-4288-b76d-e658195b7979,USDC-WETH,0.3%,USDC-WETH (0.3%)
2022-05-26T00:00:00.000Z,313174081,60.28736,60.28736,,,,49717ee2-9808-4288-b76d-e658195b7979,USDC-WETH,0.3%,USDC-WETH (0.3%)
2022-05-27T00:00:00.000Z,310211520,36.31461,36.31461,,,,49717ee2-9808-4288-b76d-e658195b7979,USDC-WETH,0.3%,USDC-WETH (0.3%)
2022-05-28T00:00:00.000Z,315512682,16.4555,16.4555,,,,49717ee2-9808-4288-b76d-e658195b7979,USDC-WETH,0.3%,USDC-WETH (0.3%)
2022-05-29T00:00:00.000Z,318977486,7.63227,7.63227,,,,49717ee2-9808-4288-b76d-e658195b7979,USDC-WETH,0.3%,USDC-WETH (0.3%)
2022-05-30T00:00:00.000Z,332390690,28.67397,28.67397,,,,49717ee2-9808-4288-b76d-e658195b7979,USDC-WETH,0.3%,USDC-WETH (0.3%)
2022-05-31T00:00:00.000Z,329051881,21.84071,21.84071,,,,49717ee2-9808-4288-b76d-e658195b7979,USDC-WETH,0.3%,USDC-WETH (0.3%)
2022-06-01T00:00:00.000Z,313460673,20.86547,20.86547,,,,49717ee2-9808-4288-b76d-e658195b7979,USDC-WETH,0.3%,USDC-WETH (0.3%)
2022-06-02T00:00:00.000Z,318955203,18.49652,18.49652,,,,49717ee2-9808-4288-b76d-e658195b7979,USDC-WETH,0.3%,USDC-WETH (0.3%)
2022-06-03T00:00:00.000Z,320358699,13.07608,13.07608,,,,49717ee2-9808-4288-b76d-e658195b7979,USDC-WETH,0.3%,USDC-WETH (0.3%)
2022-06-05T00:00:00.000Z,331868665,7.03494,7.03494,,,,49717ee2-9808-4288-b76d-e658195b7979,USDC-WETH,0.3%,USDC-WETH (0.3%)
2022-06-06T00:00:00.000Z,345006765,13.91666,13.91666,,,,49717ee2-9808-4288-b76d-e658195b7979,USDC-WETH,0.3%,USDC-WETH (0.3%)
2022-06-07T00:00:00.000Z,350388869,27.46415,27.46415,,,,49717ee2-9808-4288-b76d-e658195b7979,USDC-WETH,0.3%,USDC-WETH (0.3%)
2022-06-08T00:00:00.000Z,337885942,22.17158,22.17158,,,,49717ee2-9808-4288-b76d-e658195b7979,USDC-WETH,0.3%,USDC-WETH (0.3%)
2022-06-09T00:00:00.000Z,351998252,9.55358,9.55358,,,,49717ee2-9808-4288-b76d-e658195b7979,USDC-WETH,0.3%,USDC-WETH (0.3%)
2022-06-10T00:00:00.000Z,339474031,22.0366,22.0366,,,,49717ee2-9808-4288-b76d-e658195b7979,USDC-WETH,0.3%,USDC-WETH (0.3%)
2022-06-11T00:00:00.000Z,335352149,30.61309,30.61309,,,,49717ee2-9808-4288-b76d-e658195b7979,USDC-WETH,0.3%,USDC-WETH (0.3%)
2022-06-12T00:00:00.000Z,310624074,30.39739,30.39739,,,,49717ee2-9808-4288-b76d-e658195b7979,USDC-WETH,0.3%,USDC-WETH (0.3%)
2022-06-13T00:00:00.000Z,291959073,115.25737,115.25737,,,,49717ee2-9808-4288-b76d-e658195b7979,USDC-WETH,0.3%,USDC-WETH (0.3%)
2022-06-14T00:00:00.000Z,252426009,111.96488,111.96488,,,,49717ee2-9808-4288-b76d-e658195b7979,USDC-WETH,0.3%,USDC-WETH (0.3%)
2022-06-15T00:00:00.000Z,275385384,148.45194,148.45194,,,,49717ee2-9808-4288-b76d-e658195b7979,USDC-WETH,0.3%,USDC-WETH (0.3%)
2022-06-16T00:00:00.000Z,278518600,76.62654,76.62654,,,,49717ee2-9808-4288-b76d-e658195b7979,USDC-WETH,0.3%,USDC-WETH (0.3%)
2022-06-17T00:00:00.000Z,302881694,75.57017,75.57017,,,,49717ee2-9808-4288-b76d-e658195b7979,USDC-WETH,0.3%,USDC-WETH (0.3%)
2022-06-18T00:00:00.000Z,283889198,90.9813,90.9813,,,,49717ee2-9808-4288-b76d-e658195b7979,USDC-WETH,0.3%,USDC-WETH (0.3%)
2022-06-19T00:00:00.000Z,318781727,88.95474,88.95474,,,,49717ee2-9808-4288-b76d-e658195b7979,USDC-WETH,0.3%,USDC-WETH (0.3%)
2022-06-20T00:00:00.000Z,316529402,78.52287,78.52287,,,,49717ee2-9808-4288-b76d-e658195b7979,USDC-WETH,0.3%,USDC-WETH (0.3%)
2022-06-21T00:00:00.000Z,321778128,55.86359,55.86359,,,,49717ee2-9808-4288-b76d-e658195b7979,USDC-WETH,0.3%,USDC-WETH (0.3%)
2022-06-22T00:00:00.000Z,309165064,47.33879,47.33879,,,,49717ee2-9808-4288-b76d-e658195b7979,USDC-WETH,0.3%,USDC-WETH (0.3%)
2022-06-23T00:00:00.000Z,328343181,42.6251,42.6251,,,,49717ee2-9808-4288-b76d-e658195b7979,USDC-WETH,0.3%,USDC-WETH (0.3%)
2022-06-24T00:00:00.000Z,342092765,36.76984,36.76984,,,,49717ee2-9808-4288-b76d-e658195b7979,USDC-WETH,0.3%,USDC-WETH (0.3%)
2022-06-25T00:00:00.000Z,345277060,23.14971,23.14971,,,,49717ee2-9808-4288-b76d-e658195b7979,USDC-WETH,0.3%,USDC-WETH (0.3%)
2022-06-26T00:00:00.000Z,339906626,20.57088,20.57088,,,,49717ee2-9808-4288-b76d-e658195b7979,USDC-WETH,0.3%,USDC-WETH (0.3%)
2022-06-27T00:00:00.000Z,323290244,18.62114,18.62114,,,,49717ee2-9808-4288-b76d-e658195b7979,USDC-WETH,0.3%,USDC-WETH (0.3%)
2022-06-28T00:00:00.000Z,331150691,29.05597,29.05597,,,,49717ee2-9808-4288-b76d-e658195b7979,USDC-WETH,0.3%,USDC-WETH (0.3%)
2022-06-29T00:00:00.000Z,298914968,36.86775,36.86775,,,,49717ee2-9808-4288-b76d-e658195b7979,USDC-WETH,0.3%,USDC-WETH (0.3%)
2022-06-30T00:00:00.000Z,279885894,33.93472,33.93472,,,,49717ee2-9808-4288-b76d-e658195b7979,USDC-WETH,0.3%,USDC-WETH (0.3%)
2022-07-01T00:00:00.000Z,290327374,42.7814,42.7814,,,,49717ee2-9808-4288-b76d-e658195b7979,USDC-WETH,0.3%,USDC-WETH (0.3%)
2022-07-02T00:00:00.000Z,290606459,16.31757,16.31757,,,,49717ee2-9808-4288-b76d-e658195b7979,USDC-WETH,0.3%,USDC-WETH (0.3%)
2022-07-03T00:00:00.000Z,289792601,18.50043,18.50043,,,,49717ee2-9808-4288-b76d-e658195b7979,USDC-WETH,0.3%,USDC-WETH (0.3%)
2022-07-04T00:00:00.000Z,296159776,27.78911,27.78911,,,,49717ee2-9808-4288-b76d-e658195b7979,USDC-WETH,0.3%,USDC-WETH (0.3%)
2022-07-05T00:00:00.000Z,300188153,32.38716,32.38716,,,,49717ee2-9808-4288-b76d-e658195b7979,USDC-WETH,0.3%,USDC-WETH (0.3%)
2022-07-06T00:00:00.000Z,304729940,36.06664,36.06664,,,,49717ee2-9808-4288-b76d-e658195b7979,USDC-WETH,0.3%,USDC-WETH (0.3%)
2022-07-07T00:00:00.000Z,312902012,16.95235,16.95235,,,,49717ee2-9808-4288-b76d-e658195b7979,USDC-WETH,0.3%,USDC-WETH (0.3%)
2022-07-08T00:00:00.000Z,314668322,27.58544,27.58544,,,,49717ee2-9808-4288-b76d-e658195b7979,USDC-WETH,0.3%,USDC-WETH (0.3%)
2022-07-09T00:00:00.000Z,314505842,12.39411,12.39411,,,,49717ee2-9808-4288-b76d-e658195b7979,USDC-WETH,0.3%,USDC-WETH (0.3%)
2022-07-10T00:00:00.000Z,314869424,15.03293,15.03293,,,,49717ee2-9808-4288-b76d-e658195b7979,USDC-WETH,0.3%,USDC-WETH (0.3%)
2022-07-11T00:00:00.000Z,300141593,24.34883,24.34883,,,,49717ee2-9808-4288-b76d-e658195b7979,USDC-WETH,0.3%,USDC-WETH (0.3%)
2022-07-12T00:00:00.000Z,293670521,20.45474,20.45474,,,,49717ee2-9808-4288-b76d-e658195b7979,USDC-WETH,0.3%,USDC-WETH (0.3%)
2022-07-13T00:00:00.000Z,294373051,33.45332,33.45332,,,,49717ee2-9808-4288-b76d-e658195b7979,USDC-WETH,0.3%,USDC-WETH (0.3%)
2022-07-14T00:00:00.000Z,309987604,33.29235,33.29235,,,,49717ee2-9808-4288-b76d-e658195b7979,USDC-WETH,0.3%,USDC-WETH (0.3%)
2022-07-15T00:00:00.000Z,321134252,36.18328,36.18328,,,,49717ee2-9808-4288-b76d-e658195b7979,USDC-WETH,0.3%,USDC-WETH (0.3%)
2022-07-16T00:00:00.000Z,340413203,41.16037,41.16037,,,,49717ee2-9808-4288-b76d-e658195b7979,USDC-WETH,0.3%,USDC-WETH (0.3%)
2022-07-17T00:00:00.000Z,344234653,29.52673,29.52673,,,,49717ee2-9808-4288-b76d-e658195b7979,USDC-WETH,0.3%,USDC-WETH (0.3%)
2022-07-18T00:00:00.000Z,338626807,42.3908,42.3908,,,,49717ee2-9808-4288-b76d-e658195b7979,USDC-WETH,0.3%,USDC-WETH (0.3%)
2022-07-19T00:00:00.000Z,340227559,43.57028,43.57028,,,,49717ee2-9808-4288-b76d-e658195b7979,USDC-WETH,0.3%,USDC-WETH (0.3%)
2022-07-20T00:00:00.000Z,336924635,41.34946,41.34946,,,,49717ee2-9808-4288-b76d-e658195b7979,USDC-WETH,0.3%,USDC-WETH (0.3%)
2022-07-21T00:00:00.000Z,312046627,30.46974,30.46974,,,,49717ee2-9808-4288-b76d-e658195b7979,USDC-WETH,0.3%,USDC-WETH (0.3%)
2022-07-22T00:00:00.000Z,306576891,20.3598,20.3598,,,,49717ee2-9808-4288-b76d-e658195b7979,USDC-WETH,0.3%,USDC-WETH (0.3%)
2022-07-23T00:00:00.000Z,309024696,19.97317,19.97317,,,,49717ee2-9808-4288-b76d-e658195b7979,USDC-WETH,0.3%,USDC-WETH (0.3%)
2022-07-24T00:00:00.000Z,316945403,21.30875,21.30875,,,,49717ee2-9808-4288-b76d-e658195b7979,USDC-WETH,0.3%,USDC-WETH (0.3%)
2022-07-25T00:00:00.000Z,305827731,29.4686,29.4686,,,,49717ee2-9808-4288-b76d-e658195b7979,USDC-WETH,0.3%,USDC-WETH (0.3%)
2022-07-26T00:00:00.000Z,300031539,30.23844,30.23844,,,,49717ee2-9808-4288-b76d-e658195b7979,USDC-WETH,0.3%,USDC-WETH (0.3%)
2022-07-27T00:00:00.000Z,324188847,36.62944,36.62944,,,,49717ee2-9808-4288-b76d-e658195b7979,USDC-WETH,0.3%,USDC-WETH (0.3%)
2022-07-28T00:00:00.000Z,339074634,45.38321,45.38321,,,,49717ee2-9808-4288-b76d-e658195b7979,USDC-WETH,0.3%,USDC-WETH (0.3%)
2022-07-29T00:00:00.000Z,340133098,33.07818,33.07818,,,,49717ee2-9808-4288-b76d-e658195b7979,USDC-WETH,0.3%,USDC-WETH (0.3%)
2022-07-30T00:00:00.000Z,336754977,21.00922,21.00922,,,,49717ee2-9808-4288-b76d-e658195b7979,USDC-WETH,0.3%,USDC-WETH (0.3%)
2022-07-31T00:00:00.000Z,335245998,18.30958,18.30958,,,,49717ee2-9808-4288-b76d-e658195b7979,USDC-WETH,0.3%,USDC-WETH (0.3%)
2022-08-01T00:00:00.000Z,332789358,23.92827,23.92827,,,,49717ee2-9808-4288-b76d-e658195b7979,USDC-WETH,0.3%,USDC-WETH (0.3%)
2022-08-02T00:00:00.000Z,339675982,36.45904,36.45904,,,,49717ee2-9808-4288-b76d-e658195b7979,USDC-WETH,0.3%,USDC-WETH (0.3%)
2022-08-03T00:00:00.000Z,337607995,17.66279,17.66279,,,,49717ee2-9808-4288-b76d-e658195b7979,USDC-WETH,0.3%,USDC-WETH (0.3%)
2022-08-04T00:00:00.000Z,336467654,19.93986,19.93986,,,,49717ee2-9808-4288-b76d-e658195b7979,USDC-WETH,0.3%,USDC-WETH (0.3%)
2022-08-05T00:00:00.000Z,349469209,24.57532,24.57532,,,,49717ee2-9808-4288-b76d-e658195b7979,USDC-WETH,0.3%,USDC-WETH (0.3%)
2022-08-06T00:00:00.000Z,348879661,8.5541,8.5541,,,,49717ee2-9808-4288-b76d-e658195b7979,USDC-WETH,0.3%,USDC-WETH (0.3%)
2022-08-07T00:00:00.000Z,349572807,8.41585,8.41585,,,,49717ee2-9808-4288-b76d-e658195b7979,USDC-WETH,0.3%,USDC-WETH (0.3%)
2022-08-08T00:00:00.000Z,330281345,16.11553,16.11553,,,,49717ee2-9808-4288-b76d-e658195b7979,USDC-WETH,0.3%,USDC-WETH (0.3%)
2022-08-09T00:00:00.000Z,327549023,17.46094,17.46094,,,,49717ee2-9808-4288-b76d-e658195b7979,USDC-WETH,0.3%,USDC-WETH (0.3%)
2022-08-10T00:00:00.000Z,340062129,29.53729,29.53729,,,,49717ee2-9808-4288-b76d-e658195b7979,USDC-WETH,0.3%,USDC-WETH (0.3%)
2022-08-11T00:00:00.000Z,343695790,25.00959,25.00959,,,,49717ee2-9808-4288-b76d-e658195b7979,USDC-WETH,0.3%,USDC-WETH (0.3%)
2022-08-12T00:00:00.000Z,343136286,13.45192,13.45192,,,,49717ee2-9808-4288-b76d-e658195b7979,USDC-WETH,0.3%,USDC-WETH (0.3%)
2022-08-13T00:00:00.000Z,343860091,8.3619,8.3619,,,,49717ee2-9808-4288-b76d-e658195b7979,USDC-WETH,0.3%,USDC-WETH (0.3%)
2022-08-14T00:00:00.000Z,341615208,9.24827,9.24827,,,,49717ee2-9808-4288-b76d-e658195b7979,USDC-WETH,0.3%,USDC-WETH (0.3%)
2022-08-15T00:00:00.000Z,343880284,20.32281,20.32281,,,,49717ee2-9808-4288-b76d-e658195b7979,USDC-WETH,0.3%,USDC-WETH (0.3%)
2022-08-16T00:00:00.000Z,341402061,18.23622,18.23622,,,,49717ee2-9808-4288-b76d-e658195b7979,USDC-WETH,0.3%,USDC-WETH (0.3%)
2022-08-17T00:00:00.000Z,341321056,22.67443,22.67443,,,,49717ee2-9808-4288-b76d-e658195b7979,USDC-WETH,0.3%,USDC-WETH (0.3%)
2022-08-18T00:00:00.000Z,344589680,11.44961,11.44961,,,,49717ee2-9808-4288-b76d-e658195b7979,USDC-WETH,0.3%,USDC-WETH (0.3%)
2022-08-19T00:00:00.000Z,325057285,33.91349,33.91349,,,,49717ee2-9808-4288-b76d-e658195b7979,USDC-WETH,0.3%,USDC-WETH (0.3%)
2022-08-20T00:00:00.000Z,322516413,23.985,23.985,,,,49717ee2-9808-4288-b76d-e658195b7979,USDC-WETH,0.3%,USDC-WETH (0.3%)
2022-08-21T00:00:00.000Z,329213698,22.26052,22.26052,,,,49717ee2-9808-4288-b76d-e658195b7979,USDC-WETH,0.3%,USDC-WETH (0.3%)
2022-08-22T00:00:00.000Z,324671965,26.88186,26.88186,,,,49717ee2-9808-4288-b76d-e658195b7979,USDC-WETH,0.3%,USDC-WETH (0.3%)
2022-08-23T00:00:00.000Z,329191983,26.75627,26.75627,,,,49717ee2-9808-4288-b76d-e658195b7979,USDC-WETH,0.3%,USDC-WETH (0.3%)
2022-08-24T00:00:00.000Z,330313258,19.47917,19.47917,,,,49717ee2-9808-4288-b76d-e658195b7979,USDC-WETH,0.3%,USDC-WETH (0.3%)
2022-08-25T00:00:00.000Z,335067404,12.75054,12.75054,,,,49717ee2-9808-4288-b76d-e658195b7979,USDC-WETH,0.3%,USDC-WETH (0.3%)
2022-08-26T00:00:00.000Z,321178424,37.56413,37.56413,,,,49717ee2-9808-4288-b76d-e658195b7979,USDC-WETH,0.3%,USDC-WETH (0.3%)
2022-08-27T00:00:00.000Z,315446258,19.43533,19.43533,,,,49717ee2-9808-4288-b76d-e658195b7979,USDC-WETH,0.3%,USDC-WETH (0.3%)
2022-08-28T00:00:00.000Z,310761441,9.26292,9.26292,,,,49717ee2-9808-4288-b76d-e658195b7979,USDC-WETH,0.3%,USDC-WETH (0.3%)
2022-08-29T00:00:00.000Z,329748049,16.74407,16.74407,,,,49717ee2-9808-4288-b76d-e658195b7979,USDC-WETH,0.3%,USDC-WETH (0.3%)
2022-08-30T00:00:00.000Z,332042037,29.26799,29.26799,,,,49717ee2-9808-4288-b76d-e658195b7979,USDC-WETH,0.3%,USDC-WETH (0.3%)
2022-08-31T00:00:00.000Z,329783739,34.5771,34.5771,,,,49717ee2-9808-4288-b76d-e658195b7979,USDC-WETH,0.3%,USDC-WETH (0.3%)
2022-09-01T00:00:00.000Z,335109030,25.06745,25.06745,,,,49717ee2-9808-4288-b76d-e658195b7979,USDC-WETH,0.3%,USDC-WETH (0.3%)
2022-09-02T00:00:00.000Z,333796238,26.10125,26.10125,,,,49717ee2-9808-4288-b76d-e658195b7979,USDC-WETH,0.3%,USDC-WETH (0.3%)
2022-09-03T00:00:00.000Z,341420790,9.89082,9.89082,,,,49717ee2-9808-4288-b76d-e658195b7979,USDC-WETH,0.3%,USDC-WETH (0.3%)
2022-09-04T00:00:00.000Z,341008784,7.32634,7.32634,,,,49717ee2-9808-4288-b76d-e658195b7979,USDC-WETH,0.3%,USDC-WETH (0.3%)
2022-09-05T23:01:16.450Z,344181381,11.64324,11.64324,,,,49717ee2-9808-4288-b76d-e658195b7979,USDC-WETH,0.3%,USDC-WETH (0.3%)
2022-09-06T23:02:05.643Z,334326618,33.77579,33.77579,,,,49717ee2-9808-4288-b76d-e658195b7979,USDC-WETH,0.3%,USDC-WETH (0.3%)
2022-09-07T13:01:46.329Z,324092518,29.30369,29.30369,,,,49717ee2-9808-4288-b76d-e658195b7979,USDC-WETH,0.3%,USDC-WETH (0.3%)
2022-09-09T23:02:12.614Z,347701314,20.15134,20.15134,,,,49717ee2-9808-4288-b76d-e658195b7979,USDC-WETH,0.3%,USDC-WETH (0.3%)
2022-09-10T23:02:14.908Z,349974759,13.20482,13.20482,,,,49717ee2-9808-4288-b76d-e658195b7979,USDC-WETH,0.3%,USDC-WETH (0.3%)
2022-09-11T23:01:57.058Z,343728401,11.71837,11.71837,,,,49717ee2-9808-4288-b76d-e658195b7979,USDC-WETH,0.3%,USDC-WETH (0.3%)
2022-09-12T23:02:59.696Z,336088415,22.89987,22.89987,,,,49717ee2-9808-4288-b76d-e658195b7979,USDC-WETH,0.3%,USDC-WETH (0.3%)
2022-09-13T23:02:57.487Z,310850870,46.90121,46.90121,,,,49717ee2-9808-4288-b76d-e658195b7979,USDC-WETH,0.3%,USDC-WETH (0.3%)
2022-09-14T23:02:06.866Z,291963396,27.10117,27.10117,,,,49717ee2-9808-4288-b76d-e658195b7979,USDC-WETH,0.3%,USDC-WETH (0.3%)
2022-09-15T22:01:58.113Z,299182996,40.39535,40.39535,,,,49717ee2-9808-4288-b76d-e658195b7979,USDC-WETH,0.3%,USDC-WETH (0.3%)
2022-09-16T23:02:00.637Z,307461282,21.047,21.047,,,,49717ee2-9808-4288-b76d-e658195b7979,USDC-WETH,0.3%,USDC-WETH (0.3%)
2022-09-17T23:02:10.507Z,315949826,9.52972,9.52972,,,,49717ee2-9808-4288-b76d-e658195b7979,USDC-WETH,0.3%,USDC-WETH (0.3%)
2022-09-18T23:02:04.829Z,312606847,18.48278,18.48278,,,,49717ee2-9808-4288-b76d-e658195b7979,USDC-WETH,0.3%,USDC-WETH (0.3%)
2022-09-19T23:02:07.446Z,323061610,29.19723,29.19723,,,,49717ee2-9808-4288-b76d-e658195b7979,USDC-WETH,0.3%,USDC-WETH (0.3%)
2022-09-20T23:02:19.872Z,175850710,43.19156,43.19156,,,,49717ee2-9808-4288-b76d-e658195b7979,USDC-WETH,0.3%,USDC-WETH (0.3%)
2022-09-21T23:02:24.764Z,165196055,84.45385,84.45385,,,,49717ee2-9808-4288-b76d-e658195b7979,USDC-WETH,0.3%,USDC-WETH (0.3%)
2022-09-22T23:02:06.638Z,177887451,46.404,46.404,,,,49717ee2-9808-4288-b76d-e658195b7979,USDC-WETH,0.3%,USDC-WETH (0.3%)
2022-09-23T23:02:10.796Z,181066827,63.34552,63.34552,,,,49717ee2-9808-4288-b76d-e658195b7979,USDC-WETH,0.3%,USDC-WETH (0.3%)
2022-09-24T23:24:18.023Z,187212887,22.33319,22.33319,,,,49717ee2-9808-4288-b76d-e658195b7979,USDC-WETH,0.3%,USDC-WETH (0.3%)
2022-09-25T23:13:24.051Z,186902566,21.09586,21.09586,,,,49717ee2-9808-4288-b76d-e658195b7979,USDC-WETH,0.3%,USDC-WETH (0.3%)
2022-09-26T16:13:29.810Z,196853905,38.53897,38.53897,,,,49717ee2-9808-4288-b76d-e658195b7979,USDC-WETH,0.3%,USDC-WETH (0.3%)
2022-09-27T23:02:32.616Z,211445784,38.71463,38.71463,,,,49717ee2-9808-4288-b76d-e658195b7979,USDC-WETH,0.3%,USDC-WETH (0.3%)
2022-09-28T23:02:07.317Z,209484393,63.28775,63.28775,,,,49717ee2-9808-4288-b76d-e658195b7979,USDC-WETH,0.3%,USDC-WETH (0.3%)
2022-09-29T23:02:15.893Z,209450323,42.59489,42.59489,,,,49717ee2-9808-4288-b76d-e658195b7979,USDC-WETH,0.3%,USDC-WETH (0.3%)
2022-09-30T23:02:26.530Z,212753956,46.97434,46.97434,,,,49717ee2-9808-4288-b76d-e658195b7979,USDC-WETH,0.3%,USDC-WETH (0.3%)
2022-10-01T23:02:21.511Z,209719761,9.21474,9.21474,,,,49717ee2-9808-4288-b76d-e658195b7979,USDC-WETH,0.3%,USDC-WETH (0.3%)
2022-10-02T23:02:17.763Z,205712987,11.14029,11.14029,,,,49717ee2-9808-4288-b76d-e658195b7979,USDC-WETH,0.3%,USDC-WETH (0.3%)
2022-10-03T19:02:05.326Z,207960462,22.84792,22.84792,,,,49717ee2-9808-4288-b76d-e658195b7979,USDC-WETH,0.3%,USDC-WETH (0.3%)
2022-10-04T23:13:21.530Z,206677864,20.04727,20.04727,,,,49717ee2-9808-4288-b76d-e658195b7979,USDC-WETH,0.3%,USDC-WETH (0.3%)
2022-10-05T23:02:28.749Z,203377846,18.52747,18.52747,,,,49717ee2-9808-4288-b76d-e658195b7979,USDC-WETH,0.3%,USDC-WETH (0.3%)
2022-10-06T23:02:16.360Z,203432051,31.3605,31.3605,,,,49717ee2-9808-4288-b76d-e658195b7979,USDC-WETH,0.3%,USDC-WETH (0.3%)
2022-10-07T23:02:10.632Z,202120327,16.39083,16.39083,,,,49717ee2-9808-4288-b76d-e658195b7979,USDC-WETH,0.3%,USDC-WETH (0.3%)
2022-10-08T23:02:27.611Z,198137896,4.89128,4.89128,,,,49717ee2-9808-4288-b76d-e658195b7979,USDC-WETH,0.3%,USDC-WETH (0.3%)
2022-10-09T23:24:36.309Z,201816785,4.26538,4.26538,,,,49717ee2-9808-4288-b76d-e658195b7979,USDC-WETH,0.3%,USDC-WETH (0.3%)
2022-10-10T23:02:14.829Z,194669766,13.83728,13.83728,,,,49717ee2-9808-4288-b76d-e658195b7979,USDC-WETH,0.3%,USDC-WETH (0.3%)
2022-10-11T23:02:15.230Z,190795131,21.26742,21.26742,,,,49717ee2-9808-4288-b76d-e658195b7979,USDC-WETH,0.3%,USDC-WETH (0.3%)
2022-10-12T23:02:21.620Z,191236501,7.8693,7.8693,,,,49717ee2-9808-4288-b76d-e658195b7979,USDC-WETH,0.3%,USDC-WETH (0.3%)
2022-10-13T23:02:26.954Z,191455409,44.59787,44.59787,,,,49717ee2-9808-4288-b76d-e658195b7979,USDC-WETH,0.3%,USDC-WETH (0.3%)
2022-10-14T23:02:38.805Z,190735367,36.04962,36.04962,,,,49717ee2-9808-4288-b76d-e658195b7979,USDC-WETH,0.3%,USDC-WETH (0.3%)
2022-10-15T23:02:13.458Z,184958049,6.34422,6.34422,,,,49717ee2-9808-4288-b76d-e658195b7979,USDC-WETH,0.3%,USDC-WETH (0.3%)
2022-10-16T23:02:26.335Z,187942234,12.93477,12.93477,,,,49717ee2-9808-4288-b76d-e658195b7979,USDC-WETH,0.3%,USDC-WETH (0.3%)
2022-10-17T23:02:21.653Z,189886606,14.61521,14.61521,,,,49717ee2-9808-4288-b76d-e658195b7979,USDC-WETH,0.3%,USDC-WETH (0.3%)
2022-10-18T23:05:01.856Z,186982095,17.47236,17.47236,,,,49717ee2-9808-4288-b76d-e658195b7979,USDC-WETH,0.3%,USDC-WETH (0.3%)
2022-10-19T23:02:19.249Z,183596936,11.36194,11.36194,,,,49717ee2-9808-4288-b76d-e658195b7979,USDC-WETH,0.3%,USDC-WETH (0.3%)
2022-10-20T19:02:16.311Z,184293623,13.35054,13.35054,,,,49717ee2-9808-4288-b76d-e658195b7979,USDC-WETH,0.3%,USDC-WETH (0.3%)
2022-10-21T21:02:11.934Z,187114279,17.24374,17.24374,,,,49717ee2-9808-4288-b76d-e658195b7979,USDC-WETH,0.3%,USDC-WETH (0.3%)
2022-10-22T23:02:10.936Z,188122784,4.55702,4.55702,,,,49717ee2-9808-4288-b76d-e658195b7979,USDC-WETH,0.3%,USDC-WETH (0.3%)
2022-10-23T23:13:14.816Z,192483142,9.68805,9.68805,,,,49717ee2-9808-4288-b76d-e658195b7979,USDC-WETH,0.3%,USDC-WETH (0.3%)
2022-10-24T23:02:25.116Z,189945144,17.80431,17.80431,,,,49717ee2-9808-4288-b76d-e658195b7979,USDC-WETH,0.3%,USDC-WETH (0.3%)
2022-10-25T23:02:08.277Z,192139130,43.85893,43.85893,,,,49717ee2-9808-4288-b76d-e658195b7979,USDC-WETH,0.3%,USDC-WETH (0.3%)
2022-10-26T23:02:27.426Z,198257809,41.66272,41.66272,,,,49717ee2-9808-4288-b76d-e658195b7979,USDC-WETH,0.3%,USDC-WETH (0.3%)
2022-10-27T23:02:07.014Z,196162675,32.85894,32.85894,,,,49717ee2-9808-4288-b76d-e658195b7979,USDC-WETH,0.3%,USDC-WETH (0.3%)
2022-10-28T23:01:50.707Z,198458889,28.56046,28.56046,,,,49717ee2-9808-4288-b76d-e658195b7979,USDC-WETH,0.3%,USDC-WETH (0.3%)
2022-10-29T23:02:05.967Z,200054885,32.74566,32.74566,,,,49717ee2-9808-4288-b76d-e658195b7979,USDC-WETH,0.3%,USDC-WETH (0.3%)
2022-10-30T23:02:00.229Z,197006495,15.33468,15.33468,,,,49717ee2-9808-4288-b76d-e658195b7979,USDC-WETH,0.3%,USDC-WETH (0.3%)
2022-10-31T23:02:05.292Z,193808370,32.15318,32.15318,,,,49717ee2-9808-4288-b76d-e658195b7979,USDC-WETH,0.3%,USDC-WETH (0.3%)
2022-11-01T23:02:00.634Z,193913967,17.45657,17.45657,,,,49717ee2-9808-4288-b76d-e658195b7979,USDC-WETH,0.3%,USDC-WETH (0.3%)
2022-11-02T23:02:06.804Z,189700914,53.7344,53.7344,,,,49717ee2-9808-4288-b76d-e658195b7979,USDC-WETH,0.3%,USDC-WETH (0.3%)
2022-11-03T23:13:05.495Z,191156355,17.0607,17.0607,,,,49717ee2-9808-4288-b76d-e658195b7979,USDC-WETH,0.3%,USDC-WETH (0.3%)
2022-11-04T23:02:00.630Z,199032170,33.44528,33.44528,,,,49717ee2-9808-4288-b76d-e658195b7979,USDC-WETH,0.3%,USDC-WETH (0.3%)
2022-11-05T15:13:09.838Z,197161907,16.46017,16.46017,,,,49717ee2-9808-4288-b76d-e658195b7979,USDC-WETH,0.3%,USDC-WETH (0.3%)
2022-11-06T23:02:43.389Z,194194740,10.9915,10.9915,,,,49717ee2-9808-4288-b76d-e658195b7979,USDC-WETH,0.3%,USDC-WETH (0.3%)
2022-11-07T23:02:02.207Z,192911125,27.1804,27.1804,,,,49717ee2-9808-4288-b76d-e658195b7979,USDC-WETH,0.3%,USDC-WETH (0.3%)
2022-11-08T23:24:07.679Z,170786981,192.24863,192.24863,,,,49717ee2-9808-4288-b76d-e658195b7979,USDC-WETH,0.3%,USDC-WETH (0.3%)
2022-11-09T23:02:04.557Z,134036794,280.92916,280.92916,,,,49717ee2-9808-4288-b76d-e658195b7979,USDC-WETH,0.3%,USDC-WETH (0.3%)
2022-11-10T22:02:03.430Z,159514080,192.56678,192.56678,,,,49717ee2-9808-4288-b76d-e658195b7979,USDC-WETH,0.3%,USDC-WETH (0.3%)
2022-11-11T23:02:08.327Z,159516043,131.19595,131.19595,,,,49717ee2-9808-4288-b76d-e658195b7979,USDC-WETH,0.3%,USDC-WETH (0.3%)
2022-11-12T23:13:04.663Z,157793182,48.06008,48.06008,,,,49717ee2-9808-4288-b76d-e658195b7979,USDC-WETH,0.3%,USDC-WETH (0.3%)
2022-11-13T23:13:06.636Z,157768887,28.65863,28.65863,,,,49717ee2-9808-4288-b76d-e658195b7979,USDC-WETH,0.3%,USDC-WETH (0.3%)
2022-11-14T23:02:21.213Z,160568651,65.83005,65.83005,,,,49717ee2-9808-4288-b76d-e658195b7979,USDC-WETH,0.3%,USDC-WETH (0.3%)
2022-11-15T23:02:22.525Z,164634966,54.27335,54.27335,,,,49717ee2-9808-4288-b76d-e658195b7979,USDC-WETH,0.3%,USDC-WETH (0.3%)
2022-11-16T23:01:56.576Z,162235111,39.00623,39.00623,,,,49717ee2-9808-4288-b76d-e658195b7979,USDC-WETH,0.3%,USDC-WETH (0.3%)
2022-11-17T23:02:29.608Z,160672587,29.40382,29.40382,,,,49717ee2-9808-4288-b76d-e658195b7979,USDC-WETH,0.3%,USDC-WETH (0.3%)
2022-11-18T23:01:53.087Z,160995716,12.89828,12.89828,,,,49717ee2-9808-4288-b76d-e658195b7979,USDC-WETH,0.3%,USDC-WETH (0.3%)
2022-11-19T23:01:56.046Z,156509614,4.64368,4.64368,,,,49717ee2-9808-4288-b76d-e658195b7979,USDC-WETH,0.3%,USDC-WETH (0.3%)
2022-11-20T23:02:06.966Z,148732394,26.8768,26.8768,,,,49717ee2-9808-4288-b76d-e658195b7979,USDC-WETH,0.3%,USDC-WETH (0.3%)
2022-11-21T23:02:14.723Z,146652743,51.74694,51.74694,,,,49717ee2-9808-4288-b76d-e658195b7979,USDC-WETH,0.3%,USDC-WETH (0.3%)
2022-11-22T23:24:40.273Z,151776733,40.14259,40.14259,,-0.81783,,49717ee2-9808-4288-b76d-e658195b7979,USDC-WETH,0.3%,USDC-WETH (0.3%)
2022-11-23T23:02:34.126Z,153748495,27.96757,27.96757,,-0.11518,,49717ee2-9808-4288-b76d-e658195b7979,USDC-WETH,0.3%,USDC-WETH (0.3%)
2022-11-24T23:02:45.154Z,156695737,17.00434,17.00434,,-0.00299,,49717ee2-9808-4288-b76d-e658195b7979,USDC-WETH,0.3%,USDC-WETH (0.3%)
2022-11-25T23:02:38.707Z,158327695,16.50174,16.50174,,-0.00659,,49717ee2-9808-4288-b76d-e658195b7979,USDC-WETH,0.3%,USDC-WETH (0.3%)
2022-11-26T11:02:14.981Z,162899800,12.43573,12.43573,,-0.01354,,49717ee2-9808-4288-b76d-e658195b7979,USDC-WETH,0.3%,USDC-WETH (0.3%)
2022-11-27T23:02:34.613Z,162806162,7.98312,7.98312,,-0.32805,,49717ee2-9808-4288-b76d-e658195b7979,USDC-WETH,0.3%,USDC-WETH (0.3%)
2022-11-28T23:04:51.630Z,161259821,23.20557,23.20557,,-0.25852,26.22197,49717ee2-9808-4288-b76d-e658195b7979,USDC-WETH,0.3%,USDC-WETH (0.3%)
2022-11-29T23:04:57.693Z,171272799,18.03291,18.03291,,-0.50586,18.30649,49717ee2-9808-4288-b76d-e658195b7979,USDC-WETH,0.3%,USDC-WETH (0.3%)
2022-11-30T23:05:08.893Z,175803588,30.34412,30.34412,,-0.89297,22.05275,49717ee2-9808-4288-b76d-e658195b7979,USDC-WETH,0.3%,USDC-WETH (0.3%)
2022-12-01T23:05:04.849Z,173258730,12.03531,12.03531,,-0.31705,21.83671,49717ee2-9808-4288-b76d-e658195b7979,USDC-WETH,0.3%,USDC-WETH (0.3%)
2022-12-02T23:04:46.776Z,170068759,10.59109,10.59109,,-0.48325,22.96457,49717ee2-9808-4288-b76d-e658195b7979,USDC-WETH,0.3%,USDC-WETH (0.3%)
2022-12-03T23:05:08.753Z,167519486,7.94606,7.94606,,-0.09142,21.73798,49717ee2-9808-4288-b76d-e658195b7979,USDC-WETH,0.3%,USDC-WETH (0.3%)
2022-12-04T23:04:55.480Z,170382192,8.46505,8.46505,,-0.20546,21.51266,49717ee2-9808-4288-b76d-e658195b7979,USDC-WETH,0.3%,USDC-WETH (0.3%)
2022-12-05T23:15:50.865Z,166745688,12.36008,12.36008,,-0.5091,19.74322,49717ee2-9808-4288-b76d-e658195b7979,USDC-WETH,0.3%,USDC-WETH (0.3%)
2022-12-06T23:05:04.784Z,179931994,7.96234,7.96234,,-0.05226,16.79986,49717ee2-9808-4288-b76d-e658195b7979,USDC-WETH,0.3%,USDC-WETH (0.3%)
2022-12-07T23:16:06.577Z,180224158,10.72038,10.72038,,-0.2446,13.0783,49717ee2-9808-4288-b76d-e658195b7979,USDC-WETH,0.3%,USDC-WETH (0.3%)
2022-12-08T23:05:00.093Z,184937789,14.29927,14.29927,,-0.00177,13.74668,49717ee2-9808-4288-b76d-e658195b7979,USDC-WETH,0.3%,USDC-WETH (0.3%)
2022-12-09T23:16:20.649Z,183469737,9.33707,9.33707,,-0.04082,13.41394,49717ee2-9808-4288-b76d-e658195b7979,USDC-WETH,0.3%,USDC-WETH (0.3%)
2022-12-10T23:04:49.806Z,183798420,2.94991,2.94991,,-0.04994,12.17679,49717ee2-9808-4288-b76d-e658195b7979,USDC-WETH,0.3%,USDC-WETH (0.3%)
2022-12-11T23:05:07.608Z,182914859,4.48147,4.48147,,-0.00909,11.66734,49717ee2-9808-4288-b76d-e658195b7979,USDC-WETH,0.3%,USDC-WETH (0.3%)
2022-12-12T23:05:00.355Z,185382055,6.7352,6.7352,,-0.00893,43566.85525,49717ee2-9808-4288-b76d-e658195b7979,USDC-WETH,0.3%,USDC-WETH (0.3%)
2022-12-13T23:04:51.166Z,190936187,19.72212,19.72212,,-0.23931,14.00687,49717ee2-9808-4288-b76d-e658195b7979,USDC-WETH,0.3%,USDC-WETH (0.3%)
2022-12-14T23:09:00.172Z,191620647,15.04356,15.04356,,-0.33686,14.12614,49717ee2-9808-4288-b76d-e658195b7979,USDC-WETH,0.3%,USDC-WETH (0.3%)
2022-12-15T23:05:07.194Z,188453366,8.60951,8.60951,,-0.01668,12.85058,49717ee2-9808-4288-b76d-e658195b7979,USDC-WETH,0.3%,USDC-WETH (0.3%)
2022-12-16T23:05:12.116Z,183996960,25.52159,25.52159,,-0.44135,18.05889,49717ee2-9808-4288-b76d-e658195b7979,USDC-WETH,0.3%,USDC-WETH (0.3%)
2022-12-17T23:05:01.543Z,158762587,13.91855,13.91855,,-0.4253,20.26658,49717ee2-9808-4288-b76d-e658195b7979,USDC-WETH,0.3%,USDC-WETH (0.3%)
2022-12-18T23:06:08.594Z,159598924,9.06805,9.06805,,-0.33627,20.60034,49717ee2-9808-4288-b76d-e658195b7979,USDC-WETH,0.3%,USDC-WETH (0.3%)
2022-12-19T23:05:07.630Z,157176911,13.08291,13.08291,,-0.74116,22.31822,49717ee2-9808-4288-b76d-e658195b7979,USDC-WETH,0.3%,USDC-WETH (0.3%)
2022-12-20T22:06:01.735Z,161171989,18.18738,18.18738,,-0.57446,19.67767,49717ee2-9808-4288-b76d-e658195b7979,USDC-WETH,0.3%,USDC-WETH (0.3%)
2022-12-21T23:05:06.261Z,185000753,3.97005,3.97005,,-0.55879,14.83158,49717ee2-9808-4288-b76d-e658195b7979,USDC-WETH,0.3%,USDC-WETH (0.3%)
2022-12-22T23:05:14.883Z,160254793,12.734,12.734,,-0.14445,17.60268,49717ee2-9808-4288-b76d-e658195b7979,USDC-WETH,0.3%,USDC-WETH (0.3%)
2022-12-23T23:05:09.138Z,160163564,5.2078,5.2078,,-0.10788,13.17794,49717ee2-9808-4288-b76d-e658195b7979,USDC-WETH,0.3%,USDC-WETH (0.3%)
2022-12-24T23:05:13.796Z,159825508,1.2848,1.2848,,-0.07091,10.87712,49717ee2-9808-4288-b76d-e658195b7979,USDC-WETH,0.3%,USDC-WETH (0.3%)
2022-12-25T23:09:04.099Z,159036284,8.1424,8.1424,,-0.05096,10.71437,49717ee2-9808-4288-b76d-e658195b7979,USDC-WETH,0.3%,USDC-WETH (0.3%)
2022-12-26T23:05:12.898Z,159041746,0.68919,0.68919,,-0.19311,8.37919,49717ee2-9808-4288-b76d-e658195b7979,USDC-WETH,0.3%,USDC-WETH (0.3%)
2022-12-27T23:05:01.263Z,156009754,8.31986,8.31986,,-0.00274,6.83928,49717ee2-9808-4288-b76d-e658195b7979,USDC-WETH,0.3%,USDC-WETH (0.3%)
2022-12-28T23:05:01.495Z,153679800,11.23222,11.23222,,-0.03979,8.76839,49717ee2-9808-4288-b76d-e658195b7979,USDC-WETH,0.3%,USDC-WETH (0.3%)
2022-12-29T23:04:58.222Z,153726607,3.30121,3.30121,,-0.01998,6.34712,49717ee2-9808-4288-b76d-e658195b7979,USDC-WETH,0.3%,USDC-WETH (0.3%)
2022-12-30T23:16:37.153Z,151900374,4.81279,4.81279,,-0.02583,6.20244,49717ee2-9808-4288-b76d-e658195b7979,USDC-WETH,0.3%,USDC-WETH (0.3%)
2022-12-31T23:05:17.293Z,139808451,2.92002,2.92002,,-0.03296,7.5475,49717ee2-9808-4288-b76d-e658195b7979,USDC-WETH,0.3%,USDC-WETH (0.3%)
2023-01-01T23:05:42.031Z,136097032,1.51429,1.51429,,-0.01525,5.76932,49717ee2-9808-4288-b76d-e658195b7979,USDC-WETH,0.3%,USDC-WETH (0.3%)
2023-01-02T23:06:40.253Z,134096257,5.4117,5.4117,,-0.00131,7.13686,49717ee2-9808-4288-b76d-e658195b7979,USDC-WETH,0.3%,USDC-WETH (0.3%)
2023-01-03T23:05:37.147Z,135444438,1.29283,1.29283,,-8e-05,5.17261,49717ee2-9808-4288-b76d-e658195b7979,USDC-WETH,0.3%,USDC-WETH (0.3%)
2023-01-04T23:05:22.657Z,128778751,15.35932,15.35932,,-0.27101,6.67498,49717ee2-9808-4288-b76d-e658195b7979,USDC-WETH,0.3%,USDC-WETH (0.3%)
2023-01-05T23:10:36.731Z,135948340,2.65276,2.65276,,-0.1611,6.08702,49717ee2-9808-4288-b76d-e658195b7979,USDC-WETH,0.3%,USDC-WETH (0.3%)
2023-01-06T23:06:17.724Z,136279382,6.57097,6.57097,,-0.28046,6.18101,49717ee2-9808-4288-b76d-e658195b7979,USDC-WETH,0.3%,USDC-WETH (0.3%)
2023-01-07T23:05:35.950Z,135599279,1.04503,1.04503,,-0.26838,0.0,49717ee2-9808-4288-b76d-e658195b7979,USDC-WETH,0.3%,USDC-WETH (0.3%)
2023-01-08T23:05:54.077Z,136029133,2.84415,2.84415,,-0.27293,6.15325,49717ee2-9808-4288-b76d-e658195b7979,USDC-WETH,0.3%,USDC-WETH (0.3%)
2023-01-09T23:06:01.547Z,134887541,15.53881,15.53881,,-0.59555,8.37326,49717ee2-9808-4288-b76d-e658195b7979,USDC-WETH,0.3%,USDC-WETH (0.3%)
2023-01-10T23:07:16.956Z,135423001,6.76026,6.76026,,-0.81672,9.19269,49717ee2-9808-4288-b76d-e658195b7979,USDC-WETH,0.3%,USDC-WETH (0.3%)
2023-01-11T23:09:05.652Z,135777800,7.08105,7.08105,,-0.5049,8.23292,49717ee2-9808-4288-b76d-e658195b7979,USDC-WETH,0.3%,USDC-WETH (0.3%)
2023-01-12T23:05:38.138Z,138722026,32.05501,32.05501,,-1.37116,0.0,49717ee2-9808-4288-b76d-e658195b7979,USDC-WETH,0.3%,USDC-WETH (0.3%)
2023-01-13T23:06:07.937Z,142588917,13.17609,13.17609,,-1.60966,14.78468,49717ee2-9808-4288-b76d-e658195b7979,USDC-WETH,0.3%,USDC-WETH (0.3%)
2023-01-14T23:17:01.679Z,141185244,31.92359,31.92359,,-3.64086,31.82963,49717ee2-9808-4288-b76d-e658195b7979,USDC-WETH,0.3%,USDC-WETH (0.3%)
2023-01-15T23:06:05.986Z,142132427,13.29412,13.29412,,-3.51836,31.55809,49717ee2-9808-4288-b76d-e658195b7979,USDC-WETH,0.3%,USDC-WETH (0.3%)
2023-01-16T23:05:59.711Z,150327816,19.21518,19.21518,,-2.74534,28.16523,49717ee2-9808-4288-b76d-e658195b7979,USDC-WETH,0.3%,USDC-WETH (0.3%)
2023-01-17T23:06:07.216Z,169177921,17.51063,17.51063,,-2.33062,24.78479,49717ee2-9808-4288-b76d-e658195b7979,USDC-WETH,0.3%,USDC-WETH (0.3%)
2023-01-18T23:06:07.350Z,166685599,29.35862,29.35862,,-1.32849,29.18782,49717ee2-9808-4288-b76d-e658195b7979,USDC-WETH,0.3%,USDC-WETH (0.3%)
2023-01-19T23:10:16.130Z,169527814,20.07457,20.07457,,-0.66327,26.64332,49717ee2-9808-4288-b76d-e658195b7979,USDC-WETH,0.3%,USDC-WETH (0.3%)
2023-01-20T23:05:54.190Z,176151356,13.05435,13.05435,,-1.38292,31.66721,49717ee2-9808-4288-b76d-e658195b7979,USDC-WETH,0.3%,USDC-WETH (0.3%)
2023-01-21T23:06:03.785Z,172680716,20.55697,20.55697,,-0.30389,28.35756,49717ee2-9808-4288-b76d-e658195b7979,USDC-WETH,0.3%,USDC-WETH (0.3%)
2023-01-22T23:06:11.011Z,172607859,17.8382,17.8382,,-0.19465,21.20569,49717ee2-9808-4288-b76d-e658195b7979,USDC-WETH,0.3%,USDC-WETH (0.3%)
2023-01-23T23:09:28.513Z,172445227,23.40222,23.40222,,-0.08827,26.80533,49717ee2-9808-4288-b76d-e658195b7979,USDC-WETH,0.3%,USDC-WETH (0.3%)
2023-01-24T23:06:23.031Z,166631423,15.87795,15.87795,,-0.00362,28.08591,49717ee2-9808-4288-b76d-e658195b7979,USDC-WETH,0.3%,USDC-WETH (0.3%)
2023-01-25T23:05:49.853Z,163887417,32.46343,32.46343,,-0.08753,29.81484,49717ee2-9808-4288-b76d-e658195b7979,USDC-WETH,0.3%,USDC-WETH (0.3%)
2023-01-26T23:17:09.422Z,165361214,21.89718,21.89718,,-0.09539,29.7575,49717ee2-9808-4288-b76d-e658195b7979,USDC-WETH,0.3%,USDC-WETH (0.3%)
2023-01-27T16:07:21.828Z,164905671,14.77251,14.77251,,-0.01035,32.26661,49717ee2-9808-4288-b76d-e658195b7979,USDC-WETH,0.3%,USDC-WETH (0.3%)
2023-01-28T23:09:18.944Z,164833336,5.76672,5.76672,,-0.16351,27.92383,49717ee2-9808-4288-b76d-e658195b7979,USDC-WETH,0.3%,USDC-WETH (0.3%)
2023-01-29T23:09:44.682Z,168303174,17.35675,17.35675,,-0.00866,29.1358,49717ee2-9808-4288-b76d-e658195b7979,USDC-WETH,0.3%,USDC-WETH (0.3%)
2023-01-30T23:09:28.452Z,163891986,19.23525,19.23525,,-0.16025,28.69377,49717ee2-9808-4288-b76d-e658195b7979,USDC-WETH,0.3%,USDC-WETH (0.3%)
2023-01-31T23:05:57.810Z,165498081,11.28127,11.28127,,-0.02591,24.5175,49717ee2-9808-4288-b76d-e658195b7979,USDC-WETH,0.3%,USDC-WETH (0.3%)
2023-02-01T23:31:40.348Z,169437820,19.88964,19.88964,,-0.07038,24.04636,49717ee2-9808-4288-b76d-e658195b7979,USDC-WETH,0.3%,USDC-WETH (0.3%)
2023-02-02T23:06:01.815Z,168415541,25.23782,25.23782,,-0.09791,26.00166,49717ee2-9808-4288-b76d-e658195b7979,USDC-WETH,0.3%,USDC-WETH (0.3%)
2023-02-03T23:05:54.570Z,176783263,17.82858,17.82858,,-0.1783,23.96926,49717ee2-9808-4288-b76d-e658195b7979,USDC-WETH,0.3%,USDC-WETH (0.3%)
2023-02-04T23:06:15.217Z,179548730,5.88328,5.88328,,-0.43677,24.66177,49717ee2-9808-4288-b76d-e658195b7979,USDC-WETH,0.3%,USDC-WETH (0.3%)
2023-02-05T23:05:54.916Z,176438643,10.9334,10.9334,,-0.00286,19.69704,49717ee2-9808-4288-b76d-e658195b7979,USDC-WETH,0.3%,USDC-WETH (0.3%)
2023-02-06T23:06:43.580Z,176646299,11.95036,11.95036,,-0.14382,18.49993,49717ee2-9808-4288-b76d-e658195b7979,USDC-WETH,0.3%,USDC-WETH (0.3%)
2023-02-07T23:06:13.933Z,177353525,18.86174,18.86174,,-0.19618,23.04969,49717ee2-9808-4288-b76d-e658195b7979,USDC-WETH,0.3%,USDC-WETH (0.3%)
2023-02-08T23:06:13.658Z,177825993,12.26015,12.26015,,-0.00561,18.5982,49717ee2-9808-4288-b76d-e658195b7979,USDC-WETH,0.3%,USDC-WETH (0.3%)
2023-02-09T14:11:17.915Z,177646598,19.0003,19.0003,,-0.02905,18.51792,49717ee2-9808-4288-b76d-e658195b7979,USDC-WETH,0.3%,USDC-WETH (0.3%)
2023-02-10T14:10:16.126Z,171336183,29.87765,29.87765,,-0.35522,22.11533,49717ee2-9808-4288-b76d-e658195b7979,USDC-WETH,0.3%,USDC-WETH (0.3%)
2023-02-12T11:06:21.717Z,171053950,5.12803,5.12803,,-0.59475,22.12933,49717ee2-9808-4288-b76d-e658195b7979,USDC-WETH,0.3%,USDC-WETH (0.3%)
2023-02-13T23:09:38.006Z,165315736,28.75818,28.75818,,-0.66242,24.84575,49717ee2-9808-4288-b76d-e658195b7979,USDC-WETH,0.3%,USDC-WETH (0.3%)
2023-02-14T23:06:04.138Z,170263497,25.54788,25.54788,,-0.39831,28.28719,49717ee2-9808-4288-b76d-e658195b7979,USDC-WETH,0.3%,USDC-WETH (0.3%)
2023-02-15T19:06:46.608Z,171723700,10.53154,10.53154,,-0.0885,27.36236,49717ee2-9808-4288-b76d-e658195b7979,USDC-WETH,0.3%,USDC-WETH (0.3%)
2023-02-16T23:06:02.321Z,175120736,34.24082,34.24082,,-0.40941,29.21618,49717ee2-9808-4288-b76d-e658195b7979,USDC-WETH,0.3%,USDC-WETH (0.3%)
2023-02-17T23:27:57.148Z,178231430,22.35237,22.35237,,-1.11797,29.48039,49717ee2-9808-4288-b76d-e658195b7979,USDC-WETH,0.3%,USDC-WETH (0.3%)
2023-02-18T23:05:57.497Z,176156125,4.00777,4.00777,,-0.77305,28.80908,49717ee2-9808-4288-b76d-e658195b7979,USDC-WETH,0.3%,USDC-WETH (0.3%)
2023-02-19T23:06:12.667Z,175893055,11.24017,11.24017,,-0.99159,29.57959,49717ee2-9808-4288-b76d-e658195b7979,USDC-WETH,0.3%,USDC-WETH (0.3%)
2023-02-20T23:05:50.143Z,174955933,13.45089,13.45089,,-1.34107,25.24855,49717ee2-9808-4288-b76d-e658195b7979,USDC-WETH,0.3%,USDC-WETH (0.3%)
2023-02-21T23:05:49.570Z,173200069,20.21491,20.21491,,-0.32013,23.55728,49717ee2-9808-4288-b76d-e658195b7979,USDC-WETH,0.3%,USDC-WETH (0.3%)
2023-02-22T23:06:00.459Z,173001515,19.80676,19.80676,,-0.04248,23.24066,49717ee2-9808-4288-b76d-e658195b7979,USDC-WETH,0.3%,USDC-WETH (0.3%)
2023-02-23T23:04:34.271Z,173414574,21.62162,21.62162,,-0.00049,20.79751,49717ee2-9808-4288-b76d-e658195b7979,USDC-WETH,0.3%,USDC-WETH (0.3%)
2023-02-24T23:06:07.558Z,170725114,17.85379,17.85379,,-0.29677,20.40356,49717ee2-9808-4288-b76d-e658195b7979,USDC-WETH,0.3%,USDC-WETH (0.3%)
2023-02-25T23:05:56.143Z,169122949,7.6234,7.6234,,-0.34223,21.62255,49717ee2-9808-4288-b76d-e658195b7979,USDC-WETH,0.3%,USDC-WETH (0.3%)
2023-02-26T23:20:40.851Z,159451255,13.01554,13.01554,,-0.08068,14.90354,49717ee2-9808-4288-b76d-e658195b7979,USDC-WETH,0.3%,USDC-WETH (0.3%)
2023-02-27T23:06:37.404Z,161105891,14.42708,14.42708,,-0.12233,20.79095,49717ee2-9808-4288-b76d-e658195b7979,USDC-WETH,0.3%,USDC-WETH (0.3%)
2023-02-28T23:10:21.882Z,158818553,11.231,11.231,,-0.06004,19.26067,49717ee2-9808-4288-b76d-e658195b7979,USDC-WETH,0.3%,USDC-WETH (0.3%)
2023-03-01T23:09:54.762Z,161450274,16.60717,16.60717,,-0.01153,18.06433,49717ee2-9808-4288-b76d-e658195b7979,USDC-WETH,0.3%,USDC-WETH (0.3%)
2023-03-02T22:06:17.706Z,161023051,10.22255,10.22255,,-0.00041,11.12192,49717ee2-9808-4288-b76d-e658195b7979,USDC-WETH,0.3%,USDC-WETH (0.3%)
2023-03-03T23:06:28.416Z,156103508,25.26355,25.26355,,-0.04804,20.39392,49717ee2-9808-4288-b76d-e658195b7979,USDC-WETH,0.3%,USDC-WETH (0.3%)
2023-03-04T23:17:35.569Z,155160658,3.31871,3.31871,,-0.0248,19.41261,49717ee2-9808-4288-b76d-e658195b7979,USDC-WETH,0.3%,USDC-WETH (0.3%)
2023-03-05T23:06:43.076Z,156001461,7.69168,7.69168,,-0.16325,17.92314,49717ee2-9808-4288-b76d-e658195b7979,USDC-WETH,0.3%,USDC-WETH (0.3%)
2023-03-06T23:06:08.721Z,156698570,5.15012,5.15012,,-0.13312,14.30569,49717ee2-9808-4288-b76d-e658195b7979,USDC-WETH,0.3%,USDC-WETH (0.3%)
2023-03-07T23:06:08.627Z,155000677,12.65549,12.65549,,-0.11666,14.71968,49717ee2-9808-4288-b76d-e658195b7979,USDC-WETH,0.3%,USDC-WETH (0.3%)
2023-03-08T23:06:10.618Z,155722896,8.08716,8.08716,,-0.33681,12.99752,49717ee2-9808-4288-b76d-e658195b7979,USDC-WETH,0.3%,USDC-WETH (0.3%)
2023-03-09T23:09:51.760Z,138971456,28.61565,28.61565,,-1.78424,22.76912,49717ee2-9808-4288-b76d-e658195b7979,USDC-WETH,0.3%,USDC-WETH (0.3%)
2023-03-10T23:06:09.078Z,139599351,59.02525,59.02525,,-0.70926,28.15669,49717ee2-9808-4288-b76d-e658195b7979,USDC-WETH,0.3%,USDC-WETH (0.3%)
2023-03-11T23:06:20.635Z,115663638,190.50624,190.50624,,-0.02363,36.34612,49717ee2-9808-4288-b76d-e658195b7979,USDC-WETH,0.3%,USDC-WETH (0.3%)
2023-03-12T23:06:15.816Z,120329825,52.91127,52.91127,,-0.03659,80.29565,49717ee2-9808-4288-b76d-e658195b7979,USDC-WETH,0.3%,USDC-WETH (0.3%)
2023-03-13T23:10:31.378Z,129229862,53.17329,53.17329,,-0.45617,83.94037,49717ee2-9808-4288-b76d-e658195b7979,USDC-WETH,0.3%,USDC-WETH (0.3%)
2023-03-14T23:17:34.081Z,119930733,51.57602,51.57602,,-0.76817,99.47404,49717ee2-9808-4288-b76d-e658195b7979,USDC-WETH,0.3%,USDC-WETH (0.3%)
2023-03-15T23:06:02.193Z,119170076,45.04428,45.04428,,-0.41436,83.54687,49717ee2-9808-4288-b76d-e658195b7979,USDC-WETH,0.3%,USDC-WETH (0.3%)
2023-03-16T23:17:25.736Z,119155531,20.3249,20.3249,,-2.08518,85.96039,49717ee2-9808-4288-b76d-e658195b7979,USDC-WETH,0.3%,USDC-WETH (0.3%)
2023-03-17T23:06:29.295Z,123756879,33.33772,33.33772,,-4.05454,92.3132,49717ee2-9808-4288-b76d-e658195b7979,USDC-WETH,0.3%,USDC-WETH (0.3%)
2023-03-18T23:09:52.548Z,122291841,32.7375,32.7375,,-1.73872,55.68923,49717ee2-9808-4288-b76d-e658195b7979,USDC-WETH,0.3%,USDC-WETH (0.3%)
2023-03-19T23:06:53.982Z,124542949,23.45813,23.45813,,-1.40193,49.62934,49717ee2-9808-4288-b76d-e658195b7979,USDC-WETH,0.3%,USDC-WETH (0.3%)
2023-03-20T23:06:14.991Z,119733313,32.23752,32.23752,,-0.13313,42.5869,49717ee2-9808-4288-b76d-e658195b7979,USDC-WETH,0.3%,USDC-WETH (0.3%)
2023-03-21T23:06:16.331Z,119910644,26.27671,26.27671,,-0.18524,40.5447,49717ee2-9808-4288-b76d-e658195b7979,USDC-WETH,0.3%,USDC-WETH (0.3%)
2023-03-22T23:06:10.896Z,116682538,37.90369,37.90369,,-0.18708,39.28421,49717ee2-9808-4288-b76d-e658195b7979,USDC-WETH,0.3%,USDC-WETH (0.3%)
2023-03-23T23:06:41.461Z,118416886,21.03981,21.03981,,-0.55155,40.40723,49717ee2-9808-4288-b76d-e658195b7979,USDC-WETH,0.3%,USDC-WETH (0.3%)
2023-03-24T23:17:18.093Z,116664110,25.97933,25.97933,,-0.06604,37.82303,49717ee2-9808-4288-b76d-e658195b7979,USDC-WETH,0.3%,USDC-WETH (0.3%)
2023-03-25T23:06:35.794Z,117020885,8.7023,8.7023,,-0.03224,33.24207,49717ee2-9808-4288-b76d-e658195b7979,USDC-WETH,0.3%,USDC-WETH (0.3%)
2023-03-26T23:06:17.521Z,123329981,11.68578,11.68578,,-0.03285,21.57303,49717ee2-9808-4288-b76d-e658195b7979,USDC-WETH,0.3%,USDC-WETH (0.3%)
2023-03-27T23:18:01.485Z,126317572,22.0339,22.0339,,-0.0017,25.74765,49717ee2-9808-4288-b76d-e658195b7979,USDC-WETH,0.3%,USDC-WETH (0.3%)
2023-03-28T23:10:20.994Z,128298710,14.93758,14.93758,,-0.02193,23.86851,49717ee2-9808-4288-b76d-e658195b7979,USDC-WETH,0.3%,USDC-WETH (0.3%)
2023-03-29T23:06:33.239Z,129047882,10.29982,10.29982,,-0.10619,20.02542,49717ee2-9808-4288-b76d-e658195b7979,USDC-WETH,0.3%,USDC-WETH (0.3%)
2023-03-30T23:28:27.357Z,129822214,16.54125,16.54125,,-0.02902,0.0,49717ee2-9808-4288-b76d-e658195b7979,USDC-WETH,0.3%,USDC-WETH (0.3%)
2023-03-31T22:07:01.089Z,131860131,12.52364,12.52364,,-0.16247,19.99104,49717ee2-9808-4288-b76d-e658195b7979,USDC-WETH,0.3%,USDC-WETH (0.3%)
2023-04-01T23:06:17.502Z,130102221,8.23877,8.23877,,-0.19132,20.26745,49717ee2-9808-4288-b76d-e658195b7979,USDC-WETH,0.3%,USDC-WETH (0.3%)
2023-04-02T23:06:12.770Z,129561694,6.71892,6.71892,,-0.00653,16.48447,49717ee2-9808-4288-b76d-e658195b7979,USDC-WETH,0.3%,USDC-WETH (0.3%)
2023-04-03T23:17:37.535Z,131483146,22.02833,22.02833,,-0.29479,16.26966,49717ee2-9808-4288-b76d-e658195b7979,USDC-WETH,0.3%,USDC-WETH (0.3%)
2023-04-04T23:06:38.555Z,132803792,12.20273,12.20273,,-0.24788,18.34562,49717ee2-9808-4288-b76d-e658195b7979,USDC-WETH,0.3%,USDC-WETH (0.3%)
2023-04-05T23:10:49.151Z,116997768,13.87265,13.87265,,-0.34495,21.34014,49717ee2-9808-4288-b76d-e658195b7979,USDC-WETH,0.3%,USDC-WETH (0.3%)
2023-04-06T23:06:21.941Z,115917774,13.78008,13.78008,,-0.17928,15.66631,49717ee2-9808-4288-b76d-e658195b7979,USDC-WETH,0.3%,USDC-WETH (0.3%)
2023-04-07T23:17:03.409Z,115786243,5.75135,5.75135,,-0.05313,14.45706,49717ee2-9808-4288-b76d-e658195b7979,USDC-WETH,0.3%,USDC-WETH (0.3%)
2023-04-08T23:09:50.983Z,115339001,3.59764,3.59764,,-0.0166,13.51212,49717ee2-9808-4288-b76d-e658195b7979,USDC-WETH,0.3%,USDC-WETH (0.3%)
2023-04-09T23:07:15.858Z,115995978,7.32591,7.32591,,-0.13601,13.0857,49717ee2-9808-4288-b76d-e658195b7979,USDC-WETH,0.3%,USDC-WETH (0.3%)
2023-04-10T23:28:42.570Z,116780359,11.11711,11.11711,,-0.27501,0.0,49717ee2-9808-4288-b76d-e658195b7979,USDC-WETH,0.3%,USDC-WETH (0.3%)
2023-04-11T23:06:25.098Z,116241283,8.0603,8.0603,,-0.01692,10.36388,49717ee2-9808-4288-b76d-e658195b7979,USDC-WETH,0.3%,USDC-WETH (0.3%)
2023-04-12T23:17:17.504Z,115620085,16.26934,16.26934,,-0.00043,16.50628,49717ee2-9808-4288-b76d-e658195b7979,USDC-WETH,0.3%,USDC-WETH (0.3%)
2023-04-13T23:06:32.819Z,116638661,11.406,11.406,,-0.44997,18.54201,49717ee2-9808-4288-b76d-e658195b7979,USDC-WETH,0.3%,USDC-WETH (0.3%)
2023-04-14T23:06:39.213Z,118134433,16.66443,16.66443,,-1.23037,22.06342,49717ee2-9808-4288-b76d-e658195b7979,USDC-WETH,0.3%,USDC-WETH (0.3%)
2023-04-15T22:06:08.680Z,115709896,4.3036,4.3036,,-1.24216,18.48904,49717ee2-9808-4288-b76d-e658195b7979,USDC-WETH,0.3%,USDC-WETH (0.3%)
2023-04-16T22:06:45.309Z,116915090,7.83682,7.83682,,-1.48109,19.59822,49717ee2-9808-4288-b76d-e658195b7979,USDC-WETH,0.3%,USDC-WETH (0.3%)
2023-04-17T23:06:47.193Z,115828361,7.35663,7.35663,,-0.65934,16.6738,49717ee2-9808-4288-b76d-e658195b7979,USDC-WETH,0.3%,USDC-WETH (0.3%)
2023-04-18T23:17:49.428Z,101171611,8.36028,8.36028,,-0.93947,16.96014,49717ee2-9808-4288-b76d-e658195b7979,USDC-WETH,0.3%,USDC-WETH (0.3%)
2023-04-19T23:06:28.861Z,102744880,19.8793,19.8793,,-0.05904,17.86029,49717ee2-9808-4288-b76d-e658195b7979,USDC-WETH,0.3%,USDC-WETH (0.3%)
2023-04-20T23:31:58.275Z,124544354,15.72867,15.72867,,-0.09953,0.0,49717ee2-9808-4288-b76d-e658195b7979,USDC-WETH,0.3%,USDC-WETH (0.3%)
2023-04-21T23:17:55.043Z,134342677,21.35148,21.35148,,-1.60993,14.76386,49717ee2-9808-4288-b76d-e658195b7979,USDC-WETH,0.3%,USDC-WETH (0.3%)
2023-04-22T23:06:58.522Z,134795367,5.90528,5.90528,,-1.07659,14.11915,49717ee2-9808-4288-b76d-e658195b7979,USDC-WETH,0.3%,USDC-WETH (0.3%)
2023-04-23T23:17:55.069Z,134435195,8.66533,8.66533,,-1.46881,15.06278,49717ee2-9808-4288-b76d-e658195b7979,USDC-WETH,0.3%,USDC-WETH (0.3%)
2023-04-24T23:11:10.252Z,132958361,19.71436,19.71436,,-1.32153,17.34455,49717ee2-9808-4288-b76d-e658195b7979,USDC-WETH,0.3%,USDC-WETH (0.3%)
2023-04-25T22:07:24.712Z,135480071,12.79513,12.79513,,-1.08328,17.65775,49717ee2-9808-4288-b76d-e658195b7979,USDC-WETH,0.3%,USDC-WETH (0.3%)
2023-04-26T23:28:46.517Z,134717462,37.39904,37.39904,,-0.11669,21.61231,49717ee2-9808-4288-b76d-e658195b7979,USDC-WETH,0.3%,USDC-WETH (0.3%)
2023-04-27T23:06:17.151Z,99820988,38.55849,38.55849,,-0.03821,38.20532,49717ee2-9808-4288-b76d-e658195b7979,USDC-WETH,0.3%,USDC-WETH (0.3%)
2023-04-28T23:06:33.968Z,98987645,7.97516,7.97516,,-0.05872,24.40586,49717ee2-9808-4288-b76d-e658195b7979,USDC-WETH,0.3%,USDC-WETH (0.3%)
2023-04-29T23:06:49.383Z,98674723,4.25961,4.25961,,-0.02113,34.03049,49717ee2-9808-4288-b76d-e658195b7979,USDC-WETH,0.3%,USDC-WETH (0.3%)
2023-04-30T23:06:51.769Z,98598869,9.07403,9.07403,,-0.01839,23.61741,49717ee2-9808-4288-b76d-e658195b7979,USDC-WETH,0.3%,USDC-WETH (0.3%)
2023-05-01T23:07:20.189Z,96940677,17.47827,17.47827,,-0.00715,22.93473,49717ee2-9808-4288-b76d-e658195b7979,USDC-WETH,0.3%,USDC-WETH (0.3%)
2023-05-02T23:10:29.570Z,98654854,9.73414,9.73414,,-0.00257,21.27203,49717ee2-9808-4288-b76d-e658195b7979,USDC-WETH,0.3%,USDC-WETH (0.3%)
2023-05-03T23:08:13.656Z,99517536,19.46687,19.46687,,-0.04157,23.08899,49717ee2-9808-4288-b76d-e658195b7979,USDC-WETH,0.3%,USDC-WETH (0.3%)
2023-05-04T23:19:05.693Z,95578816,6.32504,6.32504,,-0.02954,11.1785,49717ee2-9808-4288-b76d-e658195b7979,USDC-WETH,0.3%,USDC-WETH (0.3%)
2023-05-05T23:07:43.088Z,98596933,16.7565,16.7565,,-0.19072,17.04456,49717ee2-9808-4288-b76d-e658195b7979,USDC-WETH,0.3%,USDC-WETH (0.3%)
2023-05-06T23:07:13.091Z,96437084,23.86158,23.86158,,-0.00058,15.18558,49717ee2-9808-4288-b76d-e658195b7979,USDC-WETH,0.3%,USDC-WETH (0.3%)
2023-05-07T23:22:15.502Z,96748319,9.19394,9.19394,,-0.01378,21.29032,49717ee2-9808-4288-b76d-e658195b7979,USDC-WETH,0.3%,USDC-WETH (0.3%)
2023-05-08T23:08:35.819Z,94132699,26.16946,26.16946,,-0.00336,17.07225,49717ee2-9808-4288-b76d-e658195b7979,USDC-WETH,0.3%,USDC-WETH (0.3%)
2023-05-09T23:08:07.900Z,92812522,8.73239,8.73239,,-0.02748,16.99411,49717ee2-9808-4288-b76d-e658195b7979,USDC-WETH,0.3%,USDC-WETH (0.3%)
2023-05-10T22:18:25.310Z,92154720,22.96793,22.96793,,-0.09698,19.09978,49717ee2-9808-4288-b76d-e658195b7979,USDC-WETH,0.3%,USDC-WETH (0.3%)
2023-05-11T23:06:57.776Z,96747896,19.27568,19.27568,,-0.17719,19.69393,49717ee2-9808-4288-b76d-e658195b7979,USDC-WETH,0.3%,USDC-WETH (0.3%)
2023-05-12T23:17:27.394Z,98631402,32.52269,32.52269,,-0.86015,21.53928,49717ee2-9808-4288-b76d-e658195b7979,USDC-WETH,0.3%,USDC-WETH (0.3%)
2023-05-13T23:06:48.903Z,100483218,5.98457,5.98457,,-0.24174,18.80655,49717ee2-9808-4288-b76d-e658195b7979,USDC-WETH,0.3%,USDC-WETH (0.3%)
2023-05-14T23:06:45.360Z,105257589,5.13878,5.13878,,-0.29587,15.20853,49717ee2-9808-4288-b76d-e658195b7979,USDC-WETH,0.3%,USDC-WETH (0.3%)
2023-05-15T23:06:22.823Z,106002160,11.8744,11.8744,,-0.01268,12.26496,49717ee2-9808-4288-b76d-e658195b7979,USDC-WETH,0.3%,USDC-WETH (0.3%)
2023-05-16T23:18:29.364Z,105707493,7.5008,7.5008,,-0.01385,12.27742,49717ee2-9808-4288-b76d-e658195b7979,USDC-WETH,0.3%,USDC-WETH (0.3%)
2023-05-17T23:18:08.099Z,105470651,9.71439,9.71439,,-0.01413,12.50063,49717ee2-9808-4288-b76d-e658195b7979,USDC-WETH,0.3%,USDC-WETH (0.3%)
2023-05-18T23:07:42.245Z,105118980,10.03959,10.03959,,-0.00743,12.00662,49717ee2-9808-4288-b76d-e658195b7979,USDC-WETH,0.3%,USDC-WETH (0.3%)
2023-05-19T23:09:29.376Z,98299194,6.51916,6.51916,,-0.00168,9.14349,49717ee2-9808-4288-b76d-e658195b7979,USDC-WETH,0.3%,USDC-WETH (0.3%)
2023-05-20T23:06:20.733Z,98712846,2.1922,2.1922,,-0.00502,7.05041,49717ee2-9808-4288-b76d-e658195b7979,USDC-WETH,0.3%,USDC-WETH (0.3%)
2023-05-21T23:17:51.946Z,98257463,2.78713,2.78713,,-0.00166,8.56891,49717ee2-9808-4288-b76d-e658195b7979,USDC-WETH,0.3%,USDC-WETH (0.3%)
2023-05-22T23:06:31.350Z,101581621,4.41904,4.41904,,-0.00036,5.97922,49717ee2-9808-4288-b76d-e658195b7979,USDC-WETH,0.3%,USDC-WETH (0.3%)
2023-05-23T23:06:43.727Z,102259704,7.28236,7.28236,,-0.02072,6.6214,49717ee2-9808-4288-b76d-e658195b7979,USDC-WETH,0.3%,USDC-WETH (0.3%)
2023-05-24T23:06:58.703Z,104193447,13.1908,13.1908,,-0.00918,3.65296,49717ee2-9808-4288-b76d-e658195b7979,USDC-WETH,0.3%,USDC-WETH (0.3%)
2023-05-25T23:07:06.848Z,108904875,17.22962,17.22962,,-0.00012,3.63631,49717ee2-9808-4288-b76d-e658195b7979,USDC-WETH,0.3%,USDC-WETH (0.3%)
2023-05-26T23:06:51.466Z,108901407,9.91666,9.91666,,-0.00703,5.87685,49717ee2-9808-4288-b76d-e658195b7979,USDC-WETH,0.3%,USDC-WETH (0.3%)
2023-05-27T23:17:48.676Z,101559634,2.01615,2.01615,,-0.00463,8.24909,49717ee2-9808-4288-b76d-e658195b7979,USDC-WETH,0.3%,USDC-WETH (0.3%)
2023-05-28T23:06:55.334Z,103350115,12.03792,12.03792,,-0.24917,13.07824,49717ee2-9808-4288-b76d-e658195b7979,USDC-WETH,0.3%,USDC-WETH (0.3%)
2023-05-29T23:21:55.080Z,92308326,8.40073,8.40073,,-0.14396,11.88705,49717ee2-9808-4288-b76d-e658195b7979,USDC-WETH,0.3%,USDC-WETH (0.3%)
2023-05-30T22:08:52.994Z,92583607,5.80039,5.80039,,-0.08279,17.27708,49717ee2-9808-4288-b76d-e658195b7979,USDC-WETH,0.3%,USDC-WETH (0.3%)
2023-05-31T23:17:39.585Z,92517916,6.46932,6.46932,,-0.12527,10.19426,49717ee2-9808-4288-b76d-e658195b7979,USDC-WETH,0.3%,USDC-WETH (0.3%)
2023-06-01T23:07:08.094Z,92505802,9.3569,9.3569,,-0.09528,8.56714,49717ee2-9808-4288-b76d-e658195b7979,USDC-WETH,0.3%,USDC-WETH (0.3%)
2023-06-02T23:06:55.106Z,93697902,8.81805,8.81805,,-0.15535,12.12885,49717ee2-9808-4288-b76d-e658195b7979,USDC-WETH,0.3%,USDC-WETH (0.3%)
2023-06-03T23:06:37.000Z,93199027,1.73139,1.73139,,-0.09576,8.10048,49717ee2-9808-4288-b76d-e658195b7979,USDC-WETH,0.3%,USDC-WETH (0.3%)
2023-06-04T23:17:38.010Z,92353969,2.36787,2.36787,,-0.00011,9.6414,49717ee2-9808-4288-b76d-e658195b7979,USDC-WETH,0.3%,USDC-WETH (0.3%)
2023-06-05T23:07:14.785Z,90672068,18.33384,18.33384,,-0.18751,8.96415,49717ee2-9808-4288-b76d-e658195b7979,USDC-WETH,0.3%,USDC-WETH (0.3%)
2023-06-06T23:18:31.961Z,82715208,18.4631,18.4631,,-0.0086,7.7678,49717ee2-9808-4288-b76d-e658195b7979,USDC-WETH,0.3%,USDC-WETH (0.3%)
2023-06-07T23:18:02.797Z,81763105,16.30173,16.30173,,-0.03602,12.53489,49717ee2-9808-4288-b76d-e658195b7979,USDC-WETH,0.3%,USDC-WETH (0.3%)
2023-06-08T23:17:34.350Z,81366052,4.17237,4.17237,,-0.00781,11.40556,49717ee2-9808-4288-b76d-e658195b7979,USDC-WETH,0.3%,USDC-WETH (0.3%)
2023-06-09T23:07:06.935Z,87781946,4.93244,4.93244,,-0.12164,8.86151,49717ee2-9808-4288-b76d-e658195b7979,USDC-WETH,0.3%,USDC-WETH (0.3%)
2023-06-10T23:06:58.845Z,85997266,31.76235,31.76235,,-0.50893,14.28225,49717ee2-9808-4288-b76d-e658195b7979,USDC-WETH,0.3%,USDC-WETH (0.3%)
2023-06-11T23:06:38.389Z,86433851,8.51905,8.51905,,-0.60614,15.03317,49717ee2-9808-4288-b76d-e658195b7979,USDC-WETH,0.3%,USDC-WETH (0.3%)
2023-06-12T23:07:28.117Z,86247050,11.80671,11.80671,,-0.11486,0.0,49717ee2-9808-4288-b76d-e658195b7979,USDC-WETH,0.3%,USDC-WETH (0.3%)
2023-06-13T23:07:02.229Z,86036264,10.46463,10.46463,,-0.59323,13.04021,49717ee2-9808-4288-b76d-e658195b7979,USDC-WETH,0.3%,USDC-WETH (0.3%)
2023-06-14T23:20:16.947Z,83958644,20.28102,20.28102,,-0.94428,13.16763,49717ee2-9808-4288-b76d-e658195b7979,USDC-WETH,0.3%,USDC-WETH (0.3%)
2023-06-15T23:06:55.626Z,83883130,15.79792,15.79792,,-0.9822,15.1392,49717ee2-9808-4288-b76d-e658195b7979,USDC-WETH,0.3%,USDC-WETH (0.3%)
2023-06-16T23:07:56.982Z,84587519,11.39399,11.39399,,-0.39395,0.0,49717ee2-9808-4288-b76d-e658195b7979,USDC-WETH,0.3%,USDC-WETH (0.3%)
2023-06-17T23:07:07.671Z,84760610,8.48158,8.48158,,-0.01654,0.0,49717ee2-9808-4288-b76d-e658195b7979,USDC-WETH,0.3%,USDC-WETH (0.3%)
2023-06-18T23:07:52.671Z,84330870,4.73483,4.73483,,-0.02723,12.13667,49717ee2-9808-4288-b76d-e658195b7979,USDC-WETH,0.3%,USDC-WETH (0.3%)
2023-06-19T23:08:52.397Z,84525435,13.30017,13.30017,,-0.00171,12.23279,49717ee2-9808-4288-b76d-e658195b7979,USDC-WETH,0.3%,USDC-WETH (0.3%)
2023-06-20T23:09:58.520Z,87051048,15.39117,15.39117,,-0.0692,0.0,49717ee2-9808-4288-b76d-e658195b7979,USDC-WETH,0.3%,USDC-WETH (0.3%)
2023-06-21T23:07:12.429Z,88545376,30.19245,30.19245,,-1.62629,13.20895,49717ee2-9808-4288-b76d-e658195b7979,USDC-WETH,0.3%,USDC-WETH (0.3%)
2023-06-22T23:07:07.765Z,87533787,17.01588,17.01588,,-1.20527,14.10038,49717ee2-9808-4288-b76d-e658195b7979,USDC-WETH,0.3%,USDC-WETH (0.3%)
2023-06-23T23:07:01.097Z,87866675,19.52601,19.52601,,-0.78118,12.90279,49717ee2-9808-4288-b76d-e658195b7979,USDC-WETH,0.3%,USDC-WETH (0.3%)
2023-06-24T23:10:30.700Z,87353481,8.20884,8.20884,,-0.56919,15.2983,49717ee2-9808-4288-b76d-e658195b7979,USDC-WETH,0.3%,USDC-WETH (0.3%)
2023-06-25T23:08:15.158Z,87836242,10.4454,10.4454,,-0.88884,18.67016,49717ee2-9808-4288-b76d-e658195b7979,USDC-WETH,0.3%,USDC-WETH (0.3%)
2023-06-26T23:06:37.554Z,86959488,21.00544,21.00544,,-0.4143,17.33197,49717ee2-9808-4288-b76d-e658195b7979,USDC-WETH,0.3%,USDC-WETH (0.3%)
2023-06-27T23:06:55.656Z,87551870,12.16588,12.16588,,-0.2728,15.58361,49717ee2-9808-4288-b76d-e658195b7979,USDC-WETH,0.3%,USDC-WETH (0.3%)
2023-06-28T23:08:16.060Z,86103762,11.81821,11.81821,,-0.10717,14.35074,49717ee2-9808-4288-b76d-e658195b7979,USDC-WETH,0.3%,USDC-WETH (0.3%)
2023-06-29T23:06:28.208Z,86871347,9.66497,9.66497,,-0.01303,12.07199,49717ee2-9808-4288-b76d-e658195b7979,USDC-WETH,0.3%,USDC-WETH (0.3%)
2023-06-30T23:06:15.764Z,89792420,36.19569,36.19569,,-0.04309,18.61636,49717ee2-9808-4288-b76d-e658195b7979,USDC-WETH,0.3%,USDC-WETH (0.3%)
2023-07-01T23:05:56.214Z,89821136,2.96833,2.96833,,-0.05197,18.60235,49717ee2-9808-4288-b76d-e658195b7979,USDC-WETH,0.3%,USDC-WETH (0.3%)
2023-07-02T23:06:10.720Z,90129500,11.58118,11.58118,,-0.04126,18.79111,49717ee2-9808-4288-b76d-e658195b7979,USDC-WETH,0.3%,USDC-WETH (0.3%)
2023-07-03T23:05:53.491Z,90446049,7.4563,7.4563,,-0.22989,15.50492,49717ee2-9808-4288-b76d-e658195b7979,USDC-WETH,0.3%,USDC-WETH (0.3%)
2023-07-04T23:06:58.476Z,90141427,3.28686,3.28686,,-0.06878,14.85645,49717ee2-9808-4288-b76d-e658195b7979,USDC-WETH,0.3%,USDC-WETH (0.3%)
2023-07-05T23:06:13.434Z,89121101,5.92269,5.92269,,-0.16674,12.17058,49717ee2-9808-4288-b76d-e658195b7979,USDC-WETH,0.3%,USDC-WETH (0.3%)
2023-07-06T23:06:15.578Z,88351623,16.08646,16.08646,,-0.0072,11.39436,49717ee2-9808-4288-b76d-e658195b7979,USDC-WETH,0.3%,USDC-WETH (0.3%)
2023-07-07T23:06:19.338Z,88239385,10.80373,10.80373,,-0.10156,7.9018,49717ee2-9808-4288-b76d-e658195b7979,USDC-WETH,0.3%,USDC-WETH (0.3%)
2023-07-08T23:09:26.847Z,88293980,3.7283,3.7283,,-0.10411,8.02826,49717ee2-9808-4288-b76d-e658195b7979,USDC-WETH,0.3%,USDC-WETH (0.3%)
2023-07-09T23:06:02.480Z,88389866,4.26236,4.26236,,-0.12901,7.01815,49717ee2-9808-4288-b76d-e658195b7979,USDC-WETH,0.3%,USDC-WETH (0.3%)
2023-07-10T23:05:57.661Z,88354358,10.47697,10.47697,,-0.15286,7.32263,49717ee2-9808-4288-b76d-e658195b7979,USDC-WETH,0.3%,USDC-WETH (0.3%)
2023-07-11T23:06:09.608Z,88726413,4.78234,4.78234,,-0.09737,7.51044,49717ee2-9808-4288-b76d-e658195b7979,USDC-WETH,0.3%,USDC-WETH (0.3%)
2023-07-12T23:06:30.519Z,88442953,7.23422,7.23422,,-0.03533,7.68466,49717ee2-9808-4288-b76d-e658195b7979,USDC-WETH,0.3%,USDC-WETH (0.3%)
2023-07-13T23:06:07.845Z,97692493,18.93247,18.93247,,-0.37059,11.04905,49717ee2-9808-4288-b76d-e658195b7979,USDC-WETH,0.3%,USDC-WETH (0.3%)
2023-07-14T23:05:57.272Z,88942755,12.75867,12.75867,,-0.09246,15.05563,49717ee2-9808-4288-b76d-e658195b7979,USDC-WETH,0.3%,USDC-WETH (0.3%)
2023-07-15T23:06:07.479Z,89210580,1.76141,1.76141,,-0.11955,14.52124,49717ee2-9808-4288-b76d-e658195b7979,USDC-WETH,0.3%,USDC-WETH (0.3%)
2023-07-16T23:17:06.020Z,88917646,2.28575,2.28575,,-0.10939,14.07764,49717ee2-9808-4288-b76d-e658195b7979,USDC-WETH,0.3%,USDC-WETH (0.3%)
2023-07-17T23:17:08.241Z,90188485,11.60562,11.60562,,-0.03053,14.29023,49717ee2-9808-4288-b76d-e658195b7979,USDC-WETH,0.3%,USDC-WETH (0.3%)
2023-07-18T23:10:07.521Z,90022405,5.95148,5.95148,,-0.01124,12.37071,49717ee2-9808-4288-b76d-e658195b7979,USDC-WETH,0.3%,USDC-WETH (0.3%)
2023-07-19T23:06:58.591Z,96444593,6.07793,6.07793,,-0.00689,6.73884,49717ee2-9808-4288-b76d-e658195b7979,USDC-WETH,0.3%,USDC-WETH (0.3%)
2023-07-20T23:06:23.489Z,96593866,7.66138,7.66138,,-0.23755,6.57203,49717ee2-9808-4288-b76d-e658195b7979,USDC-WETH,0.3%,USDC-WETH (0.3%)
2023-07-21T23:06:07.393Z,96553370,2.73563,2.73563,,-0.02853,5.27316,49717ee2-9808-4288-b76d-e658195b7979,USDC-WETH,0.3%,USDC-WETH (0.3%)
2023-07-22T23:09:09.689Z,96341941,2.65095,2.65095,,-0.04767,4.44155,49717ee2-9808-4288-b76d-e658195b7979,USDC-WETH,0.3%,USDC-WETH (0.3%)
2023-07-23T23:17:09.188Z,96462186,10.4669,10.4669,,-0.06097,5.45197,49717ee2-9808-4288-b76d-e658195b7979,USDC-WETH,0.3%,USDC-WETH (0.3%)
2023-07-24T21:10:52.582Z,95222832,10.24186,10.24186,,-0.04615,5.54817,49717ee2-9808-4288-b76d-e658195b7979,USDC-WETH,0.3%,USDC-WETH (0.3%)
2023-07-25T23:06:01.687Z,95544368,2.48488,2.48488,,-0.04263,4.93269,49717ee2-9808-4288-b76d-e658195b7979,USDC-WETH,0.3%,USDC-WETH (0.3%)
2023-07-26T23:05:59.744Z,95632249,8.4637,8.4637,,-0.00527,5.18068,49717ee2-9808-4288-b76d-e658195b7979,USDC-WETH,0.3%,USDC-WETH (0.3%)
2023-07-27T23:06:36.390Z,95208763,4.12141,4.12141,,-0.0364,4.76999,49717ee2-9808-4288-b76d-e658195b7979,USDC-WETH,0.3%,USDC-WETH (0.3%)
2023-07-28T23:06:05.935Z,95714452,3.55173,3.55173,,-0.0084,4.79685,49717ee2-9808-4288-b76d-e658195b7979,USDC-WETH,0.3%,USDC-WETH (0.3%)
2023-07-29T23:06:15.603Z,95819989,1.00717,1.00717,,-0.00059,4.62287,49717ee2-9808-4288-b76d-e658195b7979,USDC-WETH,0.3%,USDC-WETH (0.3%)
2023-07-30T23:09:31.789Z,95197219,3.75192,3.75192,,-0.0163,3.85701,49717ee2-9808-4288-b76d-e658195b7979,USDC-WETH,0.3%,USDC-WETH (0.3%)
2023-07-31T23:05:52.862Z,94967034,3.21589,3.21589,,-0.00322,3.16645,49717ee2-9808-4288-b76d-e658195b7979,USDC-WETH,0.3%,USDC-WETH (0.3%)
2023-08-01T23:09:46.626Z,95018832,9.95298,9.95298,,-0.00203,4.02292,49717ee2-9808-4288-b76d-e658195b7979,USDC-WETH,0.3%,USDC-WETH (0.3%)
2023-08-02T23:06:19.680Z,94880366,12.19123,12.19123,,-0.02403,4.31322,49717ee2-9808-4288-b76d-e658195b7979,USDC-WETH,0.3%,USDC-WETH (0.3%)
2023-08-03T23:18:15.408Z,94810733,5.81661,5.81661,,-0.00621,4.50571,49717ee2-9808-4288-b76d-e658195b7979,USDC-WETH,0.3%,USDC-WETH (0.3%)
2023-08-04T23:06:55.647Z,93189771,4.38587,4.38587,,-0.06105,4.97519,49717ee2-9808-4288-b76d-e658195b7979,USDC-WETH,0.3%,USDC-WETH (0.3%)
2023-08-05T23:07:03.248Z,93363366,0.9229,0.9229,,-0.05267,4.88649,49717ee2-9808-4288-b76d-e658195b7979,USDC-WETH,0.3%,USDC-WETH (0.3%)
2023-08-06T23:08:02.217Z,93158405,0.33125,0.33125,,-0.02006,4.5327,49717ee2-9808-4288-b76d-e658195b7979,USDC-WETH,0.3%,USDC-WETH (0.3%)
2023-08-07T23:06:52.766Z,92993120,7.44644,7.44644,,-0.02301,5.00646,49717ee2-9808-4288-b76d-e658195b7979,USDC-WETH,0.3%,USDC-WETH (0.3%)
2023-08-08T14:07:13.197Z,96430188,7.73738,7.73738,,-0.00013,4.37152,49717ee2-9808-4288-b76d-e658195b7979,USDC-WETH,0.3%,USDC-WETH (0.3%)
2023-08-29T23:06:02.556Z,62296034,19.05615,19.05615,,-0.33707,10.67092,49717ee2-9808-4288-b76d-e658195b7979,USDC-WETH,0.3%,USDC-WETH (0.3%)
2023-08-30T23:05:53.521Z,61970817,4.60589,4.60589,,-0.02262,8.24196,49717ee2-9808-4288-b76d-e658195b7979,USDC-WETH,0.3%,USDC-WETH (0.3%)
2023-08-31T23:05:49.607Z,60444344,16.27996,16.27996,,0.0,9.12943,49717ee2-9808-4288-b76d-e658195b7979,USDC-WETH,0.3%,USDC-WETH (0.3%)
2023-09-01T11:06:03.387Z,60331985,16.79465,16.79465,,-0.00227,8.92579,49717ee2-9808-4288-b76d-e658195b7979,USDC-WETH,0.3%,USDC-WETH (0.3%)
2023-09-04T23:06:24.066Z,59717870,4.16273,4.16273,,-0.02172,8.86934,49717ee2-9808-4288-b76d-e658195b7979,USDC-WETH,0.3%,USDC-WETH (0.3%)
2023-09-05T23:05:45.051Z,59973851,7.67344,7.67344,,-0.25059,7.04207,49717ee2-9808-4288-b76d-e658195b7979,USDC-WETH,0.3%,USDC-WETH (0.3%)
2023-09-06T23:06:16.844Z,59898732,10.89412,10.89412,,-0.16866,7.93728,49717ee2-9808-4288-b76d-e658195b7979,USDC-WETH,0.3%,USDC-WETH (0.3%)
2023-09-07T23:06:33.326Z,60329416,5.36002,5.36002,,-3e-05,6.26449,49717ee2-9808-4288-b76d-e658195b7979,USDC-WETH,0.3%,USDC-WETH (0.3%)
2023-09-08T23:06:17.579Z,59956977,5.69123,5.69123,,-0.00123,5.50731,49717ee2-9808-4288-b76d-e658195b7979,USDC-WETH,0.3%,USDC-WETH (0.3%)
2023-09-09T23:05:50.902Z,60056245,0.16491,0.16491,,-0.0005,5.2421,49717ee2-9808-4288-b76d-e658195b7979,USDC-WETH,0.3%,USDC-WETH (0.3%)
2023-09-10T23:06:21.031Z,59517079,5.6995,5.6995,,-0.00904,5.77906,49717ee2-9808-4288-b76d-e658195b7979,USDC-WETH,0.3%,USDC-WETH (0.3%)
2023-09-11T23:06:17.442Z,58112122,24.50115,24.50115,,-0.20915,10.88609,49717ee2-9808-4288-b76d-e658195b7979,USDC-WETH,0.3%,USDC-WETH (0.3%)
2023-09-12T23:06:34.102Z,59123878,19.80092,19.80092,,-0.04326,10.61761,49717ee2-9808-4288-b76d-e658195b7979,USDC-WETH,0.3%,USDC-WETH (0.3%)
2023-09-13T23:05:11.071Z,59420194,12.86565,12.86565,,-0.01803,10.78774,49717ee2-9808-4288-b76d-e658195b7979,USDC-WETH,0.3%,USDC-WETH (0.3%)
2023-09-14T23:07:38.700Z,59800081,9.5038,9.5038,,-0.01522,11.29149,49717ee2-9808-4288-b76d-e658195b7979,USDC-WETH,0.3%,USDC-WETH (0.3%)
2023-09-15T23:06:55.684Z,60210689,6.29872,6.29872,,-0.00774,11.29225,49717ee2-9808-4288-b76d-e658195b7979,USDC-WETH,0.3%,USDC-WETH (0.3%)
2023-09-16T23:06:30.683Z,59895843,2.14684,2.14684,,-3e-05,11.56746,49717ee2-9808-4288-b76d-e658195b7979,USDC-WETH,0.3%,USDC-WETH (0.3%)
2023-09-17T23:06:16.148Z,59464869,3.32983,3.32983,,0.0,11.32886,49717ee2-9808-4288-b76d-e658195b7979,USDC-WETH,0.3%,USDC-WETH (0.3%)
2023-09-18T23:06:37.207Z,59981248,11.08336,11.08336,,-0.30052,9.39584,49717ee2-9808-4288-b76d-e658195b7979,USDC-WETH,0.3%,USDC-WETH (0.3%)
2023-09-19T23:06:37.016Z,59987599,8.89564,8.89564,,-0.06685,7.85149,49717ee2-9808-4288-b76d-e658195b7979,USDC-WETH,0.3%,USDC-WETH (0.3%)
2023-09-20T23:10:14.415Z,59514487,7.83521,7.83521,,-0.0098,7.20362,49717ee2-9808-4288-b76d-e658195b7979,USDC-WETH,0.3%,USDC-WETH (0.3%)
2023-09-21T23:05:18.305Z,58958820,8.0495,8.0495,,-0.06811,8.4231,49717ee2-9808-4288-b76d-e658195b7979,USDC-WETH,0.3%,USDC-WETH (0.3%)
2023-09-22T23:06:44.053Z,58902540,3.36069,3.36069,,-0.1071,6.59523,49717ee2-9808-4288-b76d-e658195b7979,USDC-WETH,0.3%,USDC-WETH (0.3%)
2023-09-23T23:07:11.078Z,58835483,0.32392,0.32392,,-0.06433,6.31531,49717ee2-9808-4288-b76d-e658195b7979,USDC-WETH,0.3%,USDC-WETH (0.3%)
2023-09-24T23:06:11.229Z,58821084,2.92571,2.92571,,-0.03382,6.22653,49717ee2-9808-4288-b76d-e658195b7979,USDC-WETH,0.3%,USDC-WETH (0.3%)
2023-09-25T23:05:13.317Z,58006535,7.262,7.262,,-0.10464,6.51972,49717ee2-9808-4288-b76d-e658195b7979,USDC-WETH,0.3%,USDC-WETH (0.3%)
2023-09-26T23:06:41.556Z,57837185,2.1229,2.1229,,-0.10121,5.61066,49717ee2-9808-4288-b76d-e658195b7979,USDC-WETH,0.3%,USDC-WETH (0.3%)
2023-09-27T23:06:42.788Z,58039191,9.01147,9.01147,,-0.02578,5.77929,49717ee2-9808-4288-b76d-e658195b7979,USDC-WETH,0.3%,USDC-WETH (0.3%)
2023-09-28T23:10:20.584Z,59299026,12.74503,12.74503,,-0.13574,6.39851,49717ee2-9808-4288-b76d-e658195b7979,USDC-WETH,0.3%,USDC-WETH (0.3%)
2023-09-29T23:06:49.928Z,59682288,9.80218,9.80218,,-0.16862,7.36246,49717ee2-9808-4288-b76d-e658195b7979,USDC-WETH,0.3%,USDC-WETH (0.3%)
2023-09-30T23:10:40.947Z,59907509,3.64625,3.64625,,-0.21922,7.93215,49717ee2-9808-4288-b76d-e658195b7979,USDC-WETH,0.3%,USDC-WETH (0.3%)
2023-10-01T23:06:33.315Z,61086756,8.56665,8.56665,,-0.64622,8.59831,49717ee2-9808-4288-b76d-e658195b7979,USDC-WETH,0.3%,USDC-WETH (0.3%)
2023-10-02T23:06:18.399Z,65692403,22.93689,22.93689,,-0.15473,11.40229,49717ee2-9808-4288-b76d-e658195b7979,USDC-WETH,0.3%,USDC-WETH (0.3%)
2023-10-03T23:06:20.953Z,65588304,4.1842,4.1842,,-0.14707,11.99754,49717ee2-9808-4288-b76d-e658195b7979,USDC-WETH,0.3%,USDC-WETH (0.3%)
2023-10-04T23:05:52.754Z,65455154,7.04968,7.04968,,-0.09208,11.77003,49717ee2-9808-4288-b76d-e658195b7979,USDC-WETH,0.3%,USDC-WETH (0.3%)
2023-10-05T23:10:14.473Z,64923742,5.72362,5.72362,,-0.03596,10.76635,49717ee2-9808-4288-b76d-e658195b7979,USDC-WETH,0.3%,USDC-WETH (0.3%)
2023-10-06T23:10:45.306Z,66259804,9.57287,9.57287,,-0.01045,10.61852,49717ee2-9808-4288-b76d-e658195b7979,USDC-WETH,0.3%,USDC-WETH (0.3%)
2023-10-07T23:07:06.016Z,65345521,1.41865,1.41865,,-0.04777,10.35695,49717ee2-9808-4288-b76d-e658195b7979,USDC-WETH,0.3%,USDC-WETH (0.3%)
2023-10-08T23:10:55.999Z,67054398,8.1912,8.1912,,-0.32356,10.33436,49717ee2-9808-4288-b76d-e658195b7979,USDC-WETH,0.3%,USDC-WETH (0.3%)
2023-10-09T23:10:10.154Z,65608729,13.66747,13.66747,,-0.19574,8.10035,49717ee2-9808-4288-b76d-e658195b7979,USDC-WETH,0.3%,USDC-WETH (0.3%)
2023-10-10T23:10:25.298Z,65333427,7.92403,7.92403,,-0.26841,8.70123,49717ee2-9808-4288-b76d-e658195b7979,USDC-WETH,0.3%,USDC-WETH (0.3%)
2023-10-11T23:08:05.371Z,65849747,10.1743,10.1743,,-0.26193,7.50845,49717ee2-9808-4288-b76d-e658195b7979,USDC-WETH,0.3%,USDC-WETH (0.3%)
2023-10-12T23:06:32.712Z,64973121,8.60195,8.60195,,-0.23047,9.82123,49717ee2-9808-4288-b76d-e658195b7979,USDC-WETH,0.3%,USDC-WETH (0.3%)
2023-10-13T23:06:05.109Z,65624820,8.73294,8.73294,,-0.32601,8.62634,49717ee2-9808-4288-b76d-e658195b7979,USDC-WETH,0.3%,USDC-WETH (0.3%)
2023-10-14T23:06:07.621Z,65766223,1.45659,1.45659,,-0.2168,8.61948,49717ee2-9808-4288-b76d-e658195b7979,USDC-WETH,0.3%,USDC-WETH (0.3%)
2023-10-15T23:10:09.293Z,65791175,2.45859,2.45859,,-0.20124,7.74452,49717ee2-9808-4288-b76d-e658195b7979,USDC-WETH,0.3%,USDC-WETH (0.3%)
2023-10-16T23:17:19.783Z,66887731,34.33092,34.33092,,-0.01012,9.20786,49717ee2-9808-4288-b76d-e658195b7979,USDC-WETH,0.3%,USDC-WETH (0.3%)
2023-10-17T23:04:44.368Z,66164373,12.4594,12.4594,,-0.00202,9.84254,49717ee2-9808-4288-b76d-e658195b7979,USDC-WETH,0.3%,USDC-WETH (0.3%)
2023-10-18T23:09:52.584Z,66241714,8.00155,8.00155,,-0.00062,9.57091,49717ee2-9808-4288-b76d-e658195b7979,USDC-WETH,0.3%,USDC-WETH (0.3%)
2023-10-19T23:06:31.564Z,66218956,6.43256,6.43256,,-0.02589,9.31772,49717ee2-9808-4288-b76d-e658195b7979,USDC-WETH,0.3%,USDC-WETH (0.3%)
2023-10-20T23:06:34.989Z,67876219,13.78826,13.78826,,-0.11739,10.3115,49717ee2-9808-4288-b76d-e658195b7979,USDC-WETH,0.3%,USDC-WETH (0.3%)
2023-10-21T23:07:39.187Z,67894815,6.40373,6.40373,,-0.19804,13.85084,49717ee2-9808-4288-b76d-e658195b7979,USDC-WETH,0.3%,USDC-WETH (0.3%)
2023-10-22T23:06:30.854Z,68580773,8.41475,8.41475,,-0.36156,15.01765,49717ee2-9808-4288-b76d-e658195b7979,USDC-WETH,0.3%,USDC-WETH (0.3%)
2023-10-23T23:10:14.142Z,70719762,32.47216,32.47216,,-0.94128,11.00258,49717ee2-9808-4288-b76d-e658195b7979,USDC-WETH,0.3%,USDC-WETH (0.3%)
2023-10-24T23:10:43.142Z,69535005,57.71616,57.71616,,-1.59467,18.68012,49717ee2-9808-4288-b76d-e658195b7979,USDC-WETH,0.3%,USDC-WETH (0.3%)
2023-10-25T23:06:11.241Z,69717448,18.93018,18.93018,,-1.62049,20.02938,49717ee2-9808-4288-b76d-e658195b7979,USDC-WETH,0.3%,USDC-WETH (0.3%)
2023-10-26T23:05:59.742Z,70951890,36.34843,36.34843,,-1.76098,23.62492,49717ee2-9808-4288-b76d-e658195b7979,USDC-WETH,0.3%,USDC-WETH (0.3%)
2023-10-27T23:06:21.339Z,70334683,16.64593,16.64593,,-0.86819,24.19102,49717ee2-9808-4288-b76d-e658195b7979,USDC-WETH,0.3%,USDC-WETH (0.3%)
2023-10-28T23:06:05.701Z,73156610,6.00042,6.00042,,-0.62842,24.0337,49717ee2-9808-4288-b76d-e658195b7979,USDC-WETH,0.3%,USDC-WETH (0.3%)
2023-10-29T23:05:45.585Z,71110442,6.86385,6.86385,,-0.63849,22.57578,49717ee2-9808-4288-b76d-e658195b7979,USDC-WETH,0.3%,USDC-WETH (0.3%)
2023-10-30T23:06:47.651Z,71334336,17.94305,17.94305,,-0.04624,19.18879,49717ee2-9808-4288-b76d-e658195b7979,USDC-WETH,0.3%,USDC-WETH (0.3%)
2023-10-31T23:09:29.839Z,71247835,12.26761,12.26761,,-0.00762,13.34014,49717ee2-9808-4288-b76d-e658195b7979,USDC-WETH,0.3%,USDC-WETH (0.3%)
2023-11-01T23:06:03.200Z,72017554,29.56017,29.56017,,-0.06242,15.09903,49717ee2-9808-4288-b76d-e658195b7979,USDC-WETH,0.3%,USDC-WETH (0.3%)
2023-11-02T23:06:35.298Z,70795602,20.0916,20.0916,,-0.00273,13.49492,49717ee2-9808-4288-b76d-e658195b7979,USDC-WETH,0.3%,USDC-WETH (0.3%)
2023-11-03T23:05:52.847Z,71648827,13.45001,13.45001,,-0.07793,12.59708,49717ee2-9808-4288-b76d-e658195b7979,USDC-WETH,0.3%,USDC-WETH (0.3%)
2023-11-04T23:10:22.031Z,71922026,5.33859,5.33859,,-0.17792,12.21765,49717ee2-9808-4288-b76d-e658195b7979,USDC-WETH,0.3%,USDC-WETH (0.3%)
2023-11-05T23:05:55.674Z,72763373,26.3344,26.3344,,-0.13512,14.31813,49717ee2-9808-4288-b76d-e658195b7979,USDC-WETH,0.3%,USDC-WETH (0.3%)
2023-11-06T23:06:54.179Z,72899488,18.52765,18.52765,,-0.20886,20.16274,49717ee2-9808-4288-b76d-e658195b7979,USDC-WETH,0.3%,USDC-WETH (0.3%)
2023-11-07T23:06:59.340Z,71989649,17.52221,17.52221,,-0.12242,13.93178,49717ee2-9808-4288-b76d-e658195b7979,USDC-WETH,0.3%,USDC-WETH (0.3%)
2023-11-08T23:06:40.169Z,72023061,6.14996,6.14996,,-0.06034,12.48779,49717ee2-9808-4288-b76d-e658195b7979,USDC-WETH,0.3%,USDC-WETH (0.3%)
2023-11-09T23:11:11.763Z,72838488,50.41913,50.41913,,-1.89999,29.01029,49717ee2-9808-4288-b76d-e658195b7979,USDC-WETH,0.3%,USDC-WETH (0.3%)
2023-11-10T23:08:29.579Z,87992656,25.48795,25.48795,,-1.44002,18.71113,49717ee2-9808-4288-b76d-e658195b7979,USDC-WETH,0.3%,USDC-WETH (0.3%)
2023-11-11T23:10:08.782Z,87761611,16.63699,16.63699,,-0.76034,21.73139,49717ee2-9808-4288-b76d-e658195b7979,USDC-WETH,0.3%,USDC-WETH (0.3%)
2023-11-12T20:33:16.465Z,87931385,11.99396,11.99396,,-0.51539,20.41161,49717ee2-9808-4288-b76d-e658195b7979,USDC-WETH,0.3%,USDC-WETH (0.3%)
2023-11-13T23:07:36.523Z,88207782,38.20468,38.20468,,-0.58501,20.62285,49717ee2-9808-4288-b76d-e658195b7979,USDC-WETH,0.3%,USDC-WETH (0.3%)
2023-11-14T23:07:26.878Z,86070615,28.46504,28.46504,,-0.26767,28.62429,49717ee2-9808-4288-b76d-e658195b7979,USDC-WETH,0.3%,USDC-WETH (0.3%)
2023-11-15T23:06:44.635Z,88240838,23.11338,23.11338,,-0.59015,24.31006,49717ee2-9808-4288-b76d-e658195b7979,USDC-WETH,0.3%,USDC-WETH (0.3%)
2023-11-16T23:05:43.509Z,86321214,35.88028,35.88028,,-0.32004,30.70349,49717ee2-9808-4288-b76d-e658195b7979,USDC-WETH,0.3%,USDC-WETH (0.3%)
2023-11-17T23:06:31.042Z,83586302,17.58267,17.58267,,-0.36547,29.17605,49717ee2-9808-4288-b76d-e658195b7979,USDC-WETH,0.3%,USDC-WETH (0.3%)
2023-11-18T23:05:55.099Z,81869194,7.99269,7.99269,,-0.16491,27.54033,49717ee2-9808-4288-b76d-e658195b7979,USDC-WETH,0.3%,USDC-WETH (0.3%)
2023-11-19T23:05:36.712Z,79481103,5.44906,5.44906,,-0.14219,25.82857,49717ee2-9808-4288-b76d-e658195b7979,USDC-WETH,0.3%,USDC-WETH (0.3%)
2023-11-20T23:09:51.157Z,79115876,25.59821,25.59821,,-0.03893,23.13751,49717ee2-9808-4288-b76d-e658195b7979,USDC-WETH,0.3%,USDC-WETH (0.3%)
2023-11-21T23:05:29.006Z,77482966,30.11936,30.11936,,-0.02698,24.0346,49717ee2-9808-4288-b76d-e658195b7979,USDC-WETH,0.3%,USDC-WETH (0.3%)
2023-11-22T23:10:33.042Z,79857534,24.40875,24.40875,,-0.00927,22.82314,49717ee2-9808-4288-b76d-e658195b7979,USDC-WETH,0.3%,USDC-WETH (0.3%)
2023-11-23T23:07:01.765Z,79750153,11.1168,11.1168,,-0.20929,17.83328,49717ee2-9808-4288-b76d-e658195b7979,USDC-WETH,0.3%,USDC-WETH (0.3%)
2023-11-24T23:06:46.808Z,79685219,15.70847,15.70847,,-0.34277,17.91903,49717ee2-9808-4288-b76d-e658195b7979,USDC-WETH,0.3%,USDC-WETH (0.3%)
2023-11-25T23:06:33.071Z,84968322,2.37958,2.37958,,-0.35293,17.58564,49717ee2-9808-4288-b76d-e658195b7979,USDC-WETH,0.3%,USDC-WETH (0.3%)
2023-11-26T23:06:20.242Z,84848416,8.38237,8.38237,,-0.17649,17.43562,49717ee2-9808-4288-b76d-e658195b7979,USDC-WETH,0.3%,USDC-WETH (0.3%)
2023-11-27T23:07:59.777Z,83045874,14.13332,14.13332,,-0.0003,16.48325,49717ee2-9808-4288-b76d-e658195b7979,USDC-WETH,0.3%,USDC-WETH (0.3%)
2023-11-28T23:07:23.723Z,83688533,12.41161,12.41161,,-0.23435,14.0554,49717ee2-9808-4288-b76d-e658195b7979,USDC-WETH,0.3%,USDC-WETH (0.3%)
2023-11-29T23:07:16.975Z,83290291,8.13831,8.13831,,-0.03923,11.59811,49717ee2-9808-4288-b76d-e658195b7979,USDC-WETH,0.3%,USDC-WETH (0.3%)
2023-11-30T23:17:38.148Z,83503816,5.40448,5.40448,,-0.00939,10.74915,49717ee2-9808-4288-b76d-e658195b7979,USDC-WETH,0.3%,USDC-WETH (0.3%)
2023-12-01T23:06:57.389Z,84076634,10.52769,10.52769,,-0.00086,10.28104,49717ee2-9808-4288-b76d-e658195b7979,USDC-WETH,0.3%,USDC-WETH (0.3%)
2023-12-02T23:10:36.181Z,79734731,13.11435,13.11435,,-0.11564,12.42017,49717ee2-9808-4288-b76d-e658195b7979,USDC-WETH,0.3%,USDC-WETH (0.3%)
2023-12-03T23:05:17.943Z,79083094,7.24438,7.24438,,-0.31225,12.63462,49717ee2-9808-4288-b76d-e658195b7979,USDC-WETH,0.3%,USDC-WETH (0.3%)
2023-12-04T23:07:30.749Z,80672299,29.45028,29.45028,,-0.84616,14.26335,49717ee2-9808-4288-b76d-e658195b7979,USDC-WETH,0.3%,USDC-WETH (0.3%)
2023-12-05T23:07:05.039Z,80578320,26.03809,26.03809,,-0.94264,16.76168,49717ee2-9808-4288-b76d-e658195b7979,USDC-WETH,0.3%,USDC-WETH (0.3%)
2023-12-06T19:07:42.630Z,70420762,22.32914,22.32914,,-1.02416,18.05383,49717ee2-9808-4288-b76d-e658195b7979,USDC-WETH,0.3%,USDC-WETH (0.3%)
2023-12-07T23:06:50.340Z,69040213,25.92136,25.92136,,-1.7429,23.38163,49717ee2-9808-4288-b76d-e658195b7979,USDC-WETH,0.3%,USDC-WETH (0.3%)
2023-12-08T23:07:00.427Z,71571563,13.04168,13.04168,,-1.32914,21.64279,49717ee2-9808-4288-b76d-e658195b7979,USDC-WETH,0.3%,USDC-WETH (0.3%)
2023-12-09T23:06:28.100Z,71948841,20.8339,20.8339,,-0.66778,22.50477,49717ee2-9808-4288-b76d-e658195b7979,USDC-WETH,0.3%,USDC-WETH (0.3%)
2023-12-10T23:06:18.724Z,72291298,7.98617,7.98617,,-0.42424,20.67651,49717ee2-9808-4288-b76d-e658195b7979,USDC-WETH,0.3%,USDC-WETH (0.3%)
2023-12-11T23:20:23.901Z,71295996,39.54864,39.54864,,-0.00041,21.66183,49717ee2-9808-4288-b76d-e658195b7979,USDC-WETH,0.3%,USDC-WETH (0.3%)
2023-12-12T23:10:04.067Z,68724802,17.29001,17.29001,,-0.14559,24.59145,49717ee2-9808-4288-b76d-e658195b7979,USDC-WETH,0.3%,USDC-WETH (0.3%)
2023-12-13T23:06:27.714Z,69795070,41.23018,41.23018,,-0.00754,22.72659,49717ee2-9808-4288-b76d-e658195b7979,USDC-WETH,0.3%,USDC-WETH (0.3%)
2023-12-14T23:06:03.772Z,69158346,21.82807,21.82807,,-0.06956,23.04575,49717ee2-9808-4288-b76d-e658195b7979,USDC-WETH,0.3%,USDC-WETH (0.3%)
2023-12-15T23:10:06.021Z,68274534,17.04511,17.04511,,-0.21591,22.61765,49717ee2-9808-4288-b76d-e658195b7979,USDC-WETH,0.3%,USDC-WETH (0.3%)
2023-12-16T08:10:15.822Z,68512198,17.97116,17.97116,,-0.3398,23.24827,49717ee2-9808-4288-b76d-e658195b7979,USDC-WETH,0.3%,USDC-WETH (0.3%)
2023-12-17T11:06:53.317Z,68007725,6.76427,6.76427,,-0.29389,21.20888,49717ee2-9808-4288-b76d-e658195b7979,USDC-WETH,0.3%,USDC-WETH (0.3%)
2023-12-18T23:06:45.207Z,68203748,20.42348,20.42348,,-0.00361,19.10329,49717ee2-9808-4288-b76d-e658195b7979,USDC-WETH,0.3%,USDC-WETH (0.3%)
2023-12-19T23:06:08.832Z,67786617,21.02672,21.02672,,-0.0012,20.5509,49717ee2-9808-4288-b76d-e658195b7979,USDC-WETH,0.3%,USDC-WETH (0.3%)
2023-12-20T23:07:31.117Z,67854459,41.8901,41.8901,,-0.08239,20.14319,49717ee2-9808-4288-b76d-e658195b7979,USDC-WETH,0.3%,USDC-WETH (0.3%)
2023-12-21T23:06:49.065Z,68625693,24.12772,24.12772,,-0.05225,19.47338,49717ee2-9808-4288-b76d-e658195b7979,USDC-WETH,0.3%,USDC-WETH (0.3%)
2023-12-22T23:06:56.632Z,69848331,33.60197,33.60197,,-0.07964,21.58394,49717ee2-9808-4288-b76d-e658195b7979,USDC-WETH,0.3%,USDC-WETH (0.3%)
2023-12-23T23:07:09.104Z,70628108,9.65822,9.65822,,-0.06091,19.7868,49717ee2-9808-4288-b76d-e658195b7979,USDC-WETH,0.3%,USDC-WETH (0.3%)
2023-12-24T23:10:14.388Z,70322874,15.19746,15.19746,,-0.04411,20.34312,49717ee2-9808-4288-b76d-e658195b7979,USDC-WETH,0.3%,USDC-WETH (0.3%)
2023-12-25T23:07:06.109Z,70309610,11.84477,11.84477,,-0.06019,19.33686,49717ee2-9808-4288-b76d-e658195b7979,USDC-WETH,0.3%,USDC-WETH (0.3%)
2023-12-26T23:10:15.232Z,69591459,18.7719,18.7719,,-0.02884,19.67291,49717ee2-9808-4288-b76d-e658195b7979,USDC-WETH,0.3%,USDC-WETH (0.3%)
2023-12-27T23:06:50.551Z,71104760,20.7334,20.7334,,-0.46737,16.67993,49717ee2-9808-4288-b76d-e658195b7979,USDC-WETH,0.3%,USDC-WETH (0.3%)
2023-12-28T23:06:50.446Z,67626063,45.62121,45.62121,,-0.22138,19.75436,49717ee2-9808-4288-b76d-e658195b7979,USDC-WETH,0.3%,USDC-WETH (0.3%)
2023-12-29T23:07:12.516Z,66877166,33.14886,33.14886,,-0.03394,18.98201,49717ee2-9808-4288-b76d-e658195b7979,USDC-WETH,0.3%,USDC-WETH (0.3%)
2023-12-30T23:07:07.535Z,67217596,13.73906,13.73906,,-0.00057,19.41183,49717ee2-9808-4288-b76d-e658195b7979,USDC-WETH,0.3%,USDC-WETH (0.3%)
2023-12-31T23:07:00.868Z,66704890,14.69384,14.69384,,-0.00014,19.23719,49717ee2-9808-4288-b76d-e658195b7979,USDC-WETH,0.3%,USDC-WETH (0.3%)
2024-01-01T20:09:12.205Z,67566210,18.70896,18.70896,,-0.06559,19.33476,49717ee2-9808-4288-b76d-e658195b7979,USDC-WETH,0.3%,USDC-WETH (0.3%)
2024-01-02T23:07:13.954Z,72368234,21.86076,21.86076,,-0.25902,20.22479,49717ee2-9808-4288-b76d-e658195b7979,USDC-WETH,0.3%,USDC-WETH (0.3%)
2024-01-03T23:07:24.956Z,71072725,84.09941,84.09941,,-0.3485,28.72826,49717ee2-9808-4288-b76d-e658195b7979,USDC-WETH,0.3%,USDC-WETH (0.3%)
2024-01-04T23:06:33.618Z,71834435,27.8111,27.8111,,-0.08968,25.5427,49717ee2-9808-4288-b76d-e658195b7979,USDC-WETH,0.3%,USDC-WETH (0.3%)
2024-01-05T23:05:31.423Z,71669135,25.8413,25.8413,,-0.0164,26.24713,49717ee2-9808-4288-b76d-e658195b7979,USDC-WETH,0.3%,USDC-WETH (0.3%)
2024-01-06T23:06:19.885Z,70993019,9.80393,9.80393,,-0.04479,26.00098,49717ee2-9808-4288-b76d-e658195b7979,USDC-WETH,0.3%,USDC-WETH (0.3%)
2024-01-07T23:06:38.654Z,71047400,16.14208,16.14208,,-0.03994,27.53526,49717ee2-9808-4288-b76d-e658195b7979,USDC-WETH,0.3%,USDC-WETH (0.3%)
2024-01-08T23:09:33.169Z,73202655,25.78354,25.78354,,-0.00014,30.64047,49717ee2-9808-4288-b76d-e658195b7979,USDC-WETH,0.3%,USDC-WETH (0.3%)
2024-01-09T23:08:59.045Z,72903474,52.14516,52.14516,,-0.00079,30.43174,49717ee2-9808-4288-b76d-e658195b7979,USDC-WETH,0.3%,USDC-WETH (0.3%)
2024-01-10T23:09:01.502Z,72294885,61.05259,61.05259,,-1.65612,57.68112,49717ee2-9808-4288-b76d-e658195b7979,USDC-WETH,0.3%,USDC-WETH (0.3%)
2024-01-11T23:07:15.220Z,73969489,55.55522,55.55522,,-1.48836,38.9483,49717ee2-9808-4288-b76d-e658195b7979,USDC-WETH,0.3%,USDC-WETH (0.3%)
2024-01-12T23:11:12.945Z,77628065,73.84281,73.84281,,-1.03358,53.2787,49717ee2-9808-4288-b76d-e658195b7979,USDC-WETH,0.3%,USDC-WETH (0.3%)
2024-01-13T23:09:05.597Z,78612046,12.43447,12.43447,,-1.67137,52.47116,49717ee2-9808-4288-b76d-e658195b7979,USDC-WETH,0.3%,USDC-WETH (0.3%)
2024-01-14T23:07:17.207Z,78399339,10.78855,10.78855,,-1.4427,53.07831,49717ee2-9808-4288-b76d-e658195b7979,USDC-WETH,0.3%,USDC-WETH (0.3%)
2024-01-15T23:07:12.962Z,78625081,13.13651,13.13651,,-0.63268,48.53379,49717ee2-9808-4288-b76d-e658195b7979,USDC-WETH,0.3%,USDC-WETH (0.3%)
2024-01-16T23:18:59.295Z,79525208,12.74964,12.74964,,-0.94864,41.68792,49717ee2-9808-4288-b76d-e658195b7979,USDC-WETH,0.3%,USDC-WETH (0.3%)
2024-01-17T23:07:18.998Z,78512638,10.97337,10.97337,,-0.00492,33.50508,49717ee2-9808-4288-b76d-e658195b7979,USDC-WETH,0.3%,USDC-WETH (0.3%)
2024-01-18T23:06:07.871Z,77077755,16.83316,16.83316,,-0.31319,28.50239,49717ee2-9808-4288-b76d-e658195b7979,USDC-WETH,0.3%,USDC-WETH (0.3%)
2024-01-19T23:07:00.586Z,77378221,13.13345,13.13345,,-0.001,16.97845,49717ee2-9808-4288-b76d-e658195b7979,USDC-WETH,0.3%,USDC-WETH (0.3%)
2024-01-20T23:10:35.775Z,77107760,2.07766,2.07766,,-0.15662,15.06175,49717ee2-9808-4288-b76d-e658195b7979,USDC-WETH,0.3%,USDC-WETH (0.3%)
2024-01-21T23:08:01.297Z,77159393,1.99249,1.99249,,-0.03233,13.3771,49717ee2-9808-4288-b76d-e658195b7979,USDC-WETH,0.3%,USDC-WETH (0.3%)
2024-01-22T17:10:54.447Z,78278359,17.37259,17.37259,,-0.33282,14.02538,49717ee2-9808-4288-b76d-e658195b7979,USDC-WETH,0.3%,USDC-WETH (0.3%)
2024-01-23T23:07:11.858Z,71832124,50.77965,50.77965,,-2.20557,20.45374,49717ee2-9808-4288-b76d-e658195b7979,USDC-WETH,0.3%,USDC-WETH (0.3%)
2024-01-24T23:11:03.590Z,72226120,18.26115,18.26115,,-1.48936,21.2361,49717ee2-9808-4288-b76d-e658195b7979,USDC-WETH,0.3%,USDC-WETH (0.3%)
2024-01-25T23:06:34.666Z,66709848,19.63054,19.63054,,-0.88812,21.21572,49717ee2-9808-4288-b76d-e658195b7979,USDC-WETH,0.3%,USDC-WETH (0.3%)
2024-01-26T23:04:15.457Z,67405287,16.24051,16.24051,,-0.76738,20.9501,49717ee2-9808-4288-b76d-e658195b7979,USDC-WETH,0.3%,USDC-WETH (0.3%)
2024-01-27T23:05:09.470Z,67332786,3.58721,3.58721,,-0.6285,21.0849,49717ee2-9808-4288-b76d-e658195b7979,USDC-WETH,0.3%,USDC-WETH (0.3%)
2024-01-28T23:08:29.294Z,66846571,10.11178,10.11178,,-0.88472,22.68923,49717ee2-9808-4288-b76d-e658195b7979,USDC-WETH,0.3%,USDC-WETH (0.3%)
2024-01-29T23:05:09.698Z,65028964,26.63219,26.63219,,-0.00041,22.65234,49717ee2-9808-4288-b76d-e658195b7979,USDC-WETH,0.3%,USDC-WETH (0.3%)
2024-01-30T23:05:40.727Z,65543558,14.83567,14.83567,,-0.41333,16.30187,49717ee2-9808-4288-b76d-e658195b7979,USDC-WETH,0.3%,USDC-WETH (0.3%)
2024-01-31T23:04:52.268Z,64072146,24.55897,24.55897,,-0.05326,17.66392,49717ee2-9808-4288-b76d-e658195b7979,USDC-WETH,0.3%,USDC-WETH (0.3%)
2024-02-01T23:06:37.698Z,64475803,12.13313,12.13313,,-0.11647,16.30883,49717ee2-9808-4288-b76d-e658195b7979,USDC-WETH,0.3%,USDC-WETH (0.3%)
2024-02-02T23:05:55.942Z,64505217,9.91026,9.91026,,-0.02677,15.24029,49717ee2-9808-4288-b76d-e658195b7979,USDC-WETH,0.3%,USDC-WETH (0.3%)
2024-02-03T23:05:14.984Z,64390245,3.89663,3.89663,,-0.01383,15.29686,49717ee2-9808-4288-b76d-e658195b7979,USDC-WETH,0.3%,USDC-WETH (0.3%)
2024-02-04T23:06:01.956Z,64175466,7.41405,7.41405,,-0.04587,15.00931,49717ee2-9808-4288-b76d-e658195b7979,USDC-WETH,0.3%,USDC-WETH (0.3%)
2024-02-05T23:05:15.428Z,64150773,9.45338,9.45338,,-0.00745,10.73995,49717ee2-9808-4288-b76d-e658195b7979,USDC-WETH,0.3%,USDC-WETH (0.3%)
2024-02-06T23:09:35.121Z,65227758,12.80691,12.80691,,-0.00052,10.16749,49717ee2-9808-4288-b76d-e658195b7979,USDC-WETH,0.3%,USDC-WETH (0.3%)
2024-02-07T23:06:15.701Z,65855509,11.80881,11.80881,,-0.37374,14.30662,49717ee2-9808-4288-b76d-e658195b7979,USDC-WETH,0.3%,USDC-WETH (0.3%)
2024-02-08T23:06:50.845Z,65968537,5.45802,5.45802,,-0.27184,12.90092,49717ee2-9808-4288-b76d-e658195b7979,USDC-WETH,0.3%,USDC-WETH (0.3%)
2024-02-09T23:05:37.948Z,72701312,11.52063,11.52063,,-0.57469,12.90065,49717ee2-9808-4288-b76d-e658195b7979,USDC-WETH,0.3%,USDC-WETH (0.3%)
2024-02-10T23:05:39.133Z,72737182,4.64548,4.64548,,-0.63443,13.20912,49717ee2-9808-4288-b76d-e658195b7979,USDC-WETH,0.3%,USDC-WETH (0.3%)
2024-02-11T23:06:46.984Z,67216271,7.88854,7.88854,,-0.65265,11.74415,49717ee2-9808-4288-b76d-e658195b7979,USDC-WETH,0.3%,USDC-WETH (0.3%)
2024-02-12T23:05:02.549Z,67503319,28.36388,28.36388,,-1.82589,16.03742,49717ee2-9808-4288-b76d-e658195b7979,USDC-WETH,0.3%,USDC-WETH (0.3%)
2024-02-13T23:06:24.951Z,55649818,32.3888,32.3888,,-0.90016,18.811,49717ee2-9808-4288-b76d-e658195b7979,USDC-WETH,0.3%,USDC-WETH (0.3%)
2024-02-14T23:06:46.992Z,55907507,19.1982,19.1982,,-1.48371,20.33944,49717ee2-9808-4288-b76d-e658195b7979,USDC-WETH,0.3%,USDC-WETH (0.3%)
2024-02-15T23:06:44.661Z,56368254,28.70502,28.70502,,-1.82823,23.73251,49717ee2-9808-4288-b76d-e658195b7979,USDC-WETH,0.3%,USDC-WETH (0.3%)
2024-02-16T23:06:38.163Z,56257471,15.76297,15.76297,,-0.98183,23.87107,49717ee2-9808-4288-b76d-e658195b7979,USDC-WETH,0.3%,USDC-WETH (0.3%)
2024-02-17T23:10:42.416Z,56014404,10.14427,10.14427,,-1.02381,24.63214,49717ee2-9808-4288-b76d-e658195b7979,USDC-WETH,0.3%,USDC-WETH (0.3%)
2024-02-18T23:05:50.942Z,56494711,13.10487,13.10487,,-1.71423,24.90544,49717ee2-9808-4288-b76d-e658195b7979,USDC-WETH,0.3%,USDC-WETH (0.3%)
2024-02-19T23:07:29.229Z,54436224,20.31181,20.31181,,-1.10325,28.99841,49717ee2-9808-4288-b76d-e658195b7979,USDC-WETH,0.3%,USDC-WETH (0.3%)
2024-02-20T23:06:18.023Z,51641901,35.04824,35.04824,,-1.45513,28.68149,49717ee2-9808-4288-b76d-e658195b7979,USDC-WETH,0.3%,USDC-WETH (0.3%)
2024-02-21T23:06:18.146Z,128150988,9.77931,9.77931,,-0.21775,29.79842,49717ee2-9808-4288-b76d-e658195b7979,USDC-WETH,0.3%,USDC-WETH (0.3%)
2024-02-22T23:06:01.751Z,128126135,21.97195,21.97195,,-0.30987,28.66838,49717ee2-9808-4288-b76d-e658195b7979,USDC-WETH,0.3%,USDC-WETH (0.3%)
2024-02-23T23:06:17.859Z,127033719,6.47846,6.47846,,-0.2876,28.70067,49717ee2-9808-4288-b76d-e658195b7979,USDC-WETH,0.3%,USDC-WETH (0.3%)
2024-02-24T23:06:49.298Z,128691990,2.8593,2.8593,,-0.43506,27.47928,49717ee2-9808-4288-b76d-e658195b7979,USDC-WETH,0.3%,USDC-WETH (0.3%)
2024-02-25T23:07:23.767Z,121680210,97.84865,97.84865,,-0.51736,3.53,49717ee2-9808-4288-b76d-e658195b7979,USDC-WETH,0.3%,USDC-WETH (0.3%)
2024-02-26T23:06:18.232Z,123109214,158.55596,158.55596,,-0.40054,6.65505,49717ee2-9808-4288-b76d-e658195b7979,USDC-WETH,0.3%,USDC-WETH (0.3%)
2024-02-27T18:06:58.939Z,43575606,157.13793,157.13793,,-0.98808,144.97842,49717ee2-9808-4288-b76d-e658195b7979,USDC-WETH,0.3%,USDC-WETH (0.3%)
2024-02-28T23:06:05.476Z,40887418,84.04926,84.04926,,-1.6543,145.02502,49717ee2-9808-4288-b76d-e658195b7979,USDC-WETH,0.3%,USDC-WETH (0.3%)
2024-02-29T23:05:45.229Z,39924115,60.61425,60.61425,,-1.16511,139.33449,49717ee2-9808-4288-b76d-e658195b7979,USDC-WETH,0.3%,USDC-WETH (0.3%)
2024-03-01T23:17:37.313Z,128842506,7.66756,7.66756,,-1.93646,166.62337,49717ee2-9808-4288-b76d-e658195b7979,USDC-WETH,0.3%,USDC-WETH (0.3%)
2024-03-02T23:06:52.058Z,128053936,2.87351,2.87351,,-1.41244,167.41649,49717ee2-9808-4288-b76d-e658195b7979,USDC-WETH,0.3%,USDC-WETH (0.3%)
2024-03-03T23:06:40.614Z,129648720,4.14486,4.14486,,-1.06702,117.08836,49717ee2-9808-4288-b76d-e658195b7979,USDC-WETH,0.3%,USDC-WETH (0.3%)
2024-03-04T16:08:19.713Z,133918621,15.21937,15.21937,,-1.75768,61.30787,49717ee2-9808-4288-b76d-e658195b7979,USDC-WETH,0.3%,USDC-WETH (0.3%)
2024-03-05T23:09:35.618Z,134472938,498.80536,498.80536,,-0.41939,385.53817,49717ee2-9808-4288-b76d-e658195b7979,USDC-WETH,0.3%,USDC-WETH (0.3%)
2024-03-06T23:10:40.939Z,41489413,445.8402,445.8402,,-1.85911,340.7799,49717ee2-9808-4288-b76d-e658195b7979,USDC-WETH,0.3%,USDC-WETH (0.3%)
2024-03-07T23:08:37.630Z,41499041,40.75127,40.75127,,-1.80499,333.81583,49717ee2-9808-4288-b76d-e658195b7979,USDC-WETH,0.3%,USDC-WETH (0.3%)
2024-03-08T23:10:29.235Z,46151853,41.19882,41.19882,,-1.43434,298.64496,49717ee2-9808-4288-b76d-e658195b7979,USDC-WETH,0.3%,USDC-WETH (0.3%)
2024-03-09T23:06:09.015Z,44003983,7.259,7.259,,-1.65443,308.49148,49717ee2-9808-4288-b76d-e658195b7979,USDC-WETH,0.3%,USDC-WETH (0.3%)
2024-03-10T23:06:40.936Z,47479269,16.6905,16.6905,,-0.8191,306.66029,49717ee2-9808-4288-b76d-e658195b7979,USDC-WETH,0.3%,USDC-WETH (0.3%)
2024-03-11T23:06:52.906Z,50774767,59.08119,59.08119,,-1.42639,181.80307,49717ee2-9808-4288-b76d-e658195b7979,USDC-WETH,0.3%,USDC-WETH (0.3%)
2024-03-12T23:10:20.950Z,49937685,88.79576,88.79576,,-1.22537,83.73309,49717ee2-9808-4288-b76d-e658195b7979,USDC-WETH,0.3%,USDC-WETH (0.3%)
2024-03-13T23:08:48.259Z,50208815,32.23047,32.23047,,-0.09712,37.46766,49717ee2-9808-4288-b76d-e658195b7979,USDC-WETH,0.3%,USDC-WETH (0.3%)
2024-03-14T23:06:36.382Z,48975719,41.33049,41.33049,,-0.00155,43.59908,49717ee2-9808-4288-b76d-e658195b7979,USDC-WETH,0.3%,USDC-WETH (0.3%)
2024-03-15T23:06:18.153Z,48254609,68.90776,68.90776,,-0.19493,112.79634,49717ee2-9808-4288-b76d-e658195b7979,USDC-WETH,0.3%,USDC-WETH (0.3%)
2024-03-16T23:06:22.227Z,46938445,23.783,23.783,,-0.80149,137.17085,49717ee2-9808-4288-b76d-e658195b7979,USDC-WETH,0.3%,USDC-WETH (0.3%)
2024-03-17T23:07:05.204Z,47459104,20.05601,20.05601,,-0.21123,124.49352,49717ee2-9808-4288-b76d-e658195b7979,USDC-WETH,0.3%,USDC-WETH (0.3%)
2024-03-18T23:06:48.795Z,46781710,21.73832,21.73832,,-1.90666,119.14881,49717ee2-9808-4288-b76d-e658195b7979,USDC-WETH,0.3%,USDC-WETH (0.3%)
2024-03-19T23:08:07.108Z,44387533,77.75544,77.75544,,-3.79793,111.80466,49717ee2-9808-4288-b76d-e658195b7979,USDC-WETH,0.3%,USDC-WETH (0.3%)
2024-03-20T05:06:04.695Z,81531741,78.61451,78.61451,,-5.79427,20.37666,49717ee2-9808-4288-b76d-e658195b7979,USDC-WETH,0.3%,USDC-WETH (0.3%)
2024-03-22T23:10:30.941Z,83874026,95.91018,95.91018,,-1.33501,42.29762,49717ee2-9808-4288-b76d-e658195b7979,USDC-WETH,0.3%,USDC-WETH (0.3%)
2024-03-23T23:06:25.980Z,85509988,57.01836,57.01836,,-0.22129,44.40437,49717ee2-9808-4288-b76d-e658195b7979,USDC-WETH,0.3%,USDC-WETH (0.3%)
2024-03-24T23:06:50.075Z,87218348,38.79348,38.79348,,-0.29992,47.27124,49717ee2-9808-4288-b76d-e658195b7979,USDC-WETH,0.3%,USDC-WETH (0.3%)
2024-03-25T23:10:43.779Z,88919912,49.8941,49.8941,,-0.05869,49.06184,49717ee2-9808-4288-b76d-e658195b7979,USDC-WETH,0.3%,USDC-WETH (0.3%)
2024-03-26T23:07:00.826Z,88939664,37.43167,37.43167,,-1.10921,49.20428,49717ee2-9808-4288-b76d-e658195b7979,USDC-WETH,0.3%,USDC-WETH (0.3%)
2024-03-27T23:06:41.128Z,87981430,57.65671,57.65671,,-0.00017,37.88281,49717ee2-9808-4288-b76d-e658195b7979,USDC-WETH,0.3%,USDC-WETH (0.3%)
2024-03-28T23:06:58.232Z,88412657,29.50053,29.50053,,-0.03707,32.49022,49717ee2-9808-4288-b76d-e658195b7979,USDC-WETH,0.3%,USDC-WETH (0.3%)
2024-03-29T23:07:13.982Z,86643524,20.82604,20.82604,,-0.41404,26.37704,49717ee2-9808-4288-b76d-e658195b7979,USDC-WETH,0.3%,USDC-WETH (0.3%)
2024-03-30T23:11:05.293Z,86985453,14.5442,14.5442,,-0.121,21.74024,49717ee2-9808-4288-b76d-e658195b7979,USDC-WETH,0.3%,USDC-WETH (0.3%)
2024-03-31T23:06:56.727Z,88155599,17.31834,17.31834,,-0.25591,19.47249,49717ee2-9808-4288-b76d-e658195b7979,USDC-WETH,0.3%,USDC-WETH (0.3%)
2024-04-01T23:07:36.143Z,86804704,41.37959,41.37959,,-0.07899,19.00356,49717ee2-9808-4288-b76d-e658195b7979,USDC-WETH,0.3%,USDC-WETH (0.3%)
2024-04-02T23:09:31.240Z,84424843,108.46324,108.46324,,-0.67124,26.87196,49717ee2-9808-4288-b76d-e658195b7979,USDC-WETH,0.3%,USDC-WETH (0.3%)
2024-04-03T23:06:32.849Z,84507972,56.71227,56.71227,,-0.28958,26.56755,49717ee2-9808-4288-b76d-e658195b7979,USDC-WETH,0.3%,USDC-WETH (0.3%)
2024-04-04T22:07:48.696Z,84692899,44.64119,44.64119,,-0.4449,27.84188,49717ee2-9808-4288-b76d-e658195b7979,USDC-WETH,0.3%,USDC-WETH (0.3%)
2024-04-05T23:07:14.093Z,84964650,51.22514,51.22514,,-0.29284,30.32648,49717ee2-9808-4288-b76d-e658195b7979,USDC-WETH,0.3%,USDC-WETH (0.3%)
2024-04-06T23:08:06.703Z,85906785,13.25902,13.25902,,-0.13188,29.80541,49717ee2-9808-4288-b76d-e658195b7979,USDC-WETH,0.3%,USDC-WETH (0.3%)
2024-04-07T23:06:47.143Z,86363604,21.02497,21.02497,,-0.30496,30.05661,49717ee2-9808-4288-b76d-e658195b7979,USDC-WETH,0.3%,USDC-WETH (0.3%)
2024-04-08T23:11:16.179Z,87632199,42.759,42.759,,-0.29468,30.39876,49717ee2-9808-4288-b76d-e658195b7979,USDC-WETH,0.3%,USDC-WETH (0.3%)
2024-04-09T22:07:01.656Z,86944663,52.15471,52.15471,,-0.44077,24.64667,49717ee2-9808-4288-b76d-e658195b7979,USDC-WETH,0.3%,USDC-WETH (0.3%)
2024-04-10T22:08:25.417Z,83975503,59.40123,59.40123,,-0.30019,24.98186,49717ee2-9808-4288-b76d-e658195b7979,USDC-WETH,0.3%,USDC-WETH (0.3%)
2024-04-11T19:14:17.156Z,84302706,44.96312,44.96312,,-0.10426,25.86968,49717ee2-9808-4288-b76d-e658195b7979,USDC-WETH,0.3%,USDC-WETH (0.3%)
2024-04-12T23:06:22.355Z,81038235,109.67489,109.67489,,-0.08625,33.95772,49717ee2-9808-4288-b76d-e658195b7979,USDC-WETH,0.3%,USDC-WETH (0.3%)
2024-04-13T23:06:48.793Z,77351421,132.94309,132.94309,,-1.13362,45.98754,49717ee2-9808-4288-b76d-e658195b7979,USDC-WETH,0.3%,USDC-WETH (0.3%)
2024-04-14T23:07:49.586Z,82006042,102.29574,102.29574,,-0.5524,51.09961,49717ee2-9808-4288-b76d-e658195b7979,USDC-WETH,0.3%,USDC-WETH (0.3%)
2024-04-15T23:06:38.381Z,81693952,97.64541,97.64541,,-2.63045,55.46151,49717ee2-9808-4288-b76d-e658195b7979,USDC-WETH,0.3%,USDC-WETH (0.3%)
2024-04-16T23:07:29.823Z,82193027,102.01196,102.01196,,-1.42992,58.95925,49717ee2-9808-4288-b76d-e658195b7979,USDC-WETH,0.3%,USDC-WETH (0.3%)
2024-04-17T23:08:32.352Z,80885823,42.94746,42.94746,,-2.39934,54.68608,49717ee2-9808-4288-b76d-e658195b7979,USDC-WETH,0.3%,USDC-WETH (0.3%)
2024-04-18T23:06:39.133Z,81422431,50.60716,50.60716,,-1.53378,56.87778,49717ee2-9808-4288-b76d-e658195b7979,USDC-WETH,0.3%,USDC-WETH (0.3%)
2024-04-19T23:07:26.949Z,81556143,70.37354,70.37354,,-0.16519,53.24396,49717ee2-9808-4288-b76d-e658195b7979,USDC-WETH,0.3%,USDC-WETH (0.3%)
2024-04-20T23:06:48.269Z,82870477,35.50808,35.50808,,-0.15538,45.16296,49717ee2-9808-4288-b76d-e658195b7979,USDC-WETH,0.3%,USDC-WETH (0.3%)
2024-04-21T23:06:49.985Z,83394907,27.99731,27.99731,,-1e-05,38.09694,49717ee2-9808-4288-b76d-e658195b7979,USDC-WETH,0.3%,USDC-WETH (0.3%)
2024-04-22T23:06:42.745Z,79471472,36.10536,36.10536,,-0.08257,32.39867,49717ee2-9808-4288-b76d-e658195b7979,USDC-WETH,0.3%,USDC-WETH (0.3%)
2024-04-23T23:11:15.236Z,79896918,25.26471,25.26471,,-0.13042,25.00675,49717ee2-9808-4288-b76d-e658195b7979,USDC-WETH,0.3%,USDC-WETH (0.3%)
2024-04-24T23:07:21.272Z,79015359,41.47791,41.47791,,-0.15828,24.78964,49717ee2-9808-4288-b76d-e658195b7979,USDC-WETH,0.3%,USDC-WETH (0.3%)
2024-04-25T23:08:10.123Z,79588040,50.61449,50.61449,,-0.0747,24.87378,49717ee2-9808-4288-b76d-e658195b7979,USDC-WETH,0.3%,USDC-WETH (0.3%)
2024-04-26T13:07:22.191Z,79533241,30.9257,30.9257,,-0.00662,21.2424,49717ee2-9808-4288-b76d-e658195b7979,USDC-WETH,0.3%,USDC-WETH (0.3%)
2024-04-29T23:07:09.311Z,81931854,49.44843,49.44843,,0.0,20.85717,49717ee2-9808-4288-b76d-e658195b7979,USDC-WETH,0.3%,USDC-WETH (0.3%)
2024-04-30T23:06:46.193Z,78621664,59.17352,59.17352,,-0.36057,24.66373,49717ee2-9808-4288-b76d-e658195b7979,USDC-WETH,0.3%,USDC-WETH (0.3%)
2024-05-01T23:07:14.374Z,77790261,31.20046,31.20046,,-0.24063,130.15317,49717ee2-9808-4288-b76d-e658195b7979,USDC-WETH,0.3%,USDC-WETH (0.3%)
2024-05-02T23:10:20.807Z,80825547,11.01114,11.01114,,-0.25049,110.92877,49717ee2-9808-4288-b76d-e658195b7979,USDC-WETH,0.3%,USDC-WETH (0.3%)
2024-05-03T23:06:28.171Z,83604265,28.0642,28.0642,,-0.00435,18.96618,49717ee2-9808-4288-b76d-e658195b7979,USDC-WETH,0.3%,USDC-WETH (0.3%)
2024-05-04T23:10:17.970Z,80282689,22.79097,22.79097,,-0.16194,18.77323,49717ee2-9808-4288-b76d-e658195b7979,USDC-WETH,0.3%,USDC-WETH (0.3%)
2024-05-05T23:10:22.821Z,80271952,22.45607,22.45607,,-0.19212,18.37515,49717ee2-9808-4288-b76d-e658195b7979,USDC-WETH,0.3%,USDC-WETH (0.3%)
2024-05-06T23:07:25.137Z,79355000,44.32051,44.32051,,-0.16015,18.01586,49717ee2-9808-4288-b76d-e658195b7979,USDC-WETH,0.3%,USDC-WETH (0.3%)
2024-05-07T23:07:15.709Z,78517280,42.50761,42.50761,,-0.01362,16.89088,49717ee2-9808-4288-b76d-e658195b7979,USDC-WETH,0.3%,USDC-WETH (0.3%)
2024-05-08T23:07:05.270Z,77102036,32.06667,32.06667,,-2e-05,110.65402,49717ee2-9808-4288-b76d-e658195b7979,USDC-WETH,0.3%,USDC-WETH (0.3%)
2024-05-09T23:07:06.424Z,78833806,13.28305,13.28305,,-0.027,17.0024,49717ee2-9808-4288-b76d-e658195b7979,USDC-WETH,0.3%,USDC-WETH (0.3%)
2024-05-10T23:07:53.846Z,75251884,14.28675,14.28675,,-0.40909,102.64555,49717ee2-9808-4288-b76d-e658195b7979,USDC-WETH,0.3%,USDC-WETH (0.3%)
2024-05-11T23:12:13.634Z,75503271,2.39027,2.39027,,-0.37022,87.13311,49717ee2-9808-4288-b76d-e658195b7979,USDC-WETH,0.3%,USDC-WETH (0.3%)
2024-05-12T23:07:15.883Z,75834195,1.82427,1.82427,,-0.40035,75.45273,49717ee2-9808-4288-b76d-e658195b7979,USDC-WETH,0.3%,USDC-WETH (0.3%)
2024-05-13T23:07:52.787Z,76164778,8.88697,8.88697,,-0.17977,54.14937,49717ee2-9808-4288-b76d-e658195b7979,USDC-WETH,0.3%,USDC-WETH (0.3%)
2024-05-14T23:10:34.296Z,74825987,5.24374,5.24374,,-0.18635,39.5875,49717ee2-9808-4288-b76d-e658195b7979,USDC-WETH,0.3%,USDC-WETH (0.3%)
2024-05-15T23:10:30.284Z,77444519,8.72948,8.72948,,-0.02695,4.45627,49717ee2-9808-4288-b76d-e658195b7979,USDC-WETH,0.3%,USDC-WETH (0.3%)
2024-05-16T23:10:45.333Z,75885887,11.93384,11.93384,,-0.11917,25.15445,49717ee2-9808-4288-b76d-e658195b7979,USDC-WETH,0.3%,USDC-WETH (0.3%)
2024-05-17T23:06:59.585Z,79510470,25.9493,25.9493,,-0.33371,5.246,49717ee2-9808-4288-b76d-e658195b7979,USDC-WETH,0.3%,USDC-WETH (0.3%)
2024-05-18T23:08:23.111Z,85024116,13.04238,13.04238,,-0.39675,6.18412,49717ee2-9808-4288-b76d-e658195b7979,USDC-WETH,0.3%,USDC-WETH (0.3%)
2024-05-19T23:11:51.752Z,84089574,13.39678,13.39678,,-0.19712,7.21297,49717ee2-9808-4288-b76d-e658195b7979,USDC-WETH,0.3%,USDC-WETH (0.3%)
2024-05-20T23:06:46.099Z,90883698,110.72328,110.72328,,-3.82285,16.54811,49717ee2-9808-4288-b76d-e658195b7979,USDC-WETH,0.3%,USDC-WETH (0.3%)
2024-05-21T23:07:55.327Z,86827045,118.8012,118.8012,,-6.42361,25.53949,49717ee2-9808-4288-b76d-e658195b7979,USDC-WETH,0.3%,USDC-WETH (0.3%)
2024-05-22T23:08:18.010Z,86650796,86.03695,86.03695,,-3.99494,32.049,49717ee2-9808-4288-b76d-e658195b7979,USDC-WETH,0.3%,USDC-WETH (0.3%)
2024-05-23T23:09:05.085Z,87528811,146.92329,146.92329,,-5.75233,42.75943,49717ee2-9808-4288-b76d-e658195b7979,USDC-WETH,0.3%,USDC-WETH (0.3%)
2024-05-24T23:07:09.072Z,86895584,60.19717,60.19717,,-3.08347,46.20692,49717ee2-9808-4288-b76d-e658195b7979,USDC-WETH,0.3%,USDC-WETH (0.3%)
2024-05-25T19:07:15.805Z,88016214,13.14257,13.14257,,-3.01855,46.01246,49717ee2-9808-4288-b76d-e658195b7979,USDC-WETH,0.3%,USDC-WETH (0.3%)
2024-05-26T22:06:48.989Z,88401935,13.60623,13.60623,,-4.35632,243.00698,49717ee2-9808-4288-b76d-e658195b7979,USDC-WETH,0.3%,USDC-WETH (0.3%)
2024-05-27T23:07:18.501Z,89356392,8.46158,8.46158,,-0.416,189.56854,49717ee2-9808-4288-b76d-e658195b7979,USDC-WETH,0.3%,USDC-WETH (0.3%)
2024-05-28T23:07:11.848Z,89385893,12.69611,12.69611,,-0.01628,139.81706,49717ee2-9808-4288-b76d-e658195b7979,USDC-WETH,0.3%,USDC-WETH (0.3%)
2024-05-29T23:07:23.642Z,88987349,19.75644,19.75644,,-0.00686,21.93325,49717ee2-9808-4288-b76d-e658195b7979,USDC-WETH,0.3%,USDC-WETH (0.3%)
2024-05-30T23:07:01.039Z,89454082,31.18698,31.18698,,-0.02297,12.72821,49717ee2-9808-4288-b76d-e658195b7979,USDC-WETH,0.3%,USDC-WETH (0.3%)
2024-05-31T23:07:24.247Z,89767734,24.5358,24.5358,,-0.00894,9.93771,49717ee2-9808-4288-b76d-e658195b7979,USDC-WETH,0.3%,USDC-WETH (0.3%)
2024-06-01T23:07:14.732Z,89861347,8.87897,8.87897,,-0.03885,50.61349,49717ee2-9808-4288-b76d-e658195b7979,USDC-WETH,0.3%,USDC-WETH (0.3%)
2024-06-02T23:07:44.651Z,88956964,11.97755,11.97755,,-0.02018,9.46779,49717ee2-9808-4288-b76d-e658195b7979,USDC-WETH,0.3%,USDC-WETH (0.3%)
2024-06-03T23:06:42.409Z,89327127,20.16607,20.16607,,-0.0694,10.34369,49717ee2-9808-4288-b76d-e658195b7979,USDC-WETH,0.3%,USDC-WETH (0.3%)
2024-06-04T23:10:41.602Z,96638746,17.43657,17.43657,,-0.011,19.4336,49717ee2-9808-4288-b76d-e658195b7979,USDC-WETH,0.3%,USDC-WETH (0.3%)
2024-06-05T23:05:21.847Z,96909762,16.93015,16.93015,,-0.03236,18.35911,49717ee2-9808-4288-b76d-e658195b7979,USDC-WETH,0.3%,USDC-WETH (0.3%)
2024-06-06T23:06:32.130Z,96758074,12.72338,12.72338,,-0.02546,6.79116,49717ee2-9808-4288-b76d-e658195b7979,USDC-WETH,0.3%,USDC-WETH (0.3%)
2024-06-07T23:07:10.354Z,96207172,41.90699,41.90699,,-0.04201,8.40599,49717ee2-9808-4288-b76d-e658195b7979,USDC-WETH,0.3%,USDC-WETH (0.3%)
2024-06-08T23:06:54.391Z,95947544,5.79329,5.79329,,-0.1243,8.32914,49717ee2-9808-4288-b76d-e658195b7979,USDC-WETH,0.3%,USDC-WETH (0.3%)
2024-06-09T23:06:51.794Z,96166693,6.75662,6.75662,,-0.03611,7.73646,49717ee2-9808-4288-b76d-e658195b7979,USDC-WETH,0.3%,USDC-WETH (0.3%)
2024-06-10T23:09:24.578Z,95900201,17.65678,17.65678,,-0.07459,7.9582,49717ee2-9808-4288-b76d-e658195b7979,USDC-WETH,0.3%,USDC-WETH (0.3%)
2024-06-11T23:06:59.683Z,93613651,53.8457,53.8457,,-0.64501,14.55605,49717ee2-9808-4288-b76d-e658195b7979,USDC-WETH,0.3%,USDC-WETH (0.3%)
2024-06-12T23:10:01.430Z,94464787,48.71167,48.71167,,-0.53663,17.12683,49717ee2-9808-4288-b76d-e658195b7979,USDC-WETH,0.3%,USDC-WETH (0.3%)
2024-06-13T23:05:40.386Z,93596477,32.84489,32.84489,,-0.72923,29.90531,49717ee2-9808-4288-b76d-e658195b7979,USDC-WETH,0.3%,USDC-WETH (0.3%)
2024-06-14T23:04:55.515Z,94433781,39.72754,39.72754,,-0.31079,29.21754,49717ee2-9808-4288-b76d-e658195b7979,USDC-WETH,0.3%,USDC-WETH (0.3%)
2024-06-15T23:03:56.553Z,95164038,16.83711,16.83711,,-0.08046,30.55991,49717ee2-9808-4288-b76d-e658195b7979,USDC-WETH,0.3%,USDC-WETH (0.3%)
2024-06-16T23:05:13.049Z,95688444,12.68049,12.68049,,-0.03754,31.23157,49717ee2-9808-4288-b76d-e658195b7979,USDC-WETH,0.3%,USDC-WETH (0.3%)
2024-06-17T23:05:12.408Z,93001156,40.45219,40.45219,,-0.14454,35.30316,49717ee2-9808-4288-b76d-e658195b7979,USDC-WETH,0.3%,USDC-WETH (0.3%)
2024-06-18T23:04:42.537Z,92473788,56.14749,56.14749,,-0.00248,35.73786,49717ee2-9808-4288-b76d-e658195b7979,USDC-WETH,0.3%,USDC-WETH (0.3%)
2024-06-19T23:09:55.401Z,93581387,30.72626,30.72626,,0.0,20.5437,49717ee2-9808-4288-b76d-e658195b7979,USDC-WETH,0.3%,USDC-WETH (0.3%)
2024-06-20T23:08:55.144Z,93193310,30.44004,30.44004,,-0.01261,20.20841,49717ee2-9808-4288-b76d-e658195b7979,USDC-WETH,0.3%,USDC-WETH (0.3%)
2024-06-21T23:10:01.151Z,93286378,35.93776,35.93776,,-0.01368,20.05961,49717ee2-9808-4288-b76d-e658195b7979,USDC-WETH,0.3%,USDC-WETH (0.3%)
2024-06-22T23:09:25.874Z,93054216,4.71081,4.71081,,-0.03025,18.87464,49717ee2-9808-4288-b76d-e658195b7979,USDC-WETH,0.3%,USDC-WETH (0.3%)
2024-06-23T23:07:58.487Z,91744155,9.27419,9.27419,,-0.3062,18.93441,49717ee2-9808-4288-b76d-e658195b7979,USDC-WETH,0.3%,USDC-WETH (0.3%)
2024-06-24T23:10:12.153Z,90534802,70.49354,70.49354,,-0.26965,22.12851,49717ee2-9808-4288-b76d-e658195b7979,USDC-WETH,0.3%,USDC-WETH (0.3%)
2024-06-25T11:08:17.679Z,91182419,55.63426,55.63426,,-0.01848,20.37705,49717ee2-9808-4288-b76d-e658195b7979,USDC-WETH,0.3%,USDC-WETH (0.3%)
2024-06-26T23:08:40.285Z,91423438,20.3877,20.3877,,-0.27519,17.02196,49717ee2-9808-4288-b76d-e658195b7979,USDC-WETH,0.3%,USDC-WETH (0.3%)
2024-06-27T23:09:19.746Z,92219535,13.80038,13.80038,,-0.03578,15.75924,49717ee2-9808-4288-b76d-e658195b7979,USDC-WETH,0.3%,USDC-WETH (0.3%)
2024-06-28T23:09:24.378Z,91445747,22.22191,22.22191,,-0.17686,14.65492,49717ee2-9808-4288-b76d-e658195b7979,USDC-WETH,0.3%,USDC-WETH (0.3%)
2024-06-29T23:09:36.636Z,91416843,3.58522,3.58522,,-0.11669,14.31132,49717ee2-9808-4288-b76d-e658195b7979,USDC-WETH,0.3%,USDC-WETH (0.3%)
2024-06-30T23:10:39.792Z,92518706,10.16703,10.16703,,-0.00508,14.46314,49717ee2-9808-4288-b76d-e658195b7979,USDC-WETH,0.3%,USDC-WETH (0.3%)
2024-07-01T23:08:38.088Z,92364737,18.2851,18.2851,,-0.08711,9.71709,49717ee2-9808-4288-b76d-e658195b7979,USDC-WETH,0.3%,USDC-WETH (0.3%)
2024-07-02T23:11:06.168Z,92242612,7.53964,7.53964,,-0.00334,8.71698,49717ee2-9808-4288-b76d-e658195b7979,USDC-WETH,0.3%,USDC-WETH (0.3%)
2024-07-03T23:10:33.499Z,88935702,34.11137,34.11137,,-0.03592,9.60198,49717ee2-9808-4288-b76d-e658195b7979,USDC-WETH,0.3%,USDC-WETH (0.3%)
2024-07-04T23:09:07.203Z,85901348,76.58257,76.58257,,-0.86043,15.41626,49717ee2-9808-4288-b76d-e658195b7979,USDC-WETH,0.3%,USDC-WETH (0.3%)
2024-07-05T23:09:04.908Z,71146741,76.83369,76.83369,,-1.31157,158.47105,49717ee2-9808-4288-b76d-e658195b7979,USDC-WETH,0.3%,USDC-WETH (0.3%)
2024-07-06T23:10:16.981Z,72724508,16.74781,16.74781,,-0.81298,26.19914,49717ee2-9808-4288-b76d-e658195b7979,USDC-WETH,0.3%,USDC-WETH (0.3%)
2024-07-07T23:09:14.896Z,71099002,17.21999,17.21999,,-2.23839,166.16081,49717ee2-9808-4288-b76d-e658195b7979,USDC-WETH,0.3%,USDC-WETH (0.3%)
2024-07-08T23:10:43.961Z,72814345,52.05639,52.05639,,-1.48124,29.43703,49717ee2-9808-4288-b76d-e658195b7979,USDC-WETH,0.3%,USDC-WETH (0.3%)
2024-07-09T23:10:58.840Z,73196670,50.03594,50.03594,,-1.07554,32.1327,49717ee2-9808-4288-b76d-e658195b7979,USDC-WETH,0.3%,USDC-WETH (0.3%)
2024-07-10T23:10:06.777Z,74698407,35.81376,35.81376,,-0.33214,30.16635,49717ee2-9808-4288-b76d-e658195b7979,USDC-WETH,0.3%,USDC-WETH (0.3%)
2024-07-11T23:09:36.316Z,74665665,44.46186,44.46186,,-0.00283,26.87054,49717ee2-9808-4288-b76d-e658195b7979,USDC-WETH,0.3%,USDC-WETH (0.3%)
2024-07-12T23:11:48.495Z,75257080,44.99021,44.99021,,-0.20179,23.94386,49717ee2-9808-4288-b76d-e658195b7979,USDC-WETH,0.3%,USDC-WETH (0.3%)
2024-07-13T23:08:37.883Z,76029717,14.52796,14.52796,,-0.12537,24.27781,49717ee2-9808-4288-b76d-e658195b7979,USDC-WETH,0.3%,USDC-WETH (0.3%)
2024-07-14T23:10:17.497Z,76821427,16.86346,16.86346,,-0.85363,24.44889,49717ee2-9808-4288-b76d-e658195b7979,USDC-WETH,0.3%,USDC-WETH (0.3%)
2024-07-15T23:12:28.045Z,78432230,39.24288,39.24288,,-1.64698,22.30494,49717ee2-9808-4288-b76d-e658195b7979,USDC-WETH,0.3%,USDC-WETH (0.3%)
2024-07-16T23:12:01.924Z,78256920,46.4987,46.4987,,-1.12504,22.86479,49717ee2-9808-4288-b76d-e658195b7979,USDC-WETH,0.3%,USDC-WETH (0.3%)
2024-07-17T23:10:48.959Z,77952845,37.39073,37.39073,,-0.72353,22.24873,49717ee2-9808-4288-b76d-e658195b7979,USDC-WETH,0.3%,USDC-WETH (0.3%)
2024-07-18T23:10:27.771Z,78374561,28.10012,28.10012,,-0.88109,21.7712,49717ee2-9808-4288-b76d-e658195b7979,USDC-WETH,0.3%,USDC-WETH (0.3%)
2024-07-19T23:28:48.339Z,79363778,29.47023,29.47023,,-1.15195,19.73839,49717ee2-9808-4288-b76d-e658195b7979,USDC-WETH,0.3%,USDC-WETH (0.3%)
2024-07-20T23:09:45.361Z,79516296,7.80603,7.80603,,-0.83578,18.98757,49717ee2-9808-4288-b76d-e658195b7979,USDC-WETH,0.3%,USDC-WETH (0.3%)
2024-07-21T23:11:38.538Z,79549564,26.42552,26.42552,,-0.61869,19.72055,49717ee2-9808-4288-b76d-e658195b7979,USDC-WETH,0.3%,USDC-WETH (0.3%)
2024-07-22T22:13:22.945Z,78918169,21.50812,21.50812,,-0.0026,19.35624,49717ee2-9808-4288-b76d-e658195b7979,USDC-WETH,0.3%,USDC-WETH (0.3%)
2024-07-23T23:10:04.616Z,80331343,54.27473,54.27473,,-0.0262,18.99119,49717ee2-9808-4288-b76d-e658195b7979,USDC-WETH,0.3%,USDC-WETH (0.3%)
2024-07-24T23:13:23.622Z,77983831,29.03182,29.03182,,-0.03182,19.4149,49717ee2-9808-4288-b76d-e658195b7979,USDC-WETH,0.3%,USDC-WETH (0.3%)
2024-07-25T23:09:42.609Z,76358593,75.07608,75.07608,,-0.56783,24.29286,49717ee2-9808-4288-b76d-e658195b7979,USDC-WETH,0.3%,USDC-WETH (0.3%)
2024-07-26T23:11:09.196Z,77789439,26.23945,26.23945,,-0.42707,23.51022,49717ee2-9808-4288-b76d-e658195b7979,USDC-WETH,0.3%,USDC-WETH (0.3%)
2024-07-27T23:14:39.013Z,77741857,30.94949,30.94949,,-0.48095,25.74974,49717ee2-9808-4288-b76d-e658195b7979,USDC-WETH,0.3%,USDC-WETH (0.3%)
2024-07-28T23:11:57.130Z,77235941,14.61724,14.61724,,-0.6106,24.24203,49717ee2-9808-4288-b76d-e658195b7979,USDC-WETH,0.3%,USDC-WETH (0.3%)
2024-07-29T23:08:22.680Z,79055536,43.39933,43.39933,,-0.09788,26.07319,49717ee2-9808-4288-b76d-e658195b7979,USDC-WETH,0.3%,USDC-WETH (0.3%)
2024-07-30T23:14:59.362Z,79450541,32.77496,32.77496,,-0.347,21.04625,49717ee2-9808-4288-b76d-e658195b7979,USDC-WETH,0.3%,USDC-WETH (0.3%)
2024-07-31T23:12:13.929Z,79139701,35.00966,35.00966,,-0.06323,21.40639,49717ee2-9808-4288-b76d-e658195b7979,USDC-WETH,0.3%,USDC-WETH (0.3%)
2024-08-01T23:12:07.479Z,78397763,59.04524,59.04524,,-0.01406,22.12891,49717ee2-9808-4288-b76d-e658195b7979,USDC-WETH,0.3%,USDC-WETH (0.3%)
2024-08-02T23:12:14.933Z,75346917,64.84824,64.84824,,-0.80866,173.49608,49717ee2-9808-4288-b76d-e658195b7979,USDC-WETH,0.3%,USDC-WETH (0.3%)
2024-08-03T23:10:39.989Z,73099495,13.31749,13.31749,,-1.19268,142.84714,49717ee2-9808-4288-b76d-e658195b7979,USDC-WETH,0.3%,USDC-WETH (0.3%)
2024-08-04T23:10:50.135Z,69411394,20.9325,20.9325,,-2.91262,196.33883,49717ee2-9808-4288-b76d-e658195b7979,USDC-WETH,0.3%,USDC-WETH (0.3%)
2024-08-05T23:10:11.441Z,64477355,196.13679,196.13679,,-8.62272,274.31567,49717ee2-9808-4288-b76d-e658195b7979,USDC-WETH,0.3%,USDC-WETH (0.3%)
2024-08-06T23:12:01.113Z,66567584,25.8899,25.8899,,-6.76866,196.75731,49717ee2-9808-4288-b76d-e658195b7979,USDC-WETH,0.3%,USDC-WETH (0.3%)
2024-08-07T23:12:22.744Z,60767807,34.69014,34.69014,,-9.28449,298.08316,49717ee2-9808-4288-b76d-e658195b7979,USDC-WETH,0.3%,USDC-WETH (0.3%)
2024-08-08T23:11:16.465Z,65982658,16.13984,16.13984,,-4.37304,253.89922,49717ee2-9808-4288-b76d-e658195b7979,USDC-WETH,0.3%,USDC-WETH (0.3%)
2024-08-09T23:12:15.306Z,66124020,14.18419,14.18419,,-1.64859,216.45334,49717ee2-9808-4288-b76d-e658195b7979,USDC-WETH,0.3%,USDC-WETH (0.3%)
2024-08-10T23:10:50.161Z,67532611,4.74701,4.74701,,-1.04558,153.74927,49717ee2-9808-4288-b76d-e658195b7979,USDC-WETH,0.3%,USDC-WETH (0.3%)
2024-08-11T23:11:43.227Z,66945328,14.26018,14.26018,,-0.31051,128.30842,49717ee2-9808-4288-b76d-e658195b7979,USDC-WETH,0.3%,USDC-WETH (0.3%)
2024-08-12T23:13:01.168Z,71977105,26.02274,26.02274,,-0.65281,48.16988,49717ee2-9808-4288-b76d-e658195b7979,USDC-WETH,0.3%,USDC-WETH (0.3%)
2024-08-13T23:12:34.543Z,72837850,16.13539,16.13539,,-0.85221,44.60494,49717ee2-9808-4288-b76d-e658195b7979,USDC-WETH,0.3%,USDC-WETH (0.3%)
2024-08-14T23:11:12.268Z,71835387,14.93817,14.93817,,-1.42129,36.45523,49717ee2-9808-4288-b76d-e658195b7979,USDC-WETH,0.3%,USDC-WETH (0.3%)
2024-08-15T23:10:32.467Z,70027220,14.76744,14.76744,,-0.11895,40.16684,49717ee2-9808-4288-b76d-e658195b7979,USDC-WETH,0.3%,USDC-WETH (0.3%)
2024-08-16T23:12:13.742Z,71144902,12.88418,12.88418,,-0.00075,39.28913,49717ee2-9808-4288-b76d-e658195b7979,USDC-WETH,0.3%,USDC-WETH (0.3%)
2024-08-17T22:09:23.677Z,71390586,1.95464,1.95464,,-0.0002,38.18853,49717ee2-9808-4288-b76d-e658195b7979,USDC-WETH,0.3%,USDC-WETH (0.3%)
2024-08-18T23:09:29.270Z,72235871,6.40907,6.40907,,-0.14559,30.26961,49717ee2-9808-4288-b76d-e658195b7979,USDC-WETH,0.3%,USDC-WETH (0.3%)
2024-08-19T23:11:38.783Z,71740621,8.40904,8.40904,,-0.06407,27.27707,49717ee2-9808-4288-b76d-e658195b7979,USDC-WETH,0.3%,USDC-WETH (0.3%)
2024-08-20T23:11:23.900Z,70761231,9.74241,9.74241,,-0.19832,26.77655,49717ee2-9808-4288-b76d-e658195b7979,USDC-WETH,0.3%,USDC-WETH (0.3%)
2024-08-21T23:09:04.425Z,71981526,10.0464,10.0464,,-0.01751,20.54069,49717ee2-9808-4288-b76d-e658195b7979,USDC-WETH,0.3%,USDC-WETH (0.3%)
2024-08-22T23:10:51.329Z,71926590,5.28692,5.28692,,-0.04046,19.44709,49717ee2-9808-4288-b76d-e658195b7979,USDC-WETH,0.3%,USDC-WETH (0.3%)
2024-08-23T23:09:45.277Z,74447659,12.39822,12.39822,,-0.36653,21.3281,49717ee2-9808-4288-b76d-e658195b7979,USDC-WETH,0.3%,USDC-WETH (0.3%)
2024-08-24T23:09:44.102Z,73964375,6.64159,6.64159,,-0.26407,23.88596,49717ee2-9808-4288-b76d-e658195b7979,USDC-WETH,0.3%,USDC-WETH (0.3%)
2024-08-25T23:09:45.197Z,74357650,3.15805,3.15805,,-0.18411,23.06342,49717ee2-9808-4288-b76d-e658195b7979,USDC-WETH,0.3%,USDC-WETH (0.3%)
2024-08-26T23:08:26.373Z,72431038,6.43619,6.43619,,-0.05049,22.44957,49717ee2-9808-4288-b76d-e658195b7979,USDC-WETH,0.3%,USDC-WETH (0.3%)
2024-08-27T23:06:58.769Z,67431837,14.38875,14.38875,,-0.2138,33.16351,49717ee2-9808-4288-b76d-e658195b7979,USDC-WETH,0.3%,USDC-WETH (0.3%)
2024-08-28T23:08:10.941Z,66704094,15.71742,15.71742,,-0.13259,33.3095,49717ee2-9808-4288-b76d-e658195b7979,USDC-WETH,0.3%,USDC-WETH (0.3%)
2024-08-29T23:13:11.952Z,66397685,5.27232,5.27232,,-0.12002,38.93873,49717ee2-9808-4288-b76d-e658195b7979,USDC-WETH,0.3%,USDC-WETH (0.3%)
2024-08-30T23:11:16.042Z,66551446,6.7814,6.7814,,-0.73385,34.80749,49717ee2-9808-4288-b76d-e658195b7979,USDC-WETH,0.3%,USDC-WETH (0.3%)
2024-08-31T22:10:08.658Z,66755139,1.75208,1.75208,,-0.69767,23.10735,49717ee2-9808-4288-b76d-e658195b7979,USDC-WETH,0.3%,USDC-WETH (0.3%)
2024-09-01T23:09:39.248Z,64087159,7.79835,7.79835,,-1.76153,40.64383,49717ee2-9808-4288-b76d-e658195b7979,USDC-WETH,0.3%,USDC-WETH (0.3%)
2024-09-02T23:08:55.542Z,66941892,5.59888,5.59888,,-0.27044,32.2569,49717ee2-9808-4288-b76d-e658195b7979,USDC-WETH,0.3%,USDC-WETH (0.3%)
2024-09-03T23:06:18.906Z,65105915,4.12368,4.12368,,-0.00116,27.85476,49717ee2-9808-4288-b76d-e658195b7979,USDC-WETH,0.3%,USDC-WETH (0.3%)
2024-09-04T23:09:49.474Z,65252465,9.72138,9.72138,,-0.06156,24.52998,49717ee2-9808-4288-b76d-e658195b7979,USDC-WETH,0.3%,USDC-WETH (0.3%)
2024-09-05T23:09:12.015Z,63099981,6.74738,6.74738,,-0.35095,28.23149,49717ee2-9808-4288-b76d-e658195b7979,USDC-WETH,0.3%,USDC-WETH (0.3%)
2024-09-06T23:10:14.348Z,59699054,15.97806,15.97806,,-1.54869,47.9243,49717ee2-9808-4288-b76d-e658195b7979,USDC-WETH,0.3%,USDC-WETH (0.3%)
2024-09-07T23:13:39.415Z,60985734,3.73392,3.73392,,-0.96665,36.0059,49717ee2-9808-4288-b76d-e658195b7979,USDC-WETH,0.3%,USDC-WETH (0.3%)
2024-09-08T23:10:52.321Z,61643913,6.76546,6.76546,,-0.20957,32.85425,49717ee2-9808-4288-b76d-e658195b7979,USDC-WETH,0.3%,USDC-WETH (0.3%)
2024-09-09T23:10:19.030Z,62880704,7.05163,7.05163,,-0.5068,30.77644,49717ee2-9808-4288-b76d-e658195b7979,USDC-WETH,0.3%,USDC-WETH (0.3%)
2024-09-10T23:10:31.486Z,63577931,5.36788,5.36788,,-0.05596,31.22328,49717ee2-9808-4288-b76d-e658195b7979,USDC-WETH,0.3%,USDC-WETH (0.3%)
2024-09-11T23:09:45.279Z,62779381,7.95348,7.95348,,-0.20774,29.88046,49717ee2-9808-4288-b76d-e658195b7979,USDC-WETH,0.3%,USDC-WETH (0.3%)
2024-09-12T23:10:19.347Z,63320796,4.76329,4.76329,,-1e-05,28.4284,49717ee2-9808-4288-b76d-e658195b7979,USDC-WETH,0.3%,USDC-WETH (0.3%)
2024-09-13T23:10:00.380Z,62232612,5.00424,5.00424,,-0.91339,22.38851,49717ee2-9808-4288-b76d-e658195b7979,USDC-WETH,0.3%,USDC-WETH (0.3%)
2024-09-14T23:08:21.373Z,61631552,2.35284,2.35284,,-0.36281,19.06936,49717ee2-9808-4288-b76d-e658195b7979,USDC-WETH,0.3%,USDC-WETH (0.3%)
2024-09-15T23:10:15.214Z,59726776,2.98815,2.98815,,-0.02255,20.69175,49717ee2-9808-4288-b76d-e658195b7979,USDC-WETH,0.3%,USDC-WETH (0.3%)
2024-09-16T23:09:50.746Z,58503281,9.05754,9.05754,,-0.07993,24.93984,49717ee2-9808-4288-b76d-e658195b7979,USDC-WETH,0.3%,USDC-WETH (0.3%)
2024-09-17T23:09:10.162Z,59452527,6.68081,6.68081,,-0.02762,21.172,49717ee2-9808-4288-b76d-e658195b7979,USDC-WETH,0.3%,USDC-WETH (0.3%)
2024-09-18T23:08:51.983Z,59456577,9.78947,9.78947,,-1e-05,22.81493,49717ee2-9808-4288-b76d-e658195b7979,USDC-WETH,0.3%,USDC-WETH (0.3%)
2024-09-19T23:08:38.662Z,62173877,6.37171,6.37171,,-0.16126,22.7537,49717ee2-9808-4288-b76d-e658195b7979,USDC-WETH,0.3%,USDC-WETH (0.3%)
2024-09-20T23:08:37.675Z,63629513,6.80202,6.80202,,-0.14634,23.08977,49717ee2-9808-4288-b76d-e658195b7979,USDC-WETH,0.3%,USDC-WETH (0.3%)
2024-09-21T23:15:13.262Z,64140652,2.65996,2.65996,,-0.3533,23.2436,49717ee2-9808-4288-b76d-e658195b7979,USDC-WETH,0.3%,USDC-WETH (0.3%)
2024-09-22T23:10:52.789Z,64335286,5.18919,5.18919,,-0.86201,23.73568,49717ee2-9808-4288-b76d-e658195b7979,USDC-WETH,0.3%,USDC-WETH (0.3%)
2024-09-23T23:10:53.530Z,65518782,7.97149,7.97149,,-1.8845,23.14027,49717ee2-9808-4288-b76d-e658195b7979,USDC-WETH,0.3%,USDC-WETH (0.3%)
2024-09-24T23:09:33.067Z,65786708,5.02578,5.02578,,-1.38839,22.52494,49717ee2-9808-4288-b76d-e658195b7979,USDC-WETH,0.3%,USDC-WETH (0.3%)
2024-09-25T23:10:34.242Z,63627236,3.99897,3.99897,,-0.73663,20.64742,49717ee2-9808-4288-b76d-e658195b7979,USDC-WETH,0.3%,USDC-WETH (0.3%)
2024-09-26T23:09:12.551Z,65043992,6.11125,6.11125,,-0.35628,18.66526,49717ee2-9808-4288-b76d-e658195b7979,USDC-WETH,0.3%,USDC-WETH (0.3%)
2024-09-27T23:05:57.411Z,66077181,4.84258,4.84258,,-0.30719,19.4008,49717ee2-9808-4288-b76d-e658195b7979,USDC-WETH,0.3%,USDC-WETH (0.3%)
2024-09-28T23:10:14.596Z,65556456,1.83331,1.83331,,-0.13083,18.1044,49717ee2-9808-4288-b76d-e658195b7979,USDC-WETH,0.3%,USDC-WETH (0.3%)
2024-09-29T23:09:29.482Z,65200696,1.52118,1.52118,,-0.07308,15.87556,49717ee2-9808-4288-b76d-e658195b7979,USDC-WETH,0.3%,USDC-WETH (0.3%)
2024-09-30T23:09:29.491Z,64066279,6.61315,6.61315,,-0.0297,16.02218,49717ee2-9808-4288-b76d-e658195b7979,USDC-WETH,0.3%,USDC-WETH (0.3%)
2024-10-01T23:10:02.447Z,61078578,13.0497,13.0497,,-0.59767,24.63576,49717ee2-9808-4288-b76d-e658195b7979,USDC-WETH,0.3%,USDC-WETH (0.3%)
2024-10-02T23:08:44.913Z,59503141,9.91291,9.91291,,-0.53132,30.13469,49717ee2-9808-4288-b76d-e658195b7979,USDC-WETH,0.3%,USDC-WETH (0.3%)
2024-10-03T23:11:57.048Z,59893434,8.50305,8.50305,,-1.11792,24.78972,49717ee2-9808-4288-b76d-e658195b7979,USDC-WETH,0.3%,USDC-WETH (0.3%)
2024-10-04T23:09:02.229Z,88615597,4.66224,4.66224,,-1.09839,4.60774,49717ee2-9808-4288-b76d-e658195b7979,USDC-WETH,0.3%,USDC-WETH (0.3%)
2024-10-05T23:09:35.886Z,59550976,10.7037,10.7037,,-0.89865,5.42761,49717ee2-9808-4288-b76d-e658195b7979,USDC-WETH,0.3%,USDC-WETH (0.3%)
2024-10-06T23:09:42.885Z,60528394,15.3095,15.3095,,-0.66787,6.59113,49717ee2-9808-4288-b76d-e658195b7979,USDC-WETH,0.3%,USDC-WETH (0.3%)
2024-10-07T23:09:36.153Z,60407046,43.77856,43.77856,,-0.48945,10.0272,49717ee2-9808-4288-b76d-e658195b7979,USDC-WETH,0.3%,USDC-WETH (0.3%)
2024-10-08T23:09:48.943Z,60629549,32.81799,32.81799,,-0.0025,11.7112,49717ee2-9808-4288-b76d-e658195b7979,USDC-WETH,0.3%,USDC-WETH (0.3%)
2024-10-09T23:09:44.212Z,59349021,24.1202,24.1202,,-0.00042,69.61874,49717ee2-9808-4288-b76d-e658195b7979,USDC-WETH,0.3%,USDC-WETH (0.3%)
2024-10-10T23:09:29.076Z,59412962,9.21153,9.21153,,-0.01035,69.92416,49717ee2-9808-4288-b76d-e658195b7979,USDC-WETH,0.3%,USDC-WETH (0.3%)
2024-10-11T23:10:18.835Z,60523488,14.32306,14.32306,,-0.00632,13.77553,49717ee2-9808-4288-b76d-e658195b7979,USDC-WETH,0.3%,USDC-WETH (0.3%)
2024-10-12T23:10:12.941Z,61752554,8.60278,8.60278,,-0.06387,13.2233,49717ee2-9808-4288-b76d-e658195b7979,USDC-WETH,0.3%,USDC-WETH (0.3%)
2024-10-13T23:42:17.504Z,61311938,11.05025,11.05025,,-0.00997,13.01405,49717ee2-9808-4288-b76d-e658195b7979,USDC-WETH,0.3%,USDC-WETH (0.3%)
2024-10-14T23:10:56.621Z,64471399,39.008,39.008,,-0.67386,12.14007,49717ee2-9808-4288-b76d-e658195b7979,USDC-WETH,0.3%,USDC-WETH (0.3%)
2024-10-15T23:11:12.837Z,63586995,57.02814,57.02814,,-0.34163,14.7009,49717ee2-9808-4288-b76d-e658195b7979,USDC-WETH,0.3%,USDC-WETH (0.3%)
2024-10-16T23:11:46.955Z,63959207,26.91267,26.91267,,-0.84509,15.05569,49717ee2-9808-4288-b76d-e658195b7979,USDC-WETH,0.3%,USDC-WETH (0.3%)
2024-10-17T23:10:38.418Z,63835578,24.1534,24.1534,,-0.73202,16.41653,49717ee2-9808-4288-b76d-e658195b7979,USDC-WETH,0.3%,USDC-WETH (0.3%)
2024-10-18T23:12:26.953Z,65231726,22.81593,22.81593,,-0.53685,16.91636,49717ee2-9808-4288-b76d-e658195b7979,USDC-WETH,0.3%,USDC-WETH (0.3%)
2024-10-19T23:11:34.608Z,65352801,4.08998,4.08998,,-0.3504,16.92879,49717ee2-9808-4288-b76d-e658195b7979,USDC-WETH,0.3%,USDC-WETH (0.3%)
2024-10-20T23:12:29.036Z,68518690,22.19093,22.19093,,-1.04587,16.47517,49717ee2-9808-4288-b76d-e658195b7979,USDC-WETH,0.3%,USDC-WETH (0.3%)
2024-10-21T23:09:45.782Z,67380291,18.87129,18.87129,,-0.01241,15.07453,49717ee2-9808-4288-b76d-e658195b7979,USDC-WETH,0.3%,USDC-WETH (0.3%)
2024-10-22T23:12:19.880Z,66925393,24.3692,24.3692,,-0.01951,13.93737,49717ee2-9808-4288-b76d-e658195b7979,USDC-WETH,0.3%,USDC-WETH (0.3%)
2024-10-23T23:11:21.882Z,70743354,34.08042,34.08042,,-0.15569,12.15208,49717ee2-9808-4288-b76d-e658195b7979,USDC-WETH,0.3%,USDC-WETH (0.3%)
2024-10-24T23:13:34.649Z,71344689,26.55817,26.55817,,-0.07332,12.47678,49717ee2-9808-4288-b76d-e658195b7979,USDC-WETH,0.3%,USDC-WETH (0.3%)
2024-10-25T23:11:37.664Z,61227549,57.73232,57.73232,,-0.50498,17.97045,49717ee2-9808-4288-b76d-e658195b7979,USDC-WETH,0.3%,USDC-WETH (0.3%)
2024-10-26T23:11:36.582Z,62236830,28.46996,28.46996,,-0.35699,19.82364,49717ee2-9808-4288-b76d-e658195b7979,USDC-WETH,0.3%,USDC-WETH (0.3%)
2024-10-27T23:10:18.799Z,62921668,12.13771,12.13771,,-0.70057,18.4446,49717ee2-9808-4288-b76d-e658195b7979,USDC-WETH,0.3%,USDC-WETH (0.3%)
2024-10-28T23:13:36.017Z,63976397,39.00039,39.00039,,-0.13405,19.81115,49717ee2-9808-4288-b76d-e658195b7979,USDC-WETH,0.3%,USDC-WETH (0.3%)
2024-10-29T23:12:49.093Z,64902655,31.15015,31.15015,,-4e-05,21.08912,49717ee2-9808-4288-b76d-e658195b7979,USDC-WETH,0.3%,USDC-WETH (0.3%)
2024-10-30T23:12:59.462Z,69719298,42.77559,42.77559,,-0.28397,20.2201,49717ee2-9808-4288-b76d-e658195b7979,USDC-WETH,0.3%,USDC-WETH (0.3%)
2024-10-31T23:11:06.703Z,67578862,32.62723,32.62723,,-0.0036,21.46352,49717ee2-9808-4288-b76d-e658195b7979,USDC-WETH,0.3%,USDC-WETH (0.3%)
2024-11-01T23:11:06.054Z,67621329,57.16757,57.16757,,-0.06165,21.96987,49717ee2-9808-4288-b76d-e658195b7979,USDC-WETH,0.3%,USDC-WETH (0.3%)
2024-11-02T23:11:52.120Z,67117541,7.81497,7.81497,,-0.00025,20.49451,49717ee2-9808-4288-b76d-e658195b7979,USDC-WETH,0.3%,USDC-WETH (0.3%)
2024-11-03T23:11:40.015Z,66430032,36.25234,36.25234,,-0.04529,22.86883,49717ee2-9808-4288-b76d-e658195b7979,USDC-WETH,0.3%,USDC-WETH (0.3%)
2024-11-04T23:11:13.449Z,65362762,31.36718,31.36718,,-0.41536,22.5779,49717ee2-9808-4288-b76d-e658195b7979,USDC-WETH,0.3%,USDC-WETH (0.3%)
2024-11-05T23:13:11.394Z,65978911,32.89476,32.89476,,-0.53765,22.37886,49717ee2-9808-4288-b76d-e658195b7979,USDC-WETH,0.3%,USDC-WETH (0.3%)
2024-11-06T23:11:33.951Z,74674117,95.74592,95.74592,,-0.07199,23.7992,49717ee2-9808-4288-b76d-e658195b7979,USDC-WETH,0.3%,USDC-WETH (0.3%)
2024-11-07T23:10:16.202Z,73506368,87.65038,87.65038,,-1.61402,29.12436,49717ee2-9808-4288-b76d-e658195b7979,USDC-WETH,0.3%,USDC-WETH (0.3%)
2024-11-08T23:11:07.877Z,74084567,57.8732,57.8732,,-2.31017,29.29573,49717ee2-9808-4288-b76d-e658195b7979,USDC-WETH,0.3%,USDC-WETH (0.3%)
2024-11-09T23:09:58.778Z,103292272,27.04902,27.04902,,-4.71533,35.69347,49717ee2-9808-4288-b76d-e658195b7979,USDC-WETH,0.3%,USDC-WETH (0.3%)
2024-11-10T23:09:37.738Z,104091636,55.83973,55.83973,,-5.73644,38.45287,49717ee2-9808-4288-b76d-e658195b7979,USDC-WETH,0.3%,USDC-WETH (0.3%)
2024-11-11T23:12:04.943Z,73350126,102.66293,102.66293,,-9.35502,43.99318,49717ee2-9808-4288-b76d-e658195b7979,USDC-WETH,0.3%,USDC-WETH (0.3%)
2024-11-12T23:26:36.349Z,72565065,161.60203,161.60203,,-7.35495,53.91133,49717ee2-9808-4288-b76d-e658195b7979,USDC-WETH,0.3%,USDC-WETH (0.3%)
2024-11-13T23:11:07.897Z,71691591,139.76652,139.76652,,-1.85003,60.44492,49717ee2-9808-4288-b76d-e658195b7979,USDC-WETH,0.3%,USDC-WETH (0.3%)
2024-11-14T23:10:05.964Z,93882964,74.97173,74.97173,,-0.37783,52.91792,49717ee2-9808-4288-b76d-e658195b7979,USDC-WETH,0.3%,USDC-WETH (0.3%)
2024-11-15T23:09:32.811Z,94334393,175.53904,175.53904,,-0.19001,65.83244,49717ee2-9808-4288-b76d-e658195b7979,USDC-WETH,0.3%,USDC-WETH (0.3%)
2024-11-16T23:10:55.022Z,73191298,44.45103,44.45103,,-2e-05,75.07671,49717ee2-9808-4288-b76d-e658195b7979,USDC-WETH,0.3%,USDC-WETH (0.3%)
2024-11-17T23:09:26.472Z,71505183,57.72382,57.72382,,-0.10751,75.25486,49717ee2-9808-4288-b76d-e658195b7979,USDC-WETH,0.3%,USDC-WETH (0.3%)
2024-11-18T23:10:43.156Z,83347397,61.0522,61.0522,,-0.31469,68.97525,49717ee2-9808-4288-b76d-e658195b7979,USDC-WETH,0.3%,USDC-WETH (0.3%)
2024-11-19T23:10:50.865Z,82575634,54.51305,54.51305,,-0.27579,40.43796,49717ee2-9808-4288-b76d-e658195b7979,USDC-WETH,0.3%,USDC-WETH (0.3%)
2024-11-20T23:11:12.718Z,82260949,62.62279,62.62279,,-0.0863,36.69013,49717ee2-9808-4288-b76d-e658195b7979,USDC-WETH,0.3%,USDC-WETH (0.3%)
2024-11-21T23:10:00.588Z,86488201,96.01003,96.01003,,-0.72029,52.73464,49717ee2-9808-4288-b76d-e658195b7979,USDC-WETH,0.3%,USDC-WETH (0.3%)
2024-11-22T23:15:00.661Z,85209925,55.8047,55.8047,,-0.35727,39.59766,49717ee2-9808-4288-b76d-e658195b7979,USDC-WETH,0.3%,USDC-WETH (0.3%)
2024-11-23T23:12:51.477Z,76095247,63.82824,63.82824,,-0.55493,41.06715,49717ee2-9808-4288-b76d-e658195b7979,USDC-WETH,0.3%,USDC-WETH (0.3%)
2024-11-24T23:11:33.311Z,75441521,43.28796,43.28796,,-0.70648,40.11274,49717ee2-9808-4288-b76d-e658195b7979,USDC-WETH,0.3%,USDC-WETH (0.3%)
2024-11-25T01:12:55.153Z,75222590,43.14974,43.14974,,-0.50878,39.91503,49717ee2-9808-4288-b76d-e658195b7979,USDC-WETH,0.3%,USDC-WETH (0.3%)
2024-11-26T23:11:40.115Z,75337803,83.58519,83.58519,,-0.4345,47.00446,49717ee2-9808-4288-b76d-e658195b7979,USDC-WETH,0.3%,USDC-WETH (0.3%)
2024-11-27T23:13:24.655Z,78178396,63.51118,63.51118,,-2.73514,47.5912,49717ee2-9808-4288-b76d-e658195b7979,USDC-WETH,0.3%,USDC-WETH (0.3%)
2024-11-28T12:15:09.552Z,77918656,64.87871,64.87871,,-1.49716,46.13129,49717ee2-9808-4288-b76d-e658195b7979,USDC-WETH,0.3%,USDC-WETH (0.3%)
2024-11-29T23:27:54.243Z,79208011,29.13928,29.13928,,-0.56999,37.3864,49717ee2-9808-4288-b76d-e658195b7979,USDC-WETH,0.3%,USDC-WETH (0.3%)
2024-11-30T23:09:02.143Z,79818020,35.34962,35.34962,,-0.63552,37.13699,49717ee2-9808-4288-b76d-e658195b7979,USDC-WETH,0.3%,USDC-WETH (0.3%)
2024-12-01T23:13:02.209Z,79852893,27.21611,27.21611,,-0.92944,35.71697,49717ee2-9808-4288-b76d-e658195b7979,USDC-WETH,0.3%,USDC-WETH (0.3%)
2024-12-02T23:12:36.214Z,79450962,64.8752,64.8752,,-0.20282,30.55727,49717ee2-9808-4288-b76d-e658195b7979,USDC-WETH,0.3%,USDC-WETH (0.3%)
2024-12-03T23:15:02.200Z,79330330,49.92678,49.92678,,-0.65602,27.90934,49717ee2-9808-4288-b76d-e658195b7979,USDC-WETH,0.3%,USDC-WETH (0.3%)
2024-12-04T23:11:57.868Z,78780242,61.45531,61.45531,,-0.16148,180.22612,49717ee2-9808-4288-b76d-e658195b7979,USDC-WETH,0.3%,USDC-WETH (0.3%)
2024-12-05T23:11:31.893Z,34372325,45.38069,45.38069,,-0.28441,173.65183,49717ee2-9808-4288-b76d-e658195b7979,USDC-WETH,0.3%,USDC-WETH (0.3%)
2024-12-06T23:11:25.734Z,36769511,27.83392,27.83392,,-1.0963,86.33345,49717ee2-9808-4288-b76d-e658195b7979,USDC-WETH,0.3%,USDC-WETH (0.3%)
2024-12-07T23:08:24.181Z,33973624,4.85684,4.85684,,-0.50293,70.22034,49717ee2-9808-4288-b76d-e658195b7979,USDC-WETH,0.3%,USDC-WETH (0.3%)
2024-12-08T23:12:12.636Z,33772890,5.1337,5.1337,,-0.44013,62.79534,49717ee2-9808-4288-b76d-e658195b7979,USDC-WETH,0.3%,USDC-WETH (0.3%)
2024-12-09T11:11:33.829Z,33242928,9.83764,9.83764,,-0.53234,139.04321,49717ee2-9808-4288-b76d-e658195b7979,USDC-WETH,0.3%,USDC-WETH (0.3%)
2024-12-10T23:12:23.928Z,32316237,47.02522,47.02522,,-0.003,79.86706,49717ee2-9808-4288-b76d-e658195b7979,USDC-WETH,0.3%,USDC-WETH (0.3%)
2024-12-11T23:12:13.844Z,36814244,15.45128,15.45128,,-2e-05,6.71305,49717ee2-9808-4288-b76d-e658195b7979,USDC-WETH,0.3%,USDC-WETH (0.3%)
2024-12-12T23:13:01.409Z,33576902,36.28358,36.28358,,-0.03045,43.30654,49717ee2-9808-4288-b76d-e658195b7979,USDC-WETH,0.3%,USDC-WETH (0.3%)
2024-12-13T23:27:32.511Z,33580302,11.27498,11.27498,,-0.05007,38.82203,49717ee2-9808-4288-b76d-e658195b7979,USDC-WETH,0.3%,USDC-WETH (0.3%)
2024-12-14T20:45:09.221Z,33366623,7.67464,7.67464,,-0.18514,40.3098,49717ee2-9808-4288-b76d-e658195b7979,USDC-WETH,0.3%,USDC-WETH (0.3%)
2024-12-15T23:14:34.877Z,33508643,9.01088,9.01088,,-0.04373,40.69466,49717ee2-9808-4288-b76d-e658195b7979,USDC-WETH,0.3%,USDC-WETH (0.3%)
2024-12-16T23:24:51.450Z,33328484,24.69061,24.69061,,-0.58229,18.82908,49717ee2-9808-4288-b76d-e658195b7979,USDC-WETH,0.3%,USDC-WETH (0.3%)
2024-12-17T23:28:00.481Z,32507364,20.79443,20.79443,,-0.31937,34.39786,49717ee2-9808-4288-b76d-e658195b7979,USDC-WETH,0.3%,USDC-WETH (0.3%)
2024-12-18T23:43:29.779Z,31579224,26.29032,26.29032,,-0.22847,45.9147,49717ee2-9808-4288-b76d-e658195b7979,USDC-WETH,0.3%,USDC-WETH (0.3%)
2024-12-19T23:32:06.183Z,31633564,69.77516,69.77516,,-1.26851,42.6954,49717ee2-9808-4288-b76d-e658195b7979,USDC-WETH,0.3%,USDC-WETH (0.3%)
2024-12-20T23:14:55.839Z,32036438,83.77802,83.77802,,-1.20317,54.72272,49717ee2-9808-4288-b76d-e658195b7979,USDC-WETH,0.3%,USDC-WETH (0.3%)
2024-12-21T23:31:56.623Z,32238823,29.91766,29.91766,,-2.01692,59.61461,49717ee2-9808-4288-b76d-e658195b7979,USDC-WETH,0.3%,USDC-WETH (0.3%)
2024-12-22T23:48:14.588Z,32169851,29.79594,29.79594,,-3.13096,61.91337,49717ee2-9808-4288-b76d-e658195b7979,USDC-WETH,0.3%,USDC-WETH (0.3%)
2024-12-23T23:30:28.251Z,32988715,41.86402,41.86402,,-2.07233,64.76639,49717ee2-9808-4288-b76d-e658195b7979,USDC-WETH,0.3%,USDC-WETH (0.3%)
2024-12-24T23:16:25.738Z,33432170,21.10171,21.10171,,-0.87285,61.16832,49717ee2-9808-4288-b76d-e658195b7979,USDC-WETH,0.3%,USDC-WETH (0.3%)
2024-12-25T23:12:22.364Z,33404830,12.2485,12.2485,,-0.20935,57.05111,49717ee2-9808-4288-b76d-e658195b7979,USDC-WETH,0.3%,USDC-WETH (0.3%)
2024-12-26T23:15:48.158Z,33317627,14.5544,14.5544,,-0.06876,49.6096,49717ee2-9808-4288-b76d-e658195b7979,USDC-WETH,0.3%,USDC-WETH (0.3%)
2024-12-27T23:13:18.080Z,52597516,16.50237,16.50237,,-0.17608,39.38466,49717ee2-9808-4288-b76d-e658195b7979,USDC-WETH,0.3%,USDC-WETH (0.3%)
2024-12-28T23:14:29.267Z,52893884,5.33116,5.33116,,-0.06404,34.3162,49717ee2-9808-4288-b76d-e658195b7979,USDC-WETH,0.3%,USDC-WETH (0.3%)
2024-12-29T23:09:53.087Z,52349910,4.49634,4.49634,,-0.02195,30.8087,49717ee2-9808-4288-b76d-e658195b7979,USDC-WETH,0.3%,USDC-WETH (0.3%)
2024-12-30T21:27:39.936Z,52763589,12.92113,12.92113,,-0.02651,21.07661,49717ee2-9808-4288-b76d-e658195b7979,USDC-WETH,0.3%,USDC-WETH (0.3%)
2024-12-31T23:15:27.146Z,52450486,8.47364,8.47364,,-0.20311,23.96474,49717ee2-9808-4288-b76d-e658195b7979,USDC-WETH,0.3%,USDC-WETH (0.3%)
2025-01-01T23:15:20.872Z,52538637,3.58029,3.58029,,-0.12885,21.80361,49717ee2-9808-4288-b76d-e658195b7979,USDC-WETH,0.3%,USDC-WETH (0.3%)
2025-01-02T23:26:49.268Z,53059958,12.04031,12.04031,,-0.11324,22.52945,49717ee2-9808-4288-b76d-e658195b7979,USDC-WETH,0.3%,USDC-WETH (0.3%)
2025-01-03T23:12:04.253Z,34850560,10.19631,10.19631,,-0.62112,19.37596,49717ee2-9808-4288-b76d-e658195b7979,USDC-WETH,0.3%,USDC-WETH (0.3%)
2025-01-04T23:14:42.353Z,34998650,6.99511,6.99511,,-0.44702,22.79115,49717ee2-9808-4288-b76d-e658195b7979,USDC-WETH,0.3%,USDC-WETH (0.3%)
2025-01-05T23:29:44.758Z,34797765,4.57237,4.57237,,-0.68286,18.60778,49717ee2-9808-4288-b76d-e658195b7979,USDC-WETH,0.3%,USDC-WETH (0.3%)
2025-01-06T23:43:52.915Z,34931834,11.59032,11.59032,,-0.72904,19.04411,49717ee2-9808-4288-b76d-e658195b7979,USDC-WETH,0.3%,USDC-WETH (0.3%)
2025-01-07T22:13:38.559Z,33247197,21.50847,21.50847,,-0.01167,18.42448,49717ee2-9808-4288-b76d-e658195b7979,USDC-WETH,0.3%,USDC-WETH (0.3%)
2025-01-08T23:11:18.235Z,32123096,30.56479,30.56479,,-0.00896,24.32912,49717ee2-9808-4288-b76d-e658195b7979,USDC-WETH,0.3%,USDC-WETH (0.3%)
2025-01-09T23:15:22.519Z,31662576,31.14044,31.14044,,-0.36113,26.70204,49717ee2-9808-4288-b76d-e658195b7979,USDC-WETH,0.3%,USDC-WETH (0.3%)
2025-01-10T23:24:40.321Z,31166949,26.58343,26.58343,,-0.85975,31.41637,49717ee2-9808-4288-b76d-e658195b7979,USDC-WETH,0.3%,USDC-WETH (0.3%)
2025-01-11T23:11:13.602Z,31238089,6.286,6.286,,-0.98617,30.99528,49717ee2-9808-4288-b76d-e658195b7979,USDC-WETH,0.3%,USDC-WETH (0.3%)
2025-01-12T23:14:07.953Z,31006370,9.0451,9.0451,,-1.21809,32.67946,49717ee2-9808-4288-b76d-e658195b7979,USDC-WETH,0.3%,USDC-WETH (0.3%)
2025-01-13T23:42:13.475Z,30439570,63.88751,63.88751,,-2.31089,54.33583,49717ee2-9808-4288-b76d-e658195b7979,USDC-WETH,0.3%,USDC-WETH (0.3%)
2025-01-14T23:29:57.671Z,30914549,17.76332,17.76332,,-0.1911,42.25015,49717ee2-9808-4288-b76d-e658195b7979,USDC-WETH,0.3%,USDC-WETH (0.3%)
2025-01-15T23:31:23.289Z,31729832,23.49841,23.49841,,-0.09174,39.06609,49717ee2-9808-4288-b76d-e658195b7979,USDC-WETH,0.3%,USDC-WETH (0.3%)
2025-01-16T23:30:13.118Z,31251757,26.22025,26.22025,,-0.05127,40.90195,49717ee2-9808-4288-b76d-e658195b7979,USDC-WETH,0.3%,USDC-WETH (0.3%)
2025-01-17T23:15:47.698Z,33401255,18.23817,18.23817,,-0.30035,33.2185,49717ee2-9808-4288-b76d-e658195b7979,USDC-WETH,0.3%,USDC-WETH (0.3%)
2025-01-18T23:32:09.875Z,32567453,35.463,35.463,,0.0,44.81086,49717ee2-9808-4288-b76d-e658195b7979,USDC-WETH,0.3%,USDC-WETH (0.3%)
2025-01-19T23:31:34.042Z,32266417,70.19429,70.19429,,-0.01952,59.58516,49717ee2-9808-4288-b76d-e658195b7979,USDC-WETH,0.3%,USDC-WETH (0.3%)
2025-01-20T23:10:24.693Z,32697163,83.24448,83.24448,,-0.25398,64.8434,49717ee2-9808-4288-b76d-e658195b7979,USDC-WETH,0.3%,USDC-WETH (0.3%)
2025-01-21T23:12:27.754Z,32857070,29.72613,29.72613,,-0.07238,67.38817,49717ee2-9808-4288-b76d-e658195b7979,USDC-WETH,0.3%,USDC-WETH (0.3%)
2025-01-22T23:12:42.932Z,32455376,13.16499,13.16499,,-0.2868,65.20145,49717ee2-9808-4288-b76d-e658195b7979,USDC-WETH,0.3%,USDC-WETH (0.3%)
2025-01-23T23:12:36.520Z,32868179,30.05336,30.05336,,,67.33918,49717ee2-9808-4288-b76d-e658195b7979,USDC-WETH,0.3%,USDC-WETH (0.3%)
2025-01-24T23:10:18.722Z,32951634,19.63733,19.63733,,,64.56013,49717ee2-9808-4288-b76d-e658195b7979,USDC-WETH,0.3%,USDC-WETH (0.3%)
2025-01-25T23:09:49.951Z,32924042,5.83894,5.83894,,,60.64977,49717ee2-9808-4288-b76d-e658195b7979,USDC-WETH,0.3%,USDC-WETH (0.3%)
2025-01-26T23:09:48.076Z,32677164,6.75846,6.75846,,,45.93525,49717ee2-9808-4288-b76d-e658195b7979,USDC-WETH,0.3%,USDC-WETH (0.3%)
2025-01-27T23:28:00.435Z,32126793,36.24771,36.24771,,,41.08487,49717ee2-9808-4288-b76d-e658195b7979,USDC-WETH,0.3%,USDC-WETH (0.3%)
2025-01-28T23:10:51.993Z,31659867,16.13127,16.13127,,,39.32148,49717ee2-9808-4288-b76d-e658195b7979,USDC-WETH,0.3%,USDC-WETH (0.3%)
2025-01-29T23:09:47.783Z,33706545,31.00678,31.00678,,,31.49763,49717ee2-9808-4288-b76d-e658195b7979,USDC-WETH,0.3%,USDC-WETH (0.3%)
2025-01-30T23:10:23.319Z,34170869,16.97569,16.97569,,,25.27817,49717ee2-9808-4288-b76d-e658195b7979,USDC-WETH,0.3%,USDC-WETH (0.3%)
2025-01-31T23:09:40.181Z,34505989,31.45138,31.45138,,,26.3985,49717ee2-9808-4288-b76d-e658195b7979,USDC-WETH,0.3%,USDC-WETH (0.3%)
2025-02-01T23:10:56.560Z,33554987,16.4976,16.4976,,,33.95516,49717ee2-9808-4288-b76d-e658195b7979,USDC-WETH,0.3%,USDC-WETH (0.3%)
2025-02-02T23:10:42.834Z,30401082,54.23777,54.23777,,,68.72601,49717ee2-9808-4288-b76d-e658195b7979,USDC-WETH,0.3%,USDC-WETH (0.3%)
2025-02-03T23:10:23.806Z,45670507,324.41962,324.41962,,,54.76252,49717ee2-9808-4288-b76d-e658195b7979,USDC-WETH,0.3%,USDC-WETH (0.3%)
2025-02-04T23:12:52.290Z,44301040,160.36044,160.36044,,,73.96934,49717ee2-9808-4288-b76d-e658195b7979,USDC-WETH,0.3%,USDC-WETH (0.3%)
2025-02-05T23:09:21.690Z,47766175,82.70136,82.70136,,,73.03146,49717ee2-9808-4288-b76d-e658195b7979,USDC-WETH,0.3%,USDC-WETH (0.3%)
2025-02-06T23:12:50.272Z,47086239,68.68925,68.68925,,,83.23369,49717ee2-9808-4288-b76d-e658195b7979,USDC-WETH,0.3%,USDC-WETH (0.3%)
2025-02-07T23:10:21.939Z,53019408,65.68477,65.68477,,,98.46663,49717ee2-9808-4288-b76d-e658195b7979,USDC-WETH,0.3%,USDC-WETH (0.3%)
2025-02-08T23:23:29.215Z,57429697,30.77357,30.77357,,,57.51807,49717ee2-9808-4288-b76d-e658195b7979,USDC-WETH,0.3%,USDC-WETH (0.3%)
2025-02-09T23:08:58.395Z,56962351,50.58626,50.58626,,,60.39775,49717ee2-9808-4288-b76d-e658195b7979,USDC-WETH,0.3%,USDC-WETH (0.3%)
2025-02-10T23:07:30.319Z,58679753,50.27344,50.27344,,,39.12797,49717ee2-9808-4288-b76d-e658195b7979,USDC-WETH,0.3%,USDC-WETH (0.3%)
2025-02-11T23:12:04.073Z,57750345,54.83743,54.83743,,,57.62187,49717ee2-9808-4288-b76d-e658195b7979,USDC-WETH,0.3%,USDC-WETH (0.3%)
2025-02-12T23:11:14.944Z,48625189,68.73222,68.73222,,,48.6501,49717ee2-9808-4288-b76d-e658195b7979,USDC-WETH,0.3%,USDC-WETH (0.3%)
2025-02-13T23:12:21.418Z,47407884,41.7648,41.7648,,,50.5723,49717ee2-9808-4288-b76d-e658195b7979,USDC-WETH,0.3%,USDC-WETH (0.3%)
2025-02-14T23:12:29.708Z,48383415,33.27497,33.27497,,,45.25082,49717ee2-9808-4288-b76d-e658195b7979,USDC-WETH,0.3%,USDC-WETH (0.3%)
2025-02-15T23:12:29.408Z,48278452,10.64318,10.64318,,,41.97909,49717ee2-9808-4288-b76d-e658195b7979,USDC-WETH,0.3%,USDC-WETH (0.3%)
2025-02-16T23:09:22.630Z,47992010,12.27512,12.27512,,,36.24127,49717ee2-9808-4288-b76d-e658195b7979,USDC-WETH,0.3%,USDC-WETH (0.3%)
2025-02-17T23:13:07.187Z,48730664,52.21312,52.21312,,,33.14384,49717ee2-9808-4288-b76d-e658195b7979,USDC-WETH,0.3%,USDC-WETH (0.3%)
2025-02-18T23:12:38.765Z,48017851,38.20781,38.20781,,,30.43779,49717ee2-9808-4288-b76d-e658195b7979,USDC-WETH,0.3%,USDC-WETH (0.3%)
2025-02-19T23:13:26.000Z,48761070,23.15936,23.15936,,,24.4429,49717ee2-9808-4288-b76d-e658195b7979,USDC-WETH,0.3%,USDC-WETH (0.3%)
2025-02-20T23:14:01.497Z,48941458,35.84025,35.84025,,,23.63199,49717ee2-9808-4288-b76d-e658195b7979,USDC-WETH,0.3%,USDC-WETH (0.3%)
2025-02-21T23:10:08.649Z,48037501,79.59084,79.59084,,,29.75485,49717ee2-9808-4288-b76d-e658195b7979,USDC-WETH,0.3%,USDC-WETH (0.3%)
2025-02-22T23:09:30.745Z,49438116,19.94085,19.94085,,,32.71463,49717ee2-9808-4288-b76d-e658195b7979,USDC-WETH,0.3%,USDC-WETH (0.3%)
2025-02-23T23:12:03.685Z,49764955,20.71028,20.71028,,,33.50366,49717ee2-9808-4288-b76d-e658195b7979,USDC-WETH,0.3%,USDC-WETH (0.3%)
2025-02-24T23:10:00.763Z,47093964,82.55921,82.55921,,,38.98191,49717ee2-9808-4288-b76d-e658195b7979,USDC-WETH,0.3%,USDC-WETH (0.3%)
2025-02-25T23:13:12.406Z,54317307,130.33184,130.33184,,,37.92325,49717ee2-9808-4288-b76d-e658195b7979,USDC-WETH,0.3%,USDC-WETH (0.3%)
2025-02-26T23:27:39.039Z,46743972,67.45192,67.45192,,,296.44034,49717ee2-9808-4288-b76d-e658195b7979,USDC-WETH,0.3%,USDC-WETH (0.3%)
2025-02-27T23:09:39.473Z,45356374,16.47432,16.47432,,,330.49075,49717ee2-9808-4288-b76d-e658195b7979,USDC-WETH,0.3%,USDC-WETH (0.3%)
2025-02-28T23:10:45.044Z,45476858,30.20623,30.20623,,,306.07746,49717ee2-9808-4288-b76d-e658195b7979,USDC-WETH,0.3%,USDC-WETH (0.3%)
2025-03-01T23:09:49.136Z,45512601,7.49255,7.49255,,,294.4592,49717ee2-9808-4288-b76d-e658195b7979,USDC-WETH,0.3%,USDC-WETH (0.3%)
2025-03-02T23:10:49.441Z,50755826,114.20464,114.20464,,,44.32512,49717ee2-9808-4288-b76d-e658195b7979,USDC-WETH,0.3%,USDC-WETH (0.3%)
2025-03-03T23:07:00.897Z,45598897,54.88233,54.88233,,,139723.26735,49717ee2-9808-4288-b76d-e658195b7979,USDC-WETH,0.3%,USDC-WETH (0.3%)
2025-03-04T23:07:22.569Z,72091843,68.85696,68.85696,,,35.91502,49717ee2-9808-4288-b76d-e658195b7979,USDC-WETH,0.3%,USDC-WETH (0.3%)
2025-03-05T23:06:26.302Z,74807160,55.46176,55.46176,,,36.93756,49717ee2-9808-4288-b76d-e658195b7979,USDC-WETH,0.3%,USDC-WETH (0.3%)
2025-03-06T23:06:06.554Z,74707345,64.59388,64.59388,,,43.98981,49717ee2-9808-4288-b76d-e658195b7979,USDC-WETH,0.3%,USDC-WETH (0.3%)
2025-03-07T23:08:53.306Z,73726515,108.88714,108.88714,,,53.49427,49717ee2-9808-4288-b76d-e658195b7979,USDC-WETH,0.3%,USDC-WETH (0.3%)
2025-03-08T23:24:34.298Z,75107417,34.06453,34.06453,,,60.4988,49717ee2-9808-4288-b76d-e658195b7979,USDC-WETH,0.3%,USDC-WETH (0.3%)
2025-03-09T23:05:58.825Z,70496525,53.62846,53.62846,,,60.5988,49717ee2-9808-4288-b76d-e658195b7979,USDC-WETH,0.3%,USDC-WETH (0.3%)
2025-03-10T23:06:23.514Z,66936169,136.06723,136.06723,,,735.28383,49717ee2-9808-4288-b76d-e658195b7979,USDC-WETH,0.3%,USDC-WETH (0.3%)
2025-03-11T23:06:36.731Z,69149951,64.62167,64.62167,,,72.91364,49717ee2-9808-4288-b76d-e658195b7979,USDC-WETH,0.3%,USDC-WETH (0.3%)
2025-03-12T23:06:29.623Z,42833786,67.59406,67.59406,,,100.41917,49717ee2-9808-4288-b76d-e658195b7979,USDC-WETH,0.3%,USDC-WETH (0.3%)
2025-03-13T23:08:53.671Z,42610539,15.1331,15.1331,,,533.63197,49717ee2-9808-4288-b76d-e658195b7979,USDC-WETH,0.3%,USDC-WETH (0.3%)
2025-03-14T23:06:12.560Z,43875413,16.36803,16.36803,,,64.85032,49717ee2-9808-4288-b76d-e658195b7979,USDC-WETH,0.3%,USDC-WETH (0.3%)
2025-03-15T23:06:00.632Z,44059432,11.62094,11.62094,,,58.77999,49717ee2-9808-4288-b76d-e658195b7979,USDC-WETH,0.3%,USDC-WETH (0.3%)
2025-03-16T23:22:37.990Z,43001922,14.56111,14.56111,,,257.82048,49717ee2-9808-4288-b76d-e658195b7979,USDC-WETH,0.3%,USDC-WETH (0.3%)
2025-03-17T23:06:36.029Z,43925334,23.21655,23.21655,,,28.65098,49717ee2-9808-4288-b76d-e658195b7979,USDC-WETH,0.3%,USDC-WETH (0.3%)
2025-03-18T23:06:44.104Z,43686595,11.55645,11.55645,,,36733.05957,49717ee2-9808-4288-b76d-e658195b7979,USDC-WETH,0.3%,USDC-WETH (0.3%)
2025-03-19T23:06:02.787Z,45842347,56.28024,56.28024,,,16.51289,49717ee2-9808-4288-b76d-e658195b7979,USDC-WETH,0.3%,USDC-WETH (0.3%)
2025-03-20T23:06:29.862Z,45699316,32.28405,32.28405,,,18.80997,49717ee2-9808-4288-b76d-e658195b7979,USDC-WETH,0.3%,USDC-WETH (0.3%)
2025-03-21T23:07:07.583Z,45379641,17.75036,17.75036,,,19.14007,49717ee2-9808-4288-b76d-e658195b7979,USDC-WETH,0.3%,USDC-WETH (0.3%)
2025-03-22T23:05:08.282Z,45764727,7.99328,7.99328,,,18.55709,49717ee2-9808-4288-b76d-e658195b7979,USDC-WETH,0.3%,USDC-WETH (0.3%)
2025-03-23T23:05:35.862Z,45881618,13.40463,13.40463,,,17.76727,49717ee2-9808-4288-b76d-e658195b7979,USDC-WETH,0.3%,USDC-WETH (0.3%)
2025-03-24T23:07:11.694Z,47240398,30.55933,30.55933,,,18.50126,49717ee2-9808-4288-b76d-e658195b7979,USDC-WETH,0.3%,USDC-WETH (0.3%)
2025-03-25T23:07:25.009Z,46916454,23.02761,23.02761,,,19.99879,49717ee2-9808-4288-b76d-e658195b7979,USDC-WETH,0.3%,USDC-WETH (0.3%)
2025-03-26T23:05:34.036Z,46135515,24.45266,24.45266,,,16.33431,49717ee2-9808-4288-b76d-e658195b7979,USDC-WETH,0.3%,USDC-WETH (0.3%)
2025-03-27T23:06:07.155Z,46219236,17.91447,17.91447,,,14.81324,49717ee2-9808-4288-b76d-e658195b7979,USDC-WETH,0.3%,USDC-WETH (0.3%)
2025-03-28T23:06:37.967Z,44025190,26.91557,26.91557,,,78.86786,49717ee2-9808-4288-b76d-e658195b7979,USDC-WETH,0.3%,USDC-WETH (0.3%)
2025-03-29T23:09:08.261Z,39291502,9.01756,9.01756,,,88.00552,49717ee2-9808-4288-b76d-e658195b7979,USDC-WETH,0.3%,USDC-WETH (0.3%)
2025-03-30T23:07:46.136Z,39110350,8.29025,8.29025,,,84.59599,49717ee2-9808-4288-b76d-e658195b7979,USDC-WETH,0.3%,USDC-WETH (0.3%)
2025-03-31T23:06:48.259Z,39887209,10.50284,10.50284,,,66.26193,49717ee2-9808-4288-b76d-e658195b7979,USDC-WETH,0.3%,USDC-WETH (0.3%)
2025-04-01T23:07:19.746Z,41573415,14.40252,14.40252,,,12.44687,49717ee2-9808-4288-b76d-e658195b7979,USDC-WETH,0.3%,USDC-WETH (0.3%)
2025-04-02T23:08:41.404Z,39371840,36.5221,36.5221,,,67.51956,49717ee2-9808-4288-b76d-e658195b7979,USDC-WETH,0.3%,USDC-WETH (0.3%)
2025-04-03T23:08:58.998Z,39733020,11.89481,11.89481,,,55.54965,49717ee2-9808-4288-b76d-e658195b7979,USDC-WETH,0.3%,USDC-WETH (0.3%)
2025-04-04T23:06:16.160Z,39717537,14.73321,14.73321,,,52.53623,49717ee2-9808-4288-b76d-e658195b7979,USDC-WETH,0.3%,USDC-WETH (0.3%)
2025-04-05T23:05:52.481Z,39284627,3.96363,3.96363,,,50.57509,49717ee2-9808-4288-b76d-e658195b7979,USDC-WETH,0.3%,USDC-WETH (0.3%)
2025-04-06T23:05:58.266Z,38075035,81.66693,81.66693,,,78.08509,49717ee2-9808-4288-b76d-e658195b7979,USDC-WETH,0.3%,USDC-WETH (0.3%)
2025-04-07T23:07:05.738Z,35241238,91.34556,91.34556,,,256.44349,49717ee2-9808-4288-b76d-e658195b7979,USDC-WETH,0.3%,USDC-WETH (0.3%)
2025-04-08T23:05:43.739Z,33208823,12.20963,12.20963,,,222.15593,49717ee2-9808-4288-b76d-e658195b7979,USDC-WETH,0.3%,USDC-WETH (0.3%)
2025-04-09T23:04:56.785Z,36453726,31.85076,31.85076,,,223.28766,49717ee2-9808-4288-b76d-e658195b7979,USDC-WETH,0.3%,USDC-WETH (0.3%)
2025-04-10T23:08:33.897Z,32737432,96.67276,96.67276,,,50.10061,49717ee2-9808-4288-b76d-e658195b7979,USDC-WETH,0.3%,USDC-WETH (0.3%)
2025-04-11T23:07:04.121Z,33376895,65.16229,65.16229,,,53.83386,49717ee2-9808-4288-b76d-e658195b7979,USDC-WETH,0.3%,USDC-WETH (0.3%)
2025-04-12T23:07:11.144Z,34433858,34.79628,34.79628,,,55.53241,49717ee2-9808-4288-b76d-e658195b7979,USDC-WETH,0.3%,USDC-WETH (0.3%)
2025-04-13T23:06:13.384Z,33716291,64.45984,64.45984,,,53.20398,49717ee2-9808-4288-b76d-e658195b7979,USDC-WETH,0.3%,USDC-WETH (0.3%)
2025-04-14T23:06:55.882Z,34233705,57.07629,57.07629,,,47.26156,49717ee2-9808-4288-b76d-e658195b7979,USDC-WETH,0.3%,USDC-WETH (0.3%)
2025-04-15T23:06:05.762Z,33940958,37.53955,37.53955,,,51.92079,49717ee2-9808-4288-b76d-e658195b7979,USDC-WETH,0.3%,USDC-WETH (0.3%)
2025-04-16T23:06:35.788Z,34371764,60.11742,60.11742,,,52.13556,49717ee2-9808-4288-b76d-e658195b7979,USDC-WETH,0.3%,USDC-WETH (0.3%)
2025-04-17T23:07:14.935Z,34150017,27.45179,27.45179,,,43.44712,49717ee2-9808-4288-b76d-e658195b7979,USDC-WETH,0.3%,USDC-WETH (0.3%)
2025-04-18T23:10:05.529Z,34134235,6.29564,6.29564,,,36.05932,49717ee2-9808-4288-b76d-e658195b7979,USDC-WETH,0.3%,USDC-WETH (0.3%)
2025-04-19T23:07:37.259Z,34111658,10.49976,10.49976,,,31.75544,49717ee2-9808-4288-b76d-e658195b7979,USDC-WETH,0.3%,USDC-WETH (0.3%)
2025-04-20T23:06:16.729Z,33826670,14.34101,14.34101,,,24.35864,49717ee2-9808-4288-b76d-e658195b7979,USDC-WETH,0.3%,USDC-WETH (0.3%)
2025-04-21T23:08:23.989Z,36004871,45.45852,45.45852,,,17.84844,49717ee2-9808-4288-b76d-e658195b7979,USDC-WETH,0.3%,USDC-WETH (0.3%)
2025-04-22T23:23:08.902Z,38782917,83.57229,83.57229,,,28.90648,49717ee2-9808-4288-b76d-e658195b7979,USDC-WETH,0.3%,USDC-WETH (0.3%)
2025-04-23T23:08:32.891Z,45738682,73.23103,73.23103,,,0.0,49717ee2-9808-4288-b76d-e658195b7979,USDC-WETH,0.3%,USDC-WETH (0.3%)
2025-04-24T23:06:50.792Z,45195982,34.20618,34.20618,,,0.0,49717ee2-9808-4288-b76d-e658195b7979,USDC-WETH,0.3%,USDC-WETH (0.3%)
2025-04-25T23:08:58.109Z,45886985,50.03658,50.03658,,,35.96079,49717ee2-9808-4288-b76d-e658195b7979,USDC-WETH,0.3%,USDC-WETH (0.3%)
2025-04-26T23:07:34.107Z,46345012,36.75576,36.75576,,,24.20806,49717ee2-9808-4288-b76d-e658195b7979,USDC-WETH,0.3%,USDC-WETH (0.3%)
2025-04-27T23:07:16.882Z,46141692,29.79717,29.79717,,,40.59331,49717ee2-9808-4288-b76d-e658195b7979,USDC-WETH,0.3%,USDC-WETH (0.3%)
2025-04-28T23:09:45.101Z,46285308,46.23141,46.23141,,,40.50571,49717ee2-9808-4288-b76d-e658195b7979,USDC-WETH,0.3%,USDC-WETH (0.3%)
2025-04-29T23:05:53.947Z,46488899,35.95323,35.95323,,,36.53243,49717ee2-9808-4288-b76d-e658195b7979,USDC-WETH,0.3%,USDC-WETH (0.3%)
2025-04-30T23:05:51.193Z,46781097,39.38828,39.38828,,,31.84671,49717ee2-9808-4288-b76d-e658195b7979,USDC-WETH,0.3%,USDC-WETH (0.3%)
2025-05-01T23:07:09.463Z,47521439,43.73339,43.73339,,,21.08218,49717ee2-9808-4288-b76d-e658195b7979,USDC-WETH,0.3%,USDC-WETH (0.3%)
2025-05-02T23:07:27.758Z,46642058,30.62983,30.62983,,,0.0,49717ee2-9808-4288-b76d-e658195b7979,USDC-WETH,0.3%,USDC-WETH (0.3%)
2025-05-03T23:06:24.090Z,46764915,21.30712,21.30712,,,18.66582,49717ee2-9808-4288-b76d-e658195b7979,USDC-WETH,0.3%,USDC-WETH (0.3%)
2025-05-04T23:07:45.467Z,46221091,19.98159,19.98159,,,17.95715,49717ee2-9808-4288-b76d-e658195b7979,USDC-WETH,0.3%,USDC-WETH (0.3%)
2025-05-05T23:07:36.166Z,46400382,37.124,37.124,,,17.25288,49717ee2-9808-4288-b76d-e658195b7979,USDC-WETH,0.3%,USDC-WETH (0.3%)
2025-05-06T23:06:26.106Z,46198964,34.6085,34.6085,,,17.26192,49717ee2-9808-4288-b76d-e658195b7979,USDC-WETH,0.3%,USDC-WETH (0.3%)
2025-05-07T23:06:00.472Z,44226715,43.16455,43.16455,,,17.35044,49717ee2-9808-4288-b76d-e658195b7979,USDC-WETH,0.3%,USDC-WETH (0.3%)
2025-05-08T23:08:18.617Z,39238724,77.11895,77.11895,,,27.34408,49717ee2-9808-4288-b76d-e658195b7979,USDC-WETH,0.3%,USDC-WETH (0.3%)
2025-05-09T23:26:15.272Z,34394649,152.05898,152.05898,,,82.90676,49717ee2-9808-4288-b76d-e658195b7979,USDC-WETH,0.3%,USDC-WETH (0.3%)
2025-05-10T23:09:33.789Z,35745714,81.37507,81.37507,,,65.66306,49717ee2-9808-4288-b76d-e658195b7979,USDC-WETH,0.3%,USDC-WETH (0.3%)
2025-05-11T23:08:46.695Z,35880054,83.35494,83.35494,,,63.13829,49717ee2-9808-4288-b76d-e658195b7979,USDC-WETH,0.3%,USDC-WETH (0.3%)
2025-05-12T23:08:23.607Z,35378991,94.037,94.037,,,72.61246,49717ee2-9808-4288-b76d-e658195b7979,USDC-WETH,0.3%,USDC-WETH (0.3%)
2025-05-13T23:09:15.868Z,54627874,39.1594,39.1594,,,44.09173,49717ee2-9808-4288-b76d-e658195b7979,USDC-WETH,0.3%,USDC-WETH (0.3%)
2025-05-14T22:09:41.539Z,66167986,64.37353,64.37353,,,38.90601,49717ee2-9808-4288-b76d-e658195b7979,USDC-WETH,0.3%,USDC-WETH (0.3%)
2025-05-15T23:08:23.890Z,65493381,87.63944,87.63944,,,41.81569,49717ee2-9808-4288-b76d-e658195b7979,USDC-WETH,0.3%,USDC-WETH (0.3%)
2025-05-16T23:07:40.393Z,67078520,60.73857,60.73857,,,37.42607,49717ee2-9808-4288-b76d-e658195b7979,USDC-WETH,0.3%,USDC-WETH (0.3%)
2025-05-17T23:08:39.344Z,65413813,48.19408,48.19408,,,38.97249,49717ee2-9808-4288-b76d-e658195b7979,USDC-WETH,0.3%,USDC-WETH (0.3%)
2025-05-18T23:08:14.553Z,64809859,76.72347,76.72347,,,42.47642,49717ee2-9808-4288-b76d-e658195b7979,USDC-WETH,0.3%,USDC-WETH (0.3%)
2025-05-19T23:10:27.940Z,67040086,96.66212,96.66212,,,46.70214,49717ee2-9808-4288-b76d-e658195b7979,USDC-WETH,0.3%,USDC-WETH (0.3%)
2025-05-20T23:08:15.510Z,67647196,64.67868,64.67868,,,48.55507,49717ee2-9808-4288-b76d-e658195b7979,USDC-WETH,0.3%,USDC-WETH (0.3%)
2025-05-21T23:11:03.086Z,68338274,106.8147,106.8147,,,53.23548,49717ee2-9808-4288-b76d-e658195b7979,USDC-WETH,0.3%,USDC-WETH (0.3%)
2025-05-22T23:09:12.945Z,67317537,103.57741,103.57741,,,48.68044,49717ee2-9808-4288-b76d-e658195b7979,USDC-WETH,0.3%,USDC-WETH (0.3%)
2025-05-23T23:09:41.887Z,66069890,79.50162,79.50162,,,65.60352,49717ee2-9808-4288-b76d-e658195b7979,USDC-WETH,0.3%,USDC-WETH (0.3%)
2025-05-24T23:10:43.554Z,54452756,21.78424,21.78424,,,63.19756,49717ee2-9808-4288-b76d-e658195b7979,USDC-WETH,0.3%,USDC-WETH (0.3%)
2025-05-25T23:09:05.632Z,54706881,34.21533,34.21533,,,56.39494,49717ee2-9808-4288-b76d-e658195b7979,USDC-WETH,0.3%,USDC-WETH (0.3%)
2025-05-26T23:10:33.887Z,56281913,26.83034,26.83034,,,44.1785,49717ee2-9808-4288-b76d-e658195b7979,USDC-WETH,0.3%,USDC-WETH (0.3%)
2025-05-27T23:11:09.129Z,54631712,50.50564,50.50564,,,,49717ee2-9808-4288-b76d-e658195b7979,USDC-WETH,0.3%,USDC-WETH (0.3%)
2025-05-28T23:11:44.948Z,54633602,36.27337,36.27337,,,,49717ee2-9808-4288-b76d-e658195b7979,USDC-WETH,0.3%,USDC-WETH (0.3%)
2025-05-29T23:09:05.378Z,54845177,58.88254,58.88254,,,29.97941,49717ee2-9808-4288-b76d-e658195b7979,USDC-WETH,0.3%,USDC-WETH (0.3%)
2025-05-30T23:09:43.929Z,55864782,71.74204,71.74204,,,27.3742,49717ee2-9808-4288-b76d-e658195b7979,USDC-WETH,0.3%,USDC-WETH (0.3%)
2025-05-31T23:09:00.514Z,56591622,34.7697,34.7697,,,25.68654,49717ee2-9808-4288-b76d-e658195b7979,USDC-WETH,0.3%,USDC-WETH (0.3%)
2025-06-01T23:09:30.036Z,56812853,31.94812,31.94812,,,23.37993,49717ee2-9808-4288-b76d-e658195b7979,USDC-WETH,0.3%,USDC-WETH (0.3%)
2025-06-02T23:11:14.103Z,57453934,35.11404,35.11404,,,26.64894,49717ee2-9808-4288-b76d-e658195b7979,USDC-WETH,0.3%,USDC-WETH (0.3%)
2025-06-03T23:10:34.208Z,57822742,49.14991,49.14991,,,26.88992,49717ee2-9808-4288-b76d-e658195b7979,USDC-WETH,0.3%,USDC-WETH (0.3%)
2025-06-04T23:09:23.991Z,56872977,32.69887,32.69887,,,26.65609,49717ee2-9808-4288-b76d-e658195b7979,USDC-WETH,0.3%,USDC-WETH (0.3%)
2025-06-05T23:09:25.390Z,54400263,87.53449,87.53449,,,31.8905,49717ee2-9808-4288-b76d-e658195b7979,USDC-WETH,0.3%,USDC-WETH (0.3%)
2025-06-06T23:09:19.324Z,55769694,42.63225,42.63225,,,27.07831,49717ee2-9808-4288-b76d-e658195b7979,USDC-WETH,0.3%,USDC-WETH (0.3%)
2025-06-07T23:10:34.534Z,54437726,14.0346,14.0346,,,24.47471,49717ee2-9808-4288-b76d-e658195b7979,USDC-WETH,0.3%,USDC-WETH (0.3%)
2025-06-08T23:09:48.796Z,54196210,17.02053,17.02053,,,23.54376,49717ee2-9808-4288-b76d-e658195b7979,USDC-WETH,0.3%,USDC-WETH (0.3%)
2025-06-09T23:12:02.204Z,56066974,31.04135,31.04135,,,26.18087,49717ee2-9808-4288-b76d-e658195b7979,USDC-WETH,0.3%,USDC-WETH (0.3%)
2025-06-10T23:08:44.558Z,57658888,70.87636,70.87636,,,28.93074,49717ee2-9808-4288-b76d-e658195b7979,USDC-WETH,0.3%,USDC-WETH (0.3%)
2025-06-11T23:09:42.994Z,55061249,66.09586,66.09586,,,31.53642,49717ee2-9808-4288-b76d-e658195b7979,USDC-WETH,0.3%,USDC-WETH (0.3%)
2025-06-12T23:11:41.242Z,52891114,58.18397,58.18397,,,28.57638,49717ee2-9808-4288-b76d-e658195b7979,USDC-WETH,0.3%,USDC-WETH (0.3%)
2025-06-13T22:26:41.965Z,52267536,112.0833,112.0833,,,35.40294,49717ee2-9808-4288-b76d-e658195b7979,USDC-WETH,0.3%,USDC-WETH (0.3%)
2025-06-14T23:09:05.695Z,52373991,23.11007,23.11007,,,36.81812,49717ee2-9808-4288-b76d-e658195b7979,USDC-WETH,0.3%,USDC-WETH (0.3%)
2025-06-15T23:10:37.705Z,53053636,20.41204,20.41204,,,35.49455,49717ee2-9808-4288-b76d-e658195b7979,USDC-WETH,0.3%,USDC-WETH (0.3%)
2025-06-16T23:08:00.020Z,53710678,49.64924,49.64924,,,36.29353,49717ee2-9808-4288-b76d-e658195b7979,USDC-WETH,0.3%,USDC-WETH (0.3%)
2025-06-17T23:08:14.120Z,53055108,69.44091,69.44091,,,37.75317,49717ee2-9808-4288-b76d-e658195b7979,USDC-WETH,0.3%,USDC-WETH (0.3%)
2025-06-18T23:08:28.911Z,53481901,57.74056,57.74056,,,35.7088,49717ee2-9808-4288-b76d-e658195b7979,USDC-WETH,0.3%,USDC-WETH (0.3%)
2025-06-19T23:09:19.481Z,53937456,18.38037,18.38037,,,31.96028,49717ee2-9808-4288-b76d-e658195b7979,USDC-WETH,0.3%,USDC-WETH (0.3%)
2025-06-20T23:09:23.218Z,51386925,51.43025,51.43025,,,117.82179,49717ee2-9808-4288-b76d-e658195b7979,USDC-WETH,0.3%,USDC-WETH (0.3%)
2025-06-21T23:09:29.456Z,49584138,24.64739,24.64739,,,152.79145,49717ee2-9808-4288-b76d-e658195b7979,USDC-WETH,0.3%,USDC-WETH (0.3%)
2025-06-22T23:09:00.747Z,31381393,48.36208,48.36208,,,118.17115,49717ee2-9808-4288-b76d-e658195b7979,USDC-WETH,0.3%,USDC-WETH (0.3%)
2025-06-23T23:09:52.343Z,33459656,50.12423,50.12423,,,86.08048,49717ee2-9808-4288-b76d-e658195b7979,USDC-WETH,0.3%,USDC-WETH (0.3%)
2025-06-24T23:09:55.817Z,34223092,26.60283,26.60283,,,56.44867,49717ee2-9808-4288-b76d-e658195b7979,USDC-WETH,0.3%,USDC-WETH (0.3%)
2025-06-25T23:10:04.945Z,33191071,24.5439,24.5439,,,53.82811,49717ee2-9808-4288-b76d-e658195b7979,USDC-WETH,0.3%,USDC-WETH (0.3%)
2025-06-26T23:09:32.221Z,33184256,24.58101,24.58101,,,52.39923,49717ee2-9808-4288-b76d-e658195b7979,USDC-WETH,0.3%,USDC-WETH (0.3%)
2025-06-27T23:08:59.096Z,33285992,16.651,16.651,,,40.5699,49717ee2-9808-4288-b76d-e658195b7979,USDC-WETH,0.3%,USDC-WETH (0.3%)
2025-06-28T23:10:17.900Z,33372477,2.52277,2.52277,,,33.35343,49717ee2-9808-4288-b76d-e658195b7979,USDC-WETH,0.3%,USDC-WETH (0.3%)
2025-06-29T23:13:25.363Z,33644565,8.53737,8.53737,,,0.0,49717ee2-9808-4288-b76d-e658195b7979,USDC-WETH,0.3%,USDC-WETH (0.3%)
2025-06-30T23:15:01.927Z,33888186,17.44438,17.44438,,,0.0,49717ee2-9808-4288-b76d-e658195b7979,USDC-WETH,0.3%,USDC-WETH (0.3%)
2025-07-01T23:31:25.728Z,32740660,12.51091,12.51091,,,19.08471,49717ee2-9808-4288-b76d-e658195b7979,USDC-WETH,0.3%,USDC-WETH (0.3%)
2025-07-02T23:13:54.168Z,46178258,17.72036,17.72036,,,12.11413,49717ee2-9808-4288-b76d-e658195b7979,USDC-WETH,0.3%,USDC-WETH (0.3%)
2025-07-03T23:11:48.486Z,45642852,16.49856,16.49856,,,0.0,49717ee2-9808-4288-b76d-e658195b7979,USDC-WETH,0.3%,USDC-WETH (0.3%)
2025-07-04T23:30:46.154Z,44391235,8.20442,8.20442,,,0.0,49717ee2-9808-4288-b76d-e658195b7979,USDC-WETH,0.3%,USDC-WETH (0.3%)
2025-07-05T23:13:28.106Z,44394536,2.98002,2.98002,,,0.0,49717ee2-9808-4288-b76d-e658195b7979,USDC-WETH,0.3%,USDC-WETH (0.3%)
2025-07-06T23:14:40.679Z,45111221,8.41101,8.41101,,,0.0,49717ee2-9808-4288-b76d-e658195b7979,USDC-WETH,0.3%,USDC-WETH (0.3%)
2025-07-07T23:12:56.973Z,44605367,11.18158,11.18158,,,0.0,49717ee2-9808-4288-b76d-e658195b7979,USDC-WETH,0.3%,USDC-WETH (0.3%)
2025-07-08T23:14:29.709Z,42122310,10.48508,10.48508,,,12.20706,49717ee2-9808-4288-b76d-e658195b7979,USDC-WETH,0.3%,USDC-WETH (0.3%)
2025-07-09T23:13:50.151Z,43432318,33.04983,33.04983,,,0.0,49717ee2-9808-4288-b76d-e658195b7979,USDC-WETH,0.3%,USDC-WETH (0.3%)
2025-07-10T23:13:17.452Z,44644345,36.1927,36.1927,,,,49717ee2-9808-4288-b76d-e658195b7979,USDC-WETH,0.3%,USDC-WETH (0.3%)
2025-07-11T23:16:14.071Z,43942679,38.07523,38.07523,,,,49717ee2-9808-4288-b76d-e658195b7979,USDC-WETH,0.3%,USDC-WETH (0.3%)
2025-07-12T23:14:35.765Z,43764701,13.17163,13.17163,,,0.0,49717ee2-9808-4288-b76d-e658195b7979,USDC-WETH,0.3%,USDC-WETH (0.3%)
2025-07-13T21:16:29.493Z,30914358,0.0,0.0,,,,49717ee2-9808-4288-b76d-e658195b7979,USDC-WETH,0.3%,USDC-WETH (0.3%)
2025-07-14T22:13:20.650Z,31004479,0.0,0.0,,,0.0,49717ee2-9808-4288-b76d-e658195b7979,USDC-WETH,0.3%,USDC-WETH (0.3%)
2025-07-15T21:15:24.764Z,30560920,0.0,0.0,,,,49717ee2-9808-4288-b76d-e658195b7979,USDC-WETH,0.3%,USDC-WETH (0.3%)
2025-07-16T21:29:16.285Z,29241492,0.0,0.0,,,0.0,49717ee2-9808-4288-b76d-e658195b7979,USDC-WETH,0.3%,USDC-WETH (0.3%)
2025-07-17T23:15:43.444Z,28765445,44.82128,44.82128,,,,49717ee2-9808-4288-b76d-e658195b7979,USDC-WETH,0.3%,USDC-WETH (0.3%)
2025-07-18T21:14:35.703Z,29024191,11.67423,11.67423,,,,49717ee2-9808-4288-b76d-e658195b7979,USDC-WETH,0.3%,USDC-WETH (0.3%)
2025-07-19T23:12:28.535Z,29524060,0.0,0.0,,,0.0,49717ee2-9808-4288-b76d-e658195b7979,USDC-WETH,0.3%,USDC-WETH (0.3%)
2025-07-20T23:27:34.920Z,29187545,38.63784,38.63784,,,0.0,49717ee2-9808-4288-b76d-e658195b7979,USDC-WETH,0.3%,USDC-WETH (0.3%)
2025-07-21T23:13:32.431Z,27942566,34.59924,34.59924,,,,49717ee2-9808-4288-b76d-e658195b7979,USDC-WETH,0.3%,USDC-WETH (0.3%)
2025-07-22T23:11:22.751Z,28716708,32.39542,32.39542,,,0.0,49717ee2-9808-4288-b76d-e658195b7979,USDC-WETH,0.3%,USDC-WETH (0.3%)
2025-07-23T23:13:24.703Z,26725356,29.67534,29.67534,,,0.0,49717ee2-9808-4288-b76d-e658195b7979,USDC-WETH,0.3%,USDC-WETH (0.3%)
2025-07-24T23:31:43.745Z,27163474,36.92071,36.92071,,,,49717ee2-9808-4288-b76d-e658195b7979,USDC-WETH,0.3%,USDC-WETH (0.3%)
2025-07-25T23:13:12.213Z,27310522,40.88752,40.88752,,,0.0,49717ee2-9808-4288-b76d-e658195b7979,USDC-WETH,0.3%,USDC-WETH (0.3%)
2025-07-26T23:14:41.850Z,27506070,12.50331,12.50331,,,0.0,49717ee2-9808-4288-b76d-e658195b7979,USDC-WETH,0.3%,USDC-WETH (0.3%)
2025-07-27T23:14:59.844Z,27725693,33.87594,33.87594,,,0.0,49717ee2-9808-4288-b76d-e658195b7979,USDC-WETH,0.3%,USDC-WETH (0.3%)
2025-07-28T23:14:23.489Z,26894197,22.83601,22.83601,,,0.0,49717ee2-9808-4288-b76d-e658195b7979,USDC-WETH,0.3%,USDC-WETH (0.3%)
2025-07-29T23:15:42.774Z,26857646,28.79584,28.79584,,,0.0,49717ee2-9808-4288-b76d-e658195b7979,USDC-WETH,0.3%,USDC-WETH (0.3%)
2025-07-30T23:16:08.252Z,27089854,31.22296,31.22296,,,,49717ee2-9808-4288-b76d-e658195b7979,USDC-WETH,0.3%,USDC-WETH (0.3%)
2025-07-31T23:15:54.973Z,26874742,18.2674,18.2674,,,0.0,49717ee2-9808-4288-b76d-e658195b7979,USDC-WETH,0.3%,USDC-WETH (0.3%)
2025-08-01T23:15:51.688Z,25672503,56.05673,56.05673,,,,49717ee2-9808-4288-b76d-e658195b7979,USDC-WETH,0.3%,USDC-WETH (0.3%)
2025-08-02T23:15:46.874Z,24630752,37.29658,37.29658,,,0.0,49717ee2-9808-4288-b76d-e658195b7979,USDC-WETH,0.3%,USDC-WETH (0.3%)
2025-08-03T23:15:11.322Z,25085643,14.98964,14.98964,,,38298.65294,49717ee2-9808-4288-b76d-e658195b7979,USDC-WETH,0.3%,USDC-WETH (0.3%)
2025-08-04T23:15:32.153Z,26300141,20.3661,20.3661,,,,49717ee2-9808-4288-b76d-e658195b7979,USDC-WETH,0.3%,USDC-WETH (0.3%)
2025-08-05T23:13:05.413Z,25932730,27.68581,27.68581,,,,49717ee2-9808-4288-b76d-e658195b7979,USDC-WETH,0.3%,USDC-WETH (0.3%)
2025-08-06T23:14:18.196Z,26190842,19.41488,19.41488,,,35055.82616,49717ee2-9808-4288-b76d-e658195b7979,USDC-WETH,0.3%,USDC-WETH (0.3%)
2025-08-07T23:16:32.431Z,26219441,30.30685,30.30685,,,42488.36449,49717ee2-9808-4288-b76d-e658195b7979,USDC-WETH,0.3%,USDC-WETH (0.3%)
2025-08-08T23:12:57.228Z,25752121,24.03708,24.03708,,,38396.52944,49717ee2-9808-4288-b76d-e658195b7979,USDC-WETH,0.3%,USDC-WETH (0.3%)
2025-08-09T23:12:10.729Z,24820523,19.43736,19.43736,,,40649.85095,49717ee2-9808-4288-b76d-e658195b7979,USDC-WETH,0.3%,USDC-WETH (0.3%)
2025-08-10T23:15:48.220Z,33710539,15.37016,15.37016,,,41215.12814,49717ee2-9808-4288-b76d-e658195b7979,USDC-WETH,0.3%,USDC-WETH (0.3%)
2025-08-11T23:16:29.643Z,25183483,194.1352,194.1352,,,83475.47972,49717ee2-9808-4288-b76d-e658195b7979,USDC-WETH,0.3%,USDC-WETH (0.3%)
2025-08-12T23:12:36.786Z,25120483,37.91599,37.91599,,,,49717ee2-9808-4288-b76d-e658195b7979,USDC-WETH,0.3%,USDC-WETH (0.3%)
2025-08-13T23:32:12.647Z,25869206,38.35495,38.35495,,,140258.21473,49717ee2-9808-4288-b76d-e658195b7979,USDC-WETH,0.3%,USDC-WETH (0.3%)
2025-08-14T23:13:12.126Z,54787167,88.73267,88.73267,,,,49717ee2-9808-4288-b76d-e658195b7979,USDC-WETH,0.3%,USDC-WETH (0.3%)
2025-08-15T23:32:24.274Z,46552621,189.88698,189.88698,,,250663.61826,49717ee2-9808-4288-b76d-e658195b7979,USDC-WETH,0.3%,USDC-WETH (0.3%)
2025-08-16T23:28:15.586Z,42085391,53.41517,53.41517,,,266699.26909,49717ee2-9808-4288-b76d-e658195b7979,USDC-WETH,0.3%,USDC-WETH (0.3%)
2025-08-17T23:13:56.258Z,37385589,63.53835,63.53835,,,,49717ee2-9808-4288-b76d-e658195b7979,USDC-WETH,0.3%,USDC-WETH (0.3%)
2025-08-18T21:31:23.589Z,31559820,124.6284,124.6284,,,,49717ee2-9808-4288-b76d-e658195b7979,USDC-WETH,0.3%,USDC-WETH (0.3%)
2025-08-19T23:14:10.181Z,27418924,39.24525,39.24525,,,,49717ee2-9808-4288-b76d-e658195b7979,USDC-WETH,0.3%,USDC-WETH (0.3%)
2025-08-20T23:48:32.570Z,28532049,46.10371,46.10371,,,,49717ee2-9808-4288-b76d-e658195b7979,USDC-WETH,0.3%,USDC-WETH (0.3%)
2025-08-21T23:14:24.813Z,28945431,28.4996,28.4996,,,206594.39019,49717ee2-9808-4288-b76d-e658195b7979,USDC-WETH,0.3%,USDC-WETH (0.3%)
2025-08-22T23:15:41.339Z,32963667,75.4586,75.4586,,,,49717ee2-9808-4288-b76d-e658195b7979,USDC-WETH,0.3%,USDC-WETH (0.3%)
2025-08-23T22:14:42.919Z,48205761,0.0,0.0,,,176431.13682,49717ee2-9808-4288-b76d-e658195b7979,USDC-WETH,0.3%,USDC-WETH (0.3%)
2025-08-24T23:16:06.972Z,47587700,38.41453,38.41453,,,,49717ee2-9808-4288-b76d-e658195b7979,USDC-WETH,0.3%,USDC-WETH (0.3%)
2025-08-25T23:14:25.850Z,45563437,49.1992,49.1992,,,,49717ee2-9808-4288-b76d-e658195b7979,USDC-WETH,0.3%,USDC-WETH (0.3%)
2025-08-26T23:13:18.463Z,47669999,41.50327,41.50327,,,150509.15008,49717ee2-9808-4288-b76d-e658195b7979,USDC-WETH,0.3%,USDC-WETH (0.3%)
2025-08-27T23:13:53.916Z,46647167,30.55085,30.55085,,,143496.73829,49717ee2-9808-4288-b76d-e658195b7979,USDC-WETH,0.3%,USDC-WETH (0.3%)
2025-08-28T23:13:28.859Z,46663811,17.47146,17.47146,,,0.0,49717ee2-9808-4288-b76d-e658195b7979,USDC-WETH,0.3%,USDC-WETH (0.3%)
2025-08-29T23:13:29.035Z,48550644,40.35207,40.35207,,,0.0,49717ee2-9808-4288-b76d-e658195b7979,USDC-WETH,0.3%,USDC-WETH (0.3%)
2025-08-30T23:14:15.503Z,46769754,14.768,14.768,,,48.24858,49717ee2-9808-4288-b76d-e658195b7979,USDC-WETH,0.3%,USDC-WETH (0.3%)
2025-08-31T23:14:23.996Z,47262747,10.22853,10.22853,,,0.0,49717ee2-9808-4288-b76d-e658195b7979,USDC-WETH,0.3%,USDC-WETH (0.3%)
2025-09-01T19:11:48.087Z,46785051,0.0,0.0,,,0.0,49717ee2-9808-4288-b76d-e658195b7979,USDC-WETH,0.3%,USDC-WETH (0.3%)
2025-09-02T23:14:56.456Z,46691188,24.81269,24.81269,,,0.0,49717ee2-9808-4288-b76d-e658195b7979,USDC-WETH,0.3%,USDC-WETH (0.3%)
2025-09-03T23:12:50.223Z,47652899,14.04638,14.04638,,,0.0,49717ee2-9808-4288-b76d-e658195b7979,USDC-WETH,0.3%,USDC-WETH (0.3%)
2025-09-04T23:09:36.293Z,49372057,29.99748,29.99748,,,0.0,49717ee2-9808-4288-b76d-e658195b7979,USDC-WETH,0.3%,USDC-WETH (0.3%)
2025-09-05T23:13:16.636Z,49151321,31.09181,31.09181,,,,49717ee2-9808-4288-b76d-e658195b7979,USDC-WETH,0.3%,USDC-WETH (0.3%)
2025-09-06T23:13:35.468Z,51496057,8.82309,8.82309,,,15.326,49717ee2-9808-4288-b76d-e658195b7979,USDC-WETH,0.3%,USDC-WETH (0.3%)
2025-09-07T23:13:00.529Z,65346172,3.23229,3.23229,,,0.0,49717ee2-9808-4288-b76d-e658195b7979,USDC-WETH,0.3%,USDC-WETH (0.3%)
2025-09-08T23:15:32.557Z,65331520,11.55242,11.55242,,,65210.22077,49717ee2-9808-4288-b76d-e658195b7979,USDC-WETH,0.3%,USDC-WETH (0.3%)
2025-09-09T23:13:20.093Z,67392525,9.91664,9.91664,,,,49717ee2-9808-4288-b76d-e658195b7979,USDC-WETH,0.3%,USDC-WETH (0.3%)
2025-09-10T23:13:16.846Z,65233216,16.12632,16.12632,,,,49717ee2-9808-4288-b76d-e658195b7979,USDC-WETH,0.3%,USDC-WETH (0.3%)
2025-09-11T23:15:03.959Z,68341016,18.74702,18.74702,,,,49717ee2-9808-4288-b76d-e658195b7979,USDC-WETH,0.3%,USDC-WETH (0.3%)
2025-09-12T23:13:41.160Z,67453305,21.33948,21.33948,,,,49717ee2-9808-4288-b76d-e658195b7979,USDC-WETH,0.3%,USDC-WETH (0.3%)
2025-09-13T23:11:22.981Z,67502685,25.63207,25.63207,,,,49717ee2-9808-4288-b76d-e658195b7979,USDC-WETH,0.3%,USDC-WETH (0.3%)
2025-09-14T23:11:54.381Z,66059594,12.19953,12.19953,,,,49717ee2-9808-4288-b76d-e658195b7979,USDC-WETH,0.3%,USDC-WETH (0.3%)
2025-09-15T23:14:41.047Z,65363489,34.53321,34.53321,,,,49717ee2-9808-4288-b76d-e658195b7979,USDC-WETH,0.3%,USDC-WETH (0.3%)
2025-09-16T23:12:16.808Z,65446470,25.38138,25.38138,,,,49717ee2-9808-4288-b76d-e658195b7979,USDC-WETH,0.3%,USDC-WETH (0.3%)
2025-09-17T23:15:24.728Z,66008325,49.28119,49.28119,,,,49717ee2-9808-4288-b76d-e658195b7979,USDC-WETH,0.3%,USDC-WETH (0.3%)
2025-09-18T23:13:49.293Z,73756200,20.32975,20.32975,,,,49717ee2-9808-4288-b76d-e658195b7979,USDC-WETH,0.3%,USDC-WETH (0.3%)
2025-09-19T23:12:59.049Z,72865321,23.09681,23.09681,,,,49717ee2-9808-4288-b76d-e658195b7979,USDC-WETH,0.3%,USDC-WETH (0.3%)
2025-09-20T23:14:12.345Z,73432243,38.06062,38.06062,,,,49717ee2-9808-4288-b76d-e658195b7979,USDC-WETH,0.3%,USDC-WETH (0.3%)
2025-09-21T23:13:09.032Z,73177456,9.12578,9.12578,,,,49717ee2-9808-4288-b76d-e658195b7979,USDC-WETH,0.3%,USDC-WETH (0.3%)
2025-09-22T23:14:51.486Z,72930204,63.8901,63.8901,,,,49717ee2-9808-4288-b76d-e658195b7979,USDC-WETH,0.3%,USDC-WETH (0.3%)
2025-09-23T23:14:24.346Z,72810755,21.23348,21.23348,,,,49717ee2-9808-4288-b76d-e658195b7979,USDC-WETH,0.3%,USDC-WETH (0.3%)
2025-09-24T23:16:19.733Z,72502585,19.01556,19.01556,,,,49717ee2-9808-4288-b76d-e658195b7979,USDC-WETH,0.3%,USDC-WETH (0.3%)
2025-09-25T23:11:47.390Z,64239950,38.00649,38.00649,,,,49717ee2-9808-4288-b76d-e658195b7979,USDC-WETH,0.3%,USDC-WETH (0.3%)
2025-09-26T23:13:45.454Z,65884261,20.20817,20.20817,,,,49717ee2-9808-4288-b76d-e658195b7979,USDC-WETH,0.3%,USDC-WETH (0.3%)
2025-09-27T23:13:25.631Z,66811321,6.11724,6.11724,,,106660.1812,49717ee2-9808-4288-b76d-e658195b7979,USDC-WETH,0.3%,USDC-WETH (0.3%)
2025-09-28T23:10:30.073Z,66230355,8.85524,8.85524,,,113575.76838,49717ee2-9808-4288-b76d-e658195b7979,USDC-WETH,0.3%,USDC-WETH (0.3%)
2025-09-29T23:09:03.261Z,66878433,13.92189,13.92189,,,84911.87185,49717ee2-9808-4288-b76d-e658195b7979,USDC-WETH,0.3%,USDC-WETH (0.3%)
2025-09-30T23:11:03.656Z,58103080,18.64804,18.64804,,,75108.2959,49717ee2-9808-4288-b76d-e658195b7979,USDC-WETH,0.3%,USDC-WETH (0.3%)
2025-10-01T23:10:15.228Z,66942971,19.73813,19.73813,,,11.99544,49717ee2-9808-4288-b76d-e658195b7979,USDC-WETH,0.3%,USDC-WETH (0.3%)
2025-10-02T23:07:55.785Z,61793692,40.57576,40.57576,,,13.64299,49717ee2-9808-4288-b76d-e658195b7979,USDC-WETH,0.3%,USDC-WETH (0.3%)
2025-10-03T23:07:29.007Z,62388746,52.32295,52.32295,,,8.23921,49717ee2-9808-4288-b76d-e658195b7979,USDC-WETH,0.3%,USDC-WETH (0.3%)
2025-10-04T23:07:58.392Z,62122385,11.50254,11.50254,,,18.43707,49717ee2-9808-4288-b76d-e658195b7979,USDC-WETH,0.3%,USDC-WETH (0.3%)
2025-10-05T23:07:41.435Z,61404319,27.08608,27.08608,,,15.97086,49717ee2-9808-4288-b76d-e658195b7979,USDC-WETH,0.3%,USDC-WETH (0.3%)
2025-10-06T23:12:03.230Z,62640737,29.40525,29.40525,,,34.72302,49717ee2-9808-4288-b76d-e658195b7979,USDC-WETH,0.3%,USDC-WETH (0.3%)
2025-10-07T23:12:33.051Z,61172555,44.9322,44.9322,,,,49717ee2-9808-4288-b76d-e658195b7979,USDC-WETH,0.3%,USDC-WETH (0.3%)
2025-10-08T23:10:36.810Z,62033040,31.55025,31.55025,,,,49717ee2-9808-4288-b76d-e658195b7979,USDC-WETH,0.3%,USDC-WETH (0.3%)
2025-10-09T23:10:34.989Z,61146608,35.80581,35.80581,,,24.44785,49717ee2-9808-4288-b76d-e658195b7979,USDC-WETH,0.3%,USDC-WETH (0.3%)
2025-10-10T21:10:11.385Z,55198729,58.11699,58.11699,,,113208.8145,49717ee2-9808-4288-b76d-e658195b7979,USDC-WETH,0.3%,USDC-WETH (0.3%)
2025-10-11T23:11:34.529Z,66165559,103.10557,103.10557,,,182459.64082,49717ee2-9808-4288-b76d-e658195b7979,USDC-WETH,0.3%,USDC-WETH (0.3%)
2025-10-12T23:11:53.824Z,72310775,85.87199,85.87199,,,274007.82681,49717ee2-9808-4288-b76d-e658195b7979,USDC-WETH,0.3%,USDC-WETH (0.3%)
2025-10-13T23:08:04.016Z,58404351,42.41609,42.41609,,,,49717ee2-9808-4288-b76d-e658195b7979,USDC-WETH,0.3%,USDC-WETH (0.3%)
2025-10-14T23:06:59.023Z,71413869,76.33751,76.33751,,,300554.68828,49717ee2-9808-4288-b76d-e658195b7979,USDC-WETH,0.3%,USDC-WETH (0.3%)
2025-10-15T23:09:35.558Z,71344269,47.36872,47.36872,,,283755.94644,49717ee2-9808-4288-b76d-e658195b7979,USDC-WETH,0.3%,USDC-WETH (0.3%)
2025-10-16T23:09:21.599Z,70685546,61.73034,61.73034,,,284837.1575,49717ee2-9808-4288-b76d-e658195b7979,USDC-WETH,0.3%,USDC-WETH (0.3%)
2025-10-17T23:07:46.454Z,70542155,77.47836,77.47836,,,265280.58999,49717ee2-9808-4288-b76d-e658195b7979,USDC-WETH,0.3%,USDC-WETH (0.3%)
2025-10-18T23:09:16.634Z,71218655,18.12162,18.12162,,,226597.18856,49717ee2-9808-4288-b76d-e658195b7979,USDC-WETH,0.3%,USDC-WETH (0.3%)
2025-10-19T23:08:42.824Z,73033039,34.08643,34.08643,,,213990.24606,49717ee2-9808-4288-b76d-e658195b7979,USDC-WETH,0.3%,USDC-WETH (0.3%)
2025-10-20T23:10:16.949Z,73602591,32.35888,32.35888,,,208636.70678,49717ee2-9808-4288-b76d-e658195b7979,USDC-WETH,0.3%,USDC-WETH (0.3%)
2025-10-21T23:10:53.176Z,72911183,58.1702,58.1702,,,188628.32603,49717ee2-9808-4288-b76d-e658195b7979,USDC-WETH,0.3%,USDC-WETH (0.3%)
2025-10-22T23:11:03.814Z,70742394,56.52849,56.52849,,,177795.96053,49717ee2-9808-4288-b76d-e658195b7979,USDC-WETH,0.3%,USDC-WETH (0.3%)
2025-10-23T23:10:37.464Z,72350740,31.77618,31.77618,,,172008.24239,49717ee2-9808-4288-b76d-e658195b7979,USDC-WETH,0.3%,USDC-WETH (0.3%)
2025-10-24T23:10:51.286Z,73383281,31.73726,31.73726,,,155234.38808,49717ee2-9808-4288-b76d-e658195b7979,USDC-WETH,0.3%,USDC-WETH (0.3%)
2025-10-25T23:47:05.883Z,73590455,7.99933,7.99933,,,151180.21338,49717ee2-9808-4288-b76d-e658195b7979,USDC-WETH,0.3%,USDC-WETH (0.3%)
2025-10-26T21:14:42.573Z,74337758,14.64303,14.64303,,,149567.53617,49717ee2-9808-4288-b76d-e658195b7979,USDC-WETH,0.3%,USDC-WETH (0.3%)
2025-10-27T23:29:32.479Z,74717734,21.25665,21.25665,,,151036.07886,49717ee2-9808-4288-b76d-e658195b7979,USDC-WETH,0.3%,USDC-WETH (0.3%)
2025-10-28T23:30:46.181Z,81209105,43.38038,43.38038,,,132808.24368,49717ee2-9808-4288-b76d-e658195b7979,USDC-WETH,0.3%,USDC-WETH (0.3%)
2025-10-29T20:30:57.740Z,80244986,61.77838,61.77838,,,,49717ee2-9808-4288-b76d-e658195b7979,USDC-WETH,0.3%,USDC-WETH (0.3%)
2025-10-30T23:47:01.808Z,86187645,73.79592,73.79592,,,150582.06542,49717ee2-9808-4288-b76d-e658195b7979,USDC-WETH,0.3%,USDC-WETH (0.3%)
2025-10-31T20:11:55.948Z,92671964,53.69342,53.69342,,,176685.57635,49717ee2-9808-4288-b76d-e658195b7979,USDC-WETH,0.3%,USDC-WETH (0.3%)
2025-11-01T22:15:39.619Z,93536288,11.54448,11.54448,,,180482.38062,49717ee2-9808-4288-b76d-e658195b7979,USDC-WETH,0.3%,USDC-WETH (0.3%)
2025-11-02T19:46:49.569Z,93539345,11.60093,11.60093,,,178331.28716,49717ee2-9808-4288-b76d-e658195b7979,USDC-WETH,0.3%,USDC-WETH (0.3%)
2025-11-03T23:32:38.622Z,88383780,101.8282,101.8282,,,,49717ee2-9808-4288-b76d-e658195b7979,USDC-WETH,0.3%,USDC-WETH (0.3%)
2025-11-04T23:28:10.207Z,73413334,196.33675,196.33675,,,129.15093,49717ee2-9808-4288-b76d-e658195b7979,USDC-WETH,0.3%,USDC-WETH (0.3%)
2025-11-05T23:30:25.271Z,71136934,45.87056,45.87056,,,69428.33812,49717ee2-9808-4288-b76d-e658195b7979,USDC-WETH,0.3%,USDC-WETH (0.3%)
2025-11-06T22:15:48.109Z,69815103,37.05741,37.05741,,,62538.03684,49717ee2-9808-4288-b76d-e658195b7979,USDC-WETH,0.3%,USDC-WETH (0.3%)
2025-11-07T23:28:57.686Z,71537095,46.77886,46.77886,,,60642.78288,49717ee2-9808-4288-b76d-e658195b7979,USDC-WETH,0.3%,USDC-WETH (0.3%)
2025-11-08T23:31:48.447Z,71854038,21.75664,21.75664,,,61385.94039,49717ee2-9808-4288-b76d-e658195b7979,USDC-WETH,0.3%,USDC-WETH (0.3%)
2025-11-09T23:32:36.951Z,75413331,23.94748,23.94748,,,,49717ee2-9808-4288-b76d-e658195b7979,USDC-WETH,0.3%,USDC-WETH (0.3%)
2025-11-10T22:30:28.659Z,75013218,26.97633,26.97633,,,50978.38757,49717ee2-9808-4288-b76d-e658195b7979,USDC-WETH,0.3%,USDC-WETH (0.3%)
2025-11-11T23:28:00.943Z,73984339,32.10348,32.10348,,,40.81673,49717ee2-9808-4288-b76d-e658195b7979,USDC-WETH,0.3%,USDC-WETH (0.3%)
2025-11-12T23:12:55.297Z,73634852,35.59999,35.59999,,,39.53941,49717ee2-9808-4288-b76d-e658195b7979,USDC-WETH,0.3%,USDC-WETH (0.3%)
2025-11-13T23:16:01.275Z,70946318,72.1583,72.1583,,,,49717ee2-9808-4288-b76d-e658195b7979,USDC-WETH,0.3%,USDC-WETH (0.3%)
2025-11-14T23:11:28.380Z,72272887,85.88066,85.88066,,,37213.15553,49717ee2-9808-4288-b76d-e658195b7979,USDC-WETH,0.3%,USDC-WETH (0.3%)
2025-11-15T22:32:06.786Z,54887446,31.3375,31.3375,,,37266.9954,49717ee2-9808-4288-b76d-e658195b7979,USDC-WETH,0.3%,USDC-WETH (0.3%)
2025-11-16T23:16:06.749Z,54859198,57.69856,57.69856,,,56.23201,49717ee2-9808-4288-b76d-e658195b7979,USDC-WETH,0.3%,USDC-WETH (0.3%)
2025-11-17T23:08:40.525Z,54293974,92.11641,92.11641,,,65.454,49717ee2-9808-4288-b76d-e658195b7979,USDC-WETH,0.3%,USDC-WETH (0.3%)
2025-11-18T23:15:10.389Z,53103938,77.91259,77.91259,,,66.25947,49717ee2-9808-4288-b76d-e658195b7979,USDC-WETH,0.3%,USDC-WETH (0.3%)
2025-11-19T23:13:02.763Z,51270906,62.58223,62.58223,,,196.59565,49717ee2-9808-4288-b76d-e658195b7979,USDC-WETH,0.3%,USDC-WETH (0.3%)
2025-11-20T23:11:51.334Z,49420828,55.79842,55.79842,,,219.73094,49717ee2-9808-4288-b76d-e658195b7979,USDC-WETH,0.3%,USDC-WETH (0.3%)
2025-11-21T23:13:47.660Z,35815902,169.61411,169.61411,,,226.25601,49717ee2-9808-4288-b76d-e658195b7979,USDC-WETH,0.3%,USDC-WETH (0.3%)
2025-11-22T23:11:16.949Z,37641310,16.22743,16.22743,,,163.31776,49717ee2-9808-4288-b76d-e658195b7979,USDC-WETH,0.3%,USDC-WETH (0.3%)
2025-11-23T23:11:31.212Z,36912502,18.9649,18.9649,,,134.65954,49717ee2-9808-4288-b76d-e658195b7979,USDC-WETH,0.3%,USDC-WETH (0.3%)
2025-11-24T23:12:19.265Z,38265904,37.04557,37.04557,,,118.27804,49717ee2-9808-4288-b76d-e658195b7979,USDC-WETH,0.3%,USDC-WETH (0.3%)
2025-11-25T23:07:51.121Z,33729669,39.38693,39.38693,,,77.48855,49717ee2-9808-4288-b76d-e658195b7979,USDC-WETH,0.3%,USDC-WETH (0.3%)
2025-11-26T23:08:59.252Z,35484740,25.55892,25.55892,,,73.19508,49717ee2-9808-4288-b76d-e658195b7979,USDC-WETH,0.3%,USDC-WETH (0.3%)
2025-11-27T23:10:24.903Z,34915253,15.47214,15.47214,,,65.88247,49717ee2-9808-4288-b76d-e658195b7979,USDC-WETH,0.3%,USDC-WETH (0.3%)
2025-11-28T23:13:04.382Z,35061574,24.39613,24.39613,,,10915.20124,49717ee2-9808-4288-b76d-e658195b7979,USDC-WETH,0.3%,USDC-WETH (0.3%)
2025-11-29T23:08:29.419Z,34549357,8.24999,8.24999,,,26.71064,49717ee2-9808-4288-b76d-e658195b7979,USDC-WETH,0.3%,USDC-WETH (0.3%)
2025-11-30T23:08:16.927Z,35302828,8.12259,8.12259,,,23.52227,49717ee2-9808-4288-b76d-e658195b7979,USDC-WETH,0.3%,USDC-WETH (0.3%)
2025-12-01T23:08:05.548Z,34851804,74.62017,74.62017,,,29.56194,49717ee2-9808-4288-b76d-e658195b7979,USDC-WETH,0.3%,USDC-WETH (0.3%)
2025-12-02T22:09:26.484Z,36841107,40.09805,40.09805,,,12037.10084,49717ee2-9808-4288-b76d-e658195b7979,USDC-WETH,0.3%,USDC-WETH (0.3%)
2025-12-03T22:10:16.718Z,37315763,44.66457,44.66457,,,39.23474,49717ee2-9808-4288-b76d-e658195b7979,USDC-WETH,0.3%,USDC-WETH (0.3%)
2025-12-04T23:09:51.168Z,36037303,31.70409,31.70409,,,35.87023,49717ee2-9808-4288-b76d-e658195b7979,USDC-WETH,0.3%,USDC-WETH (0.3%)
2025-12-05T23:09:40.312Z,35350394,43.43527,43.43527,,,15526.68125,49717ee2-9808-4288-b76d-e658195b7979,USDC-WETH,0.3%,USDC-WETH (0.3%)
2025-12-06T23:11:06.241Z,37549808,10.01006,10.01006,,,15698.43506,49717ee2-9808-4288-b76d-e658195b7979,USDC-WETH,0.3%,USDC-WETH (0.3%)
2025-12-07T23:09:52.105Z,37472311,36.39662,36.39662,,,17541.93859,49717ee2-9808-4288-b76d-e658195b7979,USDC-WETH,0.3%,USDC-WETH (0.3%)
2025-12-08T23:10:22.430Z,38123404,33.6942,33.6942,,,15336.36893,49717ee2-9808-4288-b76d-e658195b7979,USDC-WETH,0.3%,USDC-WETH (0.3%)
2025-12-09T23:04:59.404Z,37413594,35.1286,35.1286,,,44.73552,49717ee2-9808-4288-b76d-e658195b7979,USDC-WETH,0.3%,USDC-WETH (0.3%)
2025-12-10T23:09:56.985Z,37492360,36.23264,36.23264,,,42.08112,49717ee2-9808-4288-b76d-e658195b7979,USDC-WETH,0.3%,USDC-WETH (0.3%)
2025-12-11T23:06:52.929Z,37643910,39.03627,39.03627,,,39.80553,49717ee2-9808-4288-b76d-e658195b7979,USDC-WETH,0.3%,USDC-WETH (0.3%)
2025-12-12T23:09:01.469Z,35812137,30.12677,30.12677,,,42.35069,49717ee2-9808-4288-b76d-e658195b7979,USDC-WETH,0.3%,USDC-WETH (0.3%)
2025-12-13T23:08:42.856Z,36349242,5.69476,5.69476,,,13902.25317,49717ee2-9808-4288-b76d-e658195b7979,USDC-WETH,0.3%,USDC-WETH (0.3%)
2025-12-14T23:08:50.780Z,35809710,15.10942,15.10942,,,,49717ee2-9808-4288-b76d-e658195b7979,USDC-WETH,0.3%,USDC-WETH (0.3%)
2025-12-15T23:10:14.265Z,34416840,56.99511,56.99511,,,,49717ee2-9808-4288-b76d-e658195b7979,USDC-WETH,0.3%,USDC-WETH (0.3%)
2025-12-16T23:07:19.003Z,33395723,28.82649,28.82649,,,43.75413,49717ee2-9808-4288-b76d-e658195b7979,USDC-WETH,0.3%,USDC-WETH (0.3%)
2025-12-17T23:07:02.971Z,31195368,37.22824,37.22824,,,49.18125,49717ee2-9808-4288-b76d-e658195b7979,USDC-WETH,0.3%,USDC-WETH (0.3%)
2025-12-18T23:08:04.252Z,37534720,33.77227,33.77227,,,26.19031,49717ee2-9808-4288-b76d-e658195b7979,USDC-WETH,0.3%,USDC-WETH (0.3%)
2025-12-19T23:06:51.940Z,37072491,48.29279,48.29279,,,26.57384,49717ee2-9808-4288-b76d-e658195b7979,USDC-WETH,0.3%,USDC-WETH (0.3%)
2025-12-20T23:07:27.889Z,37359794,2.33451,2.33451,,,26.08065,49717ee2-9808-4288-b76d-e658195b7979,USDC-WETH,0.3%,USDC-WETH (0.3%)
2025-12-21T23:05:26.996Z,37424960,12.07193,12.07193,,,25.40878,49717ee2-9808-4288-b76d-e658195b7979,USDC-WETH,0.3%,USDC-WETH (0.3%)
2025-12-22T23:07:52.113Z,37574370,21.98245,21.98245,,,36.49228,49717ee2-9808-4288-b76d-e658195b7979,USDC-WETH,0.3%,USDC-WETH (0.3%)
2025-12-23T23:09:13.038Z,37362664,23.97117,23.97117,,,10957.29008,49717ee2-9808-4288-b76d-e658195b7979,USDC-WETH,0.3%,USDC-WETH (0.3%)
2025-12-24T23:07:02.612Z,37472388,15.5614,15.5614,,,19.43472,49717ee2-9808-4288-b76d-e658195b7979,USDC-WETH,0.3%,USDC-WETH (0.3%)
2025-12-25T23:07:09.973Z,37459904,9.56781,9.56781,,,16.5098,49717ee2-9808-4288-b76d-e658195b7979,USDC-WETH,0.3%,USDC-WETH (0.3%)
2025-12-26T23:07:48.139Z,37370189,22.38629,22.38629,,,13.15882,49717ee2-9808-4288-b76d-e658195b7979,USDC-WETH,0.3%,USDC-WETH (0.3%)
2025-12-27T23:06:34.785Z,37387669,5.60042,5.60042,,,13.4314,49717ee2-9808-4288-b76d-e658195b7979,USDC-WETH,0.3%,USDC-WETH (0.3%)
2025-12-28T23:08:35.430Z,37093840,4.3864,4.3864,,,12.40197,49717ee2-9808-4288-b76d-e658195b7979,USDC-WETH,0.3%,USDC-WETH (0.3%)
2025-12-29T23:07:47.695Z,36851510,24.76127,24.76127,,,13.05978,49717ee2-9808-4288-b76d-e658195b7979,USDC-WETH,0.3%,USDC-WETH (0.3%)
2025-12-30T23:07:10.729Z,37076855,20.34466,20.34466,,,12.36814,49717ee2-9808-4288-b76d-e658195b7979,USDC-WETH,0.3%,USDC-WETH (0.3%)
2025-12-31T23:07:36.058Z,36753349,11.40889,11.40889,,,11.95276,49717ee2-9808-4288-b76d-e658195b7979,USDC-WETH,0.3%,USDC-WETH (0.3%)
2026-01-01T23:06:24.561Z,36856013,1.85757,1.85757,,,10.89928,49717ee2-9808-4288-b76d-e658195b7979,USDC-WETH,0.3%,USDC-WETH (0.3%)
2026-01-02T23:07:28.926Z,37624506,16.33297,16.33297,,,16.74749,49717ee2-9808-4288-b76d-e658195b7979,USDC-WETH,0.3%,USDC-WETH (0.3%)
2026-01-03T23:07:41.298Z,37418956,3.95472,3.95472,,,16.53116,49717ee2-9808-4288-b76d-e658195b7979,USDC-WETH,0.3%,USDC-WETH (0.3%)
2026-01-04T23:08:00.155Z,42369709,8.24755,8.24755,,,5580.13543,49717ee2-9808-4288-b76d-e658195b7979,USDC-WETH,0.3%,USDC-WETH (0.3%)
2026-01-05T21:07:10.827Z,42957976,32.1456,32.1456,,,6332.88849,49717ee2-9808-4288-b76d-e658195b7979,USDC-WETH,0.3%,USDC-WETH (0.3%)
2026-01-06T23:23:54.534Z,43299225,31.90301,31.90301,,,11.65178,49717ee2-9808-4288-b76d-e658195b7979,USDC-WETH,0.3%,USDC-WETH (0.3%)
2026-01-07T23:07:48.845Z,41734830,25.44209,25.44209,,,12.75196,49717ee2-9808-4288-b76d-e658195b7979,USDC-WETH,0.3%,USDC-WETH (0.3%)
2026-01-08T23:07:14.726Z,41320470,29.09054,29.09054,,,15.65155,49717ee2-9808-4288-b76d-e658195b7979,USDC-WETH,0.3%,USDC-WETH (0.3%)
2026-01-09T23:07:57.409Z,40947419,32.21438,32.21438,,,17.79201,49717ee2-9808-4288-b76d-e658195b7979,USDC-WETH,0.3%,USDC-WETH (0.3%)
2026-01-10T23:07:00.157Z,41432872,1.42114,1.42114,,,17.41631,49717ee2-9808-4288-b76d-e658195b7979,USDC-WETH,0.3%,USDC-WETH (0.3%)
2026-01-11T23:09:19.846Z,41641607,12.22269,12.22269,,,17.46859,49717ee2-9808-4288-b76d-e658195b7979,USDC-WETH,0.3%,USDC-WETH (0.3%)
2026-01-12T23:07:01.717Z,41481706,28.43761,28.43761,,,17.08656,49717ee2-9808-4288-b76d-e658195b7979,USDC-WETH,0.3%,USDC-WETH (0.3%)
2026-01-13T23:07:21.178Z,43547985,31.88089,31.88089,,,18.00684,49717ee2-9808-4288-b76d-e658195b7979,USDC-WETH,0.3%,USDC-WETH (0.3%)
2026-01-14T23:07:18.244Z,43568862,33.11613,33.11613,,,18.64924,49717ee2-9808-4288-b76d-e658195b7979,USDC-WETH,0.3%,USDC-WETH (0.3%)
2026-01-15T23:07:40.465Z,42960779,29.65151,29.65151,,,18.93452,49717ee2-9808-4288-b76d-e658195b7979,USDC-WETH,0.3%,USDC-WETH (0.3%)
2026-01-16T23:08:01.390Z,43009748,11.48997,11.48997,,,16.25824,49717ee2-9808-4288-b76d-e658195b7979,USDC-WETH,0.3%,USDC-WETH (0.3%)
2026-01-17T23:07:10.724Z,43078941,4.47989,4.47989,,,16.64126,49717ee2-9808-4288-b76d-e658195b7979,USDC-WETH,0.3%,USDC-WETH (0.3%)
2026-01-18T23:06:27.629Z,43496221,5.30123,5.30123,,,15.63967,49717ee2-9808-4288-b76d-e658195b7979,USDC-WETH,0.3%,USDC-WETH (0.3%)
2026-01-19T23:07:26.257Z,42639265,21.35,21.35,,,14.46809,49717ee2-9808-4288-b76d-e658195b7979,USDC-WETH,0.3%,USDC-WETH (0.3%)
2026-01-20T23:09:10.874Z,39989075,76.06324,76.06324,,,,49717ee2-9808-4288-b76d-e658195b7979,USDC-WETH,0.3%,USDC-WETH (0.3%)
2026-01-21T23:07:56.599Z,40818822,37.65012,37.65012,,,20.58055,49717ee2-9808-4288-b76d-e658195b7979,USDC-WETH,0.3%,USDC-WETH (0.3%)
2026-01-22T23:07:12.179Z,40621372,21.91958,21.91958,,,40.72937,49717ee2-9808-4288-b76d-e658195b7979,USDC-WETH,0.3%,USDC-WETH (0.3%)
2026-01-23T23:08:44.204Z,40410007,15.81394,15.81394,,,41.54762,49717ee2-9808-4288-b76d-e658195b7979,USDC-WETH,0.3%,USDC-WETH (0.3%)
2026-01-24T23:06:44.040Z,40422930,0.9636,0.9636,,,40.63573,49717ee2-9808-4288-b76d-e658195b7979,USDC-WETH,0.3%,USDC-WETH (0.3%)
2026-01-25T23:06:46.339Z,38918903,11.3156,11.3156,,,52.34896,49717ee2-9808-4288-b76d-e658195b7979,USDC-WETH,0.3%,USDC-WETH (0.3%)
2026-01-26T23:09:14.936Z,40195517,18.62221,18.62221,,,43.87747,49717ee2-9808-4288-b76d-e658195b7979,USDC-WETH,0.3%,USDC-WETH (0.3%)
2026-01-27T23:09:15.196Z,39807765,16.9479,16.9479,,,13.39439,49717ee2-9808-4288-b76d-e658195b7979,USDC-WETH,0.3%,USDC-WETH (0.3%)
2026-01-28T17:09:06.271Z,39452602,21.27714,21.27714,,,7984.43011,49717ee2-9808-4288-b76d-e658195b7979,USDC-WETH,0.3%,USDC-WETH (0.3%)
2026-01-29T23:09:57.593Z,37432283,23.70535,23.70535,,,33.04644,49717ee2-9808-4288-b76d-e658195b7979,USDC-WETH,0.3%,USDC-WETH (0.3%)
2026-01-30T23:09:06.105Z,36070418,37.99826,37.99826,,,42.86586,49717ee2-9808-4288-b76d-e658195b7979,USDC-WETH,0.3%,USDC-WETH (0.3%)
2026-01-31T23:11:28.547Z,34777147,119.05733,119.05733,,,31.78628,49717ee2-9808-4288-b76d-e658195b7979,USDC-WETH,0.3%,USDC-WETH (0.3%)
2026-02-01T23:10:36.758Z,33563968,68.64733,68.64733,,,160.26531,49717ee2-9808-4288-b76d-e658195b7979,USDC-WETH,0.3%,USDC-WETH (0.3%)
2026-02-02T23:09:07.820Z,42651481,45.43441,45.43441,,,152.56336,49717ee2-9808-4288-b76d-e658195b7979,USDC-WETH,0.3%,USDC-WETH (0.3%)
2026-02-03T23:09:58.326Z,40404241,33.20892,33.20892,,,184.42218,49717ee2-9808-4288-b76d-e658195b7979,USDC-WETH,0.3%,USDC-WETH (0.3%)
2026-02-04T23:08:24.340Z,38572273,31.5779,31.5779,,,265.2717,49717ee2-9808-4288-b76d-e658195b7979,USDC-WETH,0.3%,USDC-WETH (0.3%)
2026-02-05T23:06:38.438Z,20080911,193.45073,193.45073,,,422.2671,49717ee2-9808-4288-b76d-e658195b7979,USDC-WETH,0.3%,USDC-WETH (0.3%)
2026-02-06T23:09:02.455Z,19745824,83.33067,83.33067,,,242.01087,49717ee2-9808-4288-b76d-e658195b7979,USDC-WETH,0.3%,USDC-WETH (0.3%)
2026-02-07T23:05:12.819Z,20179093,39.0079,39.0079,,,183.38582,49717ee2-9808-4288-b76d-e658195b7979,USDC-WETH,0.3%,USDC-WETH (0.3%)
2026-02-08T22:09:43.865Z,20152642,20.74206,20.74206,,,18591.66862,49717ee2-9808-4288-b76d-e658195b7979,USDC-WETH,0.3%,USDC-WETH (0.3%)
2026-02-09T23:08:41.493Z,20557057,29.81594,29.81594,,,145.03913,49717ee2-9808-4288-b76d-e658195b7979,USDC-WETH,0.3%,USDC-WETH (0.3%)
2026-02-10T23:09:46.717Z,20117817,17.78706,17.78706,,,149.61696,49717ee2-9808-4288-b76d-e658195b7979,USDC-WETH,0.3%,USDC-WETH (0.3%)
2026-02-11T23:09:40.561Z,19427138,23.96411,23.96411,,,152.10127,49717ee2-9808-4288-b76d-e658195b7979,USDC-WETH,0.3%,USDC-WETH (0.3%)
2026-02-12T23:09:39.261Z,19420603,16.00559,16.00559,,,83.23481,49717ee2-9808-4288-b76d-e658195b7979,USDC-WETH,0.3%,USDC-WETH (0.3%)
2026-02-13T23:09:40.893Z,19844138,13.36345,13.36345,,,56.04241,49717ee2-9808-4288-b76d-e658195b7979,USDC-WETH,0.3%,USDC-WETH (0.3%)
2026-02-14T23:09:01.462Z,20151176,8.22705,8.22705,,,34.54213,49717ee2-9808-4288-b76d-e658195b7979,USDC-WETH,0.3%,USDC-WETH (0.3%)
2026-02-15T23:14:15.548Z,19362305,21.31312,21.31312,,,,49717ee2-9808-4288-b76d-e658195b7979,USDC-WETH,0.3%,USDC-WETH (0.3%)
2026-02-16T23:08:46.871Z,20604623,14.88086,14.88086,,,29.02041,49717ee2-9808-4288-b76d-e658195b7979,USDC-WETH,0.3%,USDC-WETH (0.3%)
2026-02-17T23:10:16.941Z,20571709,19.66779,19.66779,,,29.79684,49717ee2-9808-4288-b76d-e658195b7979,USDC-WETH,0.3%,USDC-WETH (0.3%)
2026-02-18T23:08:42.741Z,20321848,18.59749,18.59749,,,28.51742,49717ee2-9808-4288-b76d-e658195b7979,USDC-WETH,0.3%,USDC-WETH (0.3%)
2026-02-19T23:09:15.073Z,19597483,15.77609,15.77609,,,28.50674,49717ee2-9808-4288-b76d-e658195b7979,USDC-WETH,0.3%,USDC-WETH (0.3%)
2026-02-20T23:08:11.441Z,19973513,16.47562,16.47562,,,27.90764,49717ee2-9808-4288-b76d-e658195b7979,USDC-WETH,0.3%,USDC-WETH (0.3%)
2026-02-21T23:08:15.516Z,19732913,3.89738,3.89738,,,27.33102,49717ee2-9808-4288-b76d-e658195b7979,USDC-WETH,0.3%,USDC-WETH (0.3%)
2026-02-22T23:09:27.832Z,20716408,11.44912,11.44912,,,9.94546,49717ee2-9808-4288-b76d-e658195b7979,USDC-WETH,0.3%,USDC-WETH (0.3%)
2026-02-23T23:08:46.348Z,18966022,28.27565,28.27565,,,31.54551,49717ee2-9808-4288-b76d-e658195b7979,USDC-WETH,0.3%,USDC-WETH (0.3%)
2026-02-24T23:10:26.440Z,18982135,22.18242,22.18242,,,30.81535,49717ee2-9808-4288-b76d-e658195b7979,USDC-WETH,0.3%,USDC-WETH (0.3%)
2026-02-25T23:09:34.517Z,20561199,31.79266,31.79266,,,25.65053,49717ee2-9808-4288-b76d-e658195b7979,USDC-WETH,0.3%,USDC-WETH (0.3%)
2026-02-26T23:09:03.946Z,20354717,28.65966,28.65966,,,34.40896,49717ee2-9808-4288-b76d-e658195b7979,USDC-WETH,0.3%,USDC-WETH (0.3%)
2026-02-27T23:09:05.077Z,19608960,22.8924,22.8924,,,37.48436,49717ee2-9808-4288-b76d-e658195b7979,USDC-WETH,0.3%,USDC-WETH (0.3%)
2026-02-28T23:08:58.902Z,20068504,33.0517,33.0517,,,42.40294,49717ee2-9808-4288-b76d-e658195b7979,USDC-WETH,0.3%,USDC-WETH (0.3%)
2026-03-01T23:09:07.502Z,19719313,38.94953,38.94953,,,50.22407,49717ee2-9808-4288-b76d-e658195b7979,USDC-WETH,0.3%,USDC-WETH (0.3%)
2026-03-02T23:10:12.988Z,20606076,37.47006,37.47006,,,49.52298,49717ee2-9808-4288-b76d-e658195b7979,USDC-WETH,0.3%,USDC-WETH (0.3%)
2026-03-03T23:13:07.337Z,20243543,34.10465,34.10465,,,53.71009,49717ee2-9808-4288-b76d-e658195b7979,USDC-WETH,0.3%,USDC-WETH (0.3%)
2026-03-04T23:11:06.998Z,21290883,55.45402,55.45402,,,49.62257,49717ee2-9808-4288-b76d-e658195b7979,USDC-WETH,0.3%,USDC-WETH (0.3%)
2026-03-05T23:13:19.901Z,21020864,30.72819,30.72819,,,8493.52703,49717ee2-9808-4288-b76d-e658195b7979,USDC-WETH,0.3%,USDC-WETH (0.3%)
2026-03-06T23:11:29.173Z,20302190,20.16694,20.16694,,,8405.56974,49717ee2-9808-4288-b76d-e658195b7979,USDC-WETH,0.3%,USDC-WETH (0.3%)
2026-03-07T23:08:10.500Z,19934143,6.24678,6.24678,,,53.64535,49717ee2-9808-4288-b76d-e658195b7979,USDC-WETH,0.3%,USDC-WETH (0.3%)
2026-03-08T23:09:42.471Z,20011625,15.77758,15.77758,,,48.66149,49717ee2-9808-4288-b76d-e658195b7979,USDC-WETH,0.3%,USDC-WETH (0.3%)
2026-03-09T23:06:43.677Z,20463430,28.09393,28.09393,,,40.409,49717ee2-9808-4288-b76d-e658195b7979,USDC-WETH,0.3%,USDC-WETH (0.3%)
2026-03-10T23:11:43.908Z,20830364,22.77543,22.77543,,,38.88837,49717ee2-9808-4288-b76d-e658195b7979,USDC-WETH,0.3%,USDC-WETH (0.3%)
2026-03-11T23:08:55.891Z,21084598,20.93575,20.93575,,,30.71723,49717ee2-9808-4288-b76d-e658195b7979,USDC-WETH,0.3%,USDC-WETH (0.3%)
2026-03-12T23:12:38.468Z,21154842,67.14943,67.14943,,,38.54759,49717ee2-9808-4288-b76d-e658195b7979,USDC-WETH,0.3%,USDC-WETH (0.3%)
2026-03-13T23:10:11.939Z,21225070,34.17183,34.17183,,,35.59213,49717ee2-9808-4288-b76d-e658195b7979,USDC-WETH,0.3%,USDC-WETH (0.3%)
2026-03-14T23:10:49.727Z,22081069,4.26161,4.26161,,,35.31156,49717ee2-9808-4288-b76d-e658195b7979,USDC-WETH,0.3%,USDC-WETH (0.3%)
2026-03-15T23:11:31.158Z,22630194,19.0156,19.0156,,,25.66072,49717ee2-9808-4288-b76d-e658195b7979,USDC-WETH,0.3%,USDC-WETH (0.3%)
2026-03-16T23:09:40.810Z,24855716,37.18611,37.18611,,,44.75851,49717ee2-9808-4288-b76d-e658195b7979,USDC-WETH,0.3%,USDC-WETH (0.3%)
2026-03-17T23:10:10.496Z,23776229,27.89034,27.89034,,,33.27066,49717ee2-9808-4288-b76d-e658195b7979,USDC-WETH,0.3%,USDC-WETH (0.3%)
2026-03-18T22:12:13.584Z,23355782,34.77891,34.77891,,,36.11798,49717ee2-9808-4288-b76d-e658195b7979,USDC-WETH,0.3%,USDC-WETH (0.3%)
2026-03-19T23:11:28.320Z,23087394,30.83026,30.83026,,,33.74244,49717ee2-9808-4288-b76d-e658195b7979,USDC-WETH,0.3%,USDC-WETH (0.3%)
2026-03-20T23:09:46.553Z,23007549,23.75587,23.75587,,,30.35847,49717ee2-9808-4288-b76d-e658195b7979,USDC-WETH,0.3%,USDC-WETH (0.3%)
2026-03-21T23:09:52.348Z,22963073,2.45537,2.45537,,,32.17935,49717ee2-9808-4288-b76d-e658195b7979,USDC-WETH,0.3%,USDC-WETH (0.3%)
2026-03-22T23:09:24.921Z,22111236,18.92369,18.92369,,,57.64557,49717ee2-9808-4288-b76d-e658195b7979,USDC-WETH,0.3%,USDC-WETH (0.3%)
2026-03-23T23:10:20.633Z,22842471,46.60239,46.60239,,,34.9982,49717ee2-9808-4288-b76d-e658195b7979,USDC-WETH,0.3%,USDC-WETH (0.3%)
2026-03-24T23:13:00.579Z,22936934,16.88351,16.88351,,,32.40284,49717ee2-9808-4288-b76d-e658195b7979,USDC-WETH,0.3%,USDC-WETH (0.3%)
2026-03-25T19:12:59.485Z,23296941,15.65266,15.65266,,,26.34697,49717ee2-9808-4288-b76d-e658195b7979,USDC-WETH,0.3%,USDC-WETH (0.3%)
