timestamp,tvlUsd,apy,apyBase,apyReward,il7d,apyBase7d,pool_id,symbol,feeTier,label
2022-03-27T00:00:00.000Z,140685975,12.66567,12.66567,,,,bbecbf69-a4f7-43e3-8b72-de180d106e2c,WBTC-USDC,0.3%,WBTC-USDC (0.3%)
2022-03-28T00:00:00.000Z,140649535,15.8108,15.8108,,,,bbecbf69-a4f7-43e3-8b72-de180d106e2c,WBTC-USDC,0.3%,WBTC-USDC (0.3%)
2022-03-29T00:00:00.000Z,139552197,14.97912,14.97912,,,,bbecbf69-a4f7-43e3-8b72-de180d106e2c,WBTC-USDC,0.3%,WBTC-USDC (0.3%)
2022-03-30T00:00:00.000Z,139329791,14.24745,14.24745,,,,bbecbf69-a4f7-43e3-8b72-de180d106e2c,WBTC-USDC,0.3%,WBTC-USDC (0.3%)
2022-03-31T00:00:00.000Z,138240106,14.03751,14.03751,,,,bbecbf69-a4f7-43e3-8b72-de180d106e2c,WBTC-USDC,0.3%,WBTC-USDC (0.3%)
2022-04-01T00:00:00.000Z,139089821,23.10749,23.10749,,,,bbecbf69-a4f7-43e3-8b72-de180d106e2c,WBTC-USDC,0.3%,WBTC-USDC (0.3%)
2022-04-02T00:00:00.000Z,137882068,17.35045,17.35045,,,,bbecbf69-a4f7-43e3-8b72-de180d106e2c,WBTC-USDC,0.3%,WBTC-USDC (0.3%)
2022-04-03T00:00:00.000Z,138678714,15.73243,15.73243,,,,bbecbf69-a4f7-43e3-8b72-de180d106e2c,WBTC-USDC,0.3%,WBTC-USDC (0.3%)
2022-04-04T00:00:00.000Z,137411511,19.90738,19.90738,,,,bbecbf69-a4f7-43e3-8b72-de180d106e2c,WBTC-USDC,0.3%,WBTC-USDC (0.3%)
2022-04-05T00:00:00.000Z,136570759,13.8293,13.8293,,,,bbecbf69-a4f7-43e3-8b72-de180d106e2c,WBTC-USDC,0.3%,WBTC-USDC (0.3%)
2022-04-06T00:00:00.000Z,135572814,29.18936,29.18936,,,,bbecbf69-a4f7-43e3-8b72-de180d106e2c,WBTC-USDC,0.3%,WBTC-USDC (0.3%)
2022-04-07T00:00:00.000Z,135548876,15.04537,15.04537,,,,bbecbf69-a4f7-43e3-8b72-de180d106e2c,WBTC-USDC,0.3%,WBTC-USDC (0.3%)
2022-04-08T00:00:00.000Z,135471233,18.01927,18.01927,,,,bbecbf69-a4f7-43e3-8b72-de180d106e2c,WBTC-USDC,0.3%,WBTC-USDC (0.3%)
2022-04-09T00:00:00.000Z,138895963,7.88379,7.88379,,,,bbecbf69-a4f7-43e3-8b72-de180d106e2c,WBTC-USDC,0.3%,WBTC-USDC (0.3%)
2022-04-10T00:00:00.000Z,133940420,8.40573,8.40573,,,,bbecbf69-a4f7-43e3-8b72-de180d106e2c,WBTC-USDC,0.3%,WBTC-USDC (0.3%)
2022-04-11T00:00:00.000Z,129534088,33.61781,33.61781,,,,bbecbf69-a4f7-43e3-8b72-de180d106e2c,WBTC-USDC,0.3%,WBTC-USDC (0.3%)
2022-04-12T00:00:00.000Z,128967534,20.43802,20.43802,,,,bbecbf69-a4f7-43e3-8b72-de180d106e2c,WBTC-USDC,0.3%,WBTC-USDC (0.3%)
2022-04-13T00:00:00.000Z,132234023,18.12471,18.12471,,,,bbecbf69-a4f7-43e3-8b72-de180d106e2c,WBTC-USDC,0.3%,WBTC-USDC (0.3%)
2022-04-14T00:00:00.000Z,130516753,12.19835,12.19835,,,,bbecbf69-a4f7-43e3-8b72-de180d106e2c,WBTC-USDC,0.3%,WBTC-USDC (0.3%)
2022-04-15T00:00:00.000Z,132233131,9.79938,9.79938,,,,bbecbf69-a4f7-43e3-8b72-de180d106e2c,WBTC-USDC,0.3%,WBTC-USDC (0.3%)
2022-04-16T00:00:00.000Z,132313222,4.4949,4.4949,,,,bbecbf69-a4f7-43e3-8b72-de180d106e2c,WBTC-USDC,0.3%,WBTC-USDC (0.3%)
2022-04-17T00:00:00.000Z,132524061,12.12451,12.12451,,,,bbecbf69-a4f7-43e3-8b72-de180d106e2c,WBTC-USDC,0.3%,WBTC-USDC (0.3%)
2022-04-18T00:00:00.000Z,133275730,29.3323,29.3323,,,,bbecbf69-a4f7-43e3-8b72-de180d106e2c,WBTC-USDC,0.3%,WBTC-USDC (0.3%)
2022-04-19T00:00:00.000Z,134203728,8.64024,8.64024,,,,bbecbf69-a4f7-43e3-8b72-de180d106e2c,WBTC-USDC,0.3%,WBTC-USDC (0.3%)
2022-04-20T00:00:00.000Z,134736996,10.24263,10.24263,,,,bbecbf69-a4f7-43e3-8b72-de180d106e2c,WBTC-USDC,0.3%,WBTC-USDC (0.3%)
2022-04-21T00:00:00.000Z,132720101,17.98237,17.98237,,,,bbecbf69-a4f7-43e3-8b72-de180d106e2c,WBTC-USDC,0.3%,WBTC-USDC (0.3%)
2022-04-22T00:00:00.000Z,131604360,19.52149,19.52149,,,,bbecbf69-a4f7-43e3-8b72-de180d106e2c,WBTC-USDC,0.3%,WBTC-USDC (0.3%)
2022-04-23T00:00:00.000Z,132252438,4.18952,4.18952,,,,bbecbf69-a4f7-43e3-8b72-de180d106e2c,WBTC-USDC,0.3%,WBTC-USDC (0.3%)
2022-04-24T00:00:00.000Z,131802710,10.79276,10.79276,,,,bbecbf69-a4f7-43e3-8b72-de180d106e2c,WBTC-USDC,0.3%,WBTC-USDC (0.3%)
2022-04-25T00:00:00.000Z,133231528,24.9328,24.9328,,,,bbecbf69-a4f7-43e3-8b72-de180d106e2c,WBTC-USDC,0.3%,WBTC-USDC (0.3%)
2022-04-26T00:00:00.000Z,129169092,21.79979,21.79979,,,,bbecbf69-a4f7-43e3-8b72-de180d106e2c,WBTC-USDC,0.3%,WBTC-USDC (0.3%)
2022-04-27T00:00:00.000Z,131169949,22.3832,22.3832,,,,bbecbf69-a4f7-43e3-8b72-de180d106e2c,WBTC-USDC,0.3%,WBTC-USDC (0.3%)
2022-04-28T00:00:00.000Z,131381604,25.15956,25.15956,,,,bbecbf69-a4f7-43e3-8b72-de180d106e2c,WBTC-USDC,0.3%,WBTC-USDC (0.3%)
2022-04-29T00:00:00.000Z,128671856,13.97514,13.97514,,,,bbecbf69-a4f7-43e3-8b72-de180d106e2c,WBTC-USDC,0.3%,WBTC-USDC (0.3%)
2022-04-30T00:00:00.000Z,128053434,5.93356,5.93356,,,,bbecbf69-a4f7-43e3-8b72-de180d106e2c,WBTC-USDC,0.3%,WBTC-USDC (0.3%)
2022-05-01T00:00:00.000Z,128094522,13.56599,13.56599,,,,bbecbf69-a4f7-43e3-8b72-de180d106e2c,WBTC-USDC,0.3%,WBTC-USDC (0.3%)
2022-05-02T00:00:00.000Z,128989575,23.31448,23.31448,,,,bbecbf69-a4f7-43e3-8b72-de180d106e2c,WBTC-USDC,0.3%,WBTC-USDC (0.3%)
2022-05-03T00:00:00.000Z,126734627,10.31069,10.31069,,,,bbecbf69-a4f7-43e3-8b72-de180d106e2c,WBTC-USDC,0.3%,WBTC-USDC (0.3%)
2022-05-04T00:00:00.000Z,131475065,18.4563,18.4563,,,,bbecbf69-a4f7-43e3-8b72-de180d106e2c,WBTC-USDC,0.3%,WBTC-USDC (0.3%)
2022-05-05T00:00:00.000Z,125066057,33.69759,33.69759,,,,bbecbf69-a4f7-43e3-8b72-de180d106e2c,WBTC-USDC,0.3%,WBTC-USDC (0.3%)
2022-05-06T00:00:00.000Z,126106020,49.95483,49.95483,,,,bbecbf69-a4f7-43e3-8b72-de180d106e2c,WBTC-USDC,0.3%,WBTC-USDC (0.3%)
2022-05-07T00:00:00.000Z,124028357,10.05748,10.05748,,,,bbecbf69-a4f7-43e3-8b72-de180d106e2c,WBTC-USDC,0.3%,WBTC-USDC (0.3%)
2022-05-08T00:00:00.000Z,122225571,23.28697,23.28697,,,,bbecbf69-a4f7-43e3-8b72-de180d106e2c,WBTC-USDC,0.3%,WBTC-USDC (0.3%)
2022-05-09T00:00:00.000Z,109268256,39.4736,39.4736,,,,bbecbf69-a4f7-43e3-8b72-de180d106e2c,WBTC-USDC,0.3%,WBTC-USDC (0.3%)
2022-05-10T00:00:00.000Z,106823377,35.29896,35.29896,,,,bbecbf69-a4f7-43e3-8b72-de180d106e2c,WBTC-USDC,0.3%,WBTC-USDC (0.3%)
2022-05-11T00:00:00.000Z,105367418,96.17167,96.17167,,,,bbecbf69-a4f7-43e3-8b72-de180d106e2c,WBTC-USDC,0.3%,WBTC-USDC (0.3%)
2022-05-12T00:00:00.000Z,104156563,131.03319,131.03319,,,,bbecbf69-a4f7-43e3-8b72-de180d106e2c,WBTC-USDC,0.3%,WBTC-USDC (0.3%)
2022-05-13T00:00:00.000Z,110102206,42.67953,42.67953,,,,bbecbf69-a4f7-43e3-8b72-de180d106e2c,WBTC-USDC,0.3%,WBTC-USDC (0.3%)
2022-05-14T00:00:00.000Z,115032704,14.05543,14.05543,,,,bbecbf69-a4f7-43e3-8b72-de180d106e2c,WBTC-USDC,0.3%,WBTC-USDC (0.3%)
2022-05-15T00:00:00.000Z,118949886,13.95579,13.95579,,,,bbecbf69-a4f7-43e3-8b72-de180d106e2c,WBTC-USDC,0.3%,WBTC-USDC (0.3%)
2022-05-16T00:00:00.000Z,115954770,41.38158,41.38158,,,,bbecbf69-a4f7-43e3-8b72-de180d106e2c,WBTC-USDC,0.3%,WBTC-USDC (0.3%)
2022-05-17T00:00:00.000Z,117537404,14.27643,14.27643,,,,bbecbf69-a4f7-43e3-8b72-de180d106e2c,WBTC-USDC,0.3%,WBTC-USDC (0.3%)
2022-05-18T00:00:00.000Z,115524141,15.95778,15.95778,,,,bbecbf69-a4f7-43e3-8b72-de180d106e2c,WBTC-USDC,0.3%,WBTC-USDC (0.3%)
2022-05-19T00:00:00.000Z,118817688,19.11137,19.11137,,,,bbecbf69-a4f7-43e3-8b72-de180d106e2c,WBTC-USDC,0.3%,WBTC-USDC (0.3%)
2022-05-20T00:00:00.000Z,115848697,18.76998,18.76998,,,,bbecbf69-a4f7-43e3-8b72-de180d106e2c,WBTC-USDC,0.3%,WBTC-USDC (0.3%)
2022-05-21T00:00:00.000Z,115708462,4.69034,4.69034,,,,bbecbf69-a4f7-43e3-8b72-de180d106e2c,WBTC-USDC,0.3%,WBTC-USDC (0.3%)
2022-05-22T00:00:00.000Z,119261504,7.76993,7.76993,,,,bbecbf69-a4f7-43e3-8b72-de180d106e2c,WBTC-USDC,0.3%,WBTC-USDC (0.3%)
2022-05-23T00:00:00.000Z,116114367,14.13233,14.13233,,,,bbecbf69-a4f7-43e3-8b72-de180d106e2c,WBTC-USDC,0.3%,WBTC-USDC (0.3%)
2022-05-24T00:00:00.000Z,122876026,9.99499,9.99499,,,,bbecbf69-a4f7-43e3-8b72-de180d106e2c,WBTC-USDC,0.3%,WBTC-USDC (0.3%)
2022-05-25T00:00:00.000Z,123854846,12.70508,12.70508,,,,bbecbf69-a4f7-43e3-8b72-de180d106e2c,WBTC-USDC,0.3%,WBTC-USDC (0.3%)
2022-05-26T00:00:00.000Z,123065326,44.74426,44.74426,,,,bbecbf69-a4f7-43e3-8b72-de180d106e2c,WBTC-USDC,0.3%,WBTC-USDC (0.3%)
2022-05-27T00:00:00.000Z,122992438,24.90787,24.90787,,,,bbecbf69-a4f7-43e3-8b72-de180d106e2c,WBTC-USDC,0.3%,WBTC-USDC (0.3%)
2022-05-28T00:00:00.000Z,123010447,14.10587,14.10587,,,,bbecbf69-a4f7-43e3-8b72-de180d106e2c,WBTC-USDC,0.3%,WBTC-USDC (0.3%)
2022-05-29T00:00:00.000Z,125122484,7.12961,7.12961,,,,bbecbf69-a4f7-43e3-8b72-de180d106e2c,WBTC-USDC,0.3%,WBTC-USDC (0.3%)
2022-05-30T00:00:00.000Z,131333387,31.50459,31.50459,,,,bbecbf69-a4f7-43e3-8b72-de180d106e2c,WBTC-USDC,0.3%,WBTC-USDC (0.3%)
2022-05-31T00:00:00.000Z,131603557,17.26939,17.26939,,,,bbecbf69-a4f7-43e3-8b72-de180d106e2c,WBTC-USDC,0.3%,WBTC-USDC (0.3%)
2022-06-01T00:00:00.000Z,125858833,20.31049,20.31049,,,,bbecbf69-a4f7-43e3-8b72-de180d106e2c,WBTC-USDC,0.3%,WBTC-USDC (0.3%)
2022-06-02T00:00:00.000Z,128314280,17.69561,17.69561,,,,bbecbf69-a4f7-43e3-8b72-de180d106e2c,WBTC-USDC,0.3%,WBTC-USDC (0.3%)
2022-06-03T00:00:00.000Z,125741524,13.88046,13.88046,,,,bbecbf69-a4f7-43e3-8b72-de180d106e2c,WBTC-USDC,0.3%,WBTC-USDC (0.3%)
2022-06-05T00:00:00.000Z,129586651,6.84146,6.84146,,,,bbecbf69-a4f7-43e3-8b72-de180d106e2c,WBTC-USDC,0.3%,WBTC-USDC (0.3%)
2022-06-06T00:00:00.000Z,133351180,11.42351,11.42351,,,,bbecbf69-a4f7-43e3-8b72-de180d106e2c,WBTC-USDC,0.3%,WBTC-USDC (0.3%)
2022-06-07T00:00:00.000Z,133871365,36.38858,36.38858,,,,bbecbf69-a4f7-43e3-8b72-de180d106e2c,WBTC-USDC,0.3%,WBTC-USDC (0.3%)
2022-06-08T00:00:00.000Z,132122180,23.24737,23.24737,,,,bbecbf69-a4f7-43e3-8b72-de180d106e2c,WBTC-USDC,0.3%,WBTC-USDC (0.3%)
2022-06-09T00:00:00.000Z,132030846,10.26455,10.26455,,,,bbecbf69-a4f7-43e3-8b72-de180d106e2c,WBTC-USDC,0.3%,WBTC-USDC (0.3%)
2022-06-10T00:00:00.000Z,129982503,26.33295,26.33295,,,,bbecbf69-a4f7-43e3-8b72-de180d106e2c,WBTC-USDC,0.3%,WBTC-USDC (0.3%)
2022-06-11T00:00:00.000Z,130405649,20.32462,20.32462,,,,bbecbf69-a4f7-43e3-8b72-de180d106e2c,WBTC-USDC,0.3%,WBTC-USDC (0.3%)
2022-06-12T00:00:00.000Z,125514458,34.208,34.208,,,,bbecbf69-a4f7-43e3-8b72-de180d106e2c,WBTC-USDC,0.3%,WBTC-USDC (0.3%)
2022-06-13T00:00:00.000Z,109306743,163.81076,163.81076,,,,bbecbf69-a4f7-43e3-8b72-de180d106e2c,WBTC-USDC,0.3%,WBTC-USDC (0.3%)
2022-06-14T00:00:00.000Z,96785389,150.19766,150.19766,,,,bbecbf69-a4f7-43e3-8b72-de180d106e2c,WBTC-USDC,0.3%,WBTC-USDC (0.3%)
2022-06-15T00:00:00.000Z,94572697,199.20948,199.20948,,,,bbecbf69-a4f7-43e3-8b72-de180d106e2c,WBTC-USDC,0.3%,WBTC-USDC (0.3%)
2022-06-16T00:00:00.000Z,90733171,68.43322,68.43322,,,,bbecbf69-a4f7-43e3-8b72-de180d106e2c,WBTC-USDC,0.3%,WBTC-USDC (0.3%)
2022-06-17T00:00:00.000Z,92757283,58.13558,58.13558,,,,bbecbf69-a4f7-43e3-8b72-de180d106e2c,WBTC-USDC,0.3%,WBTC-USDC (0.3%)
2022-06-18T00:00:00.000Z,86727455,54.24907,54.24907,,,,bbecbf69-a4f7-43e3-8b72-de180d106e2c,WBTC-USDC,0.3%,WBTC-USDC (0.3%)
2022-06-19T00:00:00.000Z,83805196,64.15038,64.15038,,,,bbecbf69-a4f7-43e3-8b72-de180d106e2c,WBTC-USDC,0.3%,WBTC-USDC (0.3%)
2022-06-20T00:00:00.000Z,81364501,44.73641,44.73641,,,,bbecbf69-a4f7-43e3-8b72-de180d106e2c,WBTC-USDC,0.3%,WBTC-USDC (0.3%)
2022-06-21T00:00:00.000Z,65827065,51.80611,51.80611,,,,bbecbf69-a4f7-43e3-8b72-de180d106e2c,WBTC-USDC,0.3%,WBTC-USDC (0.3%)
2022-06-22T00:00:00.000Z,63363676,71.18016,71.18016,,,,bbecbf69-a4f7-43e3-8b72-de180d106e2c,WBTC-USDC,0.3%,WBTC-USDC (0.3%)
2022-06-23T00:00:00.000Z,69022118,51.48276,51.48276,,,,bbecbf69-a4f7-43e3-8b72-de180d106e2c,WBTC-USDC,0.3%,WBTC-USDC (0.3%)
2022-06-24T00:00:00.000Z,73166848,42.90964,42.90964,,,,bbecbf69-a4f7-43e3-8b72-de180d106e2c,WBTC-USDC,0.3%,WBTC-USDC (0.3%)
2022-06-25T00:00:00.000Z,76618642,25.77876,25.77876,,,,bbecbf69-a4f7-43e3-8b72-de180d106e2c,WBTC-USDC,0.3%,WBTC-USDC (0.3%)
2022-06-26T00:00:00.000Z,77152193,57.76283,57.76283,,,,bbecbf69-a4f7-43e3-8b72-de180d106e2c,WBTC-USDC,0.3%,WBTC-USDC (0.3%)
2022-06-27T00:00:00.000Z,80568573,22.11267,22.11267,,,,bbecbf69-a4f7-43e3-8b72-de180d106e2c,WBTC-USDC,0.3%,WBTC-USDC (0.3%)
2022-06-28T00:00:00.000Z,73123801,33.6663,33.6663,,,,bbecbf69-a4f7-43e3-8b72-de180d106e2c,WBTC-USDC,0.3%,WBTC-USDC (0.3%)
2022-06-29T00:00:00.000Z,76701528,23.75236,23.75236,,,,bbecbf69-a4f7-43e3-8b72-de180d106e2c,WBTC-USDC,0.3%,WBTC-USDC (0.3%)
2022-06-30T00:00:00.000Z,75267243,32.01785,32.01785,,,,bbecbf69-a4f7-43e3-8b72-de180d106e2c,WBTC-USDC,0.3%,WBTC-USDC (0.3%)
2022-07-01T00:00:00.000Z,76095606,85.20849,85.20849,,,,bbecbf69-a4f7-43e3-8b72-de180d106e2c,WBTC-USDC,0.3%,WBTC-USDC (0.3%)
2022-07-02T00:00:00.000Z,81340128,13.84005,13.84005,,,,bbecbf69-a4f7-43e3-8b72-de180d106e2c,WBTC-USDC,0.3%,WBTC-USDC (0.3%)
2022-07-03T00:00:00.000Z,75509412,29.21663,29.21663,,,,bbecbf69-a4f7-43e3-8b72-de180d106e2c,WBTC-USDC,0.3%,WBTC-USDC (0.3%)
2022-07-04T00:00:00.000Z,81427945,31.66312,31.66312,,,,bbecbf69-a4f7-43e3-8b72-de180d106e2c,WBTC-USDC,0.3%,WBTC-USDC (0.3%)
2022-07-05T00:00:00.000Z,79555640,71.65216,71.65216,,,,bbecbf69-a4f7-43e3-8b72-de180d106e2c,WBTC-USDC,0.3%,WBTC-USDC (0.3%)
2022-07-06T00:00:00.000Z,80327415,79.04461,79.04461,,,,bbecbf69-a4f7-43e3-8b72-de180d106e2c,WBTC-USDC,0.3%,WBTC-USDC (0.3%)
2022-07-07T00:00:00.000Z,80720676,30.39054,30.39054,,,,bbecbf69-a4f7-43e3-8b72-de180d106e2c,WBTC-USDC,0.3%,WBTC-USDC (0.3%)
2022-07-08T00:00:00.000Z,80129925,61.11163,61.11163,,,,bbecbf69-a4f7-43e3-8b72-de180d106e2c,WBTC-USDC,0.3%,WBTC-USDC (0.3%)
2022-07-09T00:00:00.000Z,79394274,37.606,37.606,,,,bbecbf69-a4f7-43e3-8b72-de180d106e2c,WBTC-USDC,0.3%,WBTC-USDC (0.3%)
2022-07-10T00:00:00.000Z,74417865,25.31934,25.31934,,,,bbecbf69-a4f7-43e3-8b72-de180d106e2c,WBTC-USDC,0.3%,WBTC-USDC (0.3%)
2022-07-11T00:00:00.000Z,72604468,30.54766,30.54766,,,,bbecbf69-a4f7-43e3-8b72-de180d106e2c,WBTC-USDC,0.3%,WBTC-USDC (0.3%)
2022-07-12T00:00:00.000Z,68825258,24.69566,24.69566,,,,bbecbf69-a4f7-43e3-8b72-de180d106e2c,WBTC-USDC,0.3%,WBTC-USDC (0.3%)
2022-07-13T00:00:00.000Z,77406976,48.05538,48.05538,,,,bbecbf69-a4f7-43e3-8b72-de180d106e2c,WBTC-USDC,0.3%,WBTC-USDC (0.3%)
2022-07-14T00:00:00.000Z,76860058,40.59217,40.59217,,,,bbecbf69-a4f7-43e3-8b72-de180d106e2c,WBTC-USDC,0.3%,WBTC-USDC (0.3%)
2022-07-15T00:00:00.000Z,74011370,32.67955,32.67955,,,,bbecbf69-a4f7-43e3-8b72-de180d106e2c,WBTC-USDC,0.3%,WBTC-USDC (0.3%)
2022-07-16T00:00:00.000Z,72002840,29.47237,29.47237,,,,bbecbf69-a4f7-43e3-8b72-de180d106e2c,WBTC-USDC,0.3%,WBTC-USDC (0.3%)
2022-07-17T00:00:00.000Z,81968211,28.06022,28.06022,,,,bbecbf69-a4f7-43e3-8b72-de180d106e2c,WBTC-USDC,0.3%,WBTC-USDC (0.3%)
2022-07-18T00:00:00.000Z,75532358,55.16025,55.16025,,,,bbecbf69-a4f7-43e3-8b72-de180d106e2c,WBTC-USDC,0.3%,WBTC-USDC (0.3%)
2022-07-19T00:00:00.000Z,68410902,94.11981,94.11981,,,,bbecbf69-a4f7-43e3-8b72-de180d106e2c,WBTC-USDC,0.3%,WBTC-USDC (0.3%)
2022-07-20T00:00:00.000Z,68555684,66.98705,66.98705,,,,bbecbf69-a4f7-43e3-8b72-de180d106e2c,WBTC-USDC,0.3%,WBTC-USDC (0.3%)
2022-07-21T00:00:00.000Z,64411428,37.47331,37.47331,,,,bbecbf69-a4f7-43e3-8b72-de180d106e2c,WBTC-USDC,0.3%,WBTC-USDC (0.3%)
2022-07-22T00:00:00.000Z,64498721,14.53913,14.53913,,,,bbecbf69-a4f7-43e3-8b72-de180d106e2c,WBTC-USDC,0.3%,WBTC-USDC (0.3%)
2022-07-23T00:00:00.000Z,62855451,17.34749,17.34749,,,,bbecbf69-a4f7-43e3-8b72-de180d106e2c,WBTC-USDC,0.3%,WBTC-USDC (0.3%)
2022-07-24T00:00:00.000Z,67764190,16.42619,16.42619,,,,bbecbf69-a4f7-43e3-8b72-de180d106e2c,WBTC-USDC,0.3%,WBTC-USDC (0.3%)
2022-07-25T00:00:00.000Z,62327993,31.54174,31.54174,,,,bbecbf69-a4f7-43e3-8b72-de180d106e2c,WBTC-USDC,0.3%,WBTC-USDC (0.3%)
2022-07-26T00:00:00.000Z,63520105,20.32117,20.32117,,,,bbecbf69-a4f7-43e3-8b72-de180d106e2c,WBTC-USDC,0.3%,WBTC-USDC (0.3%)
2022-07-27T00:00:00.000Z,63952794,40.60036,40.60036,,,,bbecbf69-a4f7-43e3-8b72-de180d106e2c,WBTC-USDC,0.3%,WBTC-USDC (0.3%)
2022-07-28T00:00:00.000Z,65688562,26.62215,26.62215,,,,bbecbf69-a4f7-43e3-8b72-de180d106e2c,WBTC-USDC,0.3%,WBTC-USDC (0.3%)
2022-07-29T00:00:00.000Z,65422580,18.84353,18.84353,,,,bbecbf69-a4f7-43e3-8b72-de180d106e2c,WBTC-USDC,0.3%,WBTC-USDC (0.3%)
2022-07-30T00:00:00.000Z,62066874,18.24451,18.24451,,,,bbecbf69-a4f7-43e3-8b72-de180d106e2c,WBTC-USDC,0.3%,WBTC-USDC (0.3%)
2022-07-31T00:00:00.000Z,62577722,12.30363,12.30363,,,,bbecbf69-a4f7-43e3-8b72-de180d106e2c,WBTC-USDC,0.3%,WBTC-USDC (0.3%)
2022-08-01T00:00:00.000Z,62232873,12.87325,12.87325,,,,bbecbf69-a4f7-43e3-8b72-de180d106e2c,WBTC-USDC,0.3%,WBTC-USDC (0.3%)
2022-08-02T00:00:00.000Z,64443187,20.09886,20.09886,,,,bbecbf69-a4f7-43e3-8b72-de180d106e2c,WBTC-USDC,0.3%,WBTC-USDC (0.3%)
2022-08-03T00:00:00.000Z,64676652,9.90615,9.90615,,,,bbecbf69-a4f7-43e3-8b72-de180d106e2c,WBTC-USDC,0.3%,WBTC-USDC (0.3%)
2022-08-04T00:00:00.000Z,63314320,14.15532,14.15532,,,,bbecbf69-a4f7-43e3-8b72-de180d106e2c,WBTC-USDC,0.3%,WBTC-USDC (0.3%)
2022-08-05T00:00:00.000Z,64387591,15.65715,15.65715,,,,bbecbf69-a4f7-43e3-8b72-de180d106e2c,WBTC-USDC,0.3%,WBTC-USDC (0.3%)
2022-08-06T00:00:00.000Z,63821024,4.30812,4.30812,,,,bbecbf69-a4f7-43e3-8b72-de180d106e2c,WBTC-USDC,0.3%,WBTC-USDC (0.3%)
2022-08-07T00:00:00.000Z,64198634,6.03921,6.03921,,,,bbecbf69-a4f7-43e3-8b72-de180d106e2c,WBTC-USDC,0.3%,WBTC-USDC (0.3%)
2022-08-08T00:00:00.000Z,65422289,11.76509,11.76509,,,,bbecbf69-a4f7-43e3-8b72-de180d106e2c,WBTC-USDC,0.3%,WBTC-USDC (0.3%)
2022-08-09T00:00:00.000Z,64031289,13.40723,13.40723,,,,bbecbf69-a4f7-43e3-8b72-de180d106e2c,WBTC-USDC,0.3%,WBTC-USDC (0.3%)
2022-08-10T00:00:00.000Z,64678788,32.3675,32.3675,,,,bbecbf69-a4f7-43e3-8b72-de180d106e2c,WBTC-USDC,0.3%,WBTC-USDC (0.3%)
2022-08-11T00:00:00.000Z,65235053,22.20387,22.20387,,,,bbecbf69-a4f7-43e3-8b72-de180d106e2c,WBTC-USDC,0.3%,WBTC-USDC (0.3%)
2022-08-12T00:00:00.000Z,64819734,13.10422,13.10422,,,,bbecbf69-a4f7-43e3-8b72-de180d106e2c,WBTC-USDC,0.3%,WBTC-USDC (0.3%)
2022-08-13T00:00:00.000Z,65708593,10.22076,10.22076,,,,bbecbf69-a4f7-43e3-8b72-de180d106e2c,WBTC-USDC,0.3%,WBTC-USDC (0.3%)
2022-08-14T00:00:00.000Z,66330279,10.66312,10.66312,,,,bbecbf69-a4f7-43e3-8b72-de180d106e2c,WBTC-USDC,0.3%,WBTC-USDC (0.3%)
2022-08-15T00:00:00.000Z,72071124,19.62105,19.62105,,,,bbecbf69-a4f7-43e3-8b72-de180d106e2c,WBTC-USDC,0.3%,WBTC-USDC (0.3%)
2022-08-16T00:00:00.000Z,72006440,16.80531,16.80531,,,,bbecbf69-a4f7-43e3-8b72-de180d106e2c,WBTC-USDC,0.3%,WBTC-USDC (0.3%)
2022-08-17T00:00:00.000Z,70037596,22.31309,22.31309,,,,bbecbf69-a4f7-43e3-8b72-de180d106e2c,WBTC-USDC,0.3%,WBTC-USDC (0.3%)
2022-08-18T00:00:00.000Z,69911607,4.73352,4.73352,,,,bbecbf69-a4f7-43e3-8b72-de180d106e2c,WBTC-USDC,0.3%,WBTC-USDC (0.3%)
2022-08-19T00:00:00.000Z,64746719,25.05344,25.05344,,,,bbecbf69-a4f7-43e3-8b72-de180d106e2c,WBTC-USDC,0.3%,WBTC-USDC (0.3%)
2022-08-20T00:00:00.000Z,65299083,12.611,12.611,,,,bbecbf69-a4f7-43e3-8b72-de180d106e2c,WBTC-USDC,0.3%,WBTC-USDC (0.3%)
2022-08-21T00:00:00.000Z,66445446,13.21725,13.21725,,,,bbecbf69-a4f7-43e3-8b72-de180d106e2c,WBTC-USDC,0.3%,WBTC-USDC (0.3%)
2022-08-22T00:00:00.000Z,65831050,12.95669,12.95669,,,,bbecbf69-a4f7-43e3-8b72-de180d106e2c,WBTC-USDC,0.3%,WBTC-USDC (0.3%)
2022-08-23T00:00:00.000Z,65970943,18.18644,18.18644,,,,bbecbf69-a4f7-43e3-8b72-de180d106e2c,WBTC-USDC,0.3%,WBTC-USDC (0.3%)
2022-08-24T00:00:00.000Z,66110256,12.87972,12.87972,,,,bbecbf69-a4f7-43e3-8b72-de180d106e2c,WBTC-USDC,0.3%,WBTC-USDC (0.3%)
2022-08-25T00:00:00.000Z,71160902,10.27365,10.27365,,,,bbecbf69-a4f7-43e3-8b72-de180d106e2c,WBTC-USDC,0.3%,WBTC-USDC (0.3%)
2022-08-26T00:00:00.000Z,68694343,30.22943,30.22943,,,,bbecbf69-a4f7-43e3-8b72-de180d106e2c,WBTC-USDC,0.3%,WBTC-USDC (0.3%)
2022-08-27T00:00:00.000Z,67056673,12.70645,12.70645,,,,bbecbf69-a4f7-43e3-8b72-de180d106e2c,WBTC-USDC,0.3%,WBTC-USDC (0.3%)
2022-08-28T00:00:00.000Z,65847580,4.65636,4.65636,,,,bbecbf69-a4f7-43e3-8b72-de180d106e2c,WBTC-USDC,0.3%,WBTC-USDC (0.3%)
2022-08-29T00:00:00.000Z,64092424,9.6489,9.6489,,,,bbecbf69-a4f7-43e3-8b72-de180d106e2c,WBTC-USDC,0.3%,WBTC-USDC (0.3%)
2022-08-30T00:00:00.000Z,63229499,15.0527,15.0527,,,,bbecbf69-a4f7-43e3-8b72-de180d106e2c,WBTC-USDC,0.3%,WBTC-USDC (0.3%)
2022-08-31T00:00:00.000Z,63881355,17.1245,17.1245,,,,bbecbf69-a4f7-43e3-8b72-de180d106e2c,WBTC-USDC,0.3%,WBTC-USDC (0.3%)
2022-09-01T00:00:00.000Z,64704243,10.33442,10.33442,,,,bbecbf69-a4f7-43e3-8b72-de180d106e2c,WBTC-USDC,0.3%,WBTC-USDC (0.3%)
2022-09-02T00:00:00.000Z,63989088,16.84198,16.84198,,,,bbecbf69-a4f7-43e3-8b72-de180d106e2c,WBTC-USDC,0.3%,WBTC-USDC (0.3%)
2022-09-03T00:00:00.000Z,63972904,37.801,37.801,,,,bbecbf69-a4f7-43e3-8b72-de180d106e2c,WBTC-USDC,0.3%,WBTC-USDC (0.3%)
2022-09-04T00:00:00.000Z,65141147,6.84876,6.84876,,,,bbecbf69-a4f7-43e3-8b72-de180d106e2c,WBTC-USDC,0.3%,WBTC-USDC (0.3%)
2022-09-05T23:01:16.450Z,64968671,11.60025,11.60025,,,,bbecbf69-a4f7-43e3-8b72-de180d106e2c,WBTC-USDC,0.3%,WBTC-USDC (0.3%)
2022-09-06T23:02:05.643Z,65320879,28.90326,28.90326,,,,bbecbf69-a4f7-43e3-8b72-de180d106e2c,WBTC-USDC,0.3%,WBTC-USDC (0.3%)
2022-09-07T13:01:46.329Z,64670280,20.02822,20.02822,,,,bbecbf69-a4f7-43e3-8b72-de180d106e2c,WBTC-USDC,0.3%,WBTC-USDC (0.3%)
2022-09-09T23:02:12.614Z,72346290,28.27697,28.27697,,,,bbecbf69-a4f7-43e3-8b72-de180d106e2c,WBTC-USDC,0.3%,WBTC-USDC (0.3%)
2022-09-10T23:02:14.908Z,71190576,13.87612,13.87612,,,,bbecbf69-a4f7-43e3-8b72-de180d106e2c,WBTC-USDC,0.3%,WBTC-USDC (0.3%)
2022-09-11T23:01:57.058Z,69477658,9.06228,9.06228,,,,bbecbf69-a4f7-43e3-8b72-de180d106e2c,WBTC-USDC,0.3%,WBTC-USDC (0.3%)
2022-09-12T23:02:59.696Z,68722624,17.18019,17.18019,,,,bbecbf69-a4f7-43e3-8b72-de180d106e2c,WBTC-USDC,0.3%,WBTC-USDC (0.3%)
2022-09-13T23:02:57.487Z,58194467,50.53943,50.53943,,,,bbecbf69-a4f7-43e3-8b72-de180d106e2c,WBTC-USDC,0.3%,WBTC-USDC (0.3%)
2022-09-14T23:02:06.866Z,54412789,17.55745,17.55745,,,,bbecbf69-a4f7-43e3-8b72-de180d106e2c,WBTC-USDC,0.3%,WBTC-USDC (0.3%)
2022-09-15T22:01:58.113Z,53550192,21.51363,21.51363,,,,bbecbf69-a4f7-43e3-8b72-de180d106e2c,WBTC-USDC,0.3%,WBTC-USDC (0.3%)
2022-09-16T23:02:00.637Z,54602444,14.92472,14.92472,,,,bbecbf69-a4f7-43e3-8b72-de180d106e2c,WBTC-USDC,0.3%,WBTC-USDC (0.3%)
2022-09-17T23:02:10.507Z,54973232,6.49897,6.49897,,,,bbecbf69-a4f7-43e3-8b72-de180d106e2c,WBTC-USDC,0.3%,WBTC-USDC (0.3%)
2022-09-18T23:02:04.829Z,53828367,9.0609,9.0609,,,,bbecbf69-a4f7-43e3-8b72-de180d106e2c,WBTC-USDC,0.3%,WBTC-USDC (0.3%)
2022-09-19T23:02:07.446Z,55024795,19.44755,19.44755,,,,bbecbf69-a4f7-43e3-8b72-de180d106e2c,WBTC-USDC,0.3%,WBTC-USDC (0.3%)
2022-09-20T23:02:19.872Z,30379158,26.37246,26.37246,,,,bbecbf69-a4f7-43e3-8b72-de180d106e2c,WBTC-USDC,0.3%,WBTC-USDC (0.3%)
2022-09-21T23:02:24.764Z,28873316,75.25182,75.25182,,,,bbecbf69-a4f7-43e3-8b72-de180d106e2c,WBTC-USDC,0.3%,WBTC-USDC (0.3%)
2022-09-22T23:02:06.638Z,30150208,41.59214,41.59214,,,,bbecbf69-a4f7-43e3-8b72-de180d106e2c,WBTC-USDC,0.3%,WBTC-USDC (0.3%)
2022-09-23T23:02:10.796Z,30537439,36.61577,36.61577,,,,bbecbf69-a4f7-43e3-8b72-de180d106e2c,WBTC-USDC,0.3%,WBTC-USDC (0.3%)
2022-09-24T23:24:18.023Z,31765281,13.265,13.265,,,,bbecbf69-a4f7-43e3-8b72-de180d106e2c,WBTC-USDC,0.3%,WBTC-USDC (0.3%)
2022-09-25T23:13:24.051Z,31803437,13.90068,13.90068,,,,bbecbf69-a4f7-43e3-8b72-de180d106e2c,WBTC-USDC,0.3%,WBTC-USDC (0.3%)
2022-09-26T16:13:29.810Z,35113804,22.01554,22.01554,,,,bbecbf69-a4f7-43e3-8b72-de180d106e2c,WBTC-USDC,0.3%,WBTC-USDC (0.3%)
2022-09-27T23:02:32.616Z,32081107,73.55675,73.55675,,,,bbecbf69-a4f7-43e3-8b72-de180d106e2c,WBTC-USDC,0.3%,WBTC-USDC (0.3%)
2022-09-28T23:02:07.317Z,32961368,62.79813,62.79813,,,,bbecbf69-a4f7-43e3-8b72-de180d106e2c,WBTC-USDC,0.3%,WBTC-USDC (0.3%)
2022-09-29T23:02:15.893Z,53859374,29.19578,29.19578,,,,bbecbf69-a4f7-43e3-8b72-de180d106e2c,WBTC-USDC,0.3%,WBTC-USDC (0.3%)
2022-09-30T23:02:26.530Z,35424500,304.58371,304.58371,,,,bbecbf69-a4f7-43e3-8b72-de180d106e2c,WBTC-USDC,0.3%,WBTC-USDC (0.3%)
2022-10-01T23:02:21.511Z,36694291,6.86256,6.86256,,,,bbecbf69-a4f7-43e3-8b72-de180d106e2c,WBTC-USDC,0.3%,WBTC-USDC (0.3%)
2022-10-02T23:02:17.763Z,36289170,9.52031,9.52031,,,,bbecbf69-a4f7-43e3-8b72-de180d106e2c,WBTC-USDC,0.3%,WBTC-USDC (0.3%)
2022-10-03T19:02:05.326Z,40949293,28.25837,28.25837,,,,bbecbf69-a4f7-43e3-8b72-de180d106e2c,WBTC-USDC,0.3%,WBTC-USDC (0.3%)
2022-10-04T23:13:21.530Z,41924082,61.50534,61.50534,,,,bbecbf69-a4f7-43e3-8b72-de180d106e2c,WBTC-USDC,0.3%,WBTC-USDC (0.3%)
2022-10-05T23:02:28.749Z,44399940,41.32728,41.32728,,,,bbecbf69-a4f7-43e3-8b72-de180d106e2c,WBTC-USDC,0.3%,WBTC-USDC (0.3%)
2022-10-06T23:02:16.360Z,41078094,44.43624,44.43624,,,,bbecbf69-a4f7-43e3-8b72-de180d106e2c,WBTC-USDC,0.3%,WBTC-USDC (0.3%)
2022-10-07T23:02:10.632Z,41755795,37.91408,37.91408,,,,bbecbf69-a4f7-43e3-8b72-de180d106e2c,WBTC-USDC,0.3%,WBTC-USDC (0.3%)
2022-10-08T23:02:27.611Z,42540672,3.69351,3.69351,,,,bbecbf69-a4f7-43e3-8b72-de180d106e2c,WBTC-USDC,0.3%,WBTC-USDC (0.3%)
2022-10-09T23:24:36.309Z,42965560,2.84524,2.84524,,,,bbecbf69-a4f7-43e3-8b72-de180d106e2c,WBTC-USDC,0.3%,WBTC-USDC (0.3%)
2022-10-10T23:02:14.829Z,42401226,16.66085,16.66085,,,,bbecbf69-a4f7-43e3-8b72-de180d106e2c,WBTC-USDC,0.3%,WBTC-USDC (0.3%)
2022-10-11T23:02:15.230Z,40087829,21.95304,21.95304,,,,bbecbf69-a4f7-43e3-8b72-de180d106e2c,WBTC-USDC,0.3%,WBTC-USDC (0.3%)
2022-10-12T23:02:21.620Z,39960342,5.19952,5.19952,,,,bbecbf69-a4f7-43e3-8b72-de180d106e2c,WBTC-USDC,0.3%,WBTC-USDC (0.3%)
2022-10-13T23:02:26.954Z,80441261,33.56293,33.56293,,,,bbecbf69-a4f7-43e3-8b72-de180d106e2c,WBTC-USDC,0.3%,WBTC-USDC (0.3%)
2022-10-14T23:02:38.805Z,79488186,26.45149,26.45149,,,,bbecbf69-a4f7-43e3-8b72-de180d106e2c,WBTC-USDC,0.3%,WBTC-USDC (0.3%)
2022-10-15T23:02:13.458Z,79567865,1.31471,1.31471,,,,bbecbf69-a4f7-43e3-8b72-de180d106e2c,WBTC-USDC,0.3%,WBTC-USDC (0.3%)
2022-10-16T23:02:26.335Z,80565109,4.24221,4.24221,,,,bbecbf69-a4f7-43e3-8b72-de180d106e2c,WBTC-USDC,0.3%,WBTC-USDC (0.3%)
2022-10-17T23:02:21.653Z,80610432,18.24829,18.24829,,,,bbecbf69-a4f7-43e3-8b72-de180d106e2c,WBTC-USDC,0.3%,WBTC-USDC (0.3%)
2022-10-18T23:05:01.856Z,79331162,13.114,13.114,,,,bbecbf69-a4f7-43e3-8b72-de180d106e2c,WBTC-USDC,0.3%,WBTC-USDC (0.3%)
2022-10-19T18:03:04.663Z,13420405,65.66656,65.66656,,,,bbecbf69-a4f7-43e3-8b72-de180d106e2c,WBTC-USDC,0.3%,WBTC-USDC (0.3%)
2022-10-20T19:02:16.311Z,76660216,5.70659,5.70659,,,,bbecbf69-a4f7-43e3-8b72-de180d106e2c,WBTC-USDC,0.3%,WBTC-USDC (0.3%)
2022-10-21T21:02:11.934Z,80447172,5.95656,5.95656,,,,bbecbf69-a4f7-43e3-8b72-de180d106e2c,WBTC-USDC,0.3%,WBTC-USDC (0.3%)
2022-10-22T23:02:10.936Z,79693894,0.63051,0.63051,,,,bbecbf69-a4f7-43e3-8b72-de180d106e2c,WBTC-USDC,0.3%,WBTC-USDC (0.3%)
2022-10-23T23:13:14.816Z,81325824,6.48193,6.48193,,,,bbecbf69-a4f7-43e3-8b72-de180d106e2c,WBTC-USDC,0.3%,WBTC-USDC (0.3%)
2022-10-24T23:02:25.116Z,80233409,6.21329,6.21329,,,,bbecbf69-a4f7-43e3-8b72-de180d106e2c,WBTC-USDC,0.3%,WBTC-USDC (0.3%)
2022-10-25T23:02:08.277Z,82508239,34.592,34.592,,,,bbecbf69-a4f7-43e3-8b72-de180d106e2c,WBTC-USDC,0.3%,WBTC-USDC (0.3%)
2022-10-26T23:02:27.426Z,85203447,35.50512,35.50512,,,,bbecbf69-a4f7-43e3-8b72-de180d106e2c,WBTC-USDC,0.3%,WBTC-USDC (0.3%)
2022-10-27T23:02:07.014Z,85139047,24.97809,24.97809,,,,bbecbf69-a4f7-43e3-8b72-de180d106e2c,WBTC-USDC,0.3%,WBTC-USDC (0.3%)
2022-10-28T23:01:50.707Z,85228528,20.95686,20.95686,,,,bbecbf69-a4f7-43e3-8b72-de180d106e2c,WBTC-USDC,0.3%,WBTC-USDC (0.3%)
2022-10-29T23:02:05.967Z,85380189,22.65141,22.65141,,,,bbecbf69-a4f7-43e3-8b72-de180d106e2c,WBTC-USDC,0.3%,WBTC-USDC (0.3%)
2022-10-30T23:02:00.229Z,85056784,8.8554,8.8554,,,,bbecbf69-a4f7-43e3-8b72-de180d106e2c,WBTC-USDC,0.3%,WBTC-USDC (0.3%)
2022-10-31T23:02:05.292Z,84597221,17.77727,17.77727,,,,bbecbf69-a4f7-43e3-8b72-de180d106e2c,WBTC-USDC,0.3%,WBTC-USDC (0.3%)
2022-11-01T23:02:00.634Z,84859875,7.93295,7.93295,,,,bbecbf69-a4f7-43e3-8b72-de180d106e2c,WBTC-USDC,0.3%,WBTC-USDC (0.3%)
2022-11-02T23:02:06.804Z,40205818,43.42186,43.42186,,,,bbecbf69-a4f7-43e3-8b72-de180d106e2c,WBTC-USDC,0.3%,WBTC-USDC (0.3%)
2022-11-03T23:13:05.495Z,40320596,10.07605,10.07605,,,,bbecbf69-a4f7-43e3-8b72-de180d106e2c,WBTC-USDC,0.3%,WBTC-USDC (0.3%)
2022-11-04T23:02:00.630Z,40602647,33.80273,33.80273,,,,bbecbf69-a4f7-43e3-8b72-de180d106e2c,WBTC-USDC,0.3%,WBTC-USDC (0.3%)
2022-11-05T15:13:09.838Z,41846245,15.94684,15.94684,,,,bbecbf69-a4f7-43e3-8b72-de180d106e2c,WBTC-USDC,0.3%,WBTC-USDC (0.3%)
2022-11-06T23:02:43.389Z,42008550,4.72592,4.72592,,,,bbecbf69-a4f7-43e3-8b72-de180d106e2c,WBTC-USDC,0.3%,WBTC-USDC (0.3%)
2022-11-07T23:02:02.207Z,40535204,17.85144,17.85144,,,,bbecbf69-a4f7-43e3-8b72-de180d106e2c,WBTC-USDC,0.3%,WBTC-USDC (0.3%)
2022-11-08T23:24:07.679Z,34622368,220.2833,220.2833,,,,bbecbf69-a4f7-43e3-8b72-de180d106e2c,WBTC-USDC,0.3%,WBTC-USDC (0.3%)
2022-11-09T23:02:04.557Z,29956645,247.03067,247.03067,,,,bbecbf69-a4f7-43e3-8b72-de180d106e2c,WBTC-USDC,0.3%,WBTC-USDC (0.3%)
2022-11-10T22:02:03.430Z,29310382,244.13524,244.13524,,,,bbecbf69-a4f7-43e3-8b72-de180d106e2c,WBTC-USDC,0.3%,WBTC-USDC (0.3%)
2022-11-11T23:02:08.327Z,28758321,136.00323,136.00323,,,,bbecbf69-a4f7-43e3-8b72-de180d106e2c,WBTC-USDC,0.3%,WBTC-USDC (0.3%)
2022-11-12T23:13:04.663Z,26317738,14.5983,14.5983,,,,bbecbf69-a4f7-43e3-8b72-de180d106e2c,WBTC-USDC,0.3%,WBTC-USDC (0.3%)
2022-11-13T23:13:06.636Z,25556307,8.20199,8.20199,,,,bbecbf69-a4f7-43e3-8b72-de180d106e2c,WBTC-USDC,0.3%,WBTC-USDC (0.3%)
2022-11-14T23:02:21.213Z,25558868,38.20452,38.20452,,,,bbecbf69-a4f7-43e3-8b72-de180d106e2c,WBTC-USDC,0.3%,WBTC-USDC (0.3%)
2022-11-15T23:02:22.525Z,24883543,25.01432,25.01432,,,,bbecbf69-a4f7-43e3-8b72-de180d106e2c,WBTC-USDC,0.3%,WBTC-USDC (0.3%)
2022-11-16T23:01:56.576Z,24417249,17.79854,17.79854,,,,bbecbf69-a4f7-43e3-8b72-de180d106e2c,WBTC-USDC,0.3%,WBTC-USDC (0.3%)
2022-11-17T23:02:29.608Z,26153226,14.41426,14.41426,,,,bbecbf69-a4f7-43e3-8b72-de180d106e2c,WBTC-USDC,0.3%,WBTC-USDC (0.3%)
2022-11-18T23:01:53.087Z,24505032,7.00556,7.00556,,,,bbecbf69-a4f7-43e3-8b72-de180d106e2c,WBTC-USDC,0.3%,WBTC-USDC (0.3%)
2022-11-19T23:01:56.046Z,24616132,7.39865,7.39865,,,,bbecbf69-a4f7-43e3-8b72-de180d106e2c,WBTC-USDC,0.3%,WBTC-USDC (0.3%)
2022-11-20T23:02:06.966Z,23955188,10.96194,10.96194,,,,bbecbf69-a4f7-43e3-8b72-de180d106e2c,WBTC-USDC,0.3%,WBTC-USDC (0.3%)
2022-11-21T23:02:14.723Z,23099315,20.9494,20.9494,,,,bbecbf69-a4f7-43e3-8b72-de180d106e2c,WBTC-USDC,0.3%,WBTC-USDC (0.3%)
2022-11-22T23:24:40.273Z,25697341,13.43416,13.43416,,-0.16495,,bbecbf69-a4f7-43e3-8b72-de180d106e2c,WBTC-USDC,0.3%,WBTC-USDC (0.3%)
2022-11-23T23:02:34.126Z,26072295,16.48417,16.48417,,-0.00646,,bbecbf69-a4f7-43e3-8b72-de180d106e2c,WBTC-USDC,0.3%,WBTC-USDC (0.3%)
2022-11-24T23:02:45.154Z,26339465,13.11738,13.11738,,-0.00243,,bbecbf69-a4f7-43e3-8b72-de180d106e2c,WBTC-USDC,0.3%,WBTC-USDC (0.3%)
2022-11-25T23:02:38.707Z,23663194,12.96495,12.96495,,-0.03203,,bbecbf69-a4f7-43e3-8b72-de180d106e2c,WBTC-USDC,0.3%,WBTC-USDC (0.3%)
2022-11-26T11:02:14.981Z,23840496,11.6652,11.6652,,-5e-05,,bbecbf69-a4f7-43e3-8b72-de180d106e2c,WBTC-USDC,0.3%,WBTC-USDC (0.3%)
2022-11-27T23:02:34.613Z,22990779,5.22089,5.22089,,-0.02865,,bbecbf69-a4f7-43e3-8b72-de180d106e2c,WBTC-USDC,0.3%,WBTC-USDC (0.3%)
2022-11-28T23:04:51.630Z,25203056,10.83561,10.83561,,-0.092,23.37194,bbecbf69-a4f7-43e3-8b72-de180d106e2c,WBTC-USDC,0.3%,WBTC-USDC (0.3%)
2022-11-29T23:04:57.693Z,25487062,6.69051,6.69051,,-0.03724,14.16756,bbecbf69-a4f7-43e3-8b72-de180d106e2c,WBTC-USDC,0.3%,WBTC-USDC (0.3%)
2022-11-30T23:05:08.893Z,26668340,22.37085,22.37085,,-0.16781,12.8512,bbecbf69-a4f7-43e3-8b72-de180d106e2c,WBTC-USDC,0.3%,WBTC-USDC (0.3%)
2022-12-01T23:05:04.849Z,26801993,8.93279,8.93279,,-0.05671,14.93902,bbecbf69-a4f7-43e3-8b72-de180d106e2c,WBTC-USDC,0.3%,WBTC-USDC (0.3%)
2022-12-02T23:04:46.776Z,26829658,5.325,5.325,,-0.17871,10.80475,bbecbf69-a4f7-43e3-8b72-de180d106e2c,WBTC-USDC,0.3%,WBTC-USDC (0.3%)
2022-12-03T23:05:08.753Z,26664027,3.40052,3.40052,,-0.07956,13.40907,bbecbf69-a4f7-43e3-8b72-de180d106e2c,WBTC-USDC,0.3%,WBTC-USDC (0.3%)
2022-12-04T23:04:55.480Z,27464877,3.31372,3.31372,,-0.09768,8.79083,bbecbf69-a4f7-43e3-8b72-de180d106e2c,WBTC-USDC,0.3%,WBTC-USDC (0.3%)
2022-12-05T23:15:50.865Z,25365166,21.81441,21.81441,,-0.20591,14.53506,bbecbf69-a4f7-43e3-8b72-de180d106e2c,WBTC-USDC,0.3%,WBTC-USDC (0.3%)
2022-12-06T23:05:04.784Z,25352887,1.90286,1.90286,,-0.09247,13.61889,bbecbf69-a4f7-43e3-8b72-de180d106e2c,WBTC-USDC,0.3%,WBTC-USDC (0.3%)
2022-12-07T23:16:06.577Z,25429564,5.61261,5.61261,,-0.02901,10.22694,bbecbf69-a4f7-43e3-8b72-de180d106e2c,WBTC-USDC,0.3%,WBTC-USDC (0.3%)
2022-12-08T23:05:00.093Z,24412572,8.2576,8.2576,,-0.02073,9.21203,bbecbf69-a4f7-43e3-8b72-de180d106e2c,WBTC-USDC,0.3%,WBTC-USDC (0.3%)
2022-12-09T23:16:20.649Z,23924367,2.25781,2.25781,,-0.00302,9.24451,bbecbf69-a4f7-43e3-8b72-de180d106e2c,WBTC-USDC,0.3%,WBTC-USDC (0.3%)
2022-12-10T23:04:49.806Z,23927966,0.61421,0.61421,,-0.02633,8.6664,bbecbf69-a4f7-43e3-8b72-de180d106e2c,WBTC-USDC,0.3%,WBTC-USDC (0.3%)
2022-12-11T23:05:07.608Z,23680318,2.14075,2.14075,,-0.00182,7.06133,bbecbf69-a4f7-43e3-8b72-de180d106e2c,WBTC-USDC,0.3%,WBTC-USDC (0.3%)
2022-12-12T23:05:00.355Z,24258033,4.42105,4.42105,,-0.0067,4.94598,bbecbf69-a4f7-43e3-8b72-de180d106e2c,WBTC-USDC,0.3%,WBTC-USDC (0.3%)
2022-12-13T23:04:51.166Z,24679218,13.12198,13.12198,,-0.16648,7.58783,bbecbf69-a4f7-43e3-8b72-de180d106e2c,WBTC-USDC,0.3%,WBTC-USDC (0.3%)
2022-12-14T23:09:00.172Z,24474523,13.7759,13.7759,,-0.26697,8.93571,bbecbf69-a4f7-43e3-8b72-de180d106e2c,WBTC-USDC,0.3%,WBTC-USDC (0.3%)
2022-12-15T23:05:07.194Z,23982360,9.50061,9.50061,,-0.00357,9.18216,bbecbf69-a4f7-43e3-8b72-de180d106e2c,WBTC-USDC,0.3%,WBTC-USDC (0.3%)
2022-12-16T23:05:12.116Z,23422835,13.57325,13.57325,,-0.05358,14.21341,bbecbf69-a4f7-43e3-8b72-de180d106e2c,WBTC-USDC,0.3%,WBTC-USDC (0.3%)
2022-12-17T23:05:01.543Z,23251636,4.11164,4.11164,,-0.05361,15.12615,bbecbf69-a4f7-43e3-8b72-de180d106e2c,WBTC-USDC,0.3%,WBTC-USDC (0.3%)
2022-12-18T23:06:08.594Z,23299505,1.73716,1.73716,,-0.03789,14.9157,bbecbf69-a4f7-43e3-8b72-de180d106e2c,WBTC-USDC,0.3%,WBTC-USDC (0.3%)
2022-12-19T23:05:07.630Z,22885457,3.88421,3.88421,,-0.17784,15.19306,bbecbf69-a4f7-43e3-8b72-de180d106e2c,WBTC-USDC,0.3%,WBTC-USDC (0.3%)
2022-12-20T23:05:50.763Z,22953139,8.76855,8.76855,,-0.22112,13.0803,bbecbf69-a4f7-43e3-8b72-de180d106e2c,WBTC-USDC,0.3%,WBTC-USDC (0.3%)
2022-12-21T23:05:06.261Z,22758217,2.89795,2.89795,,-0.33695,10.80348,bbecbf69-a4f7-43e3-8b72-de180d106e2c,WBTC-USDC,0.3%,WBTC-USDC (0.3%)
2022-12-22T23:05:14.883Z,22785237,6.32707,6.32707,,-0.08458,9.93426,bbecbf69-a4f7-43e3-8b72-de180d106e2c,WBTC-USDC,0.3%,WBTC-USDC (0.3%)
2022-12-23T23:05:09.138Z,22783765,1.04523,1.04523,,-0.00112,6.8758,bbecbf69-a4f7-43e3-8b72-de180d106e2c,WBTC-USDC,0.3%,WBTC-USDC (0.3%)
2022-12-24T23:05:13.796Z,22655957,0.1473,0.1473,,-0.00128,5.89944,bbecbf69-a4f7-43e3-8b72-de180d106e2c,WBTC-USDC,0.3%,WBTC-USDC (0.3%)
2022-12-25T23:09:04.099Z,22601054,0.78339,0.78339,,-0.00034,5.63866,bbecbf69-a4f7-43e3-8b72-de180d106e2c,WBTC-USDC,0.3%,WBTC-USDC (0.3%)
2022-12-26T23:05:12.898Z,21858557,0.50753,0.50753,,-0.07653,5.13934,bbecbf69-a4f7-43e3-8b72-de180d106e2c,WBTC-USDC,0.3%,WBTC-USDC (0.3%)
2022-12-27T23:05:01.263Z,21564132,6.15837,6.15837,,-0.01788,4.59865,bbecbf69-a4f7-43e3-8b72-de180d106e2c,WBTC-USDC,0.3%,WBTC-USDC (0.3%)
2022-12-28T23:05:01.495Z,21397421,12.00468,12.00468,,-0.02397,6.83605,bbecbf69-a4f7-43e3-8b72-de180d106e2c,WBTC-USDC,0.3%,WBTC-USDC (0.3%)
2022-12-29T23:04:58.222Z,22398603,1.57603,1.57603,,-0.01536,4.81006,bbecbf69-a4f7-43e3-8b72-de180d106e2c,WBTC-USDC,0.3%,WBTC-USDC (0.3%)
2022-12-30T23:16:37.153Z,22390747,3.29414,3.29414,,-0.01393,5.29329,bbecbf69-a4f7-43e3-8b72-de180d106e2c,WBTC-USDC,0.3%,WBTC-USDC (0.3%)
2022-12-31T23:05:17.293Z,22324761,0.77213,0.77213,,-0.03482,5.45909,bbecbf69-a4f7-43e3-8b72-de180d106e2c,WBTC-USDC,0.3%,WBTC-USDC (0.3%)
2023-01-01T23:05:42.031Z,22367074,1.237,1.237,,-0.01579,5.53151,bbecbf69-a4f7-43e3-8b72-de180d106e2c,WBTC-USDC,0.3%,WBTC-USDC (0.3%)
2023-01-02T23:06:40.253Z,21319926,2.56064,2.56064,,-0.01193,6.38465,bbecbf69-a4f7-43e3-8b72-de180d106e2c,WBTC-USDC,0.3%,WBTC-USDC (0.3%)
2023-01-03T23:05:37.147Z,21297001,1.23102,1.23102,,-3e-05,5.20908,bbecbf69-a4f7-43e3-8b72-de180d106e2c,WBTC-USDC,0.3%,WBTC-USDC (0.3%)
2023-01-04T23:05:22.657Z,21580441,4.9038,4.9038,,-0.04437,3.29651,bbecbf69-a4f7-43e3-8b72-de180d106e2c,WBTC-USDC,0.3%,WBTC-USDC (0.3%)
2023-01-05T23:10:36.731Z,21092823,0.46191,0.46191,,-0.01903,3.36477,bbecbf69-a4f7-43e3-8b72-de180d106e2c,WBTC-USDC,0.3%,WBTC-USDC (0.3%)
2023-01-06T23:06:17.724Z,21142580,2.66041,2.66041,,-0.04826,3.05427,bbecbf69-a4f7-43e3-8b72-de180d106e2c,WBTC-USDC,0.3%,WBTC-USDC (0.3%)
2023-01-07T23:05:35.950Z,21099642,0.60488,0.60488,,-0.06886,3.01726,bbecbf69-a4f7-43e3-8b72-de180d106e2c,WBTC-USDC,0.3%,WBTC-USDC (0.3%)
2023-01-08T23:05:54.077Z,21980309,0.53857,0.53857,,-0.05263,2.57823,bbecbf69-a4f7-43e3-8b72-de180d106e2c,WBTC-USDC,0.3%,WBTC-USDC (0.3%)
2023-01-09T23:06:01.547Z,21153956,6.21384,6.21384,,-0.09555,3.70212,bbecbf69-a4f7-43e3-8b72-de180d106e2c,WBTC-USDC,0.3%,WBTC-USDC (0.3%)
2023-01-10T23:07:16.956Z,21359828,2.60944,2.60944,,-0.16368,4.30413,bbecbf69-a4f7-43e3-8b72-de180d106e2c,WBTC-USDC,0.3%,WBTC-USDC (0.3%)
2023-01-11T23:09:05.652Z,23179708,2.9866,2.9866,,-0.15942,2.95148,bbecbf69-a4f7-43e3-8b72-de180d106e2c,WBTC-USDC,0.3%,WBTC-USDC (0.3%)
2023-01-12T23:05:38.138Z,23744103,29.62658,29.62658,,-1.10958,9.26831,bbecbf69-a4f7-43e3-8b72-de180d106e2c,WBTC-USDC,0.3%,WBTC-USDC (0.3%)
2023-01-13T23:06:07.937Z,24486869,26.50653,26.50653,,-2.13909,9.39599,bbecbf69-a4f7-43e3-8b72-de180d106e2c,WBTC-USDC,0.3%,WBTC-USDC (0.3%)
2023-01-14T23:17:01.679Z,25980817,82.87636,82.87636,,-4.04995,27.37038,bbecbf69-a4f7-43e3-8b72-de180d106e2c,WBTC-USDC,0.3%,WBTC-USDC (0.3%)
2023-01-15T23:06:05.986Z,23281164,16.10716,16.10716,,-3.90313,29.57024,bbecbf69-a4f7-43e3-8b72-de180d106e2c,WBTC-USDC,0.3%,WBTC-USDC (0.3%)
2023-01-16T23:05:59.711Z,22599181,22.93921,22.93921,,-3.69415,32.34199,bbecbf69-a4f7-43e3-8b72-de180d106e2c,WBTC-USDC,0.3%,WBTC-USDC (0.3%)
2023-01-17T23:06:07.216Z,22683752,17.5833,17.5833,,-3.45756,34.29039,bbecbf69-a4f7-43e3-8b72-de180d106e2c,WBTC-USDC,0.3%,WBTC-USDC (0.3%)
2023-01-18T23:06:07.350Z,22530927,33.68219,33.68219,,-2.42804,35.18397,bbecbf69-a4f7-43e3-8b72-de180d106e2c,WBTC-USDC,0.3%,WBTC-USDC (0.3%)
2023-01-19T23:10:16.130Z,22796154,16.19699,16.19699,,-1.01739,34.24224,bbecbf69-a4f7-43e3-8b72-de180d106e2c,WBTC-USDC,0.3%,WBTC-USDC (0.3%)
2023-01-20T23:05:54.190Z,23876356,17.40947,17.40947,,-1.49792,75.77692,bbecbf69-a4f7-43e3-8b72-de180d106e2c,WBTC-USDC,0.3%,WBTC-USDC (0.3%)
2023-01-21T23:06:03.785Z,24116498,12.308,12.308,,-0.78913,44.225,bbecbf69-a4f7-43e3-8b72-de180d106e2c,WBTC-USDC,0.3%,WBTC-USDC (0.3%)
2023-01-22T23:06:11.011Z,23747993,14.45152,14.45152,,-0.53869,41.56454,bbecbf69-a4f7-43e3-8b72-de180d106e2c,WBTC-USDC,0.3%,WBTC-USDC (0.3%)
2023-01-23T23:09:28.513Z,23993677,9.18074,9.18074,,-0.53909,38.98774,bbecbf69-a4f7-43e3-8b72-de180d106e2c,WBTC-USDC,0.3%,WBTC-USDC (0.3%)
2023-01-24T23:06:23.031Z,23972015,29.74238,29.74238,,-0.40279,40.36732,bbecbf69-a4f7-43e3-8b72-de180d106e2c,WBTC-USDC,0.3%,WBTC-USDC (0.3%)
2023-01-25T23:05:49.853Z,24001125,19.06042,19.06042,,-0.77283,36.02264,bbecbf69-a4f7-43e3-8b72-de180d106e2c,WBTC-USDC,0.3%,WBTC-USDC (0.3%)
2023-01-26T23:17:09.422Z,23934166,6.65649,6.65649,,-0.74121,32.18262,bbecbf69-a4f7-43e3-8b72-de180d106e2c,WBTC-USDC,0.3%,WBTC-USDC (0.3%)
2023-01-27T16:07:21.828Z,23530457,7.37026,7.37026,,-0.57761,21.93628,bbecbf69-a4f7-43e3-8b72-de180d106e2c,WBTC-USDC,0.3%,WBTC-USDC (0.3%)
2023-01-28T23:09:18.944Z,23634154,1.62486,1.62486,,-0.00098,26.6662,bbecbf69-a4f7-43e3-8b72-de180d106e2c,WBTC-USDC,0.3%,WBTC-USDC (0.3%)
2023-01-29T23:09:44.682Z,24006292,8.12356,8.12356,,-0.23021,31.84398,bbecbf69-a4f7-43e3-8b72-de180d106e2c,WBTC-USDC,0.3%,WBTC-USDC (0.3%)
2023-01-30T23:09:28.452Z,23476143,14.84877,14.84877,,-0.00884,15.64458,bbecbf69-a4f7-43e3-8b72-de180d106e2c,WBTC-USDC,0.3%,WBTC-USDC (0.3%)
2023-01-31T23:05:57.810Z,26485946,11.62495,11.62495,,-0.02381,10.08118,bbecbf69-a4f7-43e3-8b72-de180d106e2c,WBTC-USDC,0.3%,WBTC-USDC (0.3%)
2023-02-01T23:31:40.348Z,27043101,13.12586,13.12586,,-0.07459,14.50042,bbecbf69-a4f7-43e3-8b72-de180d106e2c,WBTC-USDC,0.3%,WBTC-USDC (0.3%)
2023-02-02T23:06:01.815Z,26843559,15.98565,15.98565,,-0.05315,11.75724,bbecbf69-a4f7-43e3-8b72-de180d106e2c,WBTC-USDC,0.3%,WBTC-USDC (0.3%)
2023-02-03T23:05:54.570Z,26218424,11.97145,11.97145,,-0.04907,11.11363,bbecbf69-a4f7-43e3-8b72-de180d106e2c,WBTC-USDC,0.3%,WBTC-USDC (0.3%)
2023-02-04T23:06:15.217Z,26342695,4.02919,4.02919,,-0.03027,11.07739,bbecbf69-a4f7-43e3-8b72-de180d106e2c,WBTC-USDC,0.3%,WBTC-USDC (0.3%)
2023-02-05T23:05:54.916Z,25808005,7.31194,7.31194,,-0.10583,11.70734,bbecbf69-a4f7-43e3-8b72-de180d106e2c,WBTC-USDC,0.3%,WBTC-USDC (0.3%)
2023-02-06T23:06:43.580Z,25956263,9.60594,9.60594,,-0.00382,11.56975,bbecbf69-a4f7-43e3-8b72-de180d106e2c,WBTC-USDC,0.3%,WBTC-USDC (0.3%)
2023-02-07T23:06:13.933Z,26198480,14.46623,14.46623,,-0.00129,11.67722,bbecbf69-a4f7-43e3-8b72-de180d106e2c,WBTC-USDC,0.3%,WBTC-USDC (0.3%)
2023-02-08T23:06:13.658Z,26794499,13.14971,13.14971,,-0.08827,10.84952,bbecbf69-a4f7-43e3-8b72-de180d106e2c,WBTC-USDC,0.3%,WBTC-USDC (0.3%)
2023-02-09T14:11:17.915Z,26659728,19.17202,19.17202,,-0.17032,12.47758,bbecbf69-a4f7-43e3-8b72-de180d106e2c,WBTC-USDC,0.3%,WBTC-USDC (0.3%)
2023-02-10T14:10:16.126Z,26287962,20.12207,20.12207,,-0.39037,13.26482,bbecbf69-a4f7-43e3-8b72-de180d106e2c,WBTC-USDC,0.3%,WBTC-USDC (0.3%)
2023-02-12T11:06:21.717Z,26167481,2.2684,2.2684,,-0.38356,13.49212,bbecbf69-a4f7-43e3-8b72-de180d106e2c,WBTC-USDC,0.3%,WBTC-USDC (0.3%)
2023-02-13T23:09:38.006Z,25203224,21.95978,21.95978,,-0.21998,15.67331,bbecbf69-a4f7-43e3-8b72-de180d106e2c,WBTC-USDC,0.3%,WBTC-USDC (0.3%)
2023-02-14T23:06:04.138Z,25602572,20.32291,20.32291,,-0.14744,16.14393,bbecbf69-a4f7-43e3-8b72-de180d106e2c,WBTC-USDC,0.3%,WBTC-USDC (0.3%)
2023-02-15T19:06:46.608Z,25986824,10.57403,10.57403,,-0.0063,15.31123,bbecbf69-a4f7-43e3-8b72-de180d106e2c,WBTC-USDC,0.3%,WBTC-USDC (0.3%)
2023-02-16T23:06:02.321Z,23339975,24.84756,24.84756,,-0.84299,22.71012,bbecbf69-a4f7-43e3-8b72-de180d106e2c,WBTC-USDC,0.3%,WBTC-USDC (0.3%)
2023-02-17T23:27:57.148Z,23619230,55.00709,55.00709,,-1.5139,30.57745,bbecbf69-a4f7-43e3-8b72-de180d106e2c,WBTC-USDC,0.3%,WBTC-USDC (0.3%)
2023-02-18T23:05:57.497Z,21055643,4.80469,4.80469,,-1.2558,48.31515,bbecbf69-a4f7-43e3-8b72-de180d106e2c,WBTC-USDC,0.3%,WBTC-USDC (0.3%)
2023-02-19T23:06:12.667Z,21947057,10.8172,10.8172,,-1.22447,38.60206,bbecbf69-a4f7-43e3-8b72-de180d106e2c,WBTC-USDC,0.3%,WBTC-USDC (0.3%)
2023-02-20T23:05:50.143Z,24430540,30.33179,30.33179,,-1.48397,28.26528,bbecbf69-a4f7-43e3-8b72-de180d106e2c,WBTC-USDC,0.3%,WBTC-USDC (0.3%)
2023-02-21T23:05:49.570Z,24277148,19.54781,19.54781,,-0.76196,33.00631,bbecbf69-a4f7-43e3-8b72-de180d106e2c,WBTC-USDC,0.3%,WBTC-USDC (0.3%)
2023-02-22T23:06:00.459Z,24163709,18.69746,18.69746,,-0.00381,31.97847,bbecbf69-a4f7-43e3-8b72-de180d106e2c,WBTC-USDC,0.3%,WBTC-USDC (0.3%)
2023-02-23T23:04:34.271Z,23922933,19.83449,19.83449,,-0.0042,30.69518,bbecbf69-a4f7-43e3-8b72-de180d106e2c,WBTC-USDC,0.3%,WBTC-USDC (0.3%)
2023-02-24T23:06:07.558Z,25037633,16.97878,16.97878,,-0.37478,22.31197,bbecbf69-a4f7-43e3-8b72-de180d106e2c,WBTC-USDC,0.3%,WBTC-USDC (0.3%)
2023-02-25T23:05:56.143Z,25038715,5.0284,5.0284,,-0.31165,21.99042,bbecbf69-a4f7-43e3-8b72-de180d106e2c,WBTC-USDC,0.3%,WBTC-USDC (0.3%)
2023-02-26T23:20:40.851Z,25183918,9.48669,9.48669,,-0.13507,18.61143,bbecbf69-a4f7-43e3-8b72-de180d106e2c,WBTC-USDC,0.3%,WBTC-USDC (0.3%)
2023-02-27T23:06:37.404Z,25217079,15.37038,15.37038,,-0.21258,15.79876,bbecbf69-a4f7-43e3-8b72-de180d106e2c,WBTC-USDC,0.3%,WBTC-USDC (0.3%)
2023-02-28T23:10:21.882Z,24921154,8.93915,8.93915,,-0.20699,17.63493,bbecbf69-a4f7-43e3-8b72-de180d106e2c,WBTC-USDC,0.3%,WBTC-USDC (0.3%)
2023-03-01T23:09:54.762Z,25207539,15.15499,15.15499,,-0.05818,14.15935,bbecbf69-a4f7-43e3-8b72-de180d106e2c,WBTC-USDC,0.3%,WBTC-USDC (0.3%)
2023-03-02T22:06:17.706Z,24121731,7.00481,7.00481,,-0.03566,12.04258,bbecbf69-a4f7-43e3-8b72-de180d106e2c,WBTC-USDC,0.3%,WBTC-USDC (0.3%)
2023-03-03T23:06:28.416Z,23170549,20.84572,20.84572,,-0.10475,16.34852,bbecbf69-a4f7-43e3-8b72-de180d106e2c,WBTC-USDC,0.3%,WBTC-USDC (0.3%)
2023-03-04T23:17:35.569Z,23203134,2.53056,2.53056,,-0.11264,15.39326,bbecbf69-a4f7-43e3-8b72-de180d106e2c,WBTC-USDC,0.3%,WBTC-USDC (0.3%)
2023-03-05T23:06:43.076Z,23271001,5.82399,5.82399,,-0.17862,14.6204,bbecbf69-a4f7-43e3-8b72-de180d106e2c,WBTC-USDC,0.3%,WBTC-USDC (0.3%)
2023-03-06T23:06:08.721Z,23225886,2.84605,2.84605,,-0.16863,12.07354,bbecbf69-a4f7-43e3-8b72-de180d106e2c,WBTC-USDC,0.3%,WBTC-USDC (0.3%)
2023-03-07T23:06:08.627Z,22977463,8.63588,8.63588,,-0.20007,12.5443,bbecbf69-a4f7-43e3-8b72-de180d106e2c,WBTC-USDC,0.3%,WBTC-USDC (0.3%)
2023-03-08T23:06:10.618Z,23094430,8.55528,8.55528,,-0.43084,10.86809,bbecbf69-a4f7-43e3-8b72-de180d106e2c,WBTC-USDC,0.3%,WBTC-USDC (0.3%)
2023-03-09T23:09:51.760Z,20471827,21.23941,21.23941,,-1.8038,16.94292,bbecbf69-a4f7-43e3-8b72-de180d106e2c,WBTC-USDC,0.3%,WBTC-USDC (0.3%)
2023-03-10T23:06:09.078Z,20062780,35.1588,35.1588,,-0.79158,17.63412,bbecbf69-a4f7-43e3-8b72-de180d106e2c,WBTC-USDC,0.3%,WBTC-USDC (0.3%)
2023-03-11T23:06:20.635Z,19241542,162.34141,162.34141,,-0.14043,51.28018,bbecbf69-a4f7-43e3-8b72-de180d106e2c,WBTC-USDC,0.3%,WBTC-USDC (0.3%)
2023-03-12T23:06:15.816Z,19713653,32.97842,32.97842,,-0.01153,62.44622,bbecbf69-a4f7-43e3-8b72-de180d106e2c,WBTC-USDC,0.3%,WBTC-USDC (0.3%)
2023-03-13T23:10:31.378Z,21294120,57.13643,57.13643,,-0.53789,67.04909,bbecbf69-a4f7-43e3-8b72-de180d106e2c,WBTC-USDC,0.3%,WBTC-USDC (0.3%)
2023-03-14T23:17:34.081Z,21321549,57.01053,57.01053,,-1.15637,80.04078,bbecbf69-a4f7-43e3-8b72-de180d106e2c,WBTC-USDC,0.3%,WBTC-USDC (0.3%)
2023-03-15T23:06:02.193Z,21470768,40.53565,40.53565,,-1.12097,80.01736,bbecbf69-a4f7-43e3-8b72-de180d106e2c,WBTC-USDC,0.3%,WBTC-USDC (0.3%)
2023-03-16T23:17:25.736Z,22051297,19.82258,19.82258,,-3.76705,85.01201,bbecbf69-a4f7-43e3-8b72-de180d106e2c,WBTC-USDC,0.3%,WBTC-USDC (0.3%)
2023-03-17T23:06:29.295Z,23578170,38.34181,38.34181,,-8.46156,87.03963,bbecbf69-a4f7-43e3-8b72-de180d106e2c,WBTC-USDC,0.3%,WBTC-USDC (0.3%)
2023-03-18T23:09:52.548Z,23400257,27.78226,27.78226,,-4.70174,52.5718,bbecbf69-a4f7-43e3-8b72-de180d106e2c,WBTC-USDC,0.3%,WBTC-USDC (0.3%)
2023-03-19T23:06:53.982Z,24952075,25.96654,25.96654,,-5.22182,57.44166,bbecbf69-a4f7-43e3-8b72-de180d106e2c,WBTC-USDC,0.3%,WBTC-USDC (0.3%)
2023-03-20T23:06:14.991Z,24823373,28.83521,28.83521,,-1.88679,52.17583,bbecbf69-a4f7-43e3-8b72-de180d106e2c,WBTC-USDC,0.3%,WBTC-USDC (0.3%)
2023-03-21T23:06:16.331Z,24902363,20.86258,20.86258,,-1.29973,44.9152,bbecbf69-a4f7-43e3-8b72-de180d106e2c,WBTC-USDC,0.3%,WBTC-USDC (0.3%)
2023-03-22T23:06:10.896Z,23523993,33.43262,33.43262,,-1.11813,41.86232,bbecbf69-a4f7-43e3-8b72-de180d106e2c,WBTC-USDC,0.3%,WBTC-USDC (0.3%)
2023-03-23T23:06:41.461Z,24118560,20.4473,20.4473,,-1.3958,42.50287,bbecbf69-a4f7-43e3-8b72-de180d106e2c,WBTC-USDC,0.3%,WBTC-USDC (0.3%)
2023-03-24T23:17:18.093Z,23632457,22.8071,22.8071,,-0.00237,38.54934,bbecbf69-a4f7-43e3-8b72-de180d106e2c,WBTC-USDC,0.3%,WBTC-USDC (0.3%)
2023-03-25T23:06:35.794Z,23809608,7.22642,7.22642,,-0.02623,34.15111,bbecbf69-a4f7-43e3-8b72-de180d106e2c,WBTC-USDC,0.3%,WBTC-USDC (0.3%)
2023-03-26T23:06:17.521Z,23966993,8.06777,8.06777,,-0.00315,28.05233,bbecbf69-a4f7-43e3-8b72-de180d106e2c,WBTC-USDC,0.3%,WBTC-USDC (0.3%)
2023-03-27T23:18:01.485Z,23912961,15.22445,15.22445,,-0.00432,24.55875,bbecbf69-a4f7-43e3-8b72-de180d106e2c,WBTC-USDC,0.3%,WBTC-USDC (0.3%)
2023-03-28T23:10:20.994Z,23584759,12.37583,12.37583,,-0.07569,27.10633,bbecbf69-a4f7-43e3-8b72-de180d106e2c,WBTC-USDC,0.3%,WBTC-USDC (0.3%)
2023-03-29T23:06:33.239Z,24350874,11.38346,11.38346,,-0.13852,20.698,bbecbf69-a4f7-43e3-8b72-de180d106e2c,WBTC-USDC,0.3%,WBTC-USDC (0.3%)
2023-03-30T23:28:27.357Z,24197899,15.12976,15.12976,,-0.02866,19.28906,bbecbf69-a4f7-43e3-8b72-de180d106e2c,WBTC-USDC,0.3%,WBTC-USDC (0.3%)
2023-03-31T22:07:01.089Z,24794629,13.31103,13.31103,,-0.15545,17.66981,bbecbf69-a4f7-43e3-8b72-de180d106e2c,WBTC-USDC,0.3%,WBTC-USDC (0.3%)
2023-04-01T23:06:17.502Z,24810149,9.54406,9.54406,,-0.12961,16.36283,bbecbf69-a4f7-43e3-8b72-de180d106e2c,WBTC-USDC,0.3%,WBTC-USDC (0.3%)
2023-04-02T23:06:12.770Z,24557855,5.62881,5.62881,,-0.00013,15.74892,bbecbf69-a4f7-43e3-8b72-de180d106e2c,WBTC-USDC,0.3%,WBTC-USDC (0.3%)
2023-04-03T23:17:37.535Z,24628173,18.89993,18.89993,,-0.06017,16.55284,bbecbf69-a4f7-43e3-8b72-de180d106e2c,WBTC-USDC,0.3%,WBTC-USDC (0.3%)
2023-04-04T23:06:38.555Z,24758276,13.8228,13.8228,,-0.1036,16.08009,bbecbf69-a4f7-43e3-8b72-de180d106e2c,WBTC-USDC,0.3%,WBTC-USDC (0.3%)
2023-04-05T23:10:49.151Z,25011867,13.95258,13.95258,,-0.0048,16.62545,bbecbf69-a4f7-43e3-8b72-de180d106e2c,WBTC-USDC,0.3%,WBTC-USDC (0.3%)
2023-04-06T23:06:21.941Z,24933996,7.84394,7.84394,,-0.00134,15.92935,bbecbf69-a4f7-43e3-8b72-de180d106e2c,WBTC-USDC,0.3%,WBTC-USDC (0.3%)
2023-04-07T23:17:03.409Z,25083337,1.52721,1.52721,,-0.03628,13.80126,bbecbf69-a4f7-43e3-8b72-de180d106e2c,WBTC-USDC,0.3%,WBTC-USDC (0.3%)
2023-04-08T23:09:50.983Z,25118261,2.35535,2.35535,,-0.04391,12.35285,bbecbf69-a4f7-43e3-8b72-de180d106e2c,WBTC-USDC,0.3%,WBTC-USDC (0.3%)
2023-04-09T23:07:15.858Z,25402170,3.7508,3.7508,,-0.0155,11.9929,bbecbf69-a4f7-43e3-8b72-de180d106e2c,WBTC-USDC,0.3%,WBTC-USDC (0.3%)
2023-04-10T23:28:42.570Z,25856714,8.48678,8.48678,,-0.32047,12.36011,bbecbf69-a4f7-43e3-8b72-de180d106e2c,WBTC-USDC,0.3%,WBTC-USDC (0.3%)
2023-04-11T23:06:25.098Z,24906821,15.90116,15.90116,,-0.43785,15.5356,bbecbf69-a4f7-43e3-8b72-de180d106e2c,WBTC-USDC,0.3%,WBTC-USDC (0.3%)
2023-04-12T23:17:17.504Z,24707587,8.51421,8.51421,,-0.29441,10.22531,bbecbf69-a4f7-43e3-8b72-de180d106e2c,WBTC-USDC,0.3%,WBTC-USDC (0.3%)
2023-04-13T23:06:32.819Z,24883477,6.53354,6.53354,,-0.56282,12.31867,bbecbf69-a4f7-43e3-8b72-de180d106e2c,WBTC-USDC,0.3%,WBTC-USDC (0.3%)
2023-04-14T23:06:39.213Z,46189827,13.32303,13.32303,,-0.65503,15.22196,bbecbf69-a4f7-43e3-8b72-de180d106e2c,WBTC-USDC,0.3%,WBTC-USDC (0.3%)
2023-04-15T22:06:08.680Z,45557738,5.37806,5.37806,,-0.58376,16.70813,bbecbf69-a4f7-43e3-8b72-de180d106e2c,WBTC-USDC,0.3%,WBTC-USDC (0.3%)
2023-04-16T22:06:45.309Z,25173968,6.06717,6.06717,,-0.39874,17.22822,bbecbf69-a4f7-43e3-8b72-de180d106e2c,WBTC-USDC,0.3%,WBTC-USDC (0.3%)
2023-04-17T23:06:47.193Z,25122669,8.33066,8.33066,,-1e-05,5.86469,bbecbf69-a4f7-43e3-8b72-de180d106e2c,WBTC-USDC,0.3%,WBTC-USDC (0.3%)
2023-04-18T23:17:49.428Z,33882378,10.75291,10.75291,,-0.00159,10.40313,bbecbf69-a4f7-43e3-8b72-de180d106e2c,WBTC-USDC,0.3%,WBTC-USDC (0.3%)
2023-04-19T23:06:28.861Z,33320715,17.02282,17.02282,,-0.07472,14.3216,bbecbf69-a4f7-43e3-8b72-de180d106e2c,WBTC-USDC,0.3%,WBTC-USDC (0.3%)
2023-04-20T23:31:58.275Z,32667706,16.60326,16.60326,,-0.45916,17.24929,bbecbf69-a4f7-43e3-8b72-de180d106e2c,WBTC-USDC,0.3%,WBTC-USDC (0.3%)
2023-04-21T23:17:55.043Z,40930903,29.6123,29.6123,,-1.03686,14.28831,bbecbf69-a4f7-43e3-8b72-de180d106e2c,WBTC-USDC,0.3%,WBTC-USDC (0.3%)
2023-04-22T23:06:58.522Z,41527907,7.49913,7.49913,,-0.70212,12.38928,bbecbf69-a4f7-43e3-8b72-de180d106e2c,WBTC-USDC,0.3%,WBTC-USDC (0.3%)
2023-04-23T23:17:55.069Z,42207761,7.25138,7.25138,,-0.83939,13.5266,bbecbf69-a4f7-43e3-8b72-de180d106e2c,WBTC-USDC,0.3%,WBTC-USDC (0.3%)
2023-04-24T23:11:10.252Z,52237700,15.30893,15.30893,,-0.47044,10.36697,bbecbf69-a4f7-43e3-8b72-de180d106e2c,WBTC-USDC,0.3%,WBTC-USDC (0.3%)
2023-04-25T22:07:24.712Z,53000553,15.81578,15.81578,,-0.57722,10.83493,bbecbf69-a4f7-43e3-8b72-de180d106e2c,WBTC-USDC,0.3%,WBTC-USDC (0.3%)
2023-04-26T23:28:46.517Z,53548977,62.81798,62.81798,,-0.01535,17.13648,bbecbf69-a4f7-43e3-8b72-de180d106e2c,WBTC-USDC,0.3%,WBTC-USDC (0.3%)
2023-04-27T23:06:17.151Z,55266008,52.77852,52.77852,,-0.1368,21.76207,bbecbf69-a4f7-43e3-8b72-de180d106e2c,WBTC-USDC,0.3%,WBTC-USDC (0.3%)
2023-04-28T23:06:33.968Z,55490438,11.5327,11.5327,,-0.48162,20.25023,bbecbf69-a4f7-43e3-8b72-de180d106e2c,WBTC-USDC,0.3%,WBTC-USDC (0.3%)
2023-04-29T23:06:49.383Z,55153243,4.08591,4.08591,,-0.21187,20.13173,bbecbf69-a4f7-43e3-8b72-de180d106e2c,WBTC-USDC,0.3%,WBTC-USDC (0.3%)
2023-04-30T23:06:51.769Z,55223079,11.55191,11.55191,,-0.3656,20.65104,bbecbf69-a4f7-43e3-8b72-de180d106e2c,WBTC-USDC,0.3%,WBTC-USDC (0.3%)
2023-05-01T23:07:20.189Z,53437582,22.56987,22.56987,,-0.03744,23.1797,bbecbf69-a4f7-43e3-8b72-de180d106e2c,WBTC-USDC,0.3%,WBTC-USDC (0.3%)
2023-05-02T23:10:29.570Z,53239650,16.68523,16.68523,,-0.0363,20.62602,bbecbf69-a4f7-43e3-8b72-de180d106e2c,WBTC-USDC,0.3%,WBTC-USDC (0.3%)
2023-05-03T23:08:13.656Z,53568230,27.79303,27.79303,,-0.06668,17.51587,bbecbf69-a4f7-43e3-8b72-de180d106e2c,WBTC-USDC,0.3%,WBTC-USDC (0.3%)
2023-05-04T23:19:05.693Z,52577874,14.07445,14.07445,,-0.03258,12.96383,bbecbf69-a4f7-43e3-8b72-de180d106e2c,WBTC-USDC,0.3%,WBTC-USDC (0.3%)
2023-05-05T23:07:43.088Z,53321324,27.64026,27.64026,,-0.00363,14.53014,bbecbf69-a4f7-43e3-8b72-de180d106e2c,WBTC-USDC,0.3%,WBTC-USDC (0.3%)
2023-05-06T23:07:13.091Z,52386222,18.80579,18.80579,,-0.01145,16.49527,bbecbf69-a4f7-43e3-8b72-de180d106e2c,WBTC-USDC,0.3%,WBTC-USDC (0.3%)
2023-05-07T23:22:15.502Z,52399508,8.4908,8.4908,,-0.03334,15.92792,bbecbf69-a4f7-43e3-8b72-de180d106e2c,WBTC-USDC,0.3%,WBTC-USDC (0.3%)
2023-05-08T23:08:35.819Z,51107922,27.19254,27.19254,,-0.01922,18.28346,bbecbf69-a4f7-43e3-8b72-de180d106e2c,WBTC-USDC,0.3%,WBTC-USDC (0.3%)
2023-05-09T23:08:07.900Z,51180288,7.31018,7.31018,,-0.16145,16.92748,bbecbf69-a4f7-43e3-8b72-de180d106e2c,WBTC-USDC,0.3%,WBTC-USDC (0.3%)
2023-05-10T22:18:25.310Z,51044930,26.4344,26.4344,,-0.2717,16.74045,bbecbf69-a4f7-43e3-8b72-de180d106e2c,WBTC-USDC,0.3%,WBTC-USDC (0.3%)
2023-05-11T23:06:57.776Z,41738195,17.84673,17.84673,,-0.39744,25.27593,bbecbf69-a4f7-43e3-8b72-de180d106e2c,WBTC-USDC,0.3%,WBTC-USDC (0.3%)
2023-05-12T23:17:27.394Z,42096420,33.20316,33.20316,,-0.92332,23.57583,bbecbf69-a4f7-43e3-8b72-de180d106e2c,WBTC-USDC,0.3%,WBTC-USDC (0.3%)
2023-05-13T23:06:48.903Z,42299662,5.63719,5.63719,,-0.44198,21.09916,bbecbf69-a4f7-43e3-8b72-de180d106e2c,WBTC-USDC,0.3%,WBTC-USDC (0.3%)
2023-05-14T23:06:45.360Z,33373234,5.07604,5.07604,,-0.37867,39.24323,bbecbf69-a4f7-43e3-8b72-de180d106e2c,WBTC-USDC,0.3%,WBTC-USDC (0.3%)
2023-05-15T23:06:22.823Z,33679620,8.05339,8.05339,,-0.01286,19.38108,bbecbf69-a4f7-43e3-8b72-de180d106e2c,WBTC-USDC,0.3%,WBTC-USDC (0.3%)
2023-05-16T23:18:29.364Z,33423966,5.24196,5.24196,,-0.04142,30.15542,bbecbf69-a4f7-43e3-8b72-de180d106e2c,WBTC-USDC,0.3%,WBTC-USDC (0.3%)
2023-05-17T23:18:08.099Z,33974278,6.95433,6.95433,,-0.00954,13.7933,bbecbf69-a4f7-43e3-8b72-de180d106e2c,WBTC-USDC,0.3%,WBTC-USDC (0.3%)
2023-05-18T23:07:42.245Z,33681479,10.32241,10.32241,,-0.00018,18.33808,bbecbf69-a4f7-43e3-8b72-de180d106e2c,WBTC-USDC,0.3%,WBTC-USDC (0.3%)
2023-05-19T23:09:29.376Z,33598534,4.03876,4.03876,,-0.00532,10.36524,bbecbf69-a4f7-43e3-8b72-de180d106e2c,WBTC-USDC,0.3%,WBTC-USDC (0.3%)
2023-05-20T23:06:20.733Z,33998944,1.31444,1.31444,,-0.0031,5.66387,bbecbf69-a4f7-43e3-8b72-de180d106e2c,WBTC-USDC,0.3%,WBTC-USDC (0.3%)
2023-05-21T23:17:51.946Z,33756840,3.05333,3.05333,,-0.0024,8.0235,bbecbf69-a4f7-43e3-8b72-de180d106e2c,WBTC-USDC,0.3%,WBTC-USDC (0.3%)
2023-05-22T23:06:31.350Z,43779812,4.43703,4.43703,,-0.01784,3.52442,bbecbf69-a4f7-43e3-8b72-de180d106e2c,WBTC-USDC,0.3%,WBTC-USDC (0.3%)
2023-05-23T23:06:43.727Z,43989467,5.35446,5.35446,,-0.00487,3.75341,bbecbf69-a4f7-43e3-8b72-de180d106e2c,WBTC-USDC,0.3%,WBTC-USDC (0.3%)
2023-05-24T23:06:58.703Z,42865566,7.84453,7.84453,,-0.10041,9.22261,bbecbf69-a4f7-43e3-8b72-de180d106e2c,WBTC-USDC,0.3%,WBTC-USDC (0.3%)
2023-05-25T23:07:06.848Z,43051990,6.10493,6.10493,,-0.01817,3.84125,bbecbf69-a4f7-43e3-8b72-de180d106e2c,WBTC-USDC,0.3%,WBTC-USDC (0.3%)
2023-05-26T23:06:51.466Z,43267426,7.05235,7.05235,,-0.00276,4.21204,bbecbf69-a4f7-43e3-8b72-de180d106e2c,WBTC-USDC,0.3%,WBTC-USDC (0.3%)
2023-05-27T23:17:48.676Z,43419033,1.23483,1.23483,,-0.00528,4.2687,bbecbf69-a4f7-43e3-8b72-de180d106e2c,WBTC-USDC,0.3%,WBTC-USDC (0.3%)
2023-05-28T23:06:55.334Z,44839513,13.263,13.263,,-0.18864,5.85423,bbecbf69-a4f7-43e3-8b72-de180d106e2c,WBTC-USDC,0.3%,WBTC-USDC (0.3%)
2023-05-29T23:21:55.080Z,44445387,8.13197,8.13197,,-0.08752,6.13555,bbecbf69-a4f7-43e3-8b72-de180d106e2c,WBTC-USDC,0.3%,WBTC-USDC (0.3%)
2023-05-30T22:08:52.994Z,44202104,4.83262,4.83262,,-0.03874,6.24844,bbecbf69-a4f7-43e3-8b72-de180d106e2c,WBTC-USDC,0.3%,WBTC-USDC (0.3%)
2023-05-31T23:17:39.585Z,43441946,8.031,8.031,,-0.07379,6.40884,bbecbf69-a4f7-43e3-8b72-de180d106e2c,WBTC-USDC,0.3%,WBTC-USDC (0.3%)
2023-06-01T23:07:08.094Z,43236143,9.05682,9.05682,,-0.0191,6.80247,bbecbf69-a4f7-43e3-8b72-de180d106e2c,WBTC-USDC,0.3%,WBTC-USDC (0.3%)
2023-06-02T23:06:55.106Z,43665431,8.4645,8.4645,,-0.03825,6.9563,bbecbf69-a4f7-43e3-8b72-de180d106e2c,WBTC-USDC,0.3%,WBTC-USDC (0.3%)
2023-06-03T23:06:37.000Z,43535369,2.00085,2.00085,,-0.01138,7.07979,bbecbf69-a4f7-43e3-8b72-de180d106e2c,WBTC-USDC,0.3%,WBTC-USDC (0.3%)
2023-06-04T23:17:38.010Z,43746354,3.0585,3.0585,,-0.06693,5.60387,bbecbf69-a4f7-43e3-8b72-de180d106e2c,WBTC-USDC,0.3%,WBTC-USDC (0.3%)
2023-06-05T23:07:14.785Z,41822025,15.46571,15.46571,,-0.47827,17.71889,bbecbf69-a4f7-43e3-8b72-de180d106e2c,WBTC-USDC,0.3%,WBTC-USDC (0.3%)
2023-06-06T23:18:31.961Z,44912254,16.35767,16.35767,,-0.03843,7.85961,bbecbf69-a4f7-43e3-8b72-de180d106e2c,WBTC-USDC,0.3%,WBTC-USDC (0.3%)
2023-06-07T23:18:02.797Z,43946209,23.26996,23.26996,,-0.08851,8.60827,bbecbf69-a4f7-43e3-8b72-de180d106e2c,WBTC-USDC,0.3%,WBTC-USDC (0.3%)
2023-06-08T23:17:34.350Z,43522686,10.43391,10.43391,,-0.01244,9.8238,bbecbf69-a4f7-43e3-8b72-de180d106e2c,WBTC-USDC,0.3%,WBTC-USDC (0.3%)
2023-06-09T23:07:06.935Z,43370057,6.30873,6.30873,,-0.0817,9.62403,bbecbf69-a4f7-43e3-8b72-de180d106e2c,WBTC-USDC,0.3%,WBTC-USDC (0.3%)
2023-06-10T23:06:58.845Z,42170857,12.32351,12.32351,,-0.17654,26.32549,bbecbf69-a4f7-43e3-8b72-de180d106e2c,WBTC-USDC,0.3%,WBTC-USDC (0.3%)
2023-06-11T23:06:38.389Z,42180824,3.73749,3.73749,,-0.23814,26.48401,bbecbf69-a4f7-43e3-8b72-de180d106e2c,WBTC-USDC,0.3%,WBTC-USDC (0.3%)
2023-06-12T23:07:28.117Z,42214875,4.28271,4.28271,,-0.00497,23.2228,bbecbf69-a4f7-43e3-8b72-de180d106e2c,WBTC-USDC,0.3%,WBTC-USDC (0.3%)
2023-06-13T23:07:02.229Z,41971825,8.41387,8.41387,,-0.23106,23.0882,bbecbf69-a4f7-43e3-8b72-de180d106e2c,WBTC-USDC,0.3%,WBTC-USDC (0.3%)
2023-06-14T23:20:16.947Z,41428359,10.87694,10.87694,,-0.22897,16.10812,bbecbf69-a4f7-43e3-8b72-de180d106e2c,WBTC-USDC,0.3%,WBTC-USDC (0.3%)
2023-06-15T23:06:55.626Z,42523037,6.93971,6.93971,,-0.13402,15.66295,bbecbf69-a4f7-43e3-8b72-de180d106e2c,WBTC-USDC,0.3%,WBTC-USDC (0.3%)
2023-06-16T23:07:56.982Z,44217501,8.87994,8.87994,,-0.00339,6.20464,bbecbf69-a4f7-43e3-8b72-de180d106e2c,WBTC-USDC,0.3%,WBTC-USDC (0.3%)
2023-06-17T23:07:07.671Z,44290862,7.59248,7.59248,,-0.05823,5.7378,bbecbf69-a4f7-43e3-8b72-de180d106e2c,WBTC-USDC,0.3%,WBTC-USDC (0.3%)
2023-06-18T23:07:52.671Z,44163064,4.33577,4.33577,,-0.03269,5.8226,bbecbf69-a4f7-43e3-8b72-de180d106e2c,WBTC-USDC,0.3%,WBTC-USDC (0.3%)
2023-06-19T23:08:52.397Z,44544945,15.07912,15.07912,,-0.097,7.12334,bbecbf69-a4f7-43e3-8b72-de180d106e2c,WBTC-USDC,0.3%,WBTC-USDC (0.3%)
2023-06-20T23:09:58.520Z,41472894,26.59262,26.59262,,-0.69823,11.46924,bbecbf69-a4f7-43e3-8b72-de180d106e2c,WBTC-USDC,0.3%,WBTC-USDC (0.3%)
2023-06-21T23:07:12.429Z,41677469,47.27684,47.27684,,-2.96386,14.78736,bbecbf69-a4f7-43e3-8b72-de180d106e2c,WBTC-USDC,0.3%,WBTC-USDC (0.3%)
2023-06-22T23:07:07.765Z,40822740,24.17645,24.17645,,-2.19561,16.72962,bbecbf69-a4f7-43e3-8b72-de180d106e2c,WBTC-USDC,0.3%,WBTC-USDC (0.3%)
2023-06-23T23:07:01.097Z,40590509,28.25605,28.25605,,-2.01145,20.35891,bbecbf69-a4f7-43e3-8b72-de180d106e2c,WBTC-USDC,0.3%,WBTC-USDC (0.3%)
2023-06-24T23:10:30.700Z,41386239,10.57958,10.57958,,-1.64238,20.3734,bbecbf69-a4f7-43e3-8b72-de180d106e2c,WBTC-USDC,0.3%,WBTC-USDC (0.3%)
2023-06-25T23:08:15.158Z,35450866,8.33745,8.33745,,-1.83188,24.00391,bbecbf69-a4f7-43e3-8b72-de180d106e2c,WBTC-USDC,0.3%,WBTC-USDC (0.3%)
2023-06-26T23:06:37.554Z,36255090,16.69433,16.69433,,-1.26358,23.00814,bbecbf69-a4f7-43e3-8b72-de180d106e2c,WBTC-USDC,0.3%,WBTC-USDC (0.3%)
2023-06-27T23:06:55.656Z,35514833,10.23913,10.23913,,-0.56212,21.05399,bbecbf69-a4f7-43e3-8b72-de180d106e2c,WBTC-USDC,0.3%,WBTC-USDC (0.3%)
2023-06-28T23:08:16.060Z,35230311,10.34373,10.34373,,-0.00042,14.11991,bbecbf69-a4f7-43e3-8b72-de180d106e2c,WBTC-USDC,0.3%,WBTC-USDC (0.3%)
2023-06-29T23:06:28.208Z,35231983,8.80039,8.80039,,-0.02367,12.97678,bbecbf69-a4f7-43e3-8b72-de180d106e2c,WBTC-USDC,0.3%,WBTC-USDC (0.3%)
2023-06-30T23:06:15.764Z,35328140,35.35491,35.35491,,-0.00211,13.31536,bbecbf69-a4f7-43e3-8b72-de180d106e2c,WBTC-USDC,0.3%,WBTC-USDC (0.3%)
2023-07-01T23:05:56.214Z,35599190,2.01968,2.01968,,-0.00219,11.78465,bbecbf69-a4f7-43e3-8b72-de180d106e2c,WBTC-USDC,0.3%,WBTC-USDC (0.3%)
2023-07-02T23:06:10.720Z,35649095,6.50802,6.50802,,-0.0038,11.5414,bbecbf69-a4f7-43e3-8b72-de180d106e2c,WBTC-USDC,0.3%,WBTC-USDC (0.3%)
2023-07-03T23:05:53.491Z,35864396,7.95381,7.95381,,-0.08092,10.35683,bbecbf69-a4f7-43e3-8b72-de180d106e2c,WBTC-USDC,0.3%,WBTC-USDC (0.3%)
2023-07-04T23:06:58.476Z,35807015,5.22919,5.22919,,-0.0039,9.66779,bbecbf69-a4f7-43e3-8b72-de180d106e2c,WBTC-USDC,0.3%,WBTC-USDC (0.3%)
2023-07-05T23:06:13.434Z,35485744,5.80577,5.80577,,-0.01687,9.111,bbecbf69-a4f7-43e3-8b72-de180d106e2c,WBTC-USDC,0.3%,WBTC-USDC (0.3%)
2023-07-06T23:06:15.578Z,35400099,20.94929,20.94929,,-0.00634,10.21905,bbecbf69-a4f7-43e3-8b72-de180d106e2c,WBTC-USDC,0.3%,WBTC-USDC (0.3%)
2023-07-07T23:06:19.338Z,35484279,13.16008,13.16008,,-0.00134,7.81464,bbecbf69-a4f7-43e3-8b72-de180d106e2c,WBTC-USDC,0.3%,WBTC-USDC (0.3%)
2023-07-08T23:09:26.847Z,36256062,2.7177,2.7177,,-0.01379,7.38301,bbecbf69-a4f7-43e3-8b72-de180d106e2c,WBTC-USDC,0.3%,WBTC-USDC (0.3%)
2023-07-09T23:06:02.480Z,35415302,2.91016,2.91016,,-0.02561,7.18106,bbecbf69-a4f7-43e3-8b72-de180d106e2c,WBTC-USDC,0.3%,WBTC-USDC (0.3%)
2023-07-10T23:05:57.661Z,35548172,12.78283,12.78283,,-0.06613,8.04089,bbecbf69-a4f7-43e3-8b72-de180d106e2c,WBTC-USDC,0.3%,WBTC-USDC (0.3%)
2023-07-11T23:06:09.608Z,35966710,7.6526,7.6526,,-0.00485,8.11447,bbecbf69-a4f7-43e3-8b72-de180d106e2c,WBTC-USDC,0.3%,WBTC-USDC (0.3%)
2023-07-12T23:06:30.519Z,35839419,8.82831,8.82831,,-0.00077,8.45369,bbecbf69-a4f7-43e3-8b72-de180d106e2c,WBTC-USDC,0.3%,WBTC-USDC (0.3%)
2023-07-13T23:06:07.845Z,36169670,17.66587,17.66587,,-0.1247,8.45225,bbecbf69-a4f7-43e3-8b72-de180d106e2c,WBTC-USDC,0.3%,WBTC-USDC (0.3%)
2023-07-14T23:05:57.272Z,36468775,17.11678,17.11678,,-0.00048,8.32434,bbecbf69-a4f7-43e3-8b72-de180d106e2c,WBTC-USDC,0.3%,WBTC-USDC (0.3%)
2023-07-15T23:06:07.479Z,36563347,0.97399,0.97399,,-0.00056,8.08948,bbecbf69-a4f7-43e3-8b72-de180d106e2c,WBTC-USDC,0.3%,WBTC-USDC (0.3%)
2023-07-16T23:17:06.020Z,36770907,5.02637,5.02637,,-0.00222,8.299,bbecbf69-a4f7-43e3-8b72-de180d106e2c,WBTC-USDC,0.3%,WBTC-USDC (0.3%)
2023-07-17T23:17:08.241Z,36620966,11.52484,11.52484,,-0.00244,8.048,bbecbf69-a4f7-43e3-8b72-de180d106e2c,WBTC-USDC,0.3%,WBTC-USDC (0.3%)
2023-07-18T23:10:07.521Z,35482371,7.61306,7.61306,,-0.05104,8.23939,bbecbf69-a4f7-43e3-8b72-de180d106e2c,WBTC-USDC,0.3%,WBTC-USDC (0.3%)
2023-07-19T23:06:58.591Z,35478858,7.03856,7.03856,,-0.02363,8.01809,bbecbf69-a4f7-43e3-8b72-de180d106e2c,WBTC-USDC,0.3%,WBTC-USDC (0.3%)
2023-07-20T23:06:23.489Z,35434605,9.69283,9.69283,,-0.22184,7.03983,bbecbf69-a4f7-43e3-8b72-de180d106e2c,WBTC-USDC,0.3%,WBTC-USDC (0.3%)
2023-07-21T23:06:07.393Z,35512739,3.9737,3.9737,,-0.00969,5.43766,bbecbf69-a4f7-43e3-8b72-de180d106e2c,WBTC-USDC,0.3%,WBTC-USDC (0.3%)
2023-07-22T23:09:09.689Z,35442131,1.60038,1.60038,,-0.0226,5.50971,bbecbf69-a4f7-43e3-8b72-de180d106e2c,WBTC-USDC,0.3%,WBTC-USDC (0.3%)
2023-07-23T23:17:09.188Z,36005843,10.38888,10.38888,,-0.01182,4.80364,bbecbf69-a4f7-43e3-8b72-de180d106e2c,WBTC-USDC,0.3%,WBTC-USDC (0.3%)
2023-07-24T21:10:52.582Z,35333355,14.67699,14.67699,,-0.07011,6.6943,bbecbf69-a4f7-43e3-8b72-de180d106e2c,WBTC-USDC,0.3%,WBTC-USDC (0.3%)
2023-07-25T23:06:01.687Z,35390558,1.82432,1.82432,,-0.04097,5.70377,bbecbf69-a4f7-43e3-8b72-de180d106e2c,WBTC-USDC,0.3%,WBTC-USDC (0.3%)
2023-07-26T23:05:59.744Z,35384703,9.37532,9.37532,,-0.02088,5.89269,bbecbf69-a4f7-43e3-8b72-de180d106e2c,WBTC-USDC,0.3%,WBTC-USDC (0.3%)
2023-07-27T23:06:36.390Z,35211979,10.14501,10.14501,,-0.04501,6.06877,bbecbf69-a4f7-43e3-8b72-de180d106e2c,WBTC-USDC,0.3%,WBTC-USDC (0.3%)
2023-07-28T23:06:05.935Z,35392083,3.96759,3.96759,,-0.03368,5.90271,bbecbf69-a4f7-43e3-8b72-de180d106e2c,WBTC-USDC,0.3%,WBTC-USDC (0.3%)
2023-07-29T23:06:15.603Z,35388602,1.37993,1.37993,,-0.02413,5.87952,bbecbf69-a4f7-43e3-8b72-de180d106e2c,WBTC-USDC,0.3%,WBTC-USDC (0.3%)
2023-07-30T23:09:31.789Z,35187526,2.23976,2.23976,,-0.05991,5.0231,bbecbf69-a4f7-43e3-8b72-de180d106e2c,WBTC-USDC,0.3%,WBTC-USDC (0.3%)
2023-07-31T23:05:52.862Z,34969975,6.46051,6.46051,,-0.0002,4.34089,bbecbf69-a4f7-43e3-8b72-de180d106e2c,WBTC-USDC,0.3%,WBTC-USDC (0.3%)
2023-08-01T23:09:46.626Z,34917834,9.9403,9.9403,,-7e-05,5.33035,bbecbf69-a4f7-43e3-8b72-de180d106e2c,WBTC-USDC,0.3%,WBTC-USDC (0.3%)
2023-08-02T23:06:19.680Z,36764886,15.19134,15.19134,,-0.00652,5.34015,bbecbf69-a4f7-43e3-8b72-de180d106e2c,WBTC-USDC,0.3%,WBTC-USDC (0.3%)
2023-08-03T23:18:15.408Z,36710152,5.06537,5.06537,,-0.00019,4.82987,bbecbf69-a4f7-43e3-8b72-de180d106e2c,WBTC-USDC,0.3%,WBTC-USDC (0.3%)
2023-08-04T23:06:55.647Z,42854164,7.3007,7.3007,,-0.01231,5.16138,bbecbf69-a4f7-43e3-8b72-de180d106e2c,WBTC-USDC,0.3%,WBTC-USDC (0.3%)
2023-08-05T23:07:03.248Z,42896813,0.32223,0.32223,,-0.0104,5.05322,bbecbf69-a4f7-43e3-8b72-de180d106e2c,WBTC-USDC,0.3%,WBTC-USDC (0.3%)
2023-08-06T23:08:02.217Z,42900779,0.57976,0.57976,,-0.00095,4.89241,bbecbf69-a4f7-43e3-8b72-de180d106e2c,WBTC-USDC,0.3%,WBTC-USDC (0.3%)
2023-08-07T23:06:52.766Z,42952591,6.4089,6.4089,,-0.0013,5.03075,bbecbf69-a4f7-43e3-8b72-de180d106e2c,WBTC-USDC,0.3%,WBTC-USDC (0.3%)
2023-08-08T14:07:13.197Z,37353851,11.37872,11.37872,,-0.02448,5.0248,bbecbf69-a4f7-43e3-8b72-de180d106e2c,WBTC-USDC,0.3%,WBTC-USDC (0.3%)
2023-08-29T23:06:02.556Z,35426439,42.70459,42.70459,,-0.41237,9.12978,bbecbf69-a4f7-43e3-8b72-de180d106e2c,WBTC-USDC,0.3%,WBTC-USDC (0.3%)
2023-08-30T23:05:53.521Z,34367990,7.68361,7.68361,,-0.07043,8.26785,bbecbf69-a4f7-43e3-8b72-de180d106e2c,WBTC-USDC,0.3%,WBTC-USDC (0.3%)
2023-08-31T23:05:49.607Z,33526878,18.80836,18.80836,,-0.00034,15.51391,bbecbf69-a4f7-43e3-8b72-de180d106e2c,WBTC-USDC,0.3%,WBTC-USDC (0.3%)
2023-09-01T11:06:03.387Z,35605093,18.12912,18.12912,,-0.00082,18.46307,bbecbf69-a4f7-43e3-8b72-de180d106e2c,WBTC-USDC,0.3%,WBTC-USDC (0.3%)
2023-09-04T23:06:24.066Z,34876997,4.05069,4.05069,,-0.00942,19.93344,bbecbf69-a4f7-43e3-8b72-de180d106e2c,WBTC-USDC,0.3%,WBTC-USDC (0.3%)
2023-09-05T23:05:45.051Z,34779115,2.33918,2.33918,,-0.41737,10.64288,bbecbf69-a4f7-43e3-8b72-de180d106e2c,WBTC-USDC,0.3%,WBTC-USDC (0.3%)
2023-09-06T23:06:16.844Z,34686037,7.40141,7.40141,,-0.29546,10.11855,bbecbf69-a4f7-43e3-8b72-de180d106e2c,WBTC-USDC,0.3%,WBTC-USDC (0.3%)
2023-09-07T23:06:33.326Z,32762624,10.34523,10.34523,,-0.00602,4.64473,bbecbf69-a4f7-43e3-8b72-de180d106e2c,WBTC-USDC,0.3%,WBTC-USDC (0.3%)
2023-09-08T23:06:17.579Z,32807204,10.50344,10.50344,,-0.00285,4.10394,bbecbf69-a4f7-43e3-8b72-de180d106e2c,WBTC-USDC,0.3%,WBTC-USDC (0.3%)
2023-09-09T23:05:50.902Z,32494979,0.37186,0.37186,,-6e-05,4.03335,bbecbf69-a4f7-43e3-8b72-de180d106e2c,WBTC-USDC,0.3%,WBTC-USDC (0.3%)
2023-09-10T23:06:21.031Z,31844213,4.90204,4.90204,,-0.00157,6.05722,bbecbf69-a4f7-43e3-8b72-de180d106e2c,WBTC-USDC,0.3%,WBTC-USDC (0.3%)
2023-09-11T23:06:17.442Z,31034978,11.66325,11.66325,,-0.0526,12.93554,bbecbf69-a4f7-43e3-8b72-de180d106e2c,WBTC-USDC,0.3%,WBTC-USDC (0.3%)
2023-09-12T23:06:34.102Z,31798162,26.84935,26.84935,,-0.00806,10.68734,bbecbf69-a4f7-43e3-8b72-de180d106e2c,WBTC-USDC,0.3%,WBTC-USDC (0.3%)
2023-09-13T23:05:11.071Z,32661971,12.65539,12.65539,,-0.03677,8.90163,bbecbf69-a4f7-43e3-8b72-de180d106e2c,WBTC-USDC,0.3%,WBTC-USDC (0.3%)
2023-09-14T23:07:38.700Z,33023465,11.94907,11.94907,,-0.01382,9.07333,bbecbf69-a4f7-43e3-8b72-de180d106e2c,WBTC-USDC,0.3%,WBTC-USDC (0.3%)
2023-09-15T23:06:55.684Z,33123547,7.05268,7.05268,,-0.09511,8.6665,bbecbf69-a4f7-43e3-8b72-de180d106e2c,WBTC-USDC,0.3%,WBTC-USDC (0.3%)
2023-09-16T23:06:30.683Z,32980276,3.91244,3.91244,,-0.05659,7.29987,bbecbf69-a4f7-43e3-8b72-de180d106e2c,WBTC-USDC,0.3%,WBTC-USDC (0.3%)
2023-09-17T23:06:16.148Z,31941347,1.51286,1.51286,,-0.04955,8.64549,bbecbf69-a4f7-43e3-8b72-de180d106e2c,WBTC-USDC,0.3%,WBTC-USDC (0.3%)
2023-09-18T23:06:37.207Z,31523124,15.8714,15.8714,,-0.38514,9.0896,bbecbf69-a4f7-43e3-8b72-de180d106e2c,WBTC-USDC,0.3%,WBTC-USDC (0.3%)
2023-09-19T23:06:37.016Z,31770277,17.42061,17.42061,,-0.16778,8.06997,bbecbf69-a4f7-43e3-8b72-de180d106e2c,WBTC-USDC,0.3%,WBTC-USDC (0.3%)
2023-09-20T23:10:14.415Z,31523419,12.84816,12.84816,,-0.08318,8.18904,bbecbf69-a4f7-43e3-8b72-de180d106e2c,WBTC-USDC,0.3%,WBTC-USDC (0.3%)
2023-09-21T23:05:18.305Z,31407369,7.58316,7.58316,,-0.00163,7.56781,bbecbf69-a4f7-43e3-8b72-de180d106e2c,WBTC-USDC,0.3%,WBTC-USDC (0.3%)
2023-09-22T23:06:44.053Z,31230404,3.34753,3.34753,,-0.00752,7.1193,bbecbf69-a4f7-43e3-8b72-de180d106e2c,WBTC-USDC,0.3%,WBTC-USDC (0.3%)
2023-09-23T23:07:11.078Z,31394234,0.21427,0.21427,,-1e-05,6.56337,bbecbf69-a4f7-43e3-8b72-de180d106e2c,WBTC-USDC,0.3%,WBTC-USDC (0.3%)
2023-09-24T23:06:11.229Z,30221265,2.59028,2.59028,,-2e-05,6.74637,bbecbf69-a4f7-43e3-8b72-de180d106e2c,WBTC-USDC,0.3%,WBTC-USDC (0.3%)
2023-09-25T23:05:13.317Z,30057982,10.6667,10.6667,,-0.04648,6.17766,bbecbf69-a4f7-43e3-8b72-de180d106e2c,WBTC-USDC,0.3%,WBTC-USDC (0.3%)
2023-09-26T23:06:41.556Z,29999434,3.07173,3.07173,,-0.12365,4.51393,bbecbf69-a4f7-43e3-8b72-de180d106e2c,WBTC-USDC,0.3%,WBTC-USDC (0.3%)
2023-09-27T23:06:42.788Z,30126408,12.09968,12.09968,,-0.07981,4.35454,bbecbf69-a4f7-43e3-8b72-de180d106e2c,WBTC-USDC,0.3%,WBTC-USDC (0.3%)
2023-09-28T23:10:20.584Z,30683671,17.93291,17.93291,,-0.02641,5.37672,bbecbf69-a4f7-43e3-8b72-de180d106e2c,WBTC-USDC,0.3%,WBTC-USDC (0.3%)
2023-09-29T23:06:49.928Z,30514063,12.01693,12.01693,,-0.01198,6.42136,bbecbf69-a4f7-43e3-8b72-de180d106e2c,WBTC-USDC,0.3%,WBTC-USDC (0.3%)
2023-09-30T23:10:40.947Z,30610967,2.26599,2.26599,,-0.01494,6.54957,bbecbf69-a4f7-43e3-8b72-de180d106e2c,WBTC-USDC,0.3%,WBTC-USDC (0.3%)
2023-10-01T23:06:33.315Z,31245188,13.46694,13.46694,,-0.26153,7.69648,bbecbf69-a4f7-43e3-8b72-de180d106e2c,WBTC-USDC,0.3%,WBTC-USDC (0.3%)
2023-10-02T23:06:18.399Z,30736222,27.57299,27.57299,,-0.20546,9.92993,bbecbf69-a4f7-43e3-8b72-de180d106e2c,WBTC-USDC,0.3%,WBTC-USDC (0.3%)
2023-10-03T23:06:20.953Z,30857386,6.81674,6.81674,,-0.17927,10.06561,bbecbf69-a4f7-43e3-8b72-de180d106e2c,WBTC-USDC,0.3%,WBTC-USDC (0.3%)
2023-10-04T23:05:52.754Z,31478447,11.29264,11.29264,,-0.26648,8.47951,bbecbf69-a4f7-43e3-8b72-de180d106e2c,WBTC-USDC,0.3%,WBTC-USDC (0.3%)
2023-10-05T23:10:14.473Z,31081754,11.12894,11.12894,,-0.02953,9.22374,bbecbf69-a4f7-43e3-8b72-de180d106e2c,WBTC-USDC,0.3%,WBTC-USDC (0.3%)
2023-10-06T23:10:45.306Z,31420103,16.48403,16.48403,,-0.15679,9.73912,bbecbf69-a4f7-43e3-8b72-de180d106e2c,WBTC-USDC,0.3%,WBTC-USDC (0.3%)
2023-10-07T23:07:06.016Z,31437465,1.18694,1.18694,,-0.13357,9.61246,bbecbf69-a4f7-43e3-8b72-de180d106e2c,WBTC-USDC,0.3%,WBTC-USDC (0.3%)
2023-10-08T23:10:55.999Z,31394465,6.35686,6.35686,,-2e-05,8.82853,bbecbf69-a4f7-43e3-8b72-de180d106e2c,WBTC-USDC,0.3%,WBTC-USDC (0.3%)
2023-10-09T23:10:10.154Z,31163818,10.63379,10.63379,,-0.0001,7.02099,bbecbf69-a4f7-43e3-8b72-de180d106e2c,WBTC-USDC,0.3%,WBTC-USDC (0.3%)
2023-10-10T23:10:25.298Z,31080342,6.29411,6.29411,,-0.00034,6.97301,bbecbf69-a4f7-43e3-8b72-de180d106e2c,WBTC-USDC,0.3%,WBTC-USDC (0.3%)
2023-10-11T23:08:05.371Z,31453867,14.02465,14.02465,,-0.11738,7.46994,bbecbf69-a4f7-43e3-8b72-de180d106e2c,WBTC-USDC,0.3%,WBTC-USDC (0.3%)
2023-10-12T23:06:32.712Z,31508337,11.60047,11.60047,,-0.0618,7.52412,bbecbf69-a4f7-43e3-8b72-de180d106e2c,WBTC-USDC,0.3%,WBTC-USDC (0.3%)
2023-10-13T23:06:05.109Z,31532623,8.28642,8.28642,,-0.15997,6.21083,bbecbf69-a4f7-43e3-8b72-de180d106e2c,WBTC-USDC,0.3%,WBTC-USDC (0.3%)
2023-10-14T23:06:07.621Z,31556806,1.74985,1.74985,,-0.15612,6.63351,bbecbf69-a4f7-43e3-8b72-de180d106e2c,WBTC-USDC,0.3%,WBTC-USDC (0.3%)
2023-10-15T23:10:09.293Z,31768020,3.30488,3.30488,,-0.08421,6.24738,bbecbf69-a4f7-43e3-8b72-de180d106e2c,WBTC-USDC,0.3%,WBTC-USDC (0.3%)
2023-10-16T23:17:19.783Z,32567006,68.39614,68.39614,,-0.10399,13.04257,bbecbf69-a4f7-43e3-8b72-de180d106e2c,WBTC-USDC,0.3%,WBTC-USDC (0.3%)
2023-10-17T23:04:44.368Z,32554649,17.26983,17.26983,,-0.09696,14.21257,bbecbf69-a4f7-43e3-8b72-de180d106e2c,WBTC-USDC,0.3%,WBTC-USDC (0.3%)
2023-10-18T23:09:52.584Z,32495259,11.82729,11.82729,,-0.28291,14.04519,bbecbf69-a4f7-43e3-8b72-de180d106e2c,WBTC-USDC,0.3%,WBTC-USDC (0.3%)
2023-10-19T23:06:31.564Z,31850513,13.0801,13.0801,,-0.42246,14.2318,bbecbf69-a4f7-43e3-8b72-de180d106e2c,WBTC-USDC,0.3%,WBTC-USDC (0.3%)
2023-10-20T23:06:34.989Z,32274670,28.79407,28.79407,,-0.84255,18.88109,bbecbf69-a4f7-43e3-8b72-de180d106e2c,WBTC-USDC,0.3%,WBTC-USDC (0.3%)
2023-10-21T23:07:39.187Z,40366345,8.52908,8.52908,,-1.14079,10.90215,bbecbf69-a4f7-43e3-8b72-de180d106e2c,WBTC-USDC,0.3%,WBTC-USDC (0.3%)
2023-10-22T23:06:30.854Z,40019875,8.00381,8.00381,,-0.84007,18.90541,bbecbf69-a4f7-43e3-8b72-de180d106e2c,WBTC-USDC,0.3%,WBTC-USDC (0.3%)
2023-10-23T23:10:14.142Z,42567271,95.88267,95.88267,,-1.84982,15.91239,bbecbf69-a4f7-43e3-8b72-de180d106e2c,WBTC-USDC,0.3%,WBTC-USDC (0.3%)
2023-10-24T23:10:43.142Z,42733161,131.54125,131.54125,,-2.90276,25.47155,bbecbf69-a4f7-43e3-8b72-de180d106e2c,WBTC-USDC,0.3%,WBTC-USDC (0.3%)
2023-10-25T23:06:11.241Z,45734066,59.15667,59.15667,,-3.54288,15.64286,bbecbf69-a4f7-43e3-8b72-de180d106e2c,WBTC-USDC,0.3%,WBTC-USDC (0.3%)
2023-10-26T23:05:59.742Z,46346244,38.23521,38.23521,,-2.67841,16.5599,bbecbf69-a4f7-43e3-8b72-de180d106e2c,WBTC-USDC,0.3%,WBTC-USDC (0.3%)
2023-10-27T23:06:21.339Z,43691680,19.54046,19.54046,,-1.58306,30.59718,bbecbf69-a4f7-43e3-8b72-de180d106e2c,WBTC-USDC,0.3%,WBTC-USDC (0.3%)
2023-10-28T23:06:05.701Z,43687052,7.79779,7.79779,,-1.3916,32.03296,bbecbf69-a4f7-43e3-8b72-de180d106e2c,WBTC-USDC,0.3%,WBTC-USDC (0.3%)
2023-10-29T23:05:45.585Z,43784803,8.03828,8.03828,,-1.9745,34.1502,bbecbf69-a4f7-43e3-8b72-de180d106e2c,WBTC-USDC,0.3%,WBTC-USDC (0.3%)
2023-10-30T23:06:47.651Z,43406987,15.69093,15.69093,,-0.19994,26.8707,bbecbf69-a4f7-43e3-8b72-de180d106e2c,WBTC-USDC,0.3%,WBTC-USDC (0.3%)
2023-10-31T23:09:29.839Z,35928178,11.79818,11.79818,,-0.0135,15.54306,bbecbf69-a4f7-43e3-8b72-de180d106e2c,WBTC-USDC,0.3%,WBTC-USDC (0.3%)
2023-11-01T23:06:03.200Z,36004117,27.8007,27.8007,,-0.02121,23.48213,bbecbf69-a4f7-43e3-8b72-de180d106e2c,WBTC-USDC,0.3%,WBTC-USDC (0.3%)
2023-11-02T23:06:35.298Z,33968209,24.4246,24.4246,,-0.01895,9.56952,bbecbf69-a4f7-43e3-8b72-de180d106e2c,WBTC-USDC,0.3%,WBTC-USDC (0.3%)
2023-11-03T23:05:52.847Z,34064325,22.04895,22.04895,,-0.04602,9.63527,bbecbf69-a4f7-43e3-8b72-de180d106e2c,WBTC-USDC,0.3%,WBTC-USDC (0.3%)
2023-11-04T23:10:22.031Z,26094794,10.56966,10.56966,,-0.09461,18.56519,bbecbf69-a4f7-43e3-8b72-de180d106e2c,WBTC-USDC,0.3%,WBTC-USDC (0.3%)
2023-11-05T23:05:55.674Z,26035202,13.63763,13.63763,,-0.00154,18.53969,bbecbf69-a4f7-43e3-8b72-de180d106e2c,WBTC-USDC,0.3%,WBTC-USDC (0.3%)
2023-11-06T23:06:54.179Z,26482025,11.20436,11.20436,,-0.01963,16.92212,bbecbf69-a4f7-43e3-8b72-de180d106e2c,WBTC-USDC,0.3%,WBTC-USDC (0.3%)
2023-11-07T23:06:59.340Z,26861110,20.15744,20.15744,,-0.04005,13.05902,bbecbf69-a4f7-43e3-8b72-de180d106e2c,WBTC-USDC,0.3%,WBTC-USDC (0.3%)
2023-11-08T23:06:40.169Z,24210839,15.88257,15.88257,,-0.03167,14.1541,bbecbf69-a4f7-43e3-8b72-de180d106e2c,WBTC-USDC,0.3%,WBTC-USDC (0.3%)
2023-11-09T23:11:11.763Z,23130950,77.35682,77.35682,,-0.18757,17.73672,bbecbf69-a4f7-43e3-8b72-de180d106e2c,WBTC-USDC,0.3%,WBTC-USDC (0.3%)
2023-11-10T23:08:29.579Z,23434282,25.49302,25.49302,,-0.47753,15.91481,bbecbf69-a4f7-43e3-8b72-de180d106e2c,WBTC-USDC,0.3%,WBTC-USDC (0.3%)
2023-11-11T23:10:08.782Z,23393869,7.66453,7.66453,,-0.1782,16.25874,bbecbf69-a4f7-43e3-8b72-de180d106e2c,WBTC-USDC,0.3%,WBTC-USDC (0.3%)
2023-11-12T20:33:16.465Z,23354995,9.78148,9.78148,,-0.25674,16.08339,bbecbf69-a4f7-43e3-8b72-de180d106e2c,WBTC-USDC,0.3%,WBTC-USDC (0.3%)
2023-11-13T23:07:36.523Z,23148214,19.34989,19.34989,,-0.14587,15.71511,bbecbf69-a4f7-43e3-8b72-de180d106e2c,WBTC-USDC,0.3%,WBTC-USDC (0.3%)
2023-11-14T23:07:26.878Z,23261023,32.49339,32.49339,,-0.0052,16.48316,bbecbf69-a4f7-43e3-8b72-de180d106e2c,WBTC-USDC,0.3%,WBTC-USDC (0.3%)
2023-11-15T23:06:44.635Z,23678587,42.05152,42.05152,,-0.22247,17.97242,bbecbf69-a4f7-43e3-8b72-de180d106e2c,WBTC-USDC,0.3%,WBTC-USDC (0.3%)
2023-11-16T23:05:43.509Z,23420151,37.60944,37.60944,,-0.00587,15.4053,bbecbf69-a4f7-43e3-8b72-de180d106e2c,WBTC-USDC,0.3%,WBTC-USDC (0.3%)
2023-11-17T23:06:31.042Z,23411456,29.75927,29.75927,,-0.04593,15.528,bbecbf69-a4f7-43e3-8b72-de180d106e2c,WBTC-USDC,0.3%,WBTC-USDC (0.3%)
2023-11-18T23:05:55.099Z,23376233,10.03661,10.03661,,-0.00974,15.75107,bbecbf69-a4f7-43e3-8b72-de180d106e2c,WBTC-USDC,0.3%,WBTC-USDC (0.3%)
2023-11-19T23:05:36.712Z,23511054,6.40693,6.40693,,-0.00717,16.05507,bbecbf69-a4f7-43e3-8b72-de180d106e2c,WBTC-USDC,0.3%,WBTC-USDC (0.3%)
2023-11-20T23:09:51.157Z,23680703,31.30349,31.30349,,-0.04316,15.7559,bbecbf69-a4f7-43e3-8b72-de180d106e2c,WBTC-USDC,0.3%,WBTC-USDC (0.3%)
2023-11-21T23:05:29.006Z,23482968,40.79139,40.79139,,-0.04793,17.23716,bbecbf69-a4f7-43e3-8b72-de180d106e2c,WBTC-USDC,0.3%,WBTC-USDC (0.3%)
2023-11-22T23:10:33.042Z,24280508,36.55091,36.55091,,-0.00516,15.48338,bbecbf69-a4f7-43e3-8b72-de180d106e2c,WBTC-USDC,0.3%,WBTC-USDC (0.3%)
2023-11-23T23:07:01.765Z,24309396,12.91499,12.91499,,-0.07992,13.176,bbecbf69-a4f7-43e3-8b72-de180d106e2c,WBTC-USDC,0.3%,WBTC-USDC (0.3%)
2023-11-24T23:06:46.808Z,23922524,19.74074,19.74074,,-0.10352,13.59268,bbecbf69-a4f7-43e3-8b72-de180d106e2c,WBTC-USDC,0.3%,WBTC-USDC (0.3%)
2023-11-25T23:06:33.071Z,23927769,4.3253,4.3253,,-0.10386,17.38112,bbecbf69-a4f7-43e3-8b72-de180d106e2c,WBTC-USDC,0.3%,WBTC-USDC (0.3%)
2023-11-26T23:06:20.242Z,23806392,7.27582,7.27582,,-0.014,12.88636,bbecbf69-a4f7-43e3-8b72-de180d106e2c,WBTC-USDC,0.3%,WBTC-USDC (0.3%)
2023-11-27T23:07:59.777Z,23759486,16.09925,16.09925,,-0.00654,11.98141,bbecbf69-a4f7-43e3-8b72-de180d106e2c,WBTC-USDC,0.3%,WBTC-USDC (0.3%)
2023-11-28T23:07:23.723Z,23793702,17.42348,17.42348,,-0.14999,14.13784,bbecbf69-a4f7-43e3-8b72-de180d106e2c,WBTC-USDC,0.3%,WBTC-USDC (0.3%)
2023-11-29T23:07:16.975Z,23864252,10.59687,10.59687,,-0.00994,10.30973,bbecbf69-a4f7-43e3-8b72-de180d106e2c,WBTC-USDC,0.3%,WBTC-USDC (0.3%)
2023-11-30T23:17:38.148Z,23897514,8.67587,8.67587,,-0.01082,6.98134,bbecbf69-a4f7-43e3-8b72-de180d106e2c,WBTC-USDC,0.3%,WBTC-USDC (0.3%)
2023-12-01T23:06:57.389Z,23986129,10.74322,10.74322,,-0.05149,9.96833,bbecbf69-a4f7-43e3-8b72-de180d106e2c,WBTC-USDC,0.3%,WBTC-USDC (0.3%)
2023-12-02T23:10:36.181Z,24075543,5.11303,5.11303,,-0.164,22.16757,bbecbf69-a4f7-43e3-8b72-de180d106e2c,WBTC-USDC,0.3%,WBTC-USDC (0.3%)
2023-12-03T23:05:17.943Z,23677213,3.07772,3.07772,,-0.38012,33.13255,bbecbf69-a4f7-43e3-8b72-de180d106e2c,WBTC-USDC,0.3%,WBTC-USDC (0.3%)
2023-12-04T23:07:30.749Z,24480747,11.43351,11.43351,,-1.28543,29.52049,bbecbf69-a4f7-43e3-8b72-de180d106e2c,WBTC-USDC,0.3%,WBTC-USDC (0.3%)
2023-12-05T23:07:05.039Z,24475148,9.76765,9.76765,,-2.0328,33.34181,bbecbf69-a4f7-43e3-8b72-de180d106e2c,WBTC-USDC,0.3%,WBTC-USDC (0.3%)
2023-12-06T19:07:42.630Z,23669813,9.55819,9.55819,,-1.90548,18.73409,bbecbf69-a4f7-43e3-8b72-de180d106e2c,WBTC-USDC,0.3%,WBTC-USDC (0.3%)
2023-12-07T23:06:50.340Z,20220559,8.60156,8.60156,,-1.65109,17.5534,bbecbf69-a4f7-43e3-8b72-de180d106e2c,WBTC-USDC,0.3%,WBTC-USDC (0.3%)
2023-12-08T23:07:00.427Z,19684031,6.10707,6.10707,,-1.63951,21.62598,bbecbf69-a4f7-43e3-8b72-de180d106e2c,WBTC-USDC,0.3%,WBTC-USDC (0.3%)
2023-12-09T23:06:28.100Z,19934958,6.22321,6.22321,,-1.00845,14.41653,bbecbf69-a4f7-43e3-8b72-de180d106e2c,WBTC-USDC,0.3%,WBTC-USDC (0.3%)
2023-12-10T23:06:18.724Z,19640479,1.96951,1.96951,,-0.68239,14.09129,bbecbf69-a4f7-43e3-8b72-de180d106e2c,WBTC-USDC,0.3%,WBTC-USDC (0.3%)
2023-12-11T23:20:23.901Z,20431089,39.40262,39.40262,,-0.02171,11.39442,bbecbf69-a4f7-43e3-8b72-de180d106e2c,WBTC-USDC,0.3%,WBTC-USDC (0.3%)
2023-12-12T23:10:04.067Z,20468398,16.08965,16.08965,,-0.35013,12.00177,bbecbf69-a4f7-43e3-8b72-de180d106e2c,WBTC-USDC,0.3%,WBTC-USDC (0.3%)
2023-12-13T23:06:27.714Z,20006857,18.3553,18.3553,,-0.02037,24.56869,bbecbf69-a4f7-43e3-8b72-de180d106e2c,WBTC-USDC,0.3%,WBTC-USDC (0.3%)
2023-12-14T23:06:03.772Z,20037552,12.94849,12.94849,,-0.00109,25.59834,bbecbf69-a4f7-43e3-8b72-de180d106e2c,WBTC-USDC,0.3%,WBTC-USDC (0.3%)
2023-12-15T23:10:06.021Z,19939082,7.30351,7.30351,,-0.2344,26.19251,bbecbf69-a4f7-43e3-8b72-de180d106e2c,WBTC-USDC,0.3%,WBTC-USDC (0.3%)
2023-12-16T08:10:15.822Z,19946477,8.76435,8.76435,,-0.2083,26.74245,bbecbf69-a4f7-43e3-8b72-de180d106e2c,WBTC-USDC,0.3%,WBTC-USDC (0.3%)
2023-12-17T11:06:53.317Z,20476090,3.44527,3.44527,,-0.15876,24.02925,bbecbf69-a4f7-43e3-8b72-de180d106e2c,WBTC-USDC,0.3%,WBTC-USDC (0.3%)
2023-12-18T23:06:45.207Z,19678771,18.99206,18.99206,,-0.06451,21.70586,bbecbf69-a4f7-43e3-8b72-de180d106e2c,WBTC-USDC,0.3%,WBTC-USDC (0.3%)
2023-12-19T23:06:08.832Z,20306019,13.13789,13.13789,,-0.05007,11.85103,bbecbf69-a4f7-43e3-8b72-de180d106e2c,WBTC-USDC,0.3%,WBTC-USDC (0.3%)
2023-12-20T23:07:31.117Z,19815482,21.73874,21.73874,,-0.016,17.36157,bbecbf69-a4f7-43e3-8b72-de180d106e2c,WBTC-USDC,0.3%,WBTC-USDC (0.3%)
2023-12-21T23:06:49.065Z,19817412,8.89435,8.89435,,-0.0465,17.97161,bbecbf69-a4f7-43e3-8b72-de180d106e2c,WBTC-USDC,0.3%,WBTC-USDC (0.3%)
2023-12-22T23:06:56.632Z,19679869,5.97684,5.97684,,-0.14838,17.39094,bbecbf69-a4f7-43e3-8b72-de180d106e2c,WBTC-USDC,0.3%,WBTC-USDC (0.3%)
2023-12-23T23:07:09.104Z,19671750,3.006,3.006,,-0.12054,17.0695,bbecbf69-a4f7-43e3-8b72-de180d106e2c,WBTC-USDC,0.3%,WBTC-USDC (0.3%)
2023-12-24T23:10:14.388Z,20249587,4.63322,4.63322,,-0.08111,20.8672,bbecbf69-a4f7-43e3-8b72-de180d106e2c,WBTC-USDC,0.3%,WBTC-USDC (0.3%)
2023-12-25T23:07:06.109Z,20266266,4.29282,4.29282,,-0.08025,13.25917,bbecbf69-a4f7-43e3-8b72-de180d106e2c,WBTC-USDC,0.3%,WBTC-USDC (0.3%)
2023-12-26T23:10:15.232Z,20306184,13.44157,13.44157,,-0.0025,9.48022,bbecbf69-a4f7-43e3-8b72-de180d106e2c,WBTC-USDC,0.3%,WBTC-USDC (0.3%)
2023-12-27T23:06:50.551Z,19786111,6.42369,6.42369,,-0.00074,8.60553,bbecbf69-a4f7-43e3-8b72-de180d106e2c,WBTC-USDC,0.3%,WBTC-USDC (0.3%)
2023-12-28T23:06:50.446Z,19705393,14.60173,14.60173,,-0.08817,13.60401,bbecbf69-a4f7-43e3-8b72-de180d106e2c,WBTC-USDC,0.3%,WBTC-USDC (0.3%)
2023-12-29T23:07:12.516Z,19744550,11.02578,11.02578,,-0.18368,14.61214,bbecbf69-a4f7-43e3-8b72-de180d106e2c,WBTC-USDC,0.3%,WBTC-USDC (0.3%)
2023-12-30T23:07:07.535Z,20429134,5.8481,5.8481,,-0.11359,15.39884,bbecbf69-a4f7-43e3-8b72-de180d106e2c,WBTC-USDC,0.3%,WBTC-USDC (0.3%)
2023-12-31T23:07:00.868Z,20384398,6.02119,6.02119,,-0.02059,15.71198,bbecbf69-a4f7-43e3-8b72-de180d106e2c,WBTC-USDC,0.3%,WBTC-USDC (0.3%)
2024-01-01T20:09:12.205Z,20655318,9.71695,9.71695,,-0.00079,11.82422,bbecbf69-a4f7-43e3-8b72-de180d106e2c,WBTC-USDC,0.3%,WBTC-USDC (0.3%)
2024-01-02T23:07:13.954Z,19278604,15.12326,15.12326,,-0.29993,20.72468,bbecbf69-a4f7-43e3-8b72-de180d106e2c,WBTC-USDC,0.3%,WBTC-USDC (0.3%)
2024-01-03T23:07:24.956Z,19006616,51.22019,51.22019,,-0.02873,31.067,bbecbf69-a4f7-43e3-8b72-de180d106e2c,WBTC-USDC,0.3%,WBTC-USDC (0.3%)
2024-01-04T23:06:33.618Z,19918880,12.98501,12.98501,,-0.1338,23.26646,bbecbf69-a4f7-43e3-8b72-de180d106e2c,WBTC-USDC,0.3%,WBTC-USDC (0.3%)
2024-01-05T23:05:31.423Z,19715220,23.94417,23.94417,,-0.20578,26.16705,bbecbf69-a4f7-43e3-8b72-de180d106e2c,WBTC-USDC,0.3%,WBTC-USDC (0.3%)
2024-01-06T23:06:19.885Z,19757319,6.54303,6.54303,,-0.1333,25.22521,bbecbf69-a4f7-43e3-8b72-de180d106e2c,WBTC-USDC,0.3%,WBTC-USDC (0.3%)
2024-01-07T23:06:38.654Z,19637182,21.3083,21.3083,,-0.13594,28.50835,bbecbf69-a4f7-43e3-8b72-de180d106e2c,WBTC-USDC,0.3%,WBTC-USDC (0.3%)
2024-01-08T23:09:33.169Z,19650003,20.47813,20.47813,,-0.44311,60.52348,bbecbf69-a4f7-43e3-8b72-de180d106e2c,WBTC-USDC,0.3%,WBTC-USDC (0.3%)
2024-01-09T23:08:59.045Z,19636296,28.35158,28.35158,,-0.06822,47.95851,bbecbf69-a4f7-43e3-8b72-de180d106e2c,WBTC-USDC,0.3%,WBTC-USDC (0.3%)
2024-01-10T23:09:01.502Z,19629247,42.17342,42.17342,,-0.75902,43.23821,bbecbf69-a4f7-43e3-8b72-de180d106e2c,WBTC-USDC,0.3%,WBTC-USDC (0.3%)
2024-01-11T23:07:15.220Z,18794884,27.11137,27.11137,,-0.16772,47.51269,bbecbf69-a4f7-43e3-8b72-de180d106e2c,WBTC-USDC,0.3%,WBTC-USDC (0.3%)
2024-01-12T23:11:12.945Z,19850344,38.64459,38.64459,,-0.12982,43.2134,bbecbf69-a4f7-43e3-8b72-de180d106e2c,WBTC-USDC,0.3%,WBTC-USDC (0.3%)
2024-01-13T23:09:05.597Z,18100143,6.57242,6.57242,,-0.02952,61.18305,bbecbf69-a4f7-43e3-8b72-de180d106e2c,WBTC-USDC,0.3%,WBTC-USDC (0.3%)
2024-01-14T23:07:17.207Z,17859163,5.37727,5.37727,,-0.13375,60.19656,bbecbf69-a4f7-43e3-8b72-de180d106e2c,WBTC-USDC,0.3%,WBTC-USDC (0.3%)
2024-01-15T23:07:12.962Z,18035934,7.78309,7.78309,,-0.77574,52.39244,bbecbf69-a4f7-43e3-8b72-de180d106e2c,WBTC-USDC,0.3%,WBTC-USDC (0.3%)
2024-01-16T23:18:59.295Z,18124242,10.09217,10.09217,,-0.3542,30.37695,bbecbf69-a4f7-43e3-8b72-de180d106e2c,WBTC-USDC,0.3%,WBTC-USDC (0.3%)
2024-01-17T23:07:18.998Z,18099477,5.13463,5.13463,,-0.74026,32.64694,bbecbf69-a4f7-43e3-8b72-de180d106e2c,WBTC-USDC,0.3%,WBTC-USDC (0.3%)
2024-01-18T23:06:07.871Z,18052843,9.74208,9.74208,,-1.14993,26.71803,bbecbf69-a4f7-43e3-8b72-de180d106e2c,WBTC-USDC,0.3%,WBTC-USDC (0.3%)
2024-01-19T23:07:00.586Z,18045893,11.96972,11.96972,,-0.03239,9.89426,bbecbf69-a4f7-43e3-8b72-de180d106e2c,WBTC-USDC,0.3%,WBTC-USDC (0.3%)
2024-01-20T23:10:35.775Z,18041925,1.36496,1.36496,,-0.08245,8.98893,bbecbf69-a4f7-43e3-8b72-de180d106e2c,WBTC-USDC,0.3%,WBTC-USDC (0.3%)
2024-01-21T23:08:01.297Z,18130501,3.6271,3.6271,,-0.02559,8.81133,bbecbf69-a4f7-43e3-8b72-de180d106e2c,WBTC-USDC,0.3%,WBTC-USDC (0.3%)
2024-01-22T17:10:54.447Z,18010881,10.20351,10.20351,,-0.23559,18.31784,bbecbf69-a4f7-43e3-8b72-de180d106e2c,WBTC-USDC,0.3%,WBTC-USDC (0.3%)
2024-01-23T23:07:11.858Z,17972046,43.46867,43.46867,,-0.75983,15.69554,bbecbf69-a4f7-43e3-8b72-de180d106e2c,WBTC-USDC,0.3%,WBTC-USDC (0.3%)
2024-01-24T23:11:03.590Z,17869951,20.17677,20.17677,,-0.43443,27.80941,bbecbf69-a4f7-43e3-8b72-de180d106e2c,WBTC-USDC,0.3%,WBTC-USDC (0.3%)
2024-01-25T23:06:34.666Z,17887422,6.77632,6.77632,,-0.10153,26.99776,bbecbf69-a4f7-43e3-8b72-de180d106e2c,WBTC-USDC,0.3%,WBTC-USDC (0.3%)
2024-01-26T23:04:15.457Z,17668428,14.90702,14.90702,,-0.00259,30.76162,bbecbf69-a4f7-43e3-8b72-de180d106e2c,WBTC-USDC,0.3%,WBTC-USDC (0.3%)
2024-01-27T23:05:09.470Z,17703793,2.06122,2.06122,,-0.00449,30.85585,bbecbf69-a4f7-43e3-8b72-de180d106e2c,WBTC-USDC,0.3%,WBTC-USDC (0.3%)
2024-01-28T23:08:29.294Z,17685042,4.34963,4.34963,,-9e-05,32.70769,bbecbf69-a4f7-43e3-8b72-de180d106e2c,WBTC-USDC,0.3%,WBTC-USDC (0.3%)
2024-01-29T23:05:09.698Z,18347030,6.64677,6.64677,,-0.51175,28.29334,bbecbf69-a4f7-43e3-8b72-de180d106e2c,WBTC-USDC,0.3%,WBTC-USDC (0.3%)
2024-01-30T23:05:40.727Z,17827612,5.23847,5.23847,,-0.79844,17.2631,bbecbf69-a4f7-43e3-8b72-de180d106e2c,WBTC-USDC,0.3%,WBTC-USDC (0.3%)
2024-01-31T23:04:52.268Z,17783776,9.5629,9.5629,,-0.41321,14.16636,bbecbf69-a4f7-43e3-8b72-de180d106e2c,WBTC-USDC,0.3%,WBTC-USDC (0.3%)
2024-02-01T23:06:37.698Z,17876555,5.61588,5.61588,,-0.45874,13.73292,bbecbf69-a4f7-43e3-8b72-de180d106e2c,WBTC-USDC,0.3%,WBTC-USDC (0.3%)
2024-02-02T23:05:55.942Z,17899841,4.4554,4.4554,,-0.07648,10.77051,bbecbf69-a4f7-43e3-8b72-de180d106e2c,WBTC-USDC,0.3%,WBTC-USDC (0.3%)
2024-02-03T23:05:14.984Z,17861567,1.18513,1.18513,,-0.04301,10.55815,bbecbf69-a4f7-43e3-8b72-de180d106e2c,WBTC-USDC,0.3%,WBTC-USDC (0.3%)
2024-02-04T23:06:01.956Z,17736323,2.43671,2.43671,,-0.03621,10.69743,bbecbf69-a4f7-43e3-8b72-de180d106e2c,WBTC-USDC,0.3%,WBTC-USDC (0.3%)
2024-02-05T23:05:15.428Z,17746205,5.04421,5.04421,,-0.02317,10.17882,bbecbf69-a4f7-43e3-8b72-de180d106e2c,WBTC-USDC,0.3%,WBTC-USDC (0.3%)
2024-02-06T23:09:35.121Z,17809643,2.92762,2.92762,,-0.00111,8.90973,bbecbf69-a4f7-43e3-8b72-de180d106e2c,WBTC-USDC,0.3%,WBTC-USDC (0.3%)
2024-02-07T23:06:15.701Z,17988661,5.12527,5.12527,,-0.11403,7.56603,bbecbf69-a4f7-43e3-8b72-de180d106e2c,WBTC-USDC,0.3%,WBTC-USDC (0.3%)
2024-02-08T23:06:50.845Z,18040430,7.50069,7.50069,,-0.24362,8.16542,bbecbf69-a4f7-43e3-8b72-de180d106e2c,WBTC-USDC,0.3%,WBTC-USDC (0.3%)
2024-02-09T23:05:37.948Z,18129246,13.34497,13.34497,,-0.73294,9.48449,bbecbf69-a4f7-43e3-8b72-de180d106e2c,WBTC-USDC,0.3%,WBTC-USDC (0.3%)
2024-02-10T23:05:39.133Z,18217404,9.4212,9.4212,,-0.93641,11.50466,bbecbf69-a4f7-43e3-8b72-de180d106e2c,WBTC-USDC,0.3%,WBTC-USDC (0.3%)
2024-02-11T23:06:46.984Z,18110659,13.61578,13.61578,,-1.35093,20.39755,bbecbf69-a4f7-43e3-8b72-de180d106e2c,WBTC-USDC,0.3%,WBTC-USDC (0.3%)
2024-02-12T23:05:02.549Z,18233409,8.82703,8.82703,,-2.3854,24.50442,bbecbf69-a4f7-43e3-8b72-de180d106e2c,WBTC-USDC,0.3%,WBTC-USDC (0.3%)
2024-02-13T23:06:24.951Z,18211721,16.01015,16.01015,,-1.70029,18.16667,bbecbf69-a4f7-43e3-8b72-de180d106e2c,WBTC-USDC,0.3%,WBTC-USDC (0.3%)
2024-02-14T23:06:46.992Z,18169650,9.62847,9.62847,,-2.19148,38.77212,bbecbf69-a4f7-43e3-8b72-de180d106e2c,WBTC-USDC,0.3%,WBTC-USDC (0.3%)
2024-02-15T23:06:44.661Z,18173055,7.36847,7.36847,,-1.59118,37.68132,bbecbf69-a4f7-43e3-8b72-de180d106e2c,WBTC-USDC,0.3%,WBTC-USDC (0.3%)
2024-02-16T23:06:38.163Z,18087876,3.68891,3.68891,,-0.79834,34.2446,bbecbf69-a4f7-43e3-8b72-de180d106e2c,WBTC-USDC,0.3%,WBTC-USDC (0.3%)
2024-02-17T23:10:42.416Z,18111472,7.03744,7.03744,,-0.58136,29.79982,bbecbf69-a4f7-43e3-8b72-de180d106e2c,WBTC-USDC,0.3%,WBTC-USDC (0.3%)
2024-02-18T23:05:50.942Z,18214452,2.93219,2.93219,,-0.57121,24.45294,bbecbf69-a4f7-43e3-8b72-de180d106e2c,WBTC-USDC,0.3%,WBTC-USDC (0.3%)
2024-02-19T23:07:29.229Z,18244284,3.46596,3.46596,,-0.13696,13.44516,bbecbf69-a4f7-43e3-8b72-de180d106e2c,WBTC-USDC,0.3%,WBTC-USDC (0.3%)
2024-02-20T23:06:18.023Z,18483459,11.24857,11.24857,,-0.26501,9.59547,bbecbf69-a4f7-43e3-8b72-de180d106e2c,WBTC-USDC,0.3%,WBTC-USDC (0.3%)
2024-02-21T23:06:18.146Z,18385963,11.30474,11.30474,,-0.00178,14.50203,bbecbf69-a4f7-43e3-8b72-de180d106e2c,WBTC-USDC,0.3%,WBTC-USDC (0.3%)
2024-02-22T23:06:01.751Z,18382256,7.00255,7.00255,,-0.00279,14.14538,bbecbf69-a4f7-43e3-8b72-de180d106e2c,WBTC-USDC,0.3%,WBTC-USDC (0.3%)
2024-02-23T23:06:17.859Z,18419014,3.02708,3.02708,,-0.04001,12.37937,bbecbf69-a4f7-43e3-8b72-de180d106e2c,WBTC-USDC,0.3%,WBTC-USDC (0.3%)
2024-02-24T23:06:49.298Z,18421511,1.78245,1.78245,,-0.00054,9.05232,bbecbf69-a4f7-43e3-8b72-de180d106e2c,WBTC-USDC,0.3%,WBTC-USDC (0.3%)
2024-02-25T23:07:23.767Z,18471670,3.21503,3.21503,,-0.0054,9.11053,bbecbf69-a4f7-43e3-8b72-de180d106e2c,WBTC-USDC,0.3%,WBTC-USDC (0.3%)
2024-02-26T23:06:18.232Z,18598402,9.21098,9.21098,,-0.23051,21.2447,bbecbf69-a4f7-43e3-8b72-de180d106e2c,WBTC-USDC,0.3%,WBTC-USDC (0.3%)
2024-02-27T18:06:58.939Z,15734816,16.58143,16.58143,,-0.89846,24.24361,bbecbf69-a4f7-43e3-8b72-de180d106e2c,WBTC-USDC,0.3%,WBTC-USDC (0.3%)
2024-02-28T23:06:05.476Z,17895454,34.21583,34.21583,,-2.64431,42.79966,bbecbf69-a4f7-43e3-8b72-de180d106e2c,WBTC-USDC,0.3%,WBTC-USDC (0.3%)
2024-02-29T23:05:45.229Z,18055436,23.96998,23.96998,,-2.62411,24.16781,bbecbf69-a4f7-43e3-8b72-de180d106e2c,WBTC-USDC,0.3%,WBTC-USDC (0.3%)
2024-03-01T23:17:37.313Z,18040179,11.19707,11.19707,,-3.9471,28.11645,bbecbf69-a4f7-43e3-8b72-de180d106e2c,WBTC-USDC,0.3%,WBTC-USDC (0.3%)
2024-03-02T23:06:52.058Z,18078431,3.05159,3.05159,,-2.9732,26.86655,bbecbf69-a4f7-43e3-8b72-de180d106e2c,WBTC-USDC,0.3%,WBTC-USDC (0.3%)
2024-03-03T23:06:40.614Z,17995256,6.78578,6.78578,,-3.22717,27.76903,bbecbf69-a4f7-43e3-8b72-de180d106e2c,WBTC-USDC,0.3%,WBTC-USDC (0.3%)
2024-03-04T16:08:19.713Z,17464909,26.55737,26.55737,,-4.39082,78.35358,bbecbf69-a4f7-43e3-8b72-de180d106e2c,WBTC-USDC,0.3%,WBTC-USDC (0.3%)
2024-03-05T23:09:35.618Z,16668433,55.70426,55.70426,,-1.16734,100.49928,bbecbf69-a4f7-43e3-8b72-de180d106e2c,WBTC-USDC,0.3%,WBTC-USDC (0.3%)
2024-03-06T23:10:40.939Z,15631622,18.41032,18.41032,,-0.57374,55.82425,bbecbf69-a4f7-43e3-8b72-de180d106e2c,WBTC-USDC,0.3%,WBTC-USDC (0.3%)
2024-03-07T23:08:37.630Z,15654012,9.87894,9.87894,,-0.83305,48.20495,bbecbf69-a4f7-43e3-8b72-de180d106e2c,WBTC-USDC,0.3%,WBTC-USDC (0.3%)
2024-03-08T23:10:29.235Z,16358872,36.06564,36.06564,,-0.6921,56.19081,bbecbf69-a4f7-43e3-8b72-de180d106e2c,WBTC-USDC,0.3%,WBTC-USDC (0.3%)
2024-03-09T23:06:09.015Z,16235123,2.49471,2.49471,,-0.84184,63.46743,bbecbf69-a4f7-43e3-8b72-de180d106e2c,WBTC-USDC,0.3%,WBTC-USDC (0.3%)
2024-03-10T23:06:40.936Z,16043775,32.2437,32.2437,,-0.65799,122.38118,bbecbf69-a4f7-43e3-8b72-de180d106e2c,WBTC-USDC,0.3%,WBTC-USDC (0.3%)
2024-03-11T23:06:52.906Z,13822584,35.58178,35.58178,,-0.35285,105.28588,bbecbf69-a4f7-43e3-8b72-de180d106e2c,WBTC-USDC,0.3%,WBTC-USDC (0.3%)
2024-03-12T23:10:20.950Z,13886288,12.44797,12.44797,,-1.14539,69.17098,bbecbf69-a4f7-43e3-8b72-de180d106e2c,WBTC-USDC,0.3%,WBTC-USDC (0.3%)
2024-03-13T23:08:48.259Z,12652293,6.18399,6.18399,,-0.75824,74.32046,bbecbf69-a4f7-43e3-8b72-de180d106e2c,WBTC-USDC,0.3%,WBTC-USDC (0.3%)
2024-03-14T23:06:36.382Z,12491688,12.77241,12.77241,,-0.24711,81.70133,bbecbf69-a4f7-43e3-8b72-de180d106e2c,WBTC-USDC,0.3%,WBTC-USDC (0.3%)
2024-03-15T23:06:18.153Z,12300265,26.10387,26.10387,,-0.00027,68.22011,bbecbf69-a4f7-43e3-8b72-de180d106e2c,WBTC-USDC,0.3%,WBTC-USDC (0.3%)
2024-03-16T23:06:22.227Z,12218910,7.25176,7.25176,,-0.08931,87.07978,bbecbf69-a4f7-43e3-8b72-de180d106e2c,WBTC-USDC,0.3%,WBTC-USDC (0.3%)
2024-03-17T23:07:05.204Z,12637337,8.97828,8.97828,,-0.00022,47.99424,bbecbf69-a4f7-43e3-8b72-de180d106e2c,WBTC-USDC,0.3%,WBTC-USDC (0.3%)
2024-03-18T23:06:48.795Z,12687465,10.90119,10.90119,,-0.49606,36.02251,bbecbf69-a4f7-43e3-8b72-de180d106e2c,WBTC-USDC,0.3%,WBTC-USDC (0.3%)
2024-03-19T23:08:07.108Z,12539907,40.42041,40.42041,,-1.41462,34.68138,bbecbf69-a4f7-43e3-8b72-de180d106e2c,WBTC-USDC,0.3%,WBTC-USDC (0.3%)
2024-03-20T05:06:04.695Z,12539312,44.73772,44.73772,,-2.16461,37.83224,bbecbf69-a4f7-43e3-8b72-de180d106e2c,WBTC-USDC,0.3%,WBTC-USDC (0.3%)
2024-03-22T23:10:30.941Z,12444954,10.42471,10.42471,,-0.65051,60.24691,bbecbf69-a4f7-43e3-8b72-de180d106e2c,WBTC-USDC,0.3%,WBTC-USDC (0.3%)
2024-03-23T23:06:25.980Z,12490083,5.60936,5.60936,,-0.04483,55.59318,bbecbf69-a4f7-43e3-8b72-de180d106e2c,WBTC-USDC,0.3%,WBTC-USDC (0.3%)
2024-03-24T23:06:50.075Z,12568406,5.67224,5.67224,,-0.04,48.09078,bbecbf69-a4f7-43e3-8b72-de180d106e2c,WBTC-USDC,0.3%,WBTC-USDC (0.3%)
2024-03-25T23:10:43.779Z,12618072,7.99366,7.99366,,-0.16376,47.83318,bbecbf69-a4f7-43e3-8b72-de180d106e2c,WBTC-USDC,0.3%,WBTC-USDC (0.3%)
2024-03-26T23:07:00.826Z,12609543,6.54696,6.54696,,-1.10032,32.30195,bbecbf69-a4f7-43e3-8b72-de180d106e2c,WBTC-USDC,0.3%,WBTC-USDC (0.3%)
2024-03-27T23:06:41.128Z,12817834,9.85374,9.85374,,-0.05227,22.89593,bbecbf69-a4f7-43e3-8b72-de180d106e2c,WBTC-USDC,0.3%,WBTC-USDC (0.3%)
2024-03-28T23:06:58.232Z,12673455,4.43114,4.43114,,-0.52589,20.30987,bbecbf69-a4f7-43e3-8b72-de180d106e2c,WBTC-USDC,0.3%,WBTC-USDC (0.3%)
2024-03-29T23:07:13.982Z,12585331,3.58315,3.58315,,-0.89953,18.41929,bbecbf69-a4f7-43e3-8b72-de180d106e2c,WBTC-USDC,0.3%,WBTC-USDC (0.3%)
2024-03-30T23:11:05.293Z,12582965,0.9105,0.9105,,-0.48551,16.46514,bbecbf69-a4f7-43e3-8b72-de180d106e2c,WBTC-USDC,0.3%,WBTC-USDC (0.3%)
2024-03-31T23:06:56.727Z,12607695,1.33243,1.33243,,-0.32415,14.57192,bbecbf69-a4f7-43e3-8b72-de180d106e2c,WBTC-USDC,0.3%,WBTC-USDC (0.3%)
2024-04-01T23:07:36.143Z,12577278,6.55296,6.55296,,-0.00914,14.01315,bbecbf69-a4f7-43e3-8b72-de180d106e2c,WBTC-USDC,0.3%,WBTC-USDC (0.3%)
2024-04-02T23:09:31.240Z,12614713,13.30225,13.30225,,-0.34749,19.25612,bbecbf69-a4f7-43e3-8b72-de180d106e2c,WBTC-USDC,0.3%,WBTC-USDC (0.3%)
2024-04-03T23:06:32.849Z,12847088,7.14381,7.14381,,-0.18548,15.30482,bbecbf69-a4f7-43e3-8b72-de180d106e2c,WBTC-USDC,0.3%,WBTC-USDC (0.3%)
2024-04-04T22:07:48.696Z,13068911,10.44327,10.44327,,-0.17145,14.74625,bbecbf69-a4f7-43e3-8b72-de180d106e2c,WBTC-USDC,0.3%,WBTC-USDC (0.3%)
2024-04-05T23:07:14.093Z,12648525,10.89587,10.89587,,-0.06029,20.58309,bbecbf69-a4f7-43e3-8b72-de180d106e2c,WBTC-USDC,0.3%,WBTC-USDC (0.3%)
2024-04-06T23:08:06.703Z,12710442,1.84655,1.84655,,-0.01419,20.77039,bbecbf69-a4f7-43e3-8b72-de180d106e2c,WBTC-USDC,0.3%,WBTC-USDC (0.3%)
2024-04-07T23:06:47.143Z,12814003,3.26251,3.26251,,-0.05127,18.69947,bbecbf69-a4f7-43e3-8b72-de180d106e2c,WBTC-USDC,0.3%,WBTC-USDC (0.3%)
2024-04-08T23:11:16.179Z,12728650,5.60083,5.60083,,-0.07184,19.19192,bbecbf69-a4f7-43e3-8b72-de180d106e2c,WBTC-USDC,0.3%,WBTC-USDC (0.3%)
2024-04-09T22:07:01.656Z,12786402,7.5231,7.5231,,-0.25062,15.32522,bbecbf69-a4f7-43e3-8b72-de180d106e2c,WBTC-USDC,0.3%,WBTC-USDC (0.3%)
2024-04-10T22:08:25.417Z,12694236,10.1722,10.1722,,-0.34048,18.16604,bbecbf69-a4f7-43e3-8b72-de180d106e2c,WBTC-USDC,0.3%,WBTC-USDC (0.3%)
2024-04-11T19:14:17.156Z,13486773,8.6152,8.6152,,-0.03141,14.87352,bbecbf69-a4f7-43e3-8b72-de180d106e2c,WBTC-USDC,0.3%,WBTC-USDC (0.3%)
2024-04-12T23:06:22.355Z,13261294,17.29161,17.29161,,-0.01005,17.7554,bbecbf69-a4f7-43e3-8b72-de180d106e2c,WBTC-USDC,0.3%,WBTC-USDC (0.3%)
2024-04-13T23:06:48.793Z,13043625,61.70488,61.70488,,-0.40992,42.31769,bbecbf69-a4f7-43e3-8b72-de180d106e2c,WBTC-USDC,0.3%,WBTC-USDC (0.3%)
2024-04-14T23:07:49.586Z,13181115,32.80923,32.80923,,-0.30415,46.89011,bbecbf69-a4f7-43e3-8b72-de180d106e2c,WBTC-USDC,0.3%,WBTC-USDC (0.3%)
2024-04-15T23:06:38.381Z,13288978,21.77278,21.77278,,-1.30349,47.40447,bbecbf69-a4f7-43e3-8b72-de180d106e2c,WBTC-USDC,0.3%,WBTC-USDC (0.3%)
2024-04-16T23:07:29.823Z,16318310,25.73267,25.73267,,-0.58306,55.20013,bbecbf69-a4f7-43e3-8b72-de180d106e2c,WBTC-USDC,0.3%,WBTC-USDC (0.3%)
2024-04-17T23:08:32.352Z,17229672,111.49947,111.49947,,-1.62199,14.15873,bbecbf69-a4f7-43e3-8b72-de180d106e2c,WBTC-USDC,0.3%,WBTC-USDC (0.3%)
2024-04-18T23:06:39.133Z,16372752,55.24408,55.24408,,-1.05017,91.96757,bbecbf69-a4f7-43e3-8b72-de180d106e2c,WBTC-USDC,0.3%,WBTC-USDC (0.3%)
2024-04-19T23:07:26.949Z,16399488,65.46885,65.46885,,-0.17012,138.3452,bbecbf69-a4f7-43e3-8b72-de180d106e2c,WBTC-USDC,0.3%,WBTC-USDC (0.3%)
2024-04-20T23:06:48.269Z,16447068,7.86973,7.86973,,-0.00653,112.77901,bbecbf69-a4f7-43e3-8b72-de180d106e2c,WBTC-USDC,0.3%,WBTC-USDC (0.3%)
2024-04-21T23:06:49.985Z,13388514,5.20107,5.20107,,-0.00132,104.61349,bbecbf69-a4f7-43e3-8b72-de180d106e2c,WBTC-USDC,0.3%,WBTC-USDC (0.3%)
2024-04-22T23:06:42.745Z,13936127,9.9609,9.9609,,-0.2666,69.46263,bbecbf69-a4f7-43e3-8b72-de180d106e2c,WBTC-USDC,0.3%,WBTC-USDC (0.3%)
2024-04-23T23:11:15.236Z,13915692,5.86238,5.86238,,-0.13919,64.53273,bbecbf69-a4f7-43e3-8b72-de180d106e2c,WBTC-USDC,0.3%,WBTC-USDC (0.3%)
2024-04-24T23:07:21.272Z,13790052,13.20138,13.20138,,-0.1456,38.92632,bbecbf69-a4f7-43e3-8b72-de180d106e2c,WBTC-USDC,0.3%,WBTC-USDC (0.3%)
2024-04-25T23:08:10.123Z,13822531,14.17826,14.17826,,-0.0592,27.31094,bbecbf69-a4f7-43e3-8b72-de180d106e2c,WBTC-USDC,0.3%,WBTC-USDC (0.3%)
2024-04-26T13:07:22.191Z,13799925,14.43554,14.43554,,-0.0109,14.61414,bbecbf69-a4f7-43e3-8b72-de180d106e2c,WBTC-USDC,0.3%,WBTC-USDC (0.3%)
2024-04-29T23:07:09.311Z,14625115,15.8591,15.8591,,-0.23127,9.84043,bbecbf69-a4f7-43e3-8b72-de180d106e2c,WBTC-USDC,0.3%,WBTC-USDC (0.3%)
2024-04-30T23:06:46.193Z,14286735,26.67122,26.67122,,-0.70928,35.52854,bbecbf69-a4f7-43e3-8b72-de180d106e2c,WBTC-USDC,0.3%,WBTC-USDC (0.3%)
2024-05-01T23:07:14.374Z,14150593,31.49354,31.49354,,-0.88841,46.29204,bbecbf69-a4f7-43e3-8b72-de180d106e2c,WBTC-USDC,0.3%,WBTC-USDC (0.3%)
2024-05-02T23:10:20.807Z,14423041,19.31657,19.31657,,-0.63003,41.82501,bbecbf69-a4f7-43e3-8b72-de180d106e2c,WBTC-USDC,0.3%,WBTC-USDC (0.3%)
2024-05-03T23:06:28.171Z,20451025,16.70218,16.70218,,-0.02663,14.73271,bbecbf69-a4f7-43e3-8b72-de180d106e2c,WBTC-USDC,0.3%,WBTC-USDC (0.3%)
2024-05-04T23:10:17.970Z,14490478,22.33545,22.33545,,-0.00236,17.0657,bbecbf69-a4f7-43e3-8b72-de180d106e2c,WBTC-USDC,0.3%,WBTC-USDC (0.3%)
2024-05-05T23:10:22.821Z,14878358,12.19555,12.19555,,-0.00467,16.66643,bbecbf69-a4f7-43e3-8b72-de180d106e2c,WBTC-USDC,0.3%,WBTC-USDC (0.3%)
2024-05-06T23:07:25.137Z,19886099,47.65641,47.65641,,-0.00364,6.60485,bbecbf69-a4f7-43e3-8b72-de180d106e2c,WBTC-USDC,0.3%,WBTC-USDC (0.3%)
2024-05-07T23:07:15.709Z,20520008,54.78008,54.78008,,-0.12318,8.08531,bbecbf69-a4f7-43e3-8b72-de180d106e2c,WBTC-USDC,0.3%,WBTC-USDC (0.3%)
2024-05-08T23:07:05.270Z,20368630,45.56035,45.56035,,-0.29378,11.55059,bbecbf69-a4f7-43e3-8b72-de180d106e2c,WBTC-USDC,0.3%,WBTC-USDC (0.3%)
2024-05-09T23:07:06.424Z,20741377,47.85591,47.85591,,-0.34639,11.0118,bbecbf69-a4f7-43e3-8b72-de180d106e2c,WBTC-USDC,0.3%,WBTC-USDC (0.3%)
2024-05-10T23:07:53.846Z,27693731,44.6194,44.6194,,-0.08657,16.08026,bbecbf69-a4f7-43e3-8b72-de180d106e2c,WBTC-USDC,0.3%,WBTC-USDC (0.3%)
2024-05-11T23:12:13.634Z,27721740,9.83956,9.83956,,-0.16618,15.92531,bbecbf69-a4f7-43e3-8b72-de180d106e2c,WBTC-USDC,0.3%,WBTC-USDC (0.3%)
2024-05-12T23:07:15.883Z,27779755,10.08192,10.08192,,-0.12996,16.14817,bbecbf69-a4f7-43e3-8b72-de180d106e2c,WBTC-USDC,0.3%,WBTC-USDC (0.3%)
2024-05-13T23:07:52.787Z,19991302,84.78379,84.78379,,-0.00661,14.48722,bbecbf69-a4f7-43e3-8b72-de180d106e2c,WBTC-USDC,0.3%,WBTC-USDC (0.3%)
2024-05-14T23:10:34.296Z,19903924,44.44485,44.44485,,-0.01373,17.5711,bbecbf69-a4f7-43e3-8b72-de180d106e2c,WBTC-USDC,0.3%,WBTC-USDC (0.3%)
2024-05-15T23:10:30.284Z,20890378,58.38171,58.38171,,-0.5225,11.44726,bbecbf69-a4f7-43e3-8b72-de180d106e2c,WBTC-USDC,0.3%,WBTC-USDC (0.3%)
2024-05-16T23:10:45.333Z,20112550,35.2705,35.2705,,-0.10995,48.01974,bbecbf69-a4f7-43e3-8b72-de180d106e2c,WBTC-USDC,0.3%,WBTC-USDC (0.3%)
2024-05-17T23:06:59.585Z,20167546,16.41995,16.41995,,-0.75412,86.65432,bbecbf69-a4f7-43e3-8b72-de180d106e2c,WBTC-USDC,0.3%,WBTC-USDC (0.3%)
2024-05-18T23:08:23.111Z,20224568,1.34014,1.34014,,-0.78443,82.46702,bbecbf69-a4f7-43e3-8b72-de180d106e2c,WBTC-USDC,0.3%,WBTC-USDC (0.3%)
2024-05-19T23:11:51.752Z,20080269,12.13211,12.13211,,-0.53975,70.22166,bbecbf69-a4f7-43e3-8b72-de180d106e2c,WBTC-USDC,0.3%,WBTC-USDC (0.3%)
2024-05-20T23:06:46.099Z,20152266,12.38823,12.38823,,-0.99429,96.47593,bbecbf69-a4f7-43e3-8b72-de180d106e2c,WBTC-USDC,0.3%,WBTC-USDC (0.3%)
2024-05-21T23:07:55.327Z,13838198,12.38524,12.38524,,-1.50248,61.15843,bbecbf69-a4f7-43e3-8b72-de180d106e2c,WBTC-USDC,0.3%,WBTC-USDC (0.3%)
2024-05-22T23:08:18.010Z,13794018,7.50383,7.50383,,-0.19225,37.10152,bbecbf69-a4f7-43e3-8b72-de180d106e2c,WBTC-USDC,0.3%,WBTC-USDC (0.3%)
2024-05-23T23:09:05.085Z,13794924,21.95283,21.95283,,-0.11615,28.52245,bbecbf69-a4f7-43e3-8b72-de180d106e2c,WBTC-USDC,0.3%,WBTC-USDC (0.3%)
2024-05-24T23:07:09.072Z,13884917,7.96108,7.96108,,-0.08771,23.97576,bbecbf69-a4f7-43e3-8b72-de180d106e2c,WBTC-USDC,0.3%,WBTC-USDC (0.3%)
2024-05-25T19:07:15.805Z,13886559,2.33771,2.33771,,-0.11205,24.1377,bbecbf69-a4f7-43e3-8b72-de180d106e2c,WBTC-USDC,0.3%,WBTC-USDC (0.3%)
2024-05-26T22:06:48.989Z,13826811,2.05063,2.05063,,-0.10487,20.80635,bbecbf69-a4f7-43e3-8b72-de180d106e2c,WBTC-USDC,0.3%,WBTC-USDC (0.3%)
2024-05-27T23:07:18.501Z,13666719,7.53959,7.53959,,-0.00166,18.03393,bbecbf69-a4f7-43e3-8b72-de180d106e2c,WBTC-USDC,0.3%,WBTC-USDC (0.3%)
2024-05-28T23:07:11.848Z,13643914,9.45024,9.45024,,-0.04904,17.24209,bbecbf69-a4f7-43e3-8b72-de180d106e2c,WBTC-USDC,0.3%,WBTC-USDC (0.3%)
2024-05-29T23:07:23.642Z,13545265,5.25436,5.25436,,-0.05812,17.06158,bbecbf69-a4f7-43e3-8b72-de180d106e2c,WBTC-USDC,0.3%,WBTC-USDC (0.3%)
2024-05-30T23:07:01.039Z,13523126,6.5052,6.5052,,-0.00341,12.26366,bbecbf69-a4f7-43e3-8b72-de180d106e2c,WBTC-USDC,0.3%,WBTC-USDC (0.3%)
2024-05-31T23:07:24.247Z,13502745,5.30639,5.30639,,-0.02948,11.46431,bbecbf69-a4f7-43e3-8b72-de180d106e2c,WBTC-USDC,0.3%,WBTC-USDC (0.3%)
2024-06-01T23:07:14.732Z,13521788,1.00092,1.00092,,-0.03429,11.10438,bbecbf69-a4f7-43e3-8b72-de180d106e2c,WBTC-USDC,0.3%,WBTC-USDC (0.3%)
2024-06-02T23:07:44.651Z,13557240,2.79218,2.79218,,-0.00962,11.04946,bbecbf69-a4f7-43e3-8b72-de180d106e2c,WBTC-USDC,0.3%,WBTC-USDC (0.3%)
2024-06-03T23:06:42.409Z,13405952,7.73857,7.73857,,-0.00354,10.82476,bbecbf69-a4f7-43e3-8b72-de180d106e2c,WBTC-USDC,0.3%,WBTC-USDC (0.3%)
2024-06-04T23:10:41.602Z,13447504,6.02162,6.02162,,-0.07501,9.64558,bbecbf69-a4f7-43e3-8b72-de180d106e2c,WBTC-USDC,0.3%,WBTC-USDC (0.3%)
2024-06-05T23:05:21.847Z,13470644,5.08322,5.08322,,-0.25371,9.539,bbecbf69-a4f7-43e3-8b72-de180d106e2c,WBTC-USDC,0.3%,WBTC-USDC (0.3%)
2024-06-06T23:06:32.130Z,13466721,3.04847,3.04847,,-0.13025,8.52735,bbecbf69-a4f7-43e3-8b72-de180d106e2c,WBTC-USDC,0.3%,WBTC-USDC (0.3%)
2024-06-07T23:07:10.354Z,13425968,9.59948,9.59948,,-0.06574,9.8737,bbecbf69-a4f7-43e3-8b72-de180d106e2c,WBTC-USDC,0.3%,WBTC-USDC (0.3%)
2024-06-08T23:06:54.391Z,13507100,0.23673,0.23673,,-0.04759,8.99171,bbecbf69-a4f7-43e3-8b72-de180d106e2c,WBTC-USDC,0.3%,WBTC-USDC (0.3%)
2024-06-09T23:06:51.794Z,13458985,0.57361,0.57361,,-0.06342,8.62943,bbecbf69-a4f7-43e3-8b72-de180d106e2c,WBTC-USDC,0.3%,WBTC-USDC (0.3%)
2024-06-10T23:09:24.578Z,13364635,1.83191,1.83191,,-0.00457,7.36818,bbecbf69-a4f7-43e3-8b72-de180d106e2c,WBTC-USDC,0.3%,WBTC-USDC (0.3%)
2024-06-11T23:06:59.683Z,13301813,9.10254,9.10254,,-0.17883,8.32137,bbecbf69-a4f7-43e3-8b72-de180d106e2c,WBTC-USDC,0.3%,WBTC-USDC (0.3%)
2024-06-12T23:10:01.430Z,13337566,11.24214,11.24214,,-0.15251,9.96873,bbecbf69-a4f7-43e3-8b72-de180d106e2c,WBTC-USDC,0.3%,WBTC-USDC (0.3%)
2024-06-13T23:05:40.386Z,13280330,8.6549,8.6549,,-0.31252,5.9028,bbecbf69-a4f7-43e3-8b72-de180d106e2c,WBTC-USDC,0.3%,WBTC-USDC (0.3%)
2024-06-14T23:04:55.515Z,13262811,7.96887,7.96887,,-0.21893,5.66147,bbecbf69-a4f7-43e3-8b72-de180d106e2c,WBTC-USDC,0.3%,WBTC-USDC (0.3%)
2024-06-15T23:03:56.553Z,13263072,1.06598,1.06598,,-0.17813,5.77888,bbecbf69-a4f7-43e3-8b72-de180d106e2c,WBTC-USDC,0.3%,WBTC-USDC (0.3%)
2024-06-16T23:05:13.049Z,13203198,1.48946,1.48946,,-0.15822,5.93398,bbecbf69-a4f7-43e3-8b72-de180d106e2c,WBTC-USDC,0.3%,WBTC-USDC (0.3%)
2024-06-17T23:05:12.408Z,13194980,7.68967,7.68967,,-0.15007,6.76885,bbecbf69-a4f7-43e3-8b72-de180d106e2c,WBTC-USDC,0.3%,WBTC-USDC (0.3%)
2024-06-18T23:04:42.537Z,13996528,7.35188,7.35188,,-0.08613,6.19617,bbecbf69-a4f7-43e3-8b72-de180d106e2c,WBTC-USDC,0.3%,WBTC-USDC (0.3%)
2024-06-19T23:09:55.401Z,13990014,4.69307,4.69307,,-0.20077,7.86787,bbecbf69-a4f7-43e3-8b72-de180d106e2c,WBTC-USDC,0.3%,WBTC-USDC (0.3%)
2024-06-20T23:08:55.144Z,14035325,10.77831,10.77831,,-0.06622,8.2641,bbecbf69-a4f7-43e3-8b72-de180d106e2c,WBTC-USDC,0.3%,WBTC-USDC (0.3%)
2024-06-21T23:10:01.151Z,20996617,9.92431,9.92431,,-0.0704,10.09001,bbecbf69-a4f7-43e3-8b72-de180d106e2c,WBTC-USDC,0.3%,WBTC-USDC (0.3%)
2024-06-22T23:09:25.874Z,21003297,0.87864,0.87864,,-0.09191,10.15307,bbecbf69-a4f7-43e3-8b72-de180d106e2c,WBTC-USDC,0.3%,WBTC-USDC (0.3%)
2024-06-23T20:12:33.228Z,20992107,0.64871,0.64871,,-0.13219,10.16273,bbecbf69-a4f7-43e3-8b72-de180d106e2c,WBTC-USDC,0.3%,WBTC-USDC (0.3%)
2024-06-24T23:10:12.153Z,13690094,188.74724,188.74724,,-0.9235,47.35931,bbecbf69-a4f7-43e3-8b72-de180d106e2c,WBTC-USDC,0.3%,WBTC-USDC (0.3%)
2024-06-25T11:08:17.679Z,13768895,110.6639,110.6639,,-0.36212,43.30149,bbecbf69-a4f7-43e3-8b72-de180d106e2c,WBTC-USDC,0.3%,WBTC-USDC (0.3%)
2024-06-26T23:08:40.285Z,13794295,7.81349,7.81349,,-0.36708,46.55175,bbecbf69-a4f7-43e3-8b72-de180d106e2c,WBTC-USDC,0.3%,WBTC-USDC (0.3%)
2024-06-27T23:09:19.746Z,13799898,6.68162,6.68162,,-0.23952,44.72956,bbecbf69-a4f7-43e3-8b72-de180d106e2c,WBTC-USDC,0.3%,WBTC-USDC (0.3%)
2024-06-28T23:09:24.378Z,13719926,7.65267,7.65267,,-0.3301,65.92378,bbecbf69-a4f7-43e3-8b72-de180d106e2c,WBTC-USDC,0.3%,WBTC-USDC (0.3%)
2024-06-29T23:09:36.636Z,13759528,1.99968,1.99968,,-0.23408,44.64641,bbecbf69-a4f7-43e3-8b72-de180d106e2c,WBTC-USDC,0.3%,WBTC-USDC (0.3%)
2024-06-30T23:10:39.792Z,13882725,6.06655,6.06655,,-0.01247,59.00484,bbecbf69-a4f7-43e3-8b72-de180d106e2c,WBTC-USDC,0.3%,WBTC-USDC (0.3%)
2024-07-01T23:08:38.088Z,14658789,7.74944,7.74944,,-0.17884,9.62518,bbecbf69-a4f7-43e3-8b72-de180d106e2c,WBTC-USDC,0.3%,WBTC-USDC (0.3%)
2024-07-02T23:11:06.168Z,14624877,5.11011,5.11011,,-0.00015,8.55068,bbecbf69-a4f7-43e3-8b72-de180d106e2c,WBTC-USDC,0.3%,WBTC-USDC (0.3%)
2024-07-03T23:10:33.499Z,14434249,31.28932,31.28932,,-0.01327,20.06589,bbecbf69-a4f7-43e3-8b72-de180d106e2c,WBTC-USDC,0.3%,WBTC-USDC (0.3%)
2024-07-04T23:09:07.203Z,25234766,31.40675,31.40675,,-0.3425,43.34521,bbecbf69-a4f7-43e3-8b72-de180d106e2c,WBTC-USDC,0.3%,WBTC-USDC (0.3%)
2024-07-05T23:09:04.908Z,28037258,329.4965,329.4965,,-0.33133,17.37472,bbecbf69-a4f7-43e3-8b72-de180d106e2c,WBTC-USDC,0.3%,WBTC-USDC (0.3%)
2024-07-06T23:10:16.981Z,24998861,33.19503,33.19503,,-0.20271,278.88206,bbecbf69-a4f7-43e3-8b72-de180d106e2c,WBTC-USDC,0.3%,WBTC-USDC (0.3%)
2024-07-07T23:09:14.896Z,24835028,40.82441,40.82441,,-1.01553,20.19467,bbecbf69-a4f7-43e3-8b72-de180d106e2c,WBTC-USDC,0.3%,WBTC-USDC (0.3%)
2024-07-08T23:10:43.961Z,25502117,193.96106,193.96106,,-0.95413,27.8899,bbecbf69-a4f7-43e3-8b72-de180d106e2c,WBTC-USDC,0.3%,WBTC-USDC (0.3%)
2024-07-09T23:10:58.840Z,24944208,55.27815,55.27815,,-0.39217,452.36865,bbecbf69-a4f7-43e3-8b72-de180d106e2c,WBTC-USDC,0.3%,WBTC-USDC (0.3%)
2024-07-10T23:10:06.777Z,24949475,4.49883,4.49883,,-0.15299,459.47774,bbecbf69-a4f7-43e3-8b72-de180d106e2c,WBTC-USDC,0.3%,WBTC-USDC (0.3%)
2024-07-11T23:09:36.316Z,25090592,8.92785,8.92785,,-0.00681,28.18229,bbecbf69-a4f7-43e3-8b72-de180d106e2c,WBTC-USDC,0.3%,WBTC-USDC (0.3%)
2024-07-12T23:11:48.495Z,24617900,43.83041,43.83041,,-0.03976,222.40135,bbecbf69-a4f7-43e3-8b72-de180d106e2c,WBTC-USDC,0.3%,WBTC-USDC (0.3%)
2024-07-13T23:08:37.883Z,24761708,5.10972,5.10972,,-0.03408,208.36808,bbecbf69-a4f7-43e3-8b72-de180d106e2c,WBTC-USDC,0.3%,WBTC-USDC (0.3%)
2024-07-14T23:10:17.497Z,24799488,4.16412,4.16412,,-0.50366,168.07509,bbecbf69-a4f7-43e3-8b72-de180d106e2c,WBTC-USDC,0.3%,WBTC-USDC (0.3%)
2024-07-15T23:12:28.045Z,24939512,7.26238,7.26238,,-1.43087,38.98487,bbecbf69-a4f7-43e3-8b72-de180d106e2c,WBTC-USDC,0.3%,WBTC-USDC (0.3%)
2024-07-16T23:12:01.924Z,25227537,10.74337,10.74337,,-1.03826,23.16233,bbecbf69-a4f7-43e3-8b72-de180d106e2c,WBTC-USDC,0.3%,WBTC-USDC (0.3%)
2024-07-17T23:10:48.959Z,20739965,23.78601,23.78601,,-1.01328,12.62789,bbecbf69-a4f7-43e3-8b72-de180d106e2c,WBTC-USDC,0.3%,WBTC-USDC (0.3%)
2024-07-18T23:10:27.771Z,20732029,22.01834,22.01834,,-1.07182,13.8255,bbecbf69-a4f7-43e3-8b72-de180d106e2c,WBTC-USDC,0.3%,WBTC-USDC (0.3%)
2024-07-19T23:28:48.339Z,21019041,25.20182,25.20182,,-1.81765,13.98795,bbecbf69-a4f7-43e3-8b72-de180d106e2c,WBTC-USDC,0.3%,WBTC-USDC (0.3%)
2024-07-20T23:09:45.361Z,21089712,5.73676,5.73676,,-1.36729,13.90019,bbecbf69-a4f7-43e3-8b72-de180d106e2c,WBTC-USDC,0.3%,WBTC-USDC (0.3%)
2024-07-21T23:11:38.538Z,21089753,15.7693,15.7693,,-1.0728,16.4861,bbecbf69-a4f7-43e3-8b72-de180d106e2c,WBTC-USDC,0.3%,WBTC-USDC (0.3%)
2024-07-22T22:13:22.945Z,21080746,12.1919,12.1919,,-0.32012,17.06418,bbecbf69-a4f7-43e3-8b72-de180d106e2c,WBTC-USDC,0.3%,WBTC-USDC (0.3%)
2024-07-23T23:10:04.616Z,29072378,18.99604,18.99604,,-0.05552,17.81717,bbecbf69-a4f7-43e3-8b72-de180d106e2c,WBTC-USDC,0.3%,WBTC-USDC (0.3%)
2024-07-24T23:13:23.622Z,29063384,34.17618,34.17618,,-0.02326,3.56052,bbecbf69-a4f7-43e3-8b72-de180d106e2c,WBTC-USDC,0.3%,WBTC-USDC (0.3%)
2024-07-25T23:09:42.609Z,29171046,88.4967,88.4967,,-0.05316,6.37563,bbecbf69-a4f7-43e3-8b72-de180d106e2c,WBTC-USDC,0.3%,WBTC-USDC (0.3%)
2024-07-26T23:11:09.196Z,29367660,11.7886,11.7886,,-0.02209,34.13417,bbecbf69-a4f7-43e3-8b72-de180d106e2c,WBTC-USDC,0.3%,WBTC-USDC (0.3%)
2024-07-27T23:14:39.013Z,27433377,31.05592,31.05592,,-0.03018,39.49299,bbecbf69-a4f7-43e3-8b72-de180d106e2c,WBTC-USDC,0.3%,WBTC-USDC (0.3%)
2024-07-28T23:11:57.130Z,27404060,8.41605,8.41605,,-0.00074,37.57941,bbecbf69-a4f7-43e3-8b72-de180d106e2c,WBTC-USDC,0.3%,WBTC-USDC (0.3%)
2024-07-29T23:08:22.680Z,27374412,50.08945,50.08945,,-0.00138,44.89663,bbecbf69-a4f7-43e3-8b72-de180d106e2c,WBTC-USDC,0.3%,WBTC-USDC (0.3%)
2024-07-30T23:14:59.362Z,27336094,89.25264,89.25264,,-0.00138,10.40893,bbecbf69-a4f7-43e3-8b72-de180d106e2c,WBTC-USDC,0.3%,WBTC-USDC (0.3%)
2024-07-31T23:12:13.929Z,27055480,70.19917,70.19917,,-0.00184,11.44252,bbecbf69-a4f7-43e3-8b72-de180d106e2c,WBTC-USDC,0.3%,WBTC-USDC (0.3%)
2024-08-01T23:12:07.479Z,39367411,50.43292,50.43292,,-0.00427,9.84004,bbecbf69-a4f7-43e3-8b72-de180d106e2c,WBTC-USDC,0.3%,WBTC-USDC (0.3%)
2024-08-02T23:12:14.933Z,38271837,125.887,125.887,,-0.84946,18.75329,bbecbf69-a4f7-43e3-8b72-de180d106e2c,WBTC-USDC,0.3%,WBTC-USDC (0.3%)
2024-08-03T23:10:39.989Z,48032791,69.07096,69.07096,,-1.26821,22.59602,bbecbf69-a4f7-43e3-8b72-de180d106e2c,WBTC-USDC,0.3%,WBTC-USDC (0.3%)
2024-08-04T23:10:50.135Z,45509843,135.80945,135.80945,,-1.85129,33.82792,bbecbf69-a4f7-43e3-8b72-de180d106e2c,WBTC-USDC,0.3%,WBTC-USDC (0.3%)
2024-08-05T23:10:11.441Z,55353750,258.01001,258.01001,,-3.87101,1046.49112,bbecbf69-a4f7-43e3-8b72-de180d106e2c,WBTC-USDC,0.3%,WBTC-USDC (0.3%)
2024-08-06T23:12:01.113Z,56592085,46.32579,46.32579,,-2.36048,53.87343,bbecbf69-a4f7-43e3-8b72-de180d106e2c,WBTC-USDC,0.3%,WBTC-USDC (0.3%)
2024-08-07T23:12:22.744Z,65369983,74.49196,74.49196,,-2.23233,67.41321,bbecbf69-a4f7-43e3-8b72-de180d106e2c,WBTC-USDC,0.3%,WBTC-USDC (0.3%)
2024-08-08T23:11:16.465Z,69306090,77.9294,77.9294,,-0.16348,54.23567,bbecbf69-a4f7-43e3-8b72-de180d106e2c,WBTC-USDC,0.3%,WBTC-USDC (0.3%)
2024-08-09T23:12:15.306Z,67581422,66.48592,66.48592,,-0.01775,54.7698,bbecbf69-a4f7-43e3-8b72-de180d106e2c,WBTC-USDC,0.3%,WBTC-USDC (0.3%)
2024-08-10T23:10:50.161Z,69146103,15.69799,15.69799,,-0.00194,51.29275,bbecbf69-a4f7-43e3-8b72-de180d106e2c,WBTC-USDC,0.3%,WBTC-USDC (0.3%)
2024-08-11T23:11:43.227Z,66923045,53.59545,53.59545,,-0.00134,53.24884,bbecbf69-a4f7-43e3-8b72-de180d106e2c,WBTC-USDC,0.3%,WBTC-USDC (0.3%)
2024-08-12T23:13:01.168Z,66845668,74.29804,74.29804,,-0.47628,40.67096,bbecbf69-a4f7-43e3-8b72-de180d106e2c,WBTC-USDC,0.3%,WBTC-USDC (0.3%)
2024-08-13T23:12:34.543Z,67150374,44.36799,44.36799,,-0.46046,36.741,bbecbf69-a4f7-43e3-8b72-de180d106e2c,WBTC-USDC,0.3%,WBTC-USDC (0.3%)
2024-08-14T23:11:12.268Z,66216921,39.32787,39.32787,,-0.37214,36.47412,bbecbf69-a4f7-43e3-8b72-de180d106e2c,WBTC-USDC,0.3%,WBTC-USDC (0.3%)
2024-08-15T23:10:32.467Z,65614117,51.28133,51.28133,,-0.57427,33.77413,bbecbf69-a4f7-43e3-8b72-de180d106e2c,WBTC-USDC,0.3%,WBTC-USDC (0.3%)
2024-08-16T23:12:13.742Z,66316021,40.74763,40.74763,,-0.07237,30.82206,bbecbf69-a4f7-43e3-8b72-de180d106e2c,WBTC-USDC,0.3%,WBTC-USDC (0.3%)
2024-08-17T22:09:23.677Z,66702746,7.15418,7.15418,,-0.07819,29.67385,bbecbf69-a4f7-43e3-8b72-de180d106e2c,WBTC-USDC,0.3%,WBTC-USDC (0.3%)
2024-08-18T23:09:29.270Z,67190409,13.6295,13.6295,,-0.00573,25.68265,bbecbf69-a4f7-43e3-8b72-de180d106e2c,WBTC-USDC,0.3%,WBTC-USDC (0.3%)
2024-08-19T23:11:38.783Z,67140882,22.66637,22.66637,,-0.00014,20.81114,bbecbf69-a4f7-43e3-8b72-de180d106e2c,WBTC-USDC,0.3%,WBTC-USDC (0.3%)
2024-08-20T23:11:23.900Z,67284998,35.81865,35.81865,,-0.03614,19.70423,bbecbf69-a4f7-43e3-8b72-de180d106e2c,WBTC-USDC,0.3%,WBTC-USDC (0.3%)
2024-08-21T23:09:04.425Z,63872318,45.05178,45.05178,,-0.11357,20.3406,bbecbf69-a4f7-43e3-8b72-de180d106e2c,WBTC-USDC,0.3%,WBTC-USDC (0.3%)
2024-08-22T23:10:51.329Z,63580829,21.08648,21.08648,,-0.21878,17.66706,bbecbf69-a4f7-43e3-8b72-de180d106e2c,WBTC-USDC,0.3%,WBTC-USDC (0.3%)
2024-08-23T23:09:45.277Z,61548483,81.48436,81.48436,,-0.65127,20.33653,bbecbf69-a4f7-43e3-8b72-de180d106e2c,WBTC-USDC,0.3%,WBTC-USDC (0.3%)
2024-08-24T23:09:44.102Z,61827407,14.76177,14.76177,,-0.50756,20.819,bbecbf69-a4f7-43e3-8b72-de180d106e2c,WBTC-USDC,0.3%,WBTC-USDC (0.3%)
2024-08-25T23:09:45.197Z,51121119,12.42311,12.42311,,-0.59789,18.83055,bbecbf69-a4f7-43e3-8b72-de180d106e2c,WBTC-USDC,0.3%,WBTC-USDC (0.3%)
2024-08-26T23:08:26.373Z,50674640,24.14342,24.14342,,-0.32452,20.02973,bbecbf69-a4f7-43e3-8b72-de180d106e2c,WBTC-USDC,0.3%,WBTC-USDC (0.3%)
2024-08-27T23:06:58.769Z,63285756,32.18896,32.18896,,-0.00022,174.15956,bbecbf69-a4f7-43e3-8b72-de180d106e2c,WBTC-USDC,0.3%,WBTC-USDC (0.3%)
2024-08-28T23:08:10.941Z,63356344,65.28806,65.28806,,-0.1039,15.70305,bbecbf69-a4f7-43e3-8b72-de180d106e2c,WBTC-USDC,0.3%,WBTC-USDC (0.3%)
2024-08-29T23:13:11.952Z,63448279,33.7851,33.7851,,-0.03191,16.52646,bbecbf69-a4f7-43e3-8b72-de180d106e2c,WBTC-USDC,0.3%,WBTC-USDC (0.3%)
2024-08-30T23:11:16.042Z,64800607,42.36976,42.36976,,-0.5312,14.05069,bbecbf69-a4f7-43e3-8b72-de180d106e2c,WBTC-USDC,0.3%,WBTC-USDC (0.3%)
2024-08-31T22:10:08.658Z,63681240,5.23429,5.23429,,-0.50755,13.48584,bbecbf69-a4f7-43e3-8b72-de180d106e2c,WBTC-USDC,0.3%,WBTC-USDC (0.3%)
2024-09-01T23:09:39.248Z,62581752,36.80382,36.80382,,-1.2051,15.7468,bbecbf69-a4f7-43e3-8b72-de180d106e2c,WBTC-USDC,0.3%,WBTC-USDC (0.3%)
2024-09-02T23:08:55.542Z,64947615,25.40362,25.40362,,-0.31769,15.57691,bbecbf69-a4f7-43e3-8b72-de180d106e2c,WBTC-USDC,0.3%,WBTC-USDC (0.3%)
2024-09-03T23:06:18.906Z,64131432,26.19976,26.19976,,-0.06576,15.22752,bbecbf69-a4f7-43e3-8b72-de180d106e2c,WBTC-USDC,0.3%,WBTC-USDC (0.3%)
2024-09-04T23:09:49.474Z,64385118,60.12567,60.12567,,-0.02844,14.7975,bbecbf69-a4f7-43e3-8b72-de180d106e2c,WBTC-USDC,0.3%,WBTC-USDC (0.3%)
2024-09-05T23:09:12.015Z,65503644,41.56936,41.56936,,-0.27103,22.37851,bbecbf69-a4f7-43e3-8b72-de180d106e2c,WBTC-USDC,0.3%,WBTC-USDC (0.3%)
2024-09-06T23:10:14.348Z,63418838,80.69663,80.69663,,-0.86239,29.9409,bbecbf69-a4f7-43e3-8b72-de180d106e2c,WBTC-USDC,0.3%,WBTC-USDC (0.3%)
2024-09-07T23:13:39.415Z,63743291,9.83619,9.83619,,-0.68984,30.2686,bbecbf69-a4f7-43e3-8b72-de180d106e2c,WBTC-USDC,0.3%,WBTC-USDC (0.3%)
2024-09-08T23:10:52.321Z,64315883,16.07728,16.07728,,-0.1956,24.74608,bbecbf69-a4f7-43e3-8b72-de180d106e2c,WBTC-USDC,0.3%,WBTC-USDC (0.3%)
2024-09-09T23:10:19.030Z,67330226,35.26851,35.26851,,-0.10914,24.10509,bbecbf69-a4f7-43e3-8b72-de180d106e2c,WBTC-USDC,0.3%,WBTC-USDC (0.3%)
2024-09-10T23:10:31.486Z,67795665,24.31164,24.31164,,-0.00046,24.2143,bbecbf69-a4f7-43e3-8b72-de180d106e2c,WBTC-USDC,0.3%,WBTC-USDC (0.3%)
2024-09-11T23:09:45.279Z,67286598,37.42607,37.42607,,-0.01067,22.60158,bbecbf69-a4f7-43e3-8b72-de180d106e2c,WBTC-USDC,0.3%,WBTC-USDC (0.3%)
2024-09-12T23:10:19.347Z,67884844,30.0194,30.0194,,-0.12586,22.08451,bbecbf69-a4f7-43e3-8b72-de180d106e2c,WBTC-USDC,0.3%,WBTC-USDC (0.3%)
2024-09-13T23:10:00.380Z,69207978,21.61892,21.61892,,-1.29344,16.83875,bbecbf69-a4f7-43e3-8b72-de180d106e2c,WBTC-USDC,0.3%,WBTC-USDC (0.3%)
2024-09-14T23:08:21.373Z,68592290,5.54144,5.54144,,-0.9873,16.06584,bbecbf69-a4f7-43e3-8b72-de180d106e2c,WBTC-USDC,0.3%,WBTC-USDC (0.3%)
2024-09-15T23:10:15.214Z,68332535,10.00106,10.00106,,-0.61554,15.63907,bbecbf69-a4f7-43e3-8b72-de180d106e2c,WBTC-USDC,0.3%,WBTC-USDC (0.3%)
2024-09-16T23:09:50.746Z,67324954,28.75385,28.75385,,-0.01822,15.12138,bbecbf69-a4f7-43e3-8b72-de180d106e2c,WBTC-USDC,0.3%,WBTC-USDC (0.3%)
2024-09-17T23:09:10.162Z,68818001,44.37933,44.37933,,-0.17794,16.71619,bbecbf69-a4f7-43e3-8b72-de180d106e2c,WBTC-USDC,0.3%,WBTC-USDC (0.3%)
2024-09-18T23:08:51.983Z,68870926,49.72949,49.72949,,-0.27103,18.29296,bbecbf69-a4f7-43e3-8b72-de180d106e2c,WBTC-USDC,0.3%,WBTC-USDC (0.3%)
2024-09-19T23:08:38.662Z,69007940,35.56921,35.56921,,-0.53204,17.81037,bbecbf69-a4f7-43e3-8b72-de180d106e2c,WBTC-USDC,0.3%,WBTC-USDC (0.3%)
2024-09-20T23:08:37.675Z,68529663,24.33097,24.33097,,-0.15989,18.53284,bbecbf69-a4f7-43e3-8b72-de180d106e2c,WBTC-USDC,0.3%,WBTC-USDC (0.3%)
2024-09-21T23:15:13.262Z,68558322,2.53815,2.53815,,-0.22192,18.24314,bbecbf69-a4f7-43e3-8b72-de180d106e2c,WBTC-USDC,0.3%,WBTC-USDC (0.3%)
2024-09-22T23:10:52.789Z,68878642,17.79457,17.79457,,-0.51647,19.05037,bbecbf69-a4f7-43e3-8b72-de180d106e2c,WBTC-USDC,0.3%,WBTC-USDC (0.3%)
2024-09-23T23:10:53.530Z,68637015,26.25095,26.25095,,-0.64307,18.55557,bbecbf69-a4f7-43e3-8b72-de180d106e2c,WBTC-USDC,0.3%,WBTC-USDC (0.3%)
2024-09-24T23:09:33.067Z,68739532,20.803,20.803,,-0.36306,15.20523,bbecbf69-a4f7-43e3-8b72-de180d106e2c,WBTC-USDC,0.3%,WBTC-USDC (0.3%)
2024-09-25T23:10:34.242Z,61765139,16.25327,16.25327,,-0.12293,13.50136,bbecbf69-a4f7-43e3-8b72-de180d106e2c,WBTC-USDC,0.3%,WBTC-USDC (0.3%)
2024-09-26T23:09:12.551Z,62085339,31.06066,31.06066,,-0.09465,11.237,bbecbf69-a4f7-43e3-8b72-de180d106e2c,WBTC-USDC,0.3%,WBTC-USDC (0.3%)
2024-09-27T23:05:57.411Z,62395879,17.25236,17.25236,,-0.14564,10.70674,bbecbf69-a4f7-43e3-8b72-de180d106e2c,WBTC-USDC,0.3%,WBTC-USDC (0.3%)
2024-09-28T23:10:14.596Z,62130116,4.09678,4.09678,,-0.12975,10.65792,bbecbf69-a4f7-43e3-8b72-de180d106e2c,WBTC-USDC,0.3%,WBTC-USDC (0.3%)
2024-09-29T23:09:29.482Z,61974290,3.29219,3.29219,,-0.0709,9.19305,bbecbf69-a4f7-43e3-8b72-de180d106e2c,WBTC-USDC,0.3%,WBTC-USDC (0.3%)
2024-09-30T23:09:29.491Z,54938380,35.33429,35.33429,,-0.00124,10.77711,bbecbf69-a4f7-43e3-8b72-de180d106e2c,WBTC-USDC,0.3%,WBTC-USDC (0.3%)
2024-10-01T23:10:02.447Z,54060485,64.71341,64.71341,,-0.29291,14.53527,bbecbf69-a4f7-43e3-8b72-de180d106e2c,WBTC-USDC,0.3%,WBTC-USDC (0.3%)
2024-10-02T23:08:44.913Z,55468508,50.55659,50.55659,,-0.12364,16.69477,bbecbf69-a4f7-43e3-8b72-de180d106e2c,WBTC-USDC,0.3%,WBTC-USDC (0.3%)
2024-10-03T23:11:57.048Z,54395133,45.35185,45.35185,,-0.38926,17.97274,bbecbf69-a4f7-43e3-8b72-de180d106e2c,WBTC-USDC,0.3%,WBTC-USDC (0.3%)
2024-10-04T23:09:02.229Z,54776228,26.15248,26.15248,,-0.2767,18.11625,bbecbf69-a4f7-43e3-8b72-de180d106e2c,WBTC-USDC,0.3%,WBTC-USDC (0.3%)
2024-10-05T23:09:35.886Z,54760319,6.35186,6.35186,,-0.28694,18.18019,bbecbf69-a4f7-43e3-8b72-de180d106e2c,WBTC-USDC,0.3%,WBTC-USDC (0.3%)
2024-10-06T23:09:42.885Z,55041460,6.43126,6.43126,,-0.18285,18.28185,bbecbf69-a4f7-43e3-8b72-de180d106e2c,WBTC-USDC,0.3%,WBTC-USDC (0.3%)
2024-10-07T23:09:36.153Z,54845494,39.08215,39.08215,,-0.02616,18.55412,bbecbf69-a4f7-43e3-8b72-de180d106e2c,WBTC-USDC,0.3%,WBTC-USDC (0.3%)
2024-10-08T23:09:48.943Z,54859779,26.32629,26.32629,,-0.04426,15.68908,bbecbf69-a4f7-43e3-8b72-de180d106e2c,WBTC-USDC,0.3%,WBTC-USDC (0.3%)
2024-10-09T23:09:44.212Z,50760354,28.42461,28.42461,,-0.00027,14.39115,bbecbf69-a4f7-43e3-8b72-de180d106e2c,WBTC-USDC,0.3%,WBTC-USDC (0.3%)
2024-10-10T23:09:29.076Z,50597260,35.68861,35.68861,,-0.01051,13.42669,bbecbf69-a4f7-43e3-8b72-de180d106e2c,WBTC-USDC,0.3%,WBTC-USDC (0.3%)
2024-10-11T23:10:18.835Z,51443288,26.51066,26.51066,,-0.00172,12.74067,bbecbf69-a4f7-43e3-8b72-de180d106e2c,WBTC-USDC,0.3%,WBTC-USDC (0.3%)
2024-10-12T23:10:12.941Z,51717518,10.2591,10.2591,,-0.03836,11.71548,bbecbf69-a4f7-43e3-8b72-de180d106e2c,WBTC-USDC,0.3%,WBTC-USDC (0.3%)
2024-10-13T23:42:17.504Z,51556243,13.1908,13.1908,,-0.00014,12.20898,bbecbf69-a4f7-43e3-8b72-de180d106e2c,WBTC-USDC,0.3%,WBTC-USDC (0.3%)
2024-10-14T23:10:56.621Z,52007691,37.06965,37.06965,,-0.34076,11.49236,bbecbf69-a4f7-43e3-8b72-de180d106e2c,WBTC-USDC,0.3%,WBTC-USDC (0.3%)
2024-10-15T23:11:12.837Z,52286192,67.11637,67.11637,,-0.46877,13.98669,bbecbf69-a4f7-43e3-8b72-de180d106e2c,WBTC-USDC,0.3%,WBTC-USDC (0.3%)
2024-10-16T23:11:46.955Z,36405326,35.56677,35.56677,,-1.04726,14.62554,bbecbf69-a4f7-43e3-8b72-de180d106e2c,WBTC-USDC,0.3%,WBTC-USDC (0.3%)
2024-10-17T23:10:38.418Z,36504361,27.74212,27.74212,,-1.08247,13.44388,bbecbf69-a4f7-43e3-8b72-de180d106e2c,WBTC-USDC,0.3%,WBTC-USDC (0.3%)
2024-10-18T23:12:26.953Z,36553998,22.24202,22.24202,,-0.68049,82.81269,bbecbf69-a4f7-43e3-8b72-de180d106e2c,WBTC-USDC,0.3%,WBTC-USDC (0.3%)
2024-10-19T23:11:34.608Z,36600027,0.91227,0.91227,,-0.51192,78.1347,bbecbf69-a4f7-43e3-8b72-de180d106e2c,WBTC-USDC,0.3%,WBTC-USDC (0.3%)
2024-10-20T23:12:29.036Z,36892627,4.50417,4.50417,,-0.83416,12.30575,bbecbf69-a4f7-43e3-8b72-de180d106e2c,WBTC-USDC,0.3%,WBTC-USDC (0.3%)
2024-10-21T23:09:45.782Z,39910830,30.07581,30.07581,,-0.03492,11.48052,bbecbf69-a4f7-43e3-8b72-de180d106e2c,WBTC-USDC,0.3%,WBTC-USDC (0.3%)
2024-10-22T23:12:19.880Z,39952065,33.60766,33.60766,,-0.01314,8.3771,bbecbf69-a4f7-43e3-8b72-de180d106e2c,WBTC-USDC,0.3%,WBTC-USDC (0.3%)
2024-10-23T23:11:21.882Z,39856739,29.60892,29.60892,,-0.0334,8.27072,bbecbf69-a4f7-43e3-8b72-de180d106e2c,WBTC-USDC,0.3%,WBTC-USDC (0.3%)
2024-10-24T23:13:34.649Z,40594334,26.5873,26.5873,,-0.01539,8.09569,bbecbf69-a4f7-43e3-8b72-de180d106e2c,WBTC-USDC,0.3%,WBTC-USDC (0.3%)
2024-10-25T23:11:37.664Z,36797475,62.52867,62.52867,,-0.05693,10.42883,bbecbf69-a4f7-43e3-8b72-de180d106e2c,WBTC-USDC,0.3%,WBTC-USDC (0.3%)
2024-10-26T23:11:36.582Z,37166318,22.29801,22.29801,,-0.03421,11.36205,bbecbf69-a4f7-43e3-8b72-de180d106e2c,WBTC-USDC,0.3%,WBTC-USDC (0.3%)
2024-10-27T23:10:18.799Z,37533423,8.47024,8.47024,,-0.02055,11.47059,bbecbf69-a4f7-43e3-8b72-de180d106e2c,WBTC-USDC,0.3%,WBTC-USDC (0.3%)
2024-10-28T23:13:36.017Z,37547211,22.29079,22.29079,,-0.0955,54.41186,bbecbf69-a4f7-43e3-8b72-de180d106e2c,WBTC-USDC,0.3%,WBTC-USDC (0.3%)
2024-10-29T23:12:49.093Z,39940313,14.54211,14.54211,,-0.41578,75.97208,bbecbf69-a4f7-43e3-8b72-de180d106e2c,WBTC-USDC,0.3%,WBTC-USDC (0.3%)
2024-10-30T23:12:59.462Z,40848331,6.64791,6.64791,,-0.67864,46.63276,bbecbf69-a4f7-43e3-8b72-de180d106e2c,WBTC-USDC,0.3%,WBTC-USDC (0.3%)
2024-10-31T23:11:06.703Z,39885566,13.06312,13.06312,,-0.08325,24.23962,bbecbf69-a4f7-43e3-8b72-de180d106e2c,WBTC-USDC,0.3%,WBTC-USDC (0.3%)
2024-11-01T23:11:06.054Z,39909454,34.52504,34.52504,,-0.16767,20.15765,bbecbf69-a4f7-43e3-8b72-de180d106e2c,WBTC-USDC,0.3%,WBTC-USDC (0.3%)
2024-11-02T23:11:52.120Z,40276755,5.59001,5.59001,,-0.08753,17.62332,bbecbf69-a4f7-43e3-8b72-de180d106e2c,WBTC-USDC,0.3%,WBTC-USDC (0.3%)
2024-11-03T23:11:40.015Z,43791801,38.88678,38.88678,,-0.00467,4.86234,bbecbf69-a4f7-43e3-8b72-de180d106e2c,WBTC-USDC,0.3%,WBTC-USDC (0.3%)
2024-11-04T23:11:13.449Z,39656671,51.86066,51.86066,,-0.09822,8.67772,bbecbf69-a4f7-43e3-8b72-de180d106e2c,WBTC-USDC,0.3%,WBTC-USDC (0.3%)
2024-11-05T23:13:11.394Z,39743911,37.81548,37.81548,,-0.14698,10.1149,bbecbf69-a4f7-43e3-8b72-de180d106e2c,WBTC-USDC,0.3%,WBTC-USDC (0.3%)
2024-11-06T23:11:33.951Z,46481971,44.26072,44.26072,,-0.16995,22.96238,bbecbf69-a4f7-43e3-8b72-de180d106e2c,WBTC-USDC,0.3%,WBTC-USDC (0.3%)
2024-11-07T23:10:16.202Z,58789310,19.21387,19.21387,,-0.52247,9.57996,bbecbf69-a4f7-43e3-8b72-de180d106e2c,WBTC-USDC,0.3%,WBTC-USDC (0.3%)
2024-11-08T23:11:07.877Z,59365520,9.17404,9.17404,,-0.80729,47.46095,bbecbf69-a4f7-43e3-8b72-de180d106e2c,WBTC-USDC,0.3%,WBTC-USDC (0.3%)
2024-11-09T23:09:58.778Z,53519276,2.99432,2.99432,,-0.90949,43.77421,bbecbf69-a4f7-43e3-8b72-de180d106e2c,WBTC-USDC,0.3%,WBTC-USDC (0.3%)
2024-11-10T23:09:37.738Z,67030810,38.89565,38.89565,,-2.14273,11.25576,bbecbf69-a4f7-43e3-8b72-de180d106e2c,WBTC-USDC,0.3%,WBTC-USDC (0.3%)
2024-11-11T23:12:04.943Z,17660772,65.58027,65.58027,,-6.12158,189.00493,bbecbf69-a4f7-43e3-8b72-de180d106e2c,WBTC-USDC,0.3%,WBTC-USDC (0.3%)
2024-11-12T23:26:36.349Z,23810780,90.65274,90.65274,,-4.76863,53.09928,bbecbf69-a4f7-43e3-8b72-de180d106e2c,WBTC-USDC,0.3%,WBTC-USDC (0.3%)
2024-11-13T23:11:07.897Z,23118272,79.139,79.139,,-2.45526,45.03733,bbecbf69-a4f7-43e3-8b72-de180d106e2c,WBTC-USDC,0.3%,WBTC-USDC (0.3%)
2024-11-14T23:10:05.964Z,22846490,78.78361,78.78361,,-1.7783,46.46366,bbecbf69-a4f7-43e3-8b72-de180d106e2c,WBTC-USDC,0.3%,WBTC-USDC (0.3%)
2024-11-15T23:09:32.811Z,23886631,66.87734,66.87734,,-2.71682,33.17031,bbecbf69-a4f7-43e3-8b72-de180d106e2c,WBTC-USDC,0.3%,WBTC-USDC (0.3%)
2024-11-16T23:10:55.022Z,23678389,15.88586,15.88586,,-2.46994,31.57507,bbecbf69-a4f7-43e3-8b72-de180d106e2c,WBTC-USDC,0.3%,WBTC-USDC (0.3%)
2024-11-17T23:09:26.472Z,23486046,22.25144,22.25144,,-1.02422,38.37766,bbecbf69-a4f7-43e3-8b72-de180d106e2c,WBTC-USDC,0.3%,WBTC-USDC (0.3%)
2024-11-18T23:10:43.156Z,22806924,63.91463,63.91463,,-0.09145,27.45275,bbecbf69-a4f7-43e3-8b72-de180d106e2c,WBTC-USDC,0.3%,WBTC-USDC (0.3%)
2024-11-19T23:10:50.865Z,23171649,31.94297,31.94297,,-0.1387,35.8228,bbecbf69-a4f7-43e3-8b72-de180d106e2c,WBTC-USDC,0.3%,WBTC-USDC (0.3%)
2024-11-20T23:11:12.718Z,23227203,35.51972,35.51972,,-0.22033,32.11613,bbecbf69-a4f7-43e3-8b72-de180d106e2c,WBTC-USDC,0.3%,WBTC-USDC (0.3%)
2024-11-21T23:10:00.588Z,21166512,35.77657,35.77657,,-1.18936,244.6427,bbecbf69-a4f7-43e3-8b72-de180d106e2c,WBTC-USDC,0.3%,WBTC-USDC (0.3%)
2024-11-22T23:15:00.661Z,21078569,8.49796,8.49796,,-0.50964,111.34422,bbecbf69-a4f7-43e3-8b72-de180d106e2c,WBTC-USDC,0.3%,WBTC-USDC (0.3%)
2024-11-23T23:12:51.477Z,20566626,10.03031,10.03031,,-0.49496,25.5386,bbecbf69-a4f7-43e3-8b72-de180d106e2c,WBTC-USDC,0.3%,WBTC-USDC (0.3%)
2024-11-24T23:11:33.311Z,17815302,13.54454,13.54454,,-0.67892,104.79222,bbecbf69-a4f7-43e3-8b72-de180d106e2c,WBTC-USDC,0.3%,WBTC-USDC (0.3%)
2024-11-25T01:12:55.153Z,17747038,13.84128,13.84128,,-0.5522,104.6982,bbecbf69-a4f7-43e3-8b72-de180d106e2c,WBTC-USDC,0.3%,WBTC-USDC (0.3%)
2024-11-26T23:11:40.115Z,18012730,14.63772,14.63772,,-6e-05,57.9277,bbecbf69-a4f7-43e3-8b72-de180d106e2c,WBTC-USDC,0.3%,WBTC-USDC (0.3%)
2024-11-27T23:13:24.655Z,18402991,9.63112,9.63112,,-0.04066,62.31061,bbecbf69-a4f7-43e3-8b72-de180d106e2c,WBTC-USDC,0.3%,WBTC-USDC (0.3%)
2024-11-28T12:15:09.552Z,19036935,11.168,11.168,,-0.07333,33.98778,bbecbf69-a4f7-43e3-8b72-de180d106e2c,WBTC-USDC,0.3%,WBTC-USDC (0.3%)
2024-11-29T23:27:54.243Z,19141490,3.2958,3.2958,,-0.01884,23.92699,bbecbf69-a4f7-43e3-8b72-de180d106e2c,WBTC-USDC,0.3%,WBTC-USDC (0.3%)
2024-11-30T23:09:02.143Z,21210107,1.23283,1.23283,,-0.01554,19.27529,bbecbf69-a4f7-43e3-8b72-de180d106e2c,WBTC-USDC,0.3%,WBTC-USDC (0.3%)
2024-12-01T23:13:02.209Z,20650112,1.34132,1.34132,,-0.00216,9.39144,bbecbf69-a4f7-43e3-8b72-de180d106e2c,WBTC-USDC,0.3%,WBTC-USDC (0.3%)
2024-12-02T23:12:36.214Z,20246595,25.1967,25.1967,,-0.01512,6.97696,bbecbf69-a4f7-43e3-8b72-de180d106e2c,WBTC-USDC,0.3%,WBTC-USDC (0.3%)
2024-12-03T23:15:02.200Z,20254730,71.04013,71.04013,,-0.15279,14.40034,bbecbf69-a4f7-43e3-8b72-de180d106e2c,WBTC-USDC,0.3%,WBTC-USDC (0.3%)
2024-12-04T23:11:57.868Z,19156317,34.46201,34.46201,,-0.0359,18.02889,bbecbf69-a4f7-43e3-8b72-de180d106e2c,WBTC-USDC,0.3%,WBTC-USDC (0.3%)
2024-12-05T23:11:31.893Z,18363438,45.96142,45.96142,,-0.00491,99.77729,bbecbf69-a4f7-43e3-8b72-de180d106e2c,WBTC-USDC,0.3%,WBTC-USDC (0.3%)
2024-12-06T23:11:25.734Z,18600271,20.27117,20.27117,,-0.08833,32.98655,bbecbf69-a4f7-43e3-8b72-de180d106e2c,WBTC-USDC,0.3%,WBTC-USDC (0.3%)
2024-12-07T23:08:24.181Z,17840726,8.28669,8.28669,,-0.10923,38.89786,bbecbf69-a4f7-43e3-8b72-de180d106e2c,WBTC-USDC,0.3%,WBTC-USDC (0.3%)
2024-12-08T23:12:12.636Z,20382886,10.77058,10.77058,,-0.05502,47.05808,bbecbf69-a4f7-43e3-8b72-de180d106e2c,WBTC-USDC,0.3%,WBTC-USDC (0.3%)
2024-12-09T11:11:33.829Z,20218217,22.82575,22.82575,,-0.10568,14.80277,bbecbf69-a4f7-43e3-8b72-de180d106e2c,WBTC-USDC,0.3%,WBTC-USDC (0.3%)
2024-12-10T23:12:23.928Z,20218155,68.17615,68.17615,,-0.01035,20.31451,bbecbf69-a4f7-43e3-8b72-de180d106e2c,WBTC-USDC,0.3%,WBTC-USDC (0.3%)
2024-12-11T23:12:13.844Z,20256876,26.6551,26.6551,,-0.07596,44.21953,bbecbf69-a4f7-43e3-8b72-de180d106e2c,WBTC-USDC,0.3%,WBTC-USDC (0.3%)
2024-12-12T23:13:01.409Z,34932434,59.73284,59.73284,,-0.14396,4.90324,bbecbf69-a4f7-43e3-8b72-de180d106e2c,WBTC-USDC,0.3%,WBTC-USDC (0.3%)
2024-12-13T23:27:32.511Z,35136888,45.7841,45.7841,,-0.00922,64.18281,bbecbf69-a4f7-43e3-8b72-de180d106e2c,WBTC-USDC,0.3%,WBTC-USDC (0.3%)
2024-12-14T20:45:09.221Z,38308167,9.16366,9.16366,,-0.00241,6.12964,bbecbf69-a4f7-43e3-8b72-de180d106e2c,WBTC-USDC,0.3%,WBTC-USDC (0.3%)
2024-12-15T23:14:34.877Z,23099296,12.54612,12.54612,,-0.07984,99.04877,bbecbf69-a4f7-43e3-8b72-de180d106e2c,WBTC-USDC,0.3%,WBTC-USDC (0.3%)
2024-12-16T23:24:51.450Z,33863394,28.77577,28.77577,,-0.61466,4.19482,bbecbf69-a4f7-43e3-8b72-de180d106e2c,WBTC-USDC,0.3%,WBTC-USDC (0.3%)
2024-12-17T23:28:00.481Z,33996068,64.4697,64.4697,,-0.68057,4.60529,bbecbf69-a4f7-43e3-8b72-de180d106e2c,WBTC-USDC,0.3%,WBTC-USDC (0.3%)
2024-12-18T23:43:29.779Z,66695378,126.81777,126.81777,,-0.00381,5.29748,bbecbf69-a4f7-43e3-8b72-de180d106e2c,WBTC-USDC,0.3%,WBTC-USDC (0.3%)
2024-12-19T23:32:06.183Z,86583426,183.36705,183.36705,,-0.06575,10.79849,bbecbf69-a4f7-43e3-8b72-de180d106e2c,WBTC-USDC,0.3%,WBTC-USDC (0.3%)
2024-12-20T23:14:55.839Z,91259949,159.97632,159.97632,,-0.13929,15.51848,bbecbf69-a4f7-43e3-8b72-de180d106e2c,WBTC-USDC,0.3%,WBTC-USDC (0.3%)
2024-12-21T23:31:56.623Z,90727969,62.23685,62.23685,,-0.13701,25.90406,bbecbf69-a4f7-43e3-8b72-de180d106e2c,WBTC-USDC,0.3%,WBTC-USDC (0.3%)
2024-12-22T23:48:14.588Z,89935736,49.70135,49.70135,,-0.73914,28.30438,bbecbf69-a4f7-43e3-8b72-de180d106e2c,WBTC-USDC,0.3%,WBTC-USDC (0.3%)
2024-12-23T23:30:28.251Z,90753485,98.45383,98.45383,,-0.95864,31.28312,bbecbf69-a4f7-43e3-8b72-de180d106e2c,WBTC-USDC,0.3%,WBTC-USDC (0.3%)
2024-12-24T23:16:25.738Z,93216689,80.92354,80.92354,,-0.42123,23.5264,bbecbf69-a4f7-43e3-8b72-de180d106e2c,WBTC-USDC,0.3%,WBTC-USDC (0.3%)
2024-12-25T23:12:22.364Z,101573069,37.33344,37.33344,,-0.02808,21.69394,bbecbf69-a4f7-43e3-8b72-de180d106e2c,WBTC-USDC,0.3%,WBTC-USDC (0.3%)
2024-12-26T23:15:48.158Z,101082643,51.11223,51.11223,,-0.05304,26.38299,bbecbf69-a4f7-43e3-8b72-de180d106e2c,WBTC-USDC,0.3%,WBTC-USDC (0.3%)
2024-12-27T23:13:18.080Z,105845393,50.35119,50.35119,,-0.07222,21.59955,bbecbf69-a4f7-43e3-8b72-de180d106e2c,WBTC-USDC,0.3%,WBTC-USDC (0.3%)
2024-12-28T23:14:29.267Z,115534642,9.69132,9.69132,,-0.02149,19.01874,bbecbf69-a4f7-43e3-8b72-de180d106e2c,WBTC-USDC,0.3%,WBTC-USDC (0.3%)
2024-12-29T23:09:53.087Z,115682842,18.39182,18.39182,,-0.04227,10.0161,bbecbf69-a4f7-43e3-8b72-de180d106e2c,WBTC-USDC,0.3%,WBTC-USDC (0.3%)
2024-12-30T21:27:39.936Z,85222855,54.39855,54.39855,,-0.00045,202.80119,bbecbf69-a4f7-43e3-8b72-de180d106e2c,WBTC-USDC,0.3%,WBTC-USDC (0.3%)
2024-12-31T23:15:27.146Z,125416495,24.4416,24.4416,,-0.24246,229.10003,bbecbf69-a4f7-43e3-8b72-de180d106e2c,WBTC-USDC,0.3%,WBTC-USDC (0.3%)
2025-01-01T23:15:20.872Z,126594436,6.44303,6.44303,,-0.16933,9.75811,bbecbf69-a4f7-43e3-8b72-de180d106e2c,WBTC-USDC,0.3%,WBTC-USDC (0.3%)
2025-01-02T23:26:49.268Z,129336287,50.44479,50.44479,,-0.00868,10.1919,bbecbf69-a4f7-43e3-8b72-de180d106e2c,WBTC-USDC,0.3%,WBTC-USDC (0.3%)
2025-01-03T23:12:04.253Z,130843566,30.31476,30.31476,,-0.12755,4.42885,bbecbf69-a4f7-43e3-8b72-de180d106e2c,WBTC-USDC,0.3%,WBTC-USDC (0.3%)
2025-01-04T23:14:42.353Z,131099254,12.90399,12.90399,,-0.08458,4.53788,bbecbf69-a4f7-43e3-8b72-de180d106e2c,WBTC-USDC,0.3%,WBTC-USDC (0.3%)
2025-01-05T23:29:44.758Z,131279848,18.8954,18.8954,,-0.24939,4.58039,bbecbf69-a4f7-43e3-8b72-de180d106e2c,WBTC-USDC,0.3%,WBTC-USDC (0.3%)
2025-01-06T23:43:52.915Z,137579708,66.65343,66.65343,,-0.72991,5.89469,bbecbf69-a4f7-43e3-8b72-de180d106e2c,WBTC-USDC,0.3%,WBTC-USDC (0.3%)
2025-01-07T22:13:38.559Z,140394488,63.0019,63.0019,,-0.10045,11.24648,bbecbf69-a4f7-43e3-8b72-de180d106e2c,WBTC-USDC,0.3%,WBTC-USDC (0.3%)
2025-01-08T23:11:18.235Z,139616916,54.98256,54.98256,,-0.00374,22.44515,bbecbf69-a4f7-43e3-8b72-de180d106e2c,WBTC-USDC,0.3%,WBTC-USDC (0.3%)
2025-01-09T23:15:22.519Z,146283406,25.29342,25.29342,,-0.16265,369.30596,bbecbf69-a4f7-43e3-8b72-de180d106e2c,WBTC-USDC,0.3%,WBTC-USDC (0.3%)
2025-01-10T23:24:40.321Z,149507017,28.77177,28.77177,,-0.10276,35.57018,bbecbf69-a4f7-43e3-8b72-de180d106e2c,WBTC-USDC,0.3%,WBTC-USDC (0.3%)
2025-01-11T23:11:13.602Z,149307300,3.24467,3.24467,,-0.11906,34.41276,bbecbf69-a4f7-43e3-8b72-de180d106e2c,WBTC-USDC,0.3%,WBTC-USDC (0.3%)
2025-01-12T23:14:07.953Z,146537715,5.60199,5.60199,,-0.18202,35.37707,bbecbf69-a4f7-43e3-8b72-de180d106e2c,WBTC-USDC,0.3%,WBTC-USDC (0.3%)
2025-01-13T23:42:13.475Z,149815562,37.82986,37.82986,,-0.42873,31.89534,bbecbf69-a4f7-43e3-8b72-de180d106e2c,WBTC-USDC,0.3%,WBTC-USDC (0.3%)
2025-01-14T23:29:57.671Z,143204698,43.40257,43.40257,,-0.00223,8.75784,bbecbf69-a4f7-43e3-8b72-de180d106e2c,WBTC-USDC,0.3%,WBTC-USDC (0.3%)
2025-01-15T23:31:23.289Z,147067474,78.73627,78.73627,,-0.21507,5.42235,bbecbf69-a4f7-43e3-8b72-de180d106e2c,WBTC-USDC,0.3%,WBTC-USDC (0.3%)
2025-01-16T23:30:13.118Z,139820000,94.2194,94.2194,,-0.51729,7.806,bbecbf69-a4f7-43e3-8b72-de180d106e2c,WBTC-USDC,0.3%,WBTC-USDC (0.3%)
2025-01-17T23:15:47.698Z,102558760,99.89802,99.89802,,-0.76871,14.53853,bbecbf69-a4f7-43e3-8b72-de180d106e2c,WBTC-USDC,0.3%,WBTC-USDC (0.3%)
2025-01-18T23:32:09.875Z,101549924,73.0775,73.0775,,-0.82397,16.56258,bbecbf69-a4f7-43e3-8b72-de180d106e2c,WBTC-USDC,0.3%,WBTC-USDC (0.3%)
2025-01-19T23:31:34.042Z,101004169,151.11607,151.11607,,-0.46804,24.3913,bbecbf69-a4f7-43e3-8b72-de180d106e2c,WBTC-USDC,0.3%,WBTC-USDC (0.3%)
2025-01-20T23:10:24.693Z,94992827,397.96863,397.96863,,-0.67528,31.93741,bbecbf69-a4f7-43e3-8b72-de180d106e2c,WBTC-USDC,0.3%,WBTC-USDC (0.3%)
2025-01-21T23:12:27.754Z,100423719,185.83893,185.83893,,-0.74642,33.59111,bbecbf69-a4f7-43e3-8b72-de180d106e2c,WBTC-USDC,0.3%,WBTC-USDC (0.3%)
2025-01-22T23:12:42.932Z,98876091,61.42312,61.42312,,-0.16232,32.45446,bbecbf69-a4f7-43e3-8b72-de180d106e2c,WBTC-USDC,0.3%,WBTC-USDC (0.3%)
2025-01-23T23:12:36.520Z,101733489,291.37757,291.37757,,,36.82956,bbecbf69-a4f7-43e3-8b72-de180d106e2c,WBTC-USDC,0.3%,WBTC-USDC (0.3%)
2025-01-24T23:10:18.722Z,125536766,59.88606,59.88606,,,34.14499,bbecbf69-a4f7-43e3-8b72-de180d106e2c,WBTC-USDC,0.3%,WBTC-USDC (0.3%)
2025-01-25T23:09:49.951Z,127306529,15.3769,15.3769,,,22.4621,bbecbf69-a4f7-43e3-8b72-de180d106e2c,WBTC-USDC,0.3%,WBTC-USDC (0.3%)
2025-01-26T23:09:48.076Z,127198873,9.7588,9.7588,,,28.38066,bbecbf69-a4f7-43e3-8b72-de180d106e2c,WBTC-USDC,0.3%,WBTC-USDC (0.3%)
2025-01-27T23:28:00.435Z,104430301,148.77493,148.77493,,,33.6193,bbecbf69-a4f7-43e3-8b72-de180d106e2c,WBTC-USDC,0.3%,WBTC-USDC (0.3%)
2025-01-28T23:10:51.993Z,104455775,87.39146,87.39146,,,30.02294,bbecbf69-a4f7-43e3-8b72-de180d106e2c,WBTC-USDC,0.3%,WBTC-USDC (0.3%)
2025-01-29T23:09:47.783Z,106565979,67.32581,67.32581,,,20.00715,bbecbf69-a4f7-43e3-8b72-de180d106e2c,WBTC-USDC,0.3%,WBTC-USDC (0.3%)
2025-01-30T23:10:23.319Z,106406766,50.79208,50.79208,,,13.26812,bbecbf69-a4f7-43e3-8b72-de180d106e2c,WBTC-USDC,0.3%,WBTC-USDC (0.3%)
2025-01-31T23:09:40.181Z,104650097,70.38905,70.38905,,,11.35984,bbecbf69-a4f7-43e3-8b72-de180d106e2c,WBTC-USDC,0.3%,WBTC-USDC (0.3%)
2025-02-01T23:10:56.560Z,103289712,15.97003,15.97003,,,21.3946,bbecbf69-a4f7-43e3-8b72-de180d106e2c,WBTC-USDC,0.3%,WBTC-USDC (0.3%)
2025-02-02T23:10:42.834Z,102917354,101.22545,101.22545,,,28.8772,bbecbf69-a4f7-43e3-8b72-de180d106e2c,WBTC-USDC,0.3%,WBTC-USDC (0.3%)
2025-02-03T23:10:23.806Z,114940835,115.2025,115.2025,,,24.29526,bbecbf69-a4f7-43e3-8b72-de180d106e2c,WBTC-USDC,0.3%,WBTC-USDC (0.3%)
2025-02-04T23:12:52.290Z,123092381,97.69276,97.69276,,,28.59995,bbecbf69-a4f7-43e3-8b72-de180d106e2c,WBTC-USDC,0.3%,WBTC-USDC (0.3%)
2025-02-05T23:09:21.690Z,128909418,43.9747,43.9747,,,28.49088,bbecbf69-a4f7-43e3-8b72-de180d106e2c,WBTC-USDC,0.3%,WBTC-USDC (0.3%)
2025-02-06T23:12:50.272Z,147220880,39.27726,39.27726,,,28.01388,bbecbf69-a4f7-43e3-8b72-de180d106e2c,WBTC-USDC,0.3%,WBTC-USDC (0.3%)
2025-02-07T23:10:21.939Z,115604899,81.58569,81.58569,,,29.87432,bbecbf69-a4f7-43e3-8b72-de180d106e2c,WBTC-USDC,0.3%,WBTC-USDC (0.3%)
2025-02-08T23:23:29.215Z,117142162,10.87066,10.87066,,,28.88953,bbecbf69-a4f7-43e3-8b72-de180d106e2c,WBTC-USDC,0.3%,WBTC-USDC (0.3%)
2025-02-09T23:08:58.395Z,114632571,23.95197,23.95197,,,26.69226,bbecbf69-a4f7-43e3-8b72-de180d106e2c,WBTC-USDC,0.3%,WBTC-USDC (0.3%)
2025-02-10T23:07:30.319Z,135061025,27.46369,27.46369,,,17.38788,bbecbf69-a4f7-43e3-8b72-de180d106e2c,WBTC-USDC,0.3%,WBTC-USDC (0.3%)
2025-02-11T23:12:04.073Z,133185436,34.99616,34.99616,,,9.66944,bbecbf69-a4f7-43e3-8b72-de180d106e2c,WBTC-USDC,0.3%,WBTC-USDC (0.3%)
2025-02-12T23:11:14.944Z,127567430,90.33296,90.33296,,,17.20876,bbecbf69-a4f7-43e3-8b72-de180d106e2c,WBTC-USDC,0.3%,WBTC-USDC (0.3%)
2025-02-13T23:12:21.418Z,134801862,30.14501,30.14501,,,10.17427,bbecbf69-a4f7-43e3-8b72-de180d106e2c,WBTC-USDC,0.3%,WBTC-USDC (0.3%)
2025-02-14T23:12:29.708Z,135306238,30.31374,30.31374,,,13.66324,bbecbf69-a4f7-43e3-8b72-de180d106e2c,WBTC-USDC,0.3%,WBTC-USDC (0.3%)
2025-02-15T23:12:29.408Z,135569359,2.45548,2.45548,,,13.2277,bbecbf69-a4f7-43e3-8b72-de180d106e2c,WBTC-USDC,0.3%,WBTC-USDC (0.3%)
2025-02-16T23:09:22.630Z,134492080,4.81505,4.81505,,,7.93251,bbecbf69-a4f7-43e3-8b72-de180d106e2c,WBTC-USDC,0.3%,WBTC-USDC (0.3%)
2025-02-17T23:13:07.187Z,133128848,23.35618,23.35618,,,7.8511,bbecbf69-a4f7-43e3-8b72-de180d106e2c,WBTC-USDC,0.3%,WBTC-USDC (0.3%)
2025-02-18T23:12:38.765Z,133786903,72.63999,72.63999,,,9.8004,bbecbf69-a4f7-43e3-8b72-de180d106e2c,WBTC-USDC,0.3%,WBTC-USDC (0.3%)
2025-02-19T23:13:26.000Z,135233068,29.2776,29.2776,,,7.07813,bbecbf69-a4f7-43e3-8b72-de180d106e2c,WBTC-USDC,0.3%,WBTC-USDC (0.3%)
2025-02-20T23:14:01.497Z,137905488,18.12325,18.12325,,,10.03958,bbecbf69-a4f7-43e3-8b72-de180d106e2c,WBTC-USDC,0.3%,WBTC-USDC (0.3%)
2025-02-21T23:10:08.649Z,136610222,46.55103,46.55103,,,7.15498,bbecbf69-a4f7-43e3-8b72-de180d106e2c,WBTC-USDC,0.3%,WBTC-USDC (0.3%)
2025-02-22T23:09:30.745Z,137767736,8.76622,8.76622,,,7.31162,bbecbf69-a4f7-43e3-8b72-de180d106e2c,WBTC-USDC,0.3%,WBTC-USDC (0.3%)
2025-02-23T23:12:03.685Z,136738127,9.31901,9.31901,,,7.55937,bbecbf69-a4f7-43e3-8b72-de180d106e2c,WBTC-USDC,0.3%,WBTC-USDC (0.3%)
2025-02-24T23:10:00.763Z,133485391,67.26702,67.26702,,,10.30068,bbecbf69-a4f7-43e3-8b72-de180d106e2c,WBTC-USDC,0.3%,WBTC-USDC (0.3%)
2025-02-25T23:13:12.406Z,146352984,117.80804,117.80804,,,24.74873,bbecbf69-a4f7-43e3-8b72-de180d106e2c,WBTC-USDC,0.3%,WBTC-USDC (0.3%)
2025-02-26T23:27:39.039Z,151187836,65.50502,65.50502,,,66.53045,bbecbf69-a4f7-43e3-8b72-de180d106e2c,WBTC-USDC,0.3%,WBTC-USDC (0.3%)
2025-02-27T23:09:39.473Z,151213670,27.52301,27.52301,,,63.24385,bbecbf69-a4f7-43e3-8b72-de180d106e2c,WBTC-USDC,0.3%,WBTC-USDC (0.3%)
2025-02-28T23:10:45.044Z,157227041,20.55057,20.55057,,,190.77389,bbecbf69-a4f7-43e3-8b72-de180d106e2c,WBTC-USDC,0.3%,WBTC-USDC (0.3%)
2025-03-01T23:09:49.136Z,160633751,3.74724,3.74724,,,195.43036,bbecbf69-a4f7-43e3-8b72-de180d106e2c,WBTC-USDC,0.3%,WBTC-USDC (0.3%)
2025-03-02T23:10:49.441Z,169802924,44.81921,44.81921,,,61.05806,bbecbf69-a4f7-43e3-8b72-de180d106e2c,WBTC-USDC,0.3%,WBTC-USDC (0.3%)
2025-03-03T23:07:00.897Z,157948608,40.66013,40.66013,,,,bbecbf69-a4f7-43e3-8b72-de180d106e2c,WBTC-USDC,0.3%,WBTC-USDC (0.3%)
2025-03-04T23:07:22.569Z,160343369,82.59164,82.59164,,,332.40698,bbecbf69-a4f7-43e3-8b72-de180d106e2c,WBTC-USDC,0.3%,WBTC-USDC (0.3%)
2025-03-05T23:06:26.302Z,174631845,28.25852,28.25852,,,60.38941,bbecbf69-a4f7-43e3-8b72-de180d106e2c,WBTC-USDC,0.3%,WBTC-USDC (0.3%)
2025-03-06T23:06:06.554Z,161902773,30.71347,30.71347,,,60.47041,bbecbf69-a4f7-43e3-8b72-de180d106e2c,WBTC-USDC,0.3%,WBTC-USDC (0.3%)
2025-03-07T23:08:53.306Z,168541592,58.27696,58.27696,,,42.03134,bbecbf69-a4f7-43e3-8b72-de180d106e2c,WBTC-USDC,0.3%,WBTC-USDC (0.3%)
2025-03-08T23:24:34.298Z,170499210,9.46923,9.46923,,,43.0629,bbecbf69-a4f7-43e3-8b72-de180d106e2c,WBTC-USDC,0.3%,WBTC-USDC (0.3%)
2025-03-09T23:05:58.825Z,147076768,31.53213,31.53213,,,296.87038,bbecbf69-a4f7-43e3-8b72-de180d106e2c,WBTC-USDC,0.3%,WBTC-USDC (0.3%)
2025-03-10T23:06:23.514Z,145724805,21.5556,21.5556,,,318.0774,bbecbf69-a4f7-43e3-8b72-de180d106e2c,WBTC-USDC,0.3%,WBTC-USDC (0.3%)
2025-03-11T23:06:36.731Z,161250574,24.29178,24.29178,,,37.90014,bbecbf69-a4f7-43e3-8b72-de180d106e2c,WBTC-USDC,0.3%,WBTC-USDC (0.3%)
2025-03-12T23:06:29.623Z,134688173,16.46782,16.46782,,,164.09368,bbecbf69-a4f7-43e3-8b72-de180d106e2c,WBTC-USDC,0.3%,WBTC-USDC (0.3%)
2025-03-13T23:08:53.671Z,131323757,8.16783,8.16783,,,137.39508,bbecbf69-a4f7-43e3-8b72-de180d106e2c,WBTC-USDC,0.3%,WBTC-USDC (0.3%)
2025-03-14T23:06:12.560Z,136927688,4.85094,4.85094,,,21.2723,bbecbf69-a4f7-43e3-8b72-de180d106e2c,WBTC-USDC,0.3%,WBTC-USDC (0.3%)
2025-03-15T23:06:00.632Z,136565163,2.29236,2.29236,,,19.61941,bbecbf69-a4f7-43e3-8b72-de180d106e2c,WBTC-USDC,0.3%,WBTC-USDC (0.3%)
2025-03-16T23:22:37.990Z,132999489,7.59236,7.59236,,,58.23066,bbecbf69-a4f7-43e3-8b72-de180d106e2c,WBTC-USDC,0.3%,WBTC-USDC (0.3%)
2025-03-17T23:06:36.029Z,135654741,17.14758,17.14758,,,10.67363,bbecbf69-a4f7-43e3-8b72-de180d106e2c,WBTC-USDC,0.3%,WBTC-USDC (0.3%)
2025-03-18T23:06:44.104Z,133974364,7.62772,7.62772,,,,bbecbf69-a4f7-43e3-8b72-de180d106e2c,WBTC-USDC,0.3%,WBTC-USDC (0.3%)
2025-03-19T23:06:02.787Z,137903570,22.4303,22.4303,,,8.70756,bbecbf69-a4f7-43e3-8b72-de180d106e2c,WBTC-USDC,0.3%,WBTC-USDC (0.3%)
2025-03-20T23:06:29.862Z,135286558,27.43898,27.43898,,,11.41378,bbecbf69-a4f7-43e3-8b72-de180d106e2c,WBTC-USDC,0.3%,WBTC-USDC (0.3%)
2025-03-21T23:07:07.583Z,136074002,9.09626,9.09626,,,11.73873,bbecbf69-a4f7-43e3-8b72-de180d106e2c,WBTC-USDC,0.3%,WBTC-USDC (0.3%)
2025-03-22T23:05:08.282Z,128234276,1.34706,1.34706,,,11.58556,bbecbf69-a4f7-43e3-8b72-de180d106e2c,WBTC-USDC,0.3%,WBTC-USDC (0.3%)
2025-03-23T23:05:35.862Z,131009656,4.45968,4.45968,,,11.00209,bbecbf69-a4f7-43e3-8b72-de180d106e2c,WBTC-USDC,0.3%,WBTC-USDC (0.3%)
2025-03-24T23:07:11.694Z,134516569,25.92737,25.92737,,,7.01832,bbecbf69-a4f7-43e3-8b72-de180d106e2c,WBTC-USDC,0.3%,WBTC-USDC (0.3%)
2025-03-25T23:07:25.009Z,134636821,18.31762,18.31762,,,7.76322,bbecbf69-a4f7-43e3-8b72-de180d106e2c,WBTC-USDC,0.3%,WBTC-USDC (0.3%)
2025-03-26T23:05:34.036Z,133809912,16.38405,16.38405,,,11.66457,bbecbf69-a4f7-43e3-8b72-de180d106e2c,WBTC-USDC,0.3%,WBTC-USDC (0.3%)
2025-03-27T23:06:07.155Z,134252153,13.99683,13.99683,,,6.33912,bbecbf69-a4f7-43e3-8b72-de180d106e2c,WBTC-USDC,0.3%,WBTC-USDC (0.3%)
2025-03-28T23:06:37.967Z,130521783,17.30755,17.30755,,,11.2435,bbecbf69-a4f7-43e3-8b72-de180d106e2c,WBTC-USDC,0.3%,WBTC-USDC (0.3%)
2025-03-29T23:09:08.261Z,142435056,11.96706,11.96706,,,53.06473,bbecbf69-a4f7-43e3-8b72-de180d106e2c,WBTC-USDC,0.3%,WBTC-USDC (0.3%)
2025-03-30T23:07:46.136Z,149018346,12.84866,12.84866,,,6.91976,bbecbf69-a4f7-43e3-8b72-de180d106e2c,WBTC-USDC,0.3%,WBTC-USDC (0.3%)
2025-03-31T23:06:48.259Z,150169782,34.65783,34.65783,,,7.83525,bbecbf69-a4f7-43e3-8b72-de180d106e2c,WBTC-USDC,0.3%,WBTC-USDC (0.3%)
2025-04-01T23:07:19.746Z,138673558,19.67838,19.67838,,,14.93186,bbecbf69-a4f7-43e3-8b72-de180d106e2c,WBTC-USDC,0.3%,WBTC-USDC (0.3%)
2025-04-02T23:08:41.404Z,150376625,43.01233,43.01233,,,13.78652,bbecbf69-a4f7-43e3-8b72-de180d106e2c,WBTC-USDC,0.3%,WBTC-USDC (0.3%)
2025-04-03T23:08:58.998Z,150160538,36.42505,36.42505,,,16.32185,bbecbf69-a4f7-43e3-8b72-de180d106e2c,WBTC-USDC,0.3%,WBTC-USDC (0.3%)
2025-04-04T23:06:16.160Z,137924352,55.09115,55.09115,,,26.68578,bbecbf69-a4f7-43e3-8b72-de180d106e2c,WBTC-USDC,0.3%,WBTC-USDC (0.3%)
2025-04-05T23:05:52.481Z,147780032,26.20623,26.20623,,,17.05152,bbecbf69-a4f7-43e3-8b72-de180d106e2c,WBTC-USDC,0.3%,WBTC-USDC (0.3%)
2025-04-06T23:05:58.266Z,132208086,23.22502,23.22502,,,270.59271,bbecbf69-a4f7-43e3-8b72-de180d106e2c,WBTC-USDC,0.3%,WBTC-USDC (0.3%)
2025-04-07T23:07:05.738Z,127920341,45.23543,45.23543,,,185.5329,bbecbf69-a4f7-43e3-8b72-de180d106e2c,WBTC-USDC,0.3%,WBTC-USDC (0.3%)
2025-04-08T23:05:43.739Z,125377911,9.67222,9.67222,,,243.09866,bbecbf69-a4f7-43e3-8b72-de180d106e2c,WBTC-USDC,0.3%,WBTC-USDC (0.3%)
2025-04-09T23:04:56.785Z,141545637,32.13488,32.13488,,,26.47338,bbecbf69-a4f7-43e3-8b72-de180d106e2c,WBTC-USDC,0.3%,WBTC-USDC (0.3%)
2025-04-10T23:08:33.897Z,138182356,33.42966,33.42966,,,43.50829,bbecbf69-a4f7-43e3-8b72-de180d106e2c,WBTC-USDC,0.3%,WBTC-USDC (0.3%)
2025-04-11T23:07:04.121Z,145521639,22.80248,22.80248,,,17.63168,bbecbf69-a4f7-43e3-8b72-de180d106e2c,WBTC-USDC,0.3%,WBTC-USDC (0.3%)
2025-04-12T23:07:11.144Z,142559423,13.81389,13.81389,,,19.63513,bbecbf69-a4f7-43e3-8b72-de180d106e2c,WBTC-USDC,0.3%,WBTC-USDC (0.3%)
2025-04-13T23:06:13.384Z,136430038,26.03847,26.03847,,,20.87646,bbecbf69-a4f7-43e3-8b72-de180d106e2c,WBTC-USDC,0.3%,WBTC-USDC (0.3%)
2025-04-14T23:06:55.882Z,137851390,27.15488,27.15488,,,19.13466,bbecbf69-a4f7-43e3-8b72-de180d106e2c,WBTC-USDC,0.3%,WBTC-USDC (0.3%)
2025-04-15T23:06:05.762Z,137257458,12.29511,12.29511,,,19.56005,bbecbf69-a4f7-43e3-8b72-de180d106e2c,WBTC-USDC,0.3%,WBTC-USDC (0.3%)
2025-04-16T23:06:35.788Z,137460820,18.81788,18.81788,,,17.9305,bbecbf69-a4f7-43e3-8b72-de180d106e2c,WBTC-USDC,0.3%,WBTC-USDC (0.3%)
2025-04-17T23:07:14.935Z,137766286,12.36136,12.36136,,,15.41715,bbecbf69-a4f7-43e3-8b72-de180d106e2c,WBTC-USDC,0.3%,WBTC-USDC (0.3%)
2025-04-18T23:10:05.529Z,137513877,0.95235,0.95235,,,12.66594,bbecbf69-a4f7-43e3-8b72-de180d106e2c,WBTC-USDC,0.3%,WBTC-USDC (0.3%)
2025-04-19T23:07:37.259Z,137635640,3.91629,3.91629,,,11.51049,bbecbf69-a4f7-43e3-8b72-de180d106e2c,WBTC-USDC,0.3%,WBTC-USDC (0.3%)
2025-04-20T23:06:16.729Z,137072854,5.3134,5.3134,,,9.12441,bbecbf69-a4f7-43e3-8b72-de180d106e2c,WBTC-USDC,0.3%,WBTC-USDC (0.3%)
2025-04-21T23:08:23.989Z,138865642,37.86595,37.86595,,,6.71296,bbecbf69-a4f7-43e3-8b72-de180d106e2c,WBTC-USDC,0.3%,WBTC-USDC (0.3%)
2025-04-22T23:23:08.902Z,124046543,42.59989,42.59989,,,8.93227,bbecbf69-a4f7-43e3-8b72-de180d106e2c,WBTC-USDC,0.3%,WBTC-USDC (0.3%)
2025-04-23T23:08:32.891Z,124640804,44.65839,44.65839,,,,bbecbf69-a4f7-43e3-8b72-de180d106e2c,WBTC-USDC,0.3%,WBTC-USDC (0.3%)
2025-04-24T23:06:50.792Z,124023252,16.68555,16.68555,,,,bbecbf69-a4f7-43e3-8b72-de180d106e2c,WBTC-USDC,0.3%,WBTC-USDC (0.3%)
2025-04-25T23:08:58.109Z,127470836,29.55697,29.55697,,,12.27811,bbecbf69-a4f7-43e3-8b72-de180d106e2c,WBTC-USDC,0.3%,WBTC-USDC (0.3%)
2025-04-26T23:07:34.107Z,126163149,4.87242,4.87242,,,12.60317,bbecbf69-a4f7-43e3-8b72-de180d106e2c,WBTC-USDC,0.3%,WBTC-USDC (0.3%)
2025-04-27T23:07:16.882Z,125022473,10.31015,10.31015,,,12.53217,bbecbf69-a4f7-43e3-8b72-de180d106e2c,WBTC-USDC,0.3%,WBTC-USDC (0.3%)
2025-04-28T23:09:45.101Z,127114273,28.89529,28.89529,,,11.99808,bbecbf69-a4f7-43e3-8b72-de180d106e2c,WBTC-USDC,0.3%,WBTC-USDC (0.3%)
2025-04-29T23:05:53.947Z,125272434,14.85026,14.85026,,,9.81288,bbecbf69-a4f7-43e3-8b72-de180d106e2c,WBTC-USDC,0.3%,WBTC-USDC (0.3%)
2025-04-30T23:05:51.193Z,126629608,23.43723,23.43723,,,8.22162,bbecbf69-a4f7-43e3-8b72-de180d106e2c,WBTC-USDC,0.3%,WBTC-USDC (0.3%)
2025-05-01T23:07:09.463Z,127879486,21.13193,21.13193,,,8.87829,bbecbf69-a4f7-43e3-8b72-de180d106e2c,WBTC-USDC,0.3%,WBTC-USDC (0.3%)
2025-05-02T23:07:27.758Z,128879661,21.6272,21.6272,,,,bbecbf69-a4f7-43e3-8b72-de180d106e2c,WBTC-USDC,0.3%,WBTC-USDC (0.3%)
2025-05-03T23:06:24.090Z,128448467,3.5788,3.5788,,,8.30773,bbecbf69-a4f7-43e3-8b72-de180d106e2c,WBTC-USDC,0.3%,WBTC-USDC (0.3%)
2025-05-04T23:07:45.467Z,131934689,8.00024,8.00024,,,6.25625,bbecbf69-a4f7-43e3-8b72-de180d106e2c,WBTC-USDC,0.3%,WBTC-USDC (0.3%)
2025-05-05T23:07:36.166Z,132203897,30.27601,30.27601,,,6.34239,bbecbf69-a4f7-43e3-8b72-de180d106e2c,WBTC-USDC,0.3%,WBTC-USDC (0.3%)
2025-05-06T23:06:26.106Z,133643508,21.74026,21.74026,,,8.48628,bbecbf69-a4f7-43e3-8b72-de180d106e2c,WBTC-USDC,0.3%,WBTC-USDC (0.3%)
2025-05-07T23:06:00.472Z,128411839,33.61976,33.61976,,,4.32435,bbecbf69-a4f7-43e3-8b72-de180d106e2c,WBTC-USDC,0.3%,WBTC-USDC (0.3%)
2025-05-08T23:08:18.617Z,91222890,87.47897,87.47897,,,12.18084,bbecbf69-a4f7-43e3-8b72-de180d106e2c,WBTC-USDC,0.3%,WBTC-USDC (0.3%)
2025-05-09T23:26:15.272Z,96120563,54.48733,54.48733,,,8.53089,bbecbf69-a4f7-43e3-8b72-de180d106e2c,WBTC-USDC,0.3%,WBTC-USDC (0.3%)
2025-05-10T23:09:33.789Z,82300454,17.80839,17.80839,,,8.86119,bbecbf69-a4f7-43e3-8b72-de180d106e2c,WBTC-USDC,0.3%,WBTC-USDC (0.3%)
2025-05-11T23:08:46.695Z,83453529,57.20813,57.20813,,,9.77134,bbecbf69-a4f7-43e3-8b72-de180d106e2c,WBTC-USDC,0.3%,WBTC-USDC (0.3%)
2025-05-12T23:08:23.607Z,83491700,77.74387,77.74387,,,10.56957,bbecbf69-a4f7-43e3-8b72-de180d106e2c,WBTC-USDC,0.3%,WBTC-USDC (0.3%)
2025-05-13T23:09:15.868Z,93053424,40.42687,40.42687,,,10.51014,bbecbf69-a4f7-43e3-8b72-de180d106e2c,WBTC-USDC,0.3%,WBTC-USDC (0.3%)
2025-05-14T22:09:41.539Z,92723003,38.20688,38.20688,,,10.13901,bbecbf69-a4f7-43e3-8b72-de180d106e2c,WBTC-USDC,0.3%,WBTC-USDC (0.3%)
2025-05-15T23:08:23.890Z,110223206,39.90871,39.90871,,,9.03727,bbecbf69-a4f7-43e3-8b72-de180d106e2c,WBTC-USDC,0.3%,WBTC-USDC (0.3%)
2025-05-16T23:07:40.393Z,110688522,22.63584,22.63584,,,8.17599,bbecbf69-a4f7-43e3-8b72-de180d106e2c,WBTC-USDC,0.3%,WBTC-USDC (0.3%)
2025-05-17T23:08:39.344Z,110549611,13.64652,13.64652,,,8.18042,bbecbf69-a4f7-43e3-8b72-de180d106e2c,WBTC-USDC,0.3%,WBTC-USDC (0.3%)
2025-05-18T23:08:14.553Z,94238134,58.58616,58.58616,,,8.49818,bbecbf69-a4f7-43e3-8b72-de180d106e2c,WBTC-USDC,0.3%,WBTC-USDC (0.3%)
2025-05-19T23:10:27.940Z,105259576,96.47905,96.47905,,,9.63834,bbecbf69-a4f7-43e3-8b72-de180d106e2c,WBTC-USDC,0.3%,WBTC-USDC (0.3%)
2025-05-20T23:08:15.510Z,121158524,73.26405,73.26405,,,7.84502,bbecbf69-a4f7-43e3-8b72-de180d106e2c,WBTC-USDC,0.3%,WBTC-USDC (0.3%)
2025-05-21T23:11:03.086Z,124583695,92.85582,92.85582,,,13.54872,bbecbf69-a4f7-43e3-8b72-de180d106e2c,WBTC-USDC,0.3%,WBTC-USDC (0.3%)
2025-05-22T23:09:12.945Z,82273594,78.47495,78.47495,,,20.71151,bbecbf69-a4f7-43e3-8b72-de180d106e2c,WBTC-USDC,0.3%,WBTC-USDC (0.3%)
2025-05-23T23:09:41.887Z,82380518,78.39955,78.39955,,,22.62708,bbecbf69-a4f7-43e3-8b72-de180d106e2c,WBTC-USDC,0.3%,WBTC-USDC (0.3%)
2025-05-24T23:10:43.554Z,86889406,36.29018,36.29018,,,23.24874,bbecbf69-a4f7-43e3-8b72-de180d106e2c,WBTC-USDC,0.3%,WBTC-USDC (0.3%)
2025-05-25T23:09:05.632Z,89006150,33.73812,33.73812,,,21.56882,bbecbf69-a4f7-43e3-8b72-de180d106e2c,WBTC-USDC,0.3%,WBTC-USDC (0.3%)
2025-05-26T23:10:33.887Z,89929085,17.07277,17.07277,,,17.68387,bbecbf69-a4f7-43e3-8b72-de180d106e2c,WBTC-USDC,0.3%,WBTC-USDC (0.3%)
2025-05-27T23:11:09.129Z,89705762,51.26459,51.26459,,,,bbecbf69-a4f7-43e3-8b72-de180d106e2c,WBTC-USDC,0.3%,WBTC-USDC (0.3%)
2025-05-28T23:11:44.948Z,89075626,23.22637,23.22637,,,,bbecbf69-a4f7-43e3-8b72-de180d106e2c,WBTC-USDC,0.3%,WBTC-USDC (0.3%)
2025-05-29T23:09:05.378Z,88396355,58.39445,58.39445,,,11.09104,bbecbf69-a4f7-43e3-8b72-de180d106e2c,WBTC-USDC,0.3%,WBTC-USDC (0.3%)
2025-05-30T23:09:43.929Z,87772369,51.06867,51.06867,,,24.58972,bbecbf69-a4f7-43e3-8b72-de180d106e2c,WBTC-USDC,0.3%,WBTC-USDC (0.3%)
2025-05-31T23:09:00.514Z,87619563,10.22771,10.22771,,,10.55874,bbecbf69-a4f7-43e3-8b72-de180d106e2c,WBTC-USDC,0.3%,WBTC-USDC (0.3%)
2025-06-01T23:09:30.036Z,87936528,15.84975,15.84975,,,9.82099,bbecbf69-a4f7-43e3-8b72-de180d106e2c,WBTC-USDC,0.3%,WBTC-USDC (0.3%)
2025-06-02T23:11:14.103Z,88264026,30.78065,30.78065,,,10.15747,bbecbf69-a4f7-43e3-8b72-de180d106e2c,WBTC-USDC,0.3%,WBTC-USDC (0.3%)
2025-06-03T23:10:34.208Z,88304666,30.60846,30.60846,,,9.42344,bbecbf69-a4f7-43e3-8b72-de180d106e2c,WBTC-USDC,0.3%,WBTC-USDC (0.3%)
2025-06-04T23:09:23.991Z,93646282,16.58493,16.58493,,,9.09844,bbecbf69-a4f7-43e3-8b72-de180d106e2c,WBTC-USDC,0.3%,WBTC-USDC (0.3%)
2025-06-05T23:09:25.390Z,91126802,41.68071,41.68071,,,27.01741,bbecbf69-a4f7-43e3-8b72-de180d106e2c,WBTC-USDC,0.3%,WBTC-USDC (0.3%)
2025-06-06T23:09:19.324Z,93369535,48.27053,48.27053,,,9.0681,bbecbf69-a4f7-43e3-8b72-de180d106e2c,WBTC-USDC,0.3%,WBTC-USDC (0.3%)
2025-06-07T23:10:34.534Z,94396261,13.30337,13.30337,,,7.25461,bbecbf69-a4f7-43e3-8b72-de180d106e2c,WBTC-USDC,0.3%,WBTC-USDC (0.3%)
2025-06-08T23:09:48.796Z,94503852,8.13193,8.13193,,,6.8964,bbecbf69-a4f7-43e3-8b72-de180d106e2c,WBTC-USDC,0.3%,WBTC-USDC (0.3%)
2025-06-09T23:12:02.204Z,96375172,39.46389,39.46389,,,7.10603,bbecbf69-a4f7-43e3-8b72-de180d106e2c,WBTC-USDC,0.3%,WBTC-USDC (0.3%)
2025-06-10T23:08:44.558Z,91890482,32.49527,32.49527,,,7.24072,bbecbf69-a4f7-43e3-8b72-de180d106e2c,WBTC-USDC,0.3%,WBTC-USDC (0.3%)
2025-06-11T23:09:42.994Z,91179254,22.59152,22.59152,,,7.44632,bbecbf69-a4f7-43e3-8b72-de180d106e2c,WBTC-USDC,0.3%,WBTC-USDC (0.3%)
2025-06-12T23:11:41.242Z,92683252,38.00716,38.00716,,,7.95181,bbecbf69-a4f7-43e3-8b72-de180d106e2c,WBTC-USDC,0.3%,WBTC-USDC (0.3%)
2025-06-13T22:26:41.965Z,93171527,62.04589,62.04589,,,8.27766,bbecbf69-a4f7-43e3-8b72-de180d106e2c,WBTC-USDC,0.3%,WBTC-USDC (0.3%)
2025-06-14T23:09:05.695Z,93102400,13.18171,13.18171,,,8.33487,bbecbf69-a4f7-43e3-8b72-de180d106e2c,WBTC-USDC,0.3%,WBTC-USDC (0.3%)
2025-06-15T23:10:37.705Z,89981951,16.18861,16.18861,,,12.28031,bbecbf69-a4f7-43e3-8b72-de180d106e2c,WBTC-USDC,0.3%,WBTC-USDC (0.3%)
2025-06-16T23:08:00.020Z,91168645,32.4342,32.4342,,,7.68901,bbecbf69-a4f7-43e3-8b72-de180d106e2c,WBTC-USDC,0.3%,WBTC-USDC (0.3%)
2025-06-17T23:08:14.120Z,92248681,47.35047,47.35047,,,12.36701,bbecbf69-a4f7-43e3-8b72-de180d106e2c,WBTC-USDC,0.3%,WBTC-USDC (0.3%)
2025-06-18T23:08:28.911Z,89673315,36.05702,36.05702,,,13.37547,bbecbf69-a4f7-43e3-8b72-de180d106e2c,WBTC-USDC,0.3%,WBTC-USDC (0.3%)
2025-06-19T23:09:19.481Z,89835552,8.15119,8.15119,,,11.68254,bbecbf69-a4f7-43e3-8b72-de180d106e2c,WBTC-USDC,0.3%,WBTC-USDC (0.3%)
2025-06-20T23:09:23.218Z,88882188,35.10936,35.10936,,,10.16628,bbecbf69-a4f7-43e3-8b72-de180d106e2c,WBTC-USDC,0.3%,WBTC-USDC (0.3%)
2025-06-21T23:09:29.456Z,82467408,9.24736,9.24736,,,45.92529,bbecbf69-a4f7-43e3-8b72-de180d106e2c,WBTC-USDC,0.3%,WBTC-USDC (0.3%)
2025-06-22T23:09:00.747Z,105028191,31.86598,31.86598,,,18.1967,bbecbf69-a4f7-43e3-8b72-de180d106e2c,WBTC-USDC,0.3%,WBTC-USDC (0.3%)
2025-06-23T23:09:52.343Z,107656670,36.71217,36.71217,,,14.6258,bbecbf69-a4f7-43e3-8b72-de180d106e2c,WBTC-USDC,0.3%,WBTC-USDC (0.3%)
2025-06-24T23:09:55.817Z,84846749,15.14581,15.14581,,,12.13333,bbecbf69-a4f7-43e3-8b72-de180d106e2c,WBTC-USDC,0.3%,WBTC-USDC (0.3%)
2025-06-25T23:10:04.945Z,86113286,17.38589,17.38589,,,8.61373,bbecbf69-a4f7-43e3-8b72-de180d106e2c,WBTC-USDC,0.3%,WBTC-USDC (0.3%)
2025-06-26T23:09:32.221Z,85618023,22.12766,22.12766,,,11.52478,bbecbf69-a4f7-43e3-8b72-de180d106e2c,WBTC-USDC,0.3%,WBTC-USDC (0.3%)
2025-06-27T23:08:59.096Z,63375928,16.96123,16.96123,,,20.77821,bbecbf69-a4f7-43e3-8b72-de180d106e2c,WBTC-USDC,0.3%,WBTC-USDC (0.3%)
2025-06-28T23:10:17.900Z,63515778,1.30739,1.30739,,,12.36229,bbecbf69-a4f7-43e3-8b72-de180d106e2c,WBTC-USDC,0.3%,WBTC-USDC (0.3%)
2025-06-29T23:13:25.363Z,63672246,7.18076,7.18076,,,,bbecbf69-a4f7-43e3-8b72-de180d106e2c,WBTC-USDC,0.3%,WBTC-USDC (0.3%)
2025-06-30T23:15:01.927Z,63288310,11.75358,11.75358,,,,bbecbf69-a4f7-43e3-8b72-de180d106e2c,WBTC-USDC,0.3%,WBTC-USDC (0.3%)
2025-07-01T23:31:25.728Z,62801756,6.54508,6.54508,,,9.18064,bbecbf69-a4f7-43e3-8b72-de180d106e2c,WBTC-USDC,0.3%,WBTC-USDC (0.3%)
2025-07-02T23:13:54.168Z,62842479,16.69516,16.69516,,,5.61566,bbecbf69-a4f7-43e3-8b72-de180d106e2c,WBTC-USDC,0.3%,WBTC-USDC (0.3%)
2025-07-03T23:11:48.486Z,69663496,19.51409,19.51409,,,,bbecbf69-a4f7-43e3-8b72-de180d106e2c,WBTC-USDC,0.3%,WBTC-USDC (0.3%)
2025-07-04T23:30:46.154Z,68865282,9.97904,9.97904,,,,bbecbf69-a4f7-43e3-8b72-de180d106e2c,WBTC-USDC,0.3%,WBTC-USDC (0.3%)
2025-07-05T23:13:28.106Z,68826501,0.51618,0.51618,,,,bbecbf69-a4f7-43e3-8b72-de180d106e2c,WBTC-USDC,0.3%,WBTC-USDC (0.3%)
2025-07-06T23:14:40.679Z,69106806,5.58977,5.58977,,,,bbecbf69-a4f7-43e3-8b72-de180d106e2c,WBTC-USDC,0.3%,WBTC-USDC (0.3%)
2025-07-07T23:12:56.973Z,75609259,8.00271,8.00271,,,,bbecbf69-a4f7-43e3-8b72-de180d106e2c,WBTC-USDC,0.3%,WBTC-USDC (0.3%)
2025-07-08T23:14:29.709Z,69114079,9.4389,9.4389,,,4.65893,bbecbf69-a4f7-43e3-8b72-de180d106e2c,WBTC-USDC,0.3%,WBTC-USDC (0.3%)
2025-07-09T23:13:50.151Z,72744016,26.98157,26.98157,,,,bbecbf69-a4f7-43e3-8b72-de180d106e2c,WBTC-USDC,0.3%,WBTC-USDC (0.3%)
2025-07-10T23:13:17.452Z,102355231,26.17213,26.17213,,,,bbecbf69-a4f7-43e3-8b72-de180d106e2c,WBTC-USDC,0.3%,WBTC-USDC (0.3%)
2025-07-11T23:16:14.071Z,76811994,27.91543,27.91543,,,,bbecbf69-a4f7-43e3-8b72-de180d106e2c,WBTC-USDC,0.3%,WBTC-USDC (0.3%)
2025-07-12T23:14:35.765Z,76453750,4.25901,4.25901,,,,bbecbf69-a4f7-43e3-8b72-de180d106e2c,WBTC-USDC,0.3%,WBTC-USDC (0.3%)
2025-07-13T21:16:29.493Z,82204043,0.0,0.0,,,,bbecbf69-a4f7-43e3-8b72-de180d106e2c,WBTC-USDC,0.3%,WBTC-USDC (0.3%)
2025-07-14T22:13:20.650Z,80916320,0.0,0.0,,,,bbecbf69-a4f7-43e3-8b72-de180d106e2c,WBTC-USDC,0.3%,WBTC-USDC (0.3%)
2025-07-15T21:15:24.764Z,80111024,0.0,0.0,,,,bbecbf69-a4f7-43e3-8b72-de180d106e2c,WBTC-USDC,0.3%,WBTC-USDC (0.3%)
2025-07-16T21:29:16.285Z,81494677,0.0,0.0,,,,bbecbf69-a4f7-43e3-8b72-de180d106e2c,WBTC-USDC,0.3%,WBTC-USDC (0.3%)
2025-07-17T23:15:43.444Z,82246014,33.41357,33.41357,,,,bbecbf69-a4f7-43e3-8b72-de180d106e2c,WBTC-USDC,0.3%,WBTC-USDC (0.3%)
2025-07-18T21:14:35.703Z,80792641,0.0,0.0,,,,bbecbf69-a4f7-43e3-8b72-de180d106e2c,WBTC-USDC,0.3%,WBTC-USDC (0.3%)
2025-07-19T23:12:28.535Z,98418915,0.0,0.0,,,,bbecbf69-a4f7-43e3-8b72-de180d106e2c,WBTC-USDC,0.3%,WBTC-USDC (0.3%)
2025-07-20T23:27:34.920Z,80805558,10.22627,10.22627,,,,bbecbf69-a4f7-43e3-8b72-de180d106e2c,WBTC-USDC,0.3%,WBTC-USDC (0.3%)
2025-07-21T23:13:32.431Z,80886846,24.74644,24.74644,,,,bbecbf69-a4f7-43e3-8b72-de180d106e2c,WBTC-USDC,0.3%,WBTC-USDC (0.3%)
2025-07-22T23:11:22.751Z,82262272,34.13814,34.13814,,,,bbecbf69-a4f7-43e3-8b72-de180d106e2c,WBTC-USDC,0.3%,WBTC-USDC (0.3%)
2025-07-23T23:13:24.703Z,81890837,20.12168,20.12168,,,,bbecbf69-a4f7-43e3-8b72-de180d106e2c,WBTC-USDC,0.3%,WBTC-USDC (0.3%)
2025-07-24T23:31:43.745Z,81819708,21.23156,21.23156,,,,bbecbf69-a4f7-43e3-8b72-de180d106e2c,WBTC-USDC,0.3%,WBTC-USDC (0.3%)
2025-07-25T23:13:12.213Z,81678181,38.5972,38.5972,,,,bbecbf69-a4f7-43e3-8b72-de180d106e2c,WBTC-USDC,0.3%,WBTC-USDC (0.3%)
2025-07-26T23:14:41.850Z,70913560,4.65303,4.65303,,,,bbecbf69-a4f7-43e3-8b72-de180d106e2c,WBTC-USDC,0.3%,WBTC-USDC (0.3%)
2025-07-27T23:14:59.844Z,71104944,5.93349,5.93349,,,,bbecbf69-a4f7-43e3-8b72-de180d106e2c,WBTC-USDC,0.3%,WBTC-USDC (0.3%)
2025-07-28T23:14:23.489Z,70753386,10.79988,10.79988,,,,bbecbf69-a4f7-43e3-8b72-de180d106e2c,WBTC-USDC,0.3%,WBTC-USDC (0.3%)
2025-07-29T23:15:42.774Z,70464691,14.79406,14.79406,,,,bbecbf69-a4f7-43e3-8b72-de180d106e2c,WBTC-USDC,0.3%,WBTC-USDC (0.3%)
2025-07-30T23:16:08.252Z,70419308,18.20321,18.20321,,,,bbecbf69-a4f7-43e3-8b72-de180d106e2c,WBTC-USDC,0.3%,WBTC-USDC (0.3%)
2025-07-31T23:15:54.973Z,75222677,14.7891,14.7891,,,,bbecbf69-a4f7-43e3-8b72-de180d106e2c,WBTC-USDC,0.3%,WBTC-USDC (0.3%)
2025-08-01T23:15:51.688Z,99107427,48.87404,48.87404,,,,bbecbf69-a4f7-43e3-8b72-de180d106e2c,WBTC-USDC,0.3%,WBTC-USDC (0.3%)
2025-08-02T23:15:46.874Z,103788026,28.03872,28.03872,,,,bbecbf69-a4f7-43e3-8b72-de180d106e2c,WBTC-USDC,0.3%,WBTC-USDC (0.3%)
2025-08-03T23:15:11.322Z,105789261,24.38127,24.38127,,,,bbecbf69-a4f7-43e3-8b72-de180d106e2c,WBTC-USDC,0.3%,WBTC-USDC (0.3%)
2025-08-04T23:15:32.153Z,106172362,12.88633,12.88633,,,,bbecbf69-a4f7-43e3-8b72-de180d106e2c,WBTC-USDC,0.3%,WBTC-USDC (0.3%)
2025-08-05T23:13:05.413Z,105210089,34.23786,34.23786,,,,bbecbf69-a4f7-43e3-8b72-de180d106e2c,WBTC-USDC,0.3%,WBTC-USDC (0.3%)
2025-08-06T23:14:18.196Z,105742972,16.6181,16.6181,,,,bbecbf69-a4f7-43e3-8b72-de180d106e2c,WBTC-USDC,0.3%,WBTC-USDC (0.3%)
2025-08-07T23:16:32.431Z,106449439,16.65422,16.65422,,,,bbecbf69-a4f7-43e3-8b72-de180d106e2c,WBTC-USDC,0.3%,WBTC-USDC (0.3%)
2025-08-08T23:12:57.228Z,81197693,10.38363,10.38363,,,,bbecbf69-a4f7-43e3-8b72-de180d106e2c,WBTC-USDC,0.3%,WBTC-USDC (0.3%)
2025-08-09T23:12:10.729Z,81052195,9.57736,9.57736,,,,bbecbf69-a4f7-43e3-8b72-de180d106e2c,WBTC-USDC,0.3%,WBTC-USDC (0.3%)
2025-08-10T23:15:48.220Z,81820043,22.15414,22.15414,,,,bbecbf69-a4f7-43e3-8b72-de180d106e2c,WBTC-USDC,0.3%,WBTC-USDC (0.3%)
2025-08-11T23:16:29.643Z,77447231,43.50603,43.50603,,,,bbecbf69-a4f7-43e3-8b72-de180d106e2c,WBTC-USDC,0.3%,WBTC-USDC (0.3%)
2025-08-12T23:12:36.786Z,78354038,25.22889,25.22889,,,,bbecbf69-a4f7-43e3-8b72-de180d106e2c,WBTC-USDC,0.3%,WBTC-USDC (0.3%)
2025-08-13T23:32:12.647Z,77907903,40.7548,40.7548,,,,bbecbf69-a4f7-43e3-8b72-de180d106e2c,WBTC-USDC,0.3%,WBTC-USDC (0.3%)
2025-08-14T23:13:12.126Z,76304675,65.04341,65.04341,,,,bbecbf69-a4f7-43e3-8b72-de180d106e2c,WBTC-USDC,0.3%,WBTC-USDC (0.3%)
2025-08-15T23:32:24.274Z,76234502,15.02283,15.02283,,,,bbecbf69-a4f7-43e3-8b72-de180d106e2c,WBTC-USDC,0.3%,WBTC-USDC (0.3%)
2025-08-16T23:28:15.586Z,75574077,5.27128,5.27128,,,,bbecbf69-a4f7-43e3-8b72-de180d106e2c,WBTC-USDC,0.3%,WBTC-USDC (0.3%)
2025-08-17T23:13:56.258Z,75638049,5.38901,5.38901,,,,bbecbf69-a4f7-43e3-8b72-de180d106e2c,WBTC-USDC,0.3%,WBTC-USDC (0.3%)
2025-08-18T21:31:23.589Z,100458288,34.41791,34.41791,,,,bbecbf69-a4f7-43e3-8b72-de180d106e2c,WBTC-USDC,0.3%,WBTC-USDC (0.3%)
2025-08-19T23:14:10.181Z,99367055,44.40208,44.40208,,,,bbecbf69-a4f7-43e3-8b72-de180d106e2c,WBTC-USDC,0.3%,WBTC-USDC (0.3%)
2025-08-20T23:48:32.570Z,100127372,48.59036,48.59036,,,,bbecbf69-a4f7-43e3-8b72-de180d106e2c,WBTC-USDC,0.3%,WBTC-USDC (0.3%)
2025-08-21T23:14:24.813Z,100373819,25.45328,25.45328,,,,bbecbf69-a4f7-43e3-8b72-de180d106e2c,WBTC-USDC,0.3%,WBTC-USDC (0.3%)
2025-08-22T23:15:41.339Z,108994868,53.99055,53.99055,,,,bbecbf69-a4f7-43e3-8b72-de180d106e2c,WBTC-USDC,0.3%,WBTC-USDC (0.3%)
2025-08-23T22:14:42.919Z,108350020,0.0,0.0,,,,bbecbf69-a4f7-43e3-8b72-de180d106e2c,WBTC-USDC,0.3%,WBTC-USDC (0.3%)
2025-08-24T23:16:06.972Z,108907922,35.74015,35.74015,,,,bbecbf69-a4f7-43e3-8b72-de180d106e2c,WBTC-USDC,0.3%,WBTC-USDC (0.3%)
2025-08-25T23:14:25.850Z,121779621,86.89982,86.89982,,,,bbecbf69-a4f7-43e3-8b72-de180d106e2c,WBTC-USDC,0.3%,WBTC-USDC (0.3%)
2025-08-26T23:13:18.463Z,118123180,43.84712,43.84712,,,,bbecbf69-a4f7-43e3-8b72-de180d106e2c,WBTC-USDC,0.3%,WBTC-USDC (0.3%)
2025-08-27T23:13:53.916Z,100527882,56.51583,56.51583,,,,bbecbf69-a4f7-43e3-8b72-de180d106e2c,WBTC-USDC,0.3%,WBTC-USDC (0.3%)
2025-08-28T23:13:28.859Z,101210541,25.58826,25.58826,,,,bbecbf69-a4f7-43e3-8b72-de180d106e2c,WBTC-USDC,0.3%,WBTC-USDC (0.3%)
2025-08-29T23:13:29.035Z,116059682,58.25688,58.25688,,,,bbecbf69-a4f7-43e3-8b72-de180d106e2c,WBTC-USDC,0.3%,WBTC-USDC (0.3%)
2025-08-30T23:14:15.503Z,116522119,12.90678,12.90678,,,13.51452,bbecbf69-a4f7-43e3-8b72-de180d106e2c,WBTC-USDC,0.3%,WBTC-USDC (0.3%)
2025-08-31T23:14:23.996Z,116746069,7.14382,7.14382,,,,bbecbf69-a4f7-43e3-8b72-de180d106e2c,WBTC-USDC,0.3%,WBTC-USDC (0.3%)
2025-09-01T19:11:48.087Z,118009210,0.0,0.0,,,,bbecbf69-a4f7-43e3-8b72-de180d106e2c,WBTC-USDC,0.3%,WBTC-USDC (0.3%)
2025-09-02T23:14:56.456Z,120149604,70.039,70.039,,,,bbecbf69-a4f7-43e3-8b72-de180d106e2c,WBTC-USDC,0.3%,WBTC-USDC (0.3%)
2025-09-03T23:12:50.223Z,120868389,24.87653,24.87653,,,,bbecbf69-a4f7-43e3-8b72-de180d106e2c,WBTC-USDC,0.3%,WBTC-USDC (0.3%)
2025-09-04T23:09:36.293Z,119389014,41.14626,41.14626,,,,bbecbf69-a4f7-43e3-8b72-de180d106e2c,WBTC-USDC,0.3%,WBTC-USDC (0.3%)
2025-09-05T23:13:16.636Z,123219485,60.90825,60.90825,,,,bbecbf69-a4f7-43e3-8b72-de180d106e2c,WBTC-USDC,0.3%,WBTC-USDC (0.3%)
2025-09-06T23:13:35.468Z,122844733,6.18125,6.18125,,,9.02832,bbecbf69-a4f7-43e3-8b72-de180d106e2c,WBTC-USDC,0.3%,WBTC-USDC (0.3%)
2025-09-07T23:13:00.529Z,123128489,5.2702,5.2702,,,,bbecbf69-a4f7-43e3-8b72-de180d106e2c,WBTC-USDC,0.3%,WBTC-USDC (0.3%)
2025-09-08T23:15:32.557Z,123923100,17.69821,17.69821,,,,bbecbf69-a4f7-43e3-8b72-de180d106e2c,WBTC-USDC,0.3%,WBTC-USDC (0.3%)
2025-09-09T23:13:20.093Z,123959825,29.18262,29.18262,,,,bbecbf69-a4f7-43e3-8b72-de180d106e2c,WBTC-USDC,0.3%,WBTC-USDC (0.3%)
2025-09-10T23:13:16.846Z,106931342,28.64997,28.64997,,,,bbecbf69-a4f7-43e3-8b72-de180d106e2c,WBTC-USDC,0.3%,WBTC-USDC (0.3%)
2025-09-11T23:15:03.959Z,107851462,16.0207,16.0207,,,,bbecbf69-a4f7-43e3-8b72-de180d106e2c,WBTC-USDC,0.3%,WBTC-USDC (0.3%)
2025-09-12T23:13:41.160Z,115234421,13.17579,13.17579,,,,bbecbf69-a4f7-43e3-8b72-de180d106e2c,WBTC-USDC,0.3%,WBTC-USDC (0.3%)
2025-09-13T23:11:22.981Z,115065586,5.71142,5.71142,,,,bbecbf69-a4f7-43e3-8b72-de180d106e2c,WBTC-USDC,0.3%,WBTC-USDC (0.3%)
2025-09-14T23:11:54.381Z,114996569,4.88718,4.88718,,,,bbecbf69-a4f7-43e3-8b72-de180d106e2c,WBTC-USDC,0.3%,WBTC-USDC (0.3%)
2025-09-15T23:14:41.047Z,116043396,19.70494,19.70494,,,,bbecbf69-a4f7-43e3-8b72-de180d106e2c,WBTC-USDC,0.3%,WBTC-USDC (0.3%)
2025-09-16T23:12:16.808Z,116371016,10.89303,10.89303,,,,bbecbf69-a4f7-43e3-8b72-de180d106e2c,WBTC-USDC,0.3%,WBTC-USDC (0.3%)
2025-09-17T23:15:24.728Z,115514553,19.24441,19.24441,,,,bbecbf69-a4f7-43e3-8b72-de180d106e2c,WBTC-USDC,0.3%,WBTC-USDC (0.3%)
2025-09-18T23:13:49.293Z,108220241,7.46352,7.46352,,,,bbecbf69-a4f7-43e3-8b72-de180d106e2c,WBTC-USDC,0.3%,WBTC-USDC (0.3%)
2025-09-19T23:12:59.049Z,108047675,6.15421,6.15421,,,,bbecbf69-a4f7-43e3-8b72-de180d106e2c,WBTC-USDC,0.3%,WBTC-USDC (0.3%)
2025-09-20T23:14:12.345Z,107797599,1.82709,1.82709,,,,bbecbf69-a4f7-43e3-8b72-de180d106e2c,WBTC-USDC,0.3%,WBTC-USDC (0.3%)
2025-09-21T23:13:09.032Z,121151943,1.37652,1.37652,,,,bbecbf69-a4f7-43e3-8b72-de180d106e2c,WBTC-USDC,0.3%,WBTC-USDC (0.3%)
2025-09-22T23:14:51.486Z,119810371,49.39134,49.39134,,,,bbecbf69-a4f7-43e3-8b72-de180d106e2c,WBTC-USDC,0.3%,WBTC-USDC (0.3%)
2025-09-23T23:14:24.346Z,119215361,29.92483,29.92483,,,,bbecbf69-a4f7-43e3-8b72-de180d106e2c,WBTC-USDC,0.3%,WBTC-USDC (0.3%)
2025-09-24T23:16:19.733Z,115135035,34.85966,34.85966,,,,bbecbf69-a4f7-43e3-8b72-de180d106e2c,WBTC-USDC,0.3%,WBTC-USDC (0.3%)
2025-09-25T23:11:47.390Z,130527155,58.27486,58.27486,,,,bbecbf69-a4f7-43e3-8b72-de180d106e2c,WBTC-USDC,0.3%,WBTC-USDC (0.3%)
2025-09-26T23:13:45.454Z,130856031,32.79188,32.79188,,,,bbecbf69-a4f7-43e3-8b72-de180d106e2c,WBTC-USDC,0.3%,WBTC-USDC (0.3%)
2025-09-27T23:13:25.631Z,131417783,0.73244,0.73244,,,,bbecbf69-a4f7-43e3-8b72-de180d106e2c,WBTC-USDC,0.3%,WBTC-USDC (0.3%)
2025-09-28T23:10:30.073Z,132918686,15.80648,15.80648,,,,bbecbf69-a4f7-43e3-8b72-de180d106e2c,WBTC-USDC,0.3%,WBTC-USDC (0.3%)
2025-09-29T23:09:03.261Z,133900739,26.08232,26.08232,,,,bbecbf69-a4f7-43e3-8b72-de180d106e2c,WBTC-USDC,0.3%,WBTC-USDC (0.3%)
2025-09-30T23:11:03.656Z,110147614,34.64599,34.64599,,,,bbecbf69-a4f7-43e3-8b72-de180d106e2c,WBTC-USDC,0.3%,WBTC-USDC (0.3%)
2025-10-01T23:10:15.228Z,104098895,24.36026,24.36026,,,25.25521,bbecbf69-a4f7-43e3-8b72-de180d106e2c,WBTC-USDC,0.3%,WBTC-USDC (0.3%)
2025-10-02T23:07:55.785Z,90377148,15.02479,15.02479,,,10.67115,bbecbf69-a4f7-43e3-8b72-de180d106e2c,WBTC-USDC,0.3%,WBTC-USDC (0.3%)
2025-10-03T23:07:29.007Z,90751472,29.68933,29.68933,,,17.6017,bbecbf69-a4f7-43e3-8b72-de180d106e2c,WBTC-USDC,0.3%,WBTC-USDC (0.3%)
2025-10-04T23:07:58.392Z,88242787,7.74318,7.74318,,,17.45968,bbecbf69-a4f7-43e3-8b72-de180d106e2c,WBTC-USDC,0.3%,WBTC-USDC (0.3%)
2025-10-05T23:07:41.435Z,117495868,22.25425,22.25425,,,6.0151,bbecbf69-a4f7-43e3-8b72-de180d106e2c,WBTC-USDC,0.3%,WBTC-USDC (0.3%)
2025-10-06T23:12:03.230Z,119767281,21.22878,21.22878,,,8.59513,bbecbf69-a4f7-43e3-8b72-de180d106e2c,WBTC-USDC,0.3%,WBTC-USDC (0.3%)
2025-10-07T23:12:33.051Z,95685648,47.91888,47.91888,,,,bbecbf69-a4f7-43e3-8b72-de180d106e2c,WBTC-USDC,0.3%,WBTC-USDC (0.3%)
2025-10-08T23:10:36.810Z,96005810,26.51739,26.51739,,,,bbecbf69-a4f7-43e3-8b72-de180d106e2c,WBTC-USDC,0.3%,WBTC-USDC (0.3%)
2025-10-09T23:10:34.989Z,95665434,38.02867,38.02867,,,10.80785,bbecbf69-a4f7-43e3-8b72-de180d106e2c,WBTC-USDC,0.3%,WBTC-USDC (0.3%)
2025-10-10T21:10:11.385Z,92566449,81.08318,81.08318,,,,bbecbf69-a4f7-43e3-8b72-de180d106e2c,WBTC-USDC,0.3%,WBTC-USDC (0.3%)
2025-10-11T23:11:34.529Z,105851175,96.91676,96.91676,,,,bbecbf69-a4f7-43e3-8b72-de180d106e2c,WBTC-USDC,0.3%,WBTC-USDC (0.3%)
2025-10-12T23:11:53.824Z,108437294,51.66087,51.66087,,,,bbecbf69-a4f7-43e3-8b72-de180d106e2c,WBTC-USDC,0.3%,WBTC-USDC (0.3%)
2025-10-13T23:08:04.016Z,108448184,23.87131,23.87131,,,,bbecbf69-a4f7-43e3-8b72-de180d106e2c,WBTC-USDC,0.3%,WBTC-USDC (0.3%)
2025-10-14T23:06:59.023Z,107903649,64.11194,64.11194,,,,bbecbf69-a4f7-43e3-8b72-de180d106e2c,WBTC-USDC,0.3%,WBTC-USDC (0.3%)
2025-10-15T23:09:35.558Z,107107373,54.00282,54.00282,,,,bbecbf69-a4f7-43e3-8b72-de180d106e2c,WBTC-USDC,0.3%,WBTC-USDC (0.3%)
2025-10-16T23:09:21.599Z,121083591,64.82661,64.82661,,,,bbecbf69-a4f7-43e3-8b72-de180d106e2c,WBTC-USDC,0.3%,WBTC-USDC (0.3%)
2025-10-17T23:07:46.454Z,121477153,106.16252,106.16252,,,,bbecbf69-a4f7-43e3-8b72-de180d106e2c,WBTC-USDC,0.3%,WBTC-USDC (0.3%)
2025-10-18T23:09:16.634Z,121867955,12.62706,12.62706,,,,bbecbf69-a4f7-43e3-8b72-de180d106e2c,WBTC-USDC,0.3%,WBTC-USDC (0.3%)
2025-10-19T23:08:42.824Z,124458470,42.54202,42.54202,,,,bbecbf69-a4f7-43e3-8b72-de180d106e2c,WBTC-USDC,0.3%,WBTC-USDC (0.3%)
2025-10-20T23:10:16.949Z,124908234,44.65992,44.65992,,,,bbecbf69-a4f7-43e3-8b72-de180d106e2c,WBTC-USDC,0.3%,WBTC-USDC (0.3%)
2025-10-21T23:10:53.176Z,125044017,55.8909,55.8909,,,,bbecbf69-a4f7-43e3-8b72-de180d106e2c,WBTC-USDC,0.3%,WBTC-USDC (0.3%)
2025-10-22T23:11:03.814Z,123972527,29.21603,29.21603,,,,bbecbf69-a4f7-43e3-8b72-de180d106e2c,WBTC-USDC,0.3%,WBTC-USDC (0.3%)
2025-10-23T23:10:37.464Z,126348778,25.49838,25.49838,,,,bbecbf69-a4f7-43e3-8b72-de180d106e2c,WBTC-USDC,0.3%,WBTC-USDC (0.3%)
2025-10-24T23:10:51.286Z,127292005,16.33034,16.33034,,,,bbecbf69-a4f7-43e3-8b72-de180d106e2c,WBTC-USDC,0.3%,WBTC-USDC (0.3%)
2025-10-25T23:47:05.883Z,109561133,3.77061,3.77061,,,,bbecbf69-a4f7-43e3-8b72-de180d106e2c,WBTC-USDC,0.3%,WBTC-USDC (0.3%)
2025-10-26T21:14:42.573Z,110765078,13.02027,13.02027,,,,bbecbf69-a4f7-43e3-8b72-de180d106e2c,WBTC-USDC,0.3%,WBTC-USDC (0.3%)
2025-10-27T23:29:32.479Z,111267845,21.66263,21.66263,,,,bbecbf69-a4f7-43e3-8b72-de180d106e2c,WBTC-USDC,0.3%,WBTC-USDC (0.3%)
2025-10-28T23:30:46.181Z,110738937,30.38734,30.38734,,,,bbecbf69-a4f7-43e3-8b72-de180d106e2c,WBTC-USDC,0.3%,WBTC-USDC (0.3%)
2025-10-29T20:30:57.740Z,109562898,38.31432,38.31432,,,,bbecbf69-a4f7-43e3-8b72-de180d106e2c,WBTC-USDC,0.3%,WBTC-USDC (0.3%)
2025-10-30T23:47:01.808Z,106446383,52.21477,52.21477,,,,bbecbf69-a4f7-43e3-8b72-de180d106e2c,WBTC-USDC,0.3%,WBTC-USDC (0.3%)
2025-10-31T20:11:55.948Z,126262464,39.31209,39.31209,,,,bbecbf69-a4f7-43e3-8b72-de180d106e2c,WBTC-USDC,0.3%,WBTC-USDC (0.3%)
2025-11-01T22:15:39.619Z,126137785,2.96944,2.96944,,,,bbecbf69-a4f7-43e3-8b72-de180d106e2c,WBTC-USDC,0.3%,WBTC-USDC (0.3%)
2025-11-02T19:46:49.569Z,127184351,5.90902,5.90902,,,,bbecbf69-a4f7-43e3-8b72-de180d106e2c,WBTC-USDC,0.3%,WBTC-USDC (0.3%)
2025-11-03T23:32:38.622Z,124137016,56.19095,56.19095,,,,bbecbf69-a4f7-43e3-8b72-de180d106e2c,WBTC-USDC,0.3%,WBTC-USDC (0.3%)
2025-11-04T23:28:10.207Z,126238212,58.89685,58.89685,,,89.46221,bbecbf69-a4f7-43e3-8b72-de180d106e2c,WBTC-USDC,0.3%,WBTC-USDC (0.3%)
2025-11-05T23:30:25.271Z,129546473,12.58036,12.58036,,,,bbecbf69-a4f7-43e3-8b72-de180d106e2c,WBTC-USDC,0.3%,WBTC-USDC (0.3%)
2025-11-06T22:15:48.109Z,126154321,19.61858,19.61858,,,,bbecbf69-a4f7-43e3-8b72-de180d106e2c,WBTC-USDC,0.3%,WBTC-USDC (0.3%)
2025-11-07T23:28:57.686Z,129303873,26.75334,26.75334,,,,bbecbf69-a4f7-43e3-8b72-de180d106e2c,WBTC-USDC,0.3%,WBTC-USDC (0.3%)
2025-11-08T23:31:48.447Z,116560438,2.84794,2.84794,,,,bbecbf69-a4f7-43e3-8b72-de180d106e2c,WBTC-USDC,0.3%,WBTC-USDC (0.3%)
2025-11-09T23:32:36.951Z,118661217,10.8358,10.8358,,,,bbecbf69-a4f7-43e3-8b72-de180d106e2c,WBTC-USDC,0.3%,WBTC-USDC (0.3%)
2025-11-10T22:30:28.659Z,118181641,12.81487,12.81487,,,,bbecbf69-a4f7-43e3-8b72-de180d106e2c,WBTC-USDC,0.3%,WBTC-USDC (0.3%)
2025-11-11T23:28:00.943Z,116137138,16.00427,16.00427,,,35.01812,bbecbf69-a4f7-43e3-8b72-de180d106e2c,WBTC-USDC,0.3%,WBTC-USDC (0.3%)
2025-11-12T23:12:55.297Z,115056340,9.30146,9.30146,,,33.39091,bbecbf69-a4f7-43e3-8b72-de180d106e2c,WBTC-USDC,0.3%,WBTC-USDC (0.3%)
2025-11-13T23:16:01.275Z,113097227,33.32383,33.32383,,,,bbecbf69-a4f7-43e3-8b72-de180d106e2c,WBTC-USDC,0.3%,WBTC-USDC (0.3%)
2025-11-14T23:11:28.380Z,87110057,46.82459,46.82459,,,,bbecbf69-a4f7-43e3-8b72-de180d106e2c,WBTC-USDC,0.3%,WBTC-USDC (0.3%)
2025-11-15T22:32:06.786Z,87985163,7.15954,7.15954,,,,bbecbf69-a4f7-43e3-8b72-de180d106e2c,WBTC-USDC,0.3%,WBTC-USDC (0.3%)
2025-11-16T23:16:06.749Z,87125981,18.49459,18.49459,,,43.92479,bbecbf69-a4f7-43e3-8b72-de180d106e2c,WBTC-USDC,0.3%,WBTC-USDC (0.3%)
2025-11-17T23:08:40.525Z,90142854,29.45226,29.45226,,,56.77321,bbecbf69-a4f7-43e3-8b72-de180d106e2c,WBTC-USDC,0.3%,WBTC-USDC (0.3%)
2025-11-18T23:15:10.389Z,90422986,45.01641,45.01641,,,38.12021,bbecbf69-a4f7-43e3-8b72-de180d106e2c,WBTC-USDC,0.3%,WBTC-USDC (0.3%)
2025-11-19T23:13:02.763Z,88474443,18.94607,18.94607,,,46.95043,bbecbf69-a4f7-43e3-8b72-de180d106e2c,WBTC-USDC,0.3%,WBTC-USDC (0.3%)
2025-11-20T23:11:51.334Z,85649100,22.69512,22.69512,,,116.25555,bbecbf69-a4f7-43e3-8b72-de180d106e2c,WBTC-USDC,0.3%,WBTC-USDC (0.3%)
2025-11-21T23:13:47.660Z,73384542,55.99587,55.99587,,,115.378,bbecbf69-a4f7-43e3-8b72-de180d106e2c,WBTC-USDC,0.3%,WBTC-USDC (0.3%)
2025-11-22T23:11:16.949Z,67929779,4.91968,4.91968,,,96.87172,bbecbf69-a4f7-43e3-8b72-de180d106e2c,WBTC-USDC,0.3%,WBTC-USDC (0.3%)
2025-11-23T23:11:31.212Z,70136423,7.48594,7.48594,,,94.97642,bbecbf69-a4f7-43e3-8b72-de180d106e2c,WBTC-USDC,0.3%,WBTC-USDC (0.3%)
2025-11-24T23:12:19.265Z,70558216,13.57508,13.57508,,,71.80071,bbecbf69-a4f7-43e3-8b72-de180d106e2c,WBTC-USDC,0.3%,WBTC-USDC (0.3%)
2025-11-25T23:07:51.121Z,74328943,7.8871,7.8871,,,52.33677,bbecbf69-a4f7-43e3-8b72-de180d106e2c,WBTC-USDC,0.3%,WBTC-USDC (0.3%)
2025-11-26T23:08:59.252Z,75862464,6.72189,6.72189,,,26.32481,bbecbf69-a4f7-43e3-8b72-de180d106e2c,WBTC-USDC,0.3%,WBTC-USDC (0.3%)
2025-11-27T23:10:24.903Z,76947367,10.89788,10.89788,,,19.75551,bbecbf69-a4f7-43e3-8b72-de180d106e2c,WBTC-USDC,0.3%,WBTC-USDC (0.3%)
2025-11-28T23:13:04.382Z,77299407,11.67145,11.67145,,,,bbecbf69-a4f7-43e3-8b72-de180d106e2c,WBTC-USDC,0.3%,WBTC-USDC (0.3%)
2025-11-29T23:08:29.419Z,77010399,2.35442,2.35442,,,10.95494,bbecbf69-a4f7-43e3-8b72-de180d106e2c,WBTC-USDC,0.3%,WBTC-USDC (0.3%)
2025-11-30T21:07:31.013Z,77266095,0.2885,0.2885,,,9.91573,bbecbf69-a4f7-43e3-8b72-de180d106e2c,WBTC-USDC,0.3%,WBTC-USDC (0.3%)
2025-12-01T23:08:05.548Z,75862485,16.60053,16.60053,,,21.53209,bbecbf69-a4f7-43e3-8b72-de180d106e2c,WBTC-USDC,0.3%,WBTC-USDC (0.3%)
2025-12-02T22:09:26.484Z,79575864,21.03558,21.03558,,,,bbecbf69-a4f7-43e3-8b72-de180d106e2c,WBTC-USDC,0.3%,WBTC-USDC (0.3%)
2025-12-03T22:10:16.718Z,78888712,18.52247,18.52247,,,15.38775,bbecbf69-a4f7-43e3-8b72-de180d106e2c,WBTC-USDC,0.3%,WBTC-USDC (0.3%)
2025-12-04T23:09:51.168Z,71573867,10.82844,10.82844,,,25.99152,bbecbf69-a4f7-43e3-8b72-de180d106e2c,WBTC-USDC,0.3%,WBTC-USDC (0.3%)
2025-12-05T23:09:40.312Z,72981695,7.95677,7.95677,,,,bbecbf69-a4f7-43e3-8b72-de180d106e2c,WBTC-USDC,0.3%,WBTC-USDC (0.3%)
2025-12-06T23:11:06.241Z,72948192,1.60101,1.60101,,,,bbecbf69-a4f7-43e3-8b72-de180d106e2c,WBTC-USDC,0.3%,WBTC-USDC (0.3%)
2025-12-07T23:09:52.105Z,73090486,8.37189,8.37189,,,,bbecbf69-a4f7-43e3-8b72-de180d106e2c,WBTC-USDC,0.3%,WBTC-USDC (0.3%)
2025-12-08T23:10:22.430Z,74034949,9.42882,9.42882,,,,bbecbf69-a4f7-43e3-8b72-de180d106e2c,WBTC-USDC,0.3%,WBTC-USDC (0.3%)
2025-12-09T23:04:59.404Z,75610856,15.11538,15.11538,,,10.53666,bbecbf69-a4f7-43e3-8b72-de180d106e2c,WBTC-USDC,0.3%,WBTC-USDC (0.3%)
2025-12-10T23:09:56.985Z,72068398,21.3656,21.3656,,,21.14527,bbecbf69-a4f7-43e3-8b72-de180d106e2c,WBTC-USDC,0.3%,WBTC-USDC (0.3%)
2025-12-11T23:06:52.929Z,77251724,15.88048,15.88048,,,11.1377,bbecbf69-a4f7-43e3-8b72-de180d106e2c,WBTC-USDC,0.3%,WBTC-USDC (0.3%)
2025-12-12T23:09:01.469Z,74534007,11.22226,11.22226,,,12.68779,bbecbf69-a4f7-43e3-8b72-de180d106e2c,WBTC-USDC,0.3%,WBTC-USDC (0.3%)
2025-12-13T23:08:42.856Z,71721332,0.61301,0.61301,,,,bbecbf69-a4f7-43e3-8b72-de180d106e2c,WBTC-USDC,0.3%,WBTC-USDC (0.3%)
2025-12-14T23:08:50.780Z,70615539,3.03172,3.03172,,,,bbecbf69-a4f7-43e3-8b72-de180d106e2c,WBTC-USDC,0.3%,WBTC-USDC (0.3%)
2025-12-15T23:10:14.265Z,69474617,12.66647,12.66647,,,,bbecbf69-a4f7-43e3-8b72-de180d106e2c,WBTC-USDC,0.3%,WBTC-USDC (0.3%)
2025-12-16T23:07:19.003Z,69824326,8.04514,8.04514,,,23.21873,bbecbf69-a4f7-43e3-8b72-de180d106e2c,WBTC-USDC,0.3%,WBTC-USDC (0.3%)
2025-12-17T23:07:02.971Z,64727689,13.72513,13.72513,,,20.64816,bbecbf69-a4f7-43e3-8b72-de180d106e2c,WBTC-USDC,0.3%,WBTC-USDC (0.3%)
2025-12-18T23:08:04.252Z,64444137,15.00823,15.00823,,,20.00983,bbecbf69-a4f7-43e3-8b72-de180d106e2c,WBTC-USDC,0.3%,WBTC-USDC (0.3%)
2025-12-19T23:06:51.940Z,66001670,10.87481,10.87481,,,18.32765,bbecbf69-a4f7-43e3-8b72-de180d106e2c,WBTC-USDC,0.3%,WBTC-USDC (0.3%)
2025-12-20T23:07:27.889Z,65997091,0.38091,0.38091,,,18.27488,bbecbf69-a4f7-43e3-8b72-de180d106e2c,WBTC-USDC,0.3%,WBTC-USDC (0.3%)
2025-12-21T23:05:26.996Z,66110998,4.16745,4.16745,,,17.91208,bbecbf69-a4f7-43e3-8b72-de180d106e2c,WBTC-USDC,0.3%,WBTC-USDC (0.3%)
2025-12-22T23:07:52.113Z,66510317,9.34345,9.34345,,,17.11143,bbecbf69-a4f7-43e3-8b72-de180d106e2c,WBTC-USDC,0.3%,WBTC-USDC (0.3%)
2025-12-23T23:09:13.038Z,65539179,6.33181,6.33181,,,,bbecbf69-a4f7-43e3-8b72-de180d106e2c,WBTC-USDC,0.3%,WBTC-USDC (0.3%)
2025-12-24T23:07:02.612Z,65888964,3.18538,3.18538,,,13.64177,bbecbf69-a4f7-43e3-8b72-de180d106e2c,WBTC-USDC,0.3%,WBTC-USDC (0.3%)
2025-12-25T23:07:09.973Z,65713276,1.89808,1.89808,,,10.10585,bbecbf69-a4f7-43e3-8b72-de180d106e2c,WBTC-USDC,0.3%,WBTC-USDC (0.3%)
2025-12-26T23:07:48.139Z,41668415,15.12823,15.12823,,,9.85431,bbecbf69-a4f7-43e3-8b72-de180d106e2c,WBTC-USDC,0.3%,WBTC-USDC (0.3%)
2025-12-27T23:06:34.785Z,41577937,1.67695,1.67695,,,10.02219,bbecbf69-a4f7-43e3-8b72-de180d106e2c,WBTC-USDC,0.3%,WBTC-USDC (0.3%)
2025-12-28T23:08:35.430Z,41860298,1.14212,1.14212,,,8.799,bbecbf69-a4f7-43e3-8b72-de180d106e2c,WBTC-USDC,0.3%,WBTC-USDC (0.3%)
2025-12-29T23:07:47.695Z,41613363,16.14789,16.14789,,,8.6236,bbecbf69-a4f7-43e3-8b72-de180d106e2c,WBTC-USDC,0.3%,WBTC-USDC (0.3%)
2025-12-30T23:07:10.729Z,41435424,6.90879,6.90879,,,8.01172,bbecbf69-a4f7-43e3-8b72-de180d106e2c,WBTC-USDC,0.3%,WBTC-USDC (0.3%)
2025-12-31T23:07:36.058Z,41337759,3.83449,3.83449,,,7.82496,bbecbf69-a4f7-43e3-8b72-de180d106e2c,WBTC-USDC,0.3%,WBTC-USDC (0.3%)
2026-01-01T23:06:24.561Z,41631199,1.633,1.633,,,7.56617,bbecbf69-a4f7-43e3-8b72-de180d106e2c,WBTC-USDC,0.3%,WBTC-USDC (0.3%)
2026-01-02T23:07:28.926Z,42135269,12.17967,12.17967,,,8.27618,bbecbf69-a4f7-43e3-8b72-de180d106e2c,WBTC-USDC,0.3%,WBTC-USDC (0.3%)
2026-01-03T23:07:41.298Z,42097291,2.31326,2.31326,,,8.51083,bbecbf69-a4f7-43e3-8b72-de180d106e2c,WBTC-USDC,0.3%,WBTC-USDC (0.3%)
2026-01-04T23:08:00.155Z,41843435,2.10565,2.10565,,,,bbecbf69-a4f7-43e3-8b72-de180d106e2c,WBTC-USDC,0.3%,WBTC-USDC (0.3%)
2026-01-05T21:07:10.827Z,42655494,10.51286,10.51286,,,,bbecbf69-a4f7-43e3-8b72-de180d106e2c,WBTC-USDC,0.3%,WBTC-USDC (0.3%)
2026-01-06T23:23:54.534Z,42437034,14.16733,14.16733,,,9.01845,bbecbf69-a4f7-43e3-8b72-de180d106e2c,WBTC-USDC,0.3%,WBTC-USDC (0.3%)
2026-01-07T23:07:48.845Z,42292538,9.01991,9.01991,,,8.54999,bbecbf69-a4f7-43e3-8b72-de180d106e2c,WBTC-USDC,0.3%,WBTC-USDC (0.3%)
2026-01-08T23:07:14.726Z,42366621,9.15911,9.15911,,,9.82017,bbecbf69-a4f7-43e3-8b72-de180d106e2c,WBTC-USDC,0.3%,WBTC-USDC (0.3%)
2026-01-09T23:07:57.409Z,42202810,10.35925,10.35925,,,10.23059,bbecbf69-a4f7-43e3-8b72-de180d106e2c,WBTC-USDC,0.3%,WBTC-USDC (0.3%)
2026-01-10T23:07:00.157Z,43154784,0.23572,0.23572,,,9.79468,bbecbf69-a4f7-43e3-8b72-de180d106e2c,WBTC-USDC,0.3%,WBTC-USDC (0.3%)
2026-01-11T23:09:19.846Z,42979134,1.68514,1.68514,,,9.85296,bbecbf69-a4f7-43e3-8b72-de180d106e2c,WBTC-USDC,0.3%,WBTC-USDC (0.3%)
2026-01-12T23:07:01.717Z,42876257,14.27618,14.27618,,,6.76858,bbecbf69-a4f7-43e3-8b72-de180d106e2c,WBTC-USDC,0.3%,WBTC-USDC (0.3%)
2026-01-13T23:07:21.178Z,48562179,13.15005,13.15005,,,6.5681,bbecbf69-a4f7-43e3-8b72-de180d106e2c,WBTC-USDC,0.3%,WBTC-USDC (0.3%)
2026-01-14T23:07:18.244Z,48921364,14.6868,14.6868,,,7.29152,bbecbf69-a4f7-43e3-8b72-de180d106e2c,WBTC-USDC,0.3%,WBTC-USDC (0.3%)
2026-01-15T23:07:40.465Z,47523354,14.63861,14.63861,,,8.09377,bbecbf69-a4f7-43e3-8b72-de180d106e2c,WBTC-USDC,0.3%,WBTC-USDC (0.3%)
2026-01-16T23:08:01.390Z,47336110,6.87033,6.87033,,,12.04675,bbecbf69-a4f7-43e3-8b72-de180d106e2c,WBTC-USDC,0.3%,WBTC-USDC (0.3%)
2026-01-17T23:07:10.724Z,47269943,0.50435,0.50435,,,12.69035,bbecbf69-a4f7-43e3-8b72-de180d106e2c,WBTC-USDC,0.3%,WBTC-USDC (0.3%)
2026-01-18T23:06:27.629Z,47434896,0.42172,0.42172,,,7.32585,bbecbf69-a4f7-43e3-8b72-de180d106e2c,WBTC-USDC,0.3%,WBTC-USDC (0.3%)
2026-01-19T23:07:26.257Z,46602302,9.20219,9.20219,,,10.99578,bbecbf69-a4f7-43e3-8b72-de180d106e2c,WBTC-USDC,0.3%,WBTC-USDC (0.3%)
2026-01-20T23:09:10.874Z,44880247,10.12734,10.12734,,,,bbecbf69-a4f7-43e3-8b72-de180d106e2c,WBTC-USDC,0.3%,WBTC-USDC (0.3%)
2026-01-21T23:07:56.599Z,45486305,15.04303,15.04303,,,12.88794,bbecbf69-a4f7-43e3-8b72-de180d106e2c,WBTC-USDC,0.3%,WBTC-USDC (0.3%)
2026-01-22T23:07:12.179Z,45228825,8.34709,8.34709,,,11.26136,bbecbf69-a4f7-43e3-8b72-de180d106e2c,WBTC-USDC,0.3%,WBTC-USDC (0.3%)
2026-01-23T23:08:44.204Z,45315095,7.76799,7.76799,,,12.16923,bbecbf69-a4f7-43e3-8b72-de180d106e2c,WBTC-USDC,0.3%,WBTC-USDC (0.3%)
2026-01-24T23:06:44.040Z,45246809,0.65666,0.65666,,,12.20066,bbecbf69-a4f7-43e3-8b72-de180d106e2c,WBTC-USDC,0.3%,WBTC-USDC (0.3%)
2026-01-25T23:06:46.339Z,44106905,6.28431,6.28431,,,14.78856,bbecbf69-a4f7-43e3-8b72-de180d106e2c,WBTC-USDC,0.3%,WBTC-USDC (0.3%)
2026-01-26T23:09:14.936Z,44748913,9.61747,9.61747,,,13.90836,bbecbf69-a4f7-43e3-8b72-de180d106e2c,WBTC-USDC,0.3%,WBTC-USDC (0.3%)
2026-01-27T23:09:15.196Z,45434389,6.76637,6.76637,,,11.01455,bbecbf69-a4f7-43e3-8b72-de180d106e2c,WBTC-USDC,0.3%,WBTC-USDC (0.3%)
2026-01-28T17:09:06.271Z,45590704,7.56229,7.56229,,,,bbecbf69-a4f7-43e3-8b72-de180d106e2c,WBTC-USDC,0.3%,WBTC-USDC (0.3%)
2026-01-29T23:09:57.593Z,37995916,21.51316,21.51316,,,16.36281,bbecbf69-a4f7-43e3-8b72-de180d106e2c,WBTC-USDC,0.3%,WBTC-USDC (0.3%)
2026-01-30T23:09:06.105Z,39011937,24.68942,24.68942,,,17.31335,bbecbf69-a4f7-43e3-8b72-de180d106e2c,WBTC-USDC,0.3%,WBTC-USDC (0.3%)
2026-01-31T23:11:28.547Z,35741308,119.47318,119.47318,,,58.8399,bbecbf69-a4f7-43e3-8b72-de180d106e2c,WBTC-USDC,0.3%,WBTC-USDC (0.3%)
2026-02-01T23:10:36.758Z,35355723,41.07267,41.07267,,,64.66994,bbecbf69-a4f7-43e3-8b72-de180d106e2c,WBTC-USDC,0.3%,WBTC-USDC (0.3%)
2026-02-02T23:09:07.820Z,35710182,49.48802,49.48802,,,65.73459,bbecbf69-a4f7-43e3-8b72-de180d106e2c,WBTC-USDC,0.3%,WBTC-USDC (0.3%)
2026-02-03T23:09:58.326Z,36270785,33.35941,33.35941,,,73.18542,bbecbf69-a4f7-43e3-8b72-de180d106e2c,WBTC-USDC,0.3%,WBTC-USDC (0.3%)
2026-02-04T23:08:24.340Z,35690980,31.92897,31.92897,,,123.00017,bbecbf69-a4f7-43e3-8b72-de180d106e2c,WBTC-USDC,0.3%,WBTC-USDC (0.3%)
2026-02-05T23:06:38.438Z,30180971,114.90689,114.90689,,,306.59278,bbecbf69-a4f7-43e3-8b72-de180d106e2c,WBTC-USDC,0.3%,WBTC-USDC (0.3%)
2026-02-06T23:09:02.455Z,32291198,50.33244,50.33244,,,191.7675,bbecbf69-a4f7-43e3-8b72-de180d106e2c,WBTC-USDC,0.3%,WBTC-USDC (0.3%)
2026-02-07T23:05:12.819Z,31173687,21.4443,21.4443,,,147.07146,bbecbf69-a4f7-43e3-8b72-de180d106e2c,WBTC-USDC,0.3%,WBTC-USDC (0.3%)
2026-02-08T22:09:43.865Z,31488194,7.58675,7.58675,,,,bbecbf69-a4f7-43e3-8b72-de180d106e2c,WBTC-USDC,0.3%,WBTC-USDC (0.3%)
2026-02-09T23:08:41.493Z,31407271,15.1759,15.1759,,,107.44824,bbecbf69-a4f7-43e3-8b72-de180d106e2c,WBTC-USDC,0.3%,WBTC-USDC (0.3%)
2026-02-10T23:09:46.717Z,31649498,14.75867,14.75867,,,88.47198,bbecbf69-a4f7-43e3-8b72-de180d106e2c,WBTC-USDC,0.3%,WBTC-USDC (0.3%)
2026-02-11T23:09:40.561Z,32003788,21.21828,21.21828,,,100.06539,bbecbf69-a4f7-43e3-8b72-de180d106e2c,WBTC-USDC,0.3%,WBTC-USDC (0.3%)
2026-02-12T23:09:39.261Z,31247092,10.01647,10.01647,,,59.7181,bbecbf69-a4f7-43e3-8b72-de180d106e2c,WBTC-USDC,0.3%,WBTC-USDC (0.3%)
2026-02-13T23:09:40.893Z,32061454,7.45275,7.45275,,,29.68489,bbecbf69-a4f7-43e3-8b72-de180d106e2c,WBTC-USDC,0.3%,WBTC-USDC (0.3%)
2026-02-14T23:09:01.462Z,32448929,4.94442,4.94442,,,23.15479,bbecbf69-a4f7-43e3-8b72-de180d106e2c,WBTC-USDC,0.3%,WBTC-USDC (0.3%)
2026-02-15T23:14:15.548Z,32130609,7.23733,7.23733,,,,bbecbf69-a4f7-43e3-8b72-de180d106e2c,WBTC-USDC,0.3%,WBTC-USDC (0.3%)
2026-02-16T23:08:46.871Z,32122835,10.2572,10.2572,,,21.47726,bbecbf69-a4f7-43e3-8b72-de180d106e2c,WBTC-USDC,0.3%,WBTC-USDC (0.3%)
2026-02-17T23:10:16.941Z,24611394,16.2825,16.2825,,,28.28907,bbecbf69-a4f7-43e3-8b72-de180d106e2c,WBTC-USDC,0.3%,WBTC-USDC (0.3%)
2026-02-18T23:08:42.741Z,24674921,17.20291,17.20291,,,23.74062,bbecbf69-a4f7-43e3-8b72-de180d106e2c,WBTC-USDC,0.3%,WBTC-USDC (0.3%)
2026-02-19T23:09:15.073Z,24987967,14.06298,14.06298,,,18.75233,bbecbf69-a4f7-43e3-8b72-de180d106e2c,WBTC-USDC,0.3%,WBTC-USDC (0.3%)
2026-02-20T23:08:11.441Z,25401005,18.44622,18.44622,,,20.21894,bbecbf69-a4f7-43e3-8b72-de180d106e2c,WBTC-USDC,0.3%,WBTC-USDC (0.3%)
2026-02-21T23:08:15.516Z,25395457,2.41763,2.41763,,,17.52079,bbecbf69-a4f7-43e3-8b72-de180d106e2c,WBTC-USDC,0.3%,WBTC-USDC (0.3%)
2026-02-22T23:09:27.832Z,25344998,1.65816,1.65816,,,15.54126,bbecbf69-a4f7-43e3-8b72-de180d106e2c,WBTC-USDC,0.3%,WBTC-USDC (0.3%)
2026-02-23T23:08:46.348Z,24506879,20.13604,20.13604,,,24.84792,bbecbf69-a4f7-43e3-8b72-de180d106e2c,WBTC-USDC,0.3%,WBTC-USDC (0.3%)
2026-02-24T23:10:26.440Z,24478033,19.62059,19.62059,,,24.1257,bbecbf69-a4f7-43e3-8b72-de180d106e2c,WBTC-USDC,0.3%,WBTC-USDC (0.3%)
2026-02-25T23:09:34.517Z,25673233,30.02663,30.02663,,,22.02294,bbecbf69-a4f7-43e3-8b72-de180d106e2c,WBTC-USDC,0.3%,WBTC-USDC (0.3%)
2026-02-26T23:09:03.946Z,25622832,13.64414,13.64414,,,23.25681,bbecbf69-a4f7-43e3-8b72-de180d106e2c,WBTC-USDC,0.3%,WBTC-USDC (0.3%)
2026-02-27T23:09:05.077Z,25190601,12.67664,12.67664,,,24.72535,bbecbf69-a4f7-43e3-8b72-de180d106e2c,WBTC-USDC,0.3%,WBTC-USDC (0.3%)
2026-02-28T23:08:58.902Z,25654340,27.22207,27.22207,,,28.12399,bbecbf69-a4f7-43e3-8b72-de180d106e2c,WBTC-USDC,0.3%,WBTC-USDC (0.3%)
2026-03-01T23:09:07.502Z,25268686,19.25397,19.25397,,,30.16312,bbecbf69-a4f7-43e3-8b72-de180d106e2c,WBTC-USDC,0.3%,WBTC-USDC (0.3%)
2026-03-02T23:10:12.988Z,26163605,34.58111,34.58111,,,30.26946,bbecbf69-a4f7-43e3-8b72-de180d106e2c,WBTC-USDC,0.3%,WBTC-USDC (0.3%)
2026-03-03T23:13:07.337Z,26219115,27.79822,27.79822,,,34.73812,bbecbf69-a4f7-43e3-8b72-de180d106e2c,WBTC-USDC,0.3%,WBTC-USDC (0.3%)
2026-03-04T23:11:06.998Z,26602098,45.49387,45.49387,,,39.68127,bbecbf69-a4f7-43e3-8b72-de180d106e2c,WBTC-USDC,0.3%,WBTC-USDC (0.3%)
2026-03-05T23:13:19.901Z,26626337,15.20656,15.20656,,,,bbecbf69-a4f7-43e3-8b72-de180d106e2c,WBTC-USDC,0.3%,WBTC-USDC (0.3%)
2026-03-06T23:11:29.173Z,25966984,14.20483,14.20483,,,,bbecbf69-a4f7-43e3-8b72-de180d106e2c,WBTC-USDC,0.3%,WBTC-USDC (0.3%)
2026-03-07T23:08:10.500Z,26148965,3.23908,3.23908,,,40.48853,bbecbf69-a4f7-43e3-8b72-de180d106e2c,WBTC-USDC,0.3%,WBTC-USDC (0.3%)
2026-03-08T23:09:42.471Z,25965760,16.84354,16.84354,,,37.95317,bbecbf69-a4f7-43e3-8b72-de180d106e2c,WBTC-USDC,0.3%,WBTC-USDC (0.3%)
2026-03-09T23:06:43.677Z,26546117,19.98379,19.98379,,,19.71403,bbecbf69-a4f7-43e3-8b72-de180d106e2c,WBTC-USDC,0.3%,WBTC-USDC (0.3%)
2026-03-10T23:11:43.908Z,26940376,30.03898,30.03898,,,28.77935,bbecbf69-a4f7-43e3-8b72-de180d106e2c,WBTC-USDC,0.3%,WBTC-USDC (0.3%)
2026-03-11T23:08:55.891Z,27186548,22.67703,22.67703,,,24.73426,bbecbf69-a4f7-43e3-8b72-de180d106e2c,WBTC-USDC,0.3%,WBTC-USDC (0.3%)
2026-03-12T23:12:38.468Z,27627832,36.60011,36.60011,,,25.52526,bbecbf69-a4f7-43e3-8b72-de180d106e2c,WBTC-USDC,0.3%,WBTC-USDC (0.3%)
2026-03-13T23:10:11.939Z,27741958,26.77088,26.77088,,,28.42812,bbecbf69-a4f7-43e3-8b72-de180d106e2c,WBTC-USDC,0.3%,WBTC-USDC (0.3%)
2026-03-14T23:10:49.727Z,27729267,7.38497,7.38497,,,27.92358,bbecbf69-a4f7-43e3-8b72-de180d106e2c,WBTC-USDC,0.3%,WBTC-USDC (0.3%)
2026-03-15T23:11:31.158Z,28339911,5.85315,5.85315,,,27.23208,bbecbf69-a4f7-43e3-8b72-de180d106e2c,WBTC-USDC,0.3%,WBTC-USDC (0.3%)
2026-03-16T23:09:40.810Z,28125962,34.70416,34.70416,,,33.2899,bbecbf69-a4f7-43e3-8b72-de180d106e2c,WBTC-USDC,0.3%,WBTC-USDC (0.3%)
2026-03-17T23:10:10.496Z,28319969,14.04242,14.04242,,,30.27139,bbecbf69-a4f7-43e3-8b72-de180d106e2c,WBTC-USDC,0.3%,WBTC-USDC (0.3%)
2026-03-18T22:12:13.584Z,27716231,13.06079,13.06079,,,25.79977,bbecbf69-a4f7-43e3-8b72-de180d106e2c,WBTC-USDC,0.3%,WBTC-USDC (0.3%)
2026-03-19T23:11:28.320Z,27331441,20.14172,20.14172,,,22.25413,bbecbf69-a4f7-43e3-8b72-de180d106e2c,WBTC-USDC,0.3%,WBTC-USDC (0.3%)
2026-03-20T23:09:46.553Z,27615190,13.80611,13.80611,,,20.94498,bbecbf69-a4f7-43e3-8b72-de180d106e2c,WBTC-USDC,0.3%,WBTC-USDC (0.3%)
2026-03-21T23:09:52.348Z,27539479,6.63133,6.63133,,,20.42554,bbecbf69-a4f7-43e3-8b72-de180d106e2c,WBTC-USDC,0.3%,WBTC-USDC (0.3%)
2026-03-22T23:09:24.921Z,27081692,16.78238,16.78238,,,24.10961,bbecbf69-a4f7-43e3-8b72-de180d106e2c,WBTC-USDC,0.3%,WBTC-USDC (0.3%)
2026-03-23T23:10:20.633Z,27844226,25.23476,25.23476,,,18.60889,bbecbf69-a4f7-43e3-8b72-de180d106e2c,WBTC-USDC,0.3%,WBTC-USDC (0.3%)
2026-03-24T23:13:00.579Z,27839880,17.24477,17.24477,,,18.92245,bbecbf69-a4f7-43e3-8b72-de180d106e2c,WBTC-USDC,0.3%,WBTC-USDC (0.3%)
2026-03-25T19:12:59.485Z,27877811,17.72993,17.72993,,,19.1774,bbecbf69-a4f7-43e3-8b72-de180d106e2c,WBTC-USDC,0.3%,WBTC-USDC (0.3%)
